id,name,sort_name,email,twitter,facebook,group,group_id,area_id,area,chamber,term,start_date,end_date,image,gender
566c95c5-e5cc-4113-b41a-4686c6db099c,Abbas İnceayan,Abbas İnceayan,,,,Anavatan Partisi,ANAP,area/bolu,Bolu,Grand National Assembly,20,,,,
e01426f7-4914-4e1d-9a23-18c4f9d6cff9,Abdul Ahat Andican,Abdul Ahat Andican,,,,Anavatan Partisi,ANAP,area/İstanbul,İstanbul,Grand National Assembly,20,,,,
a7f4b020-09bb-4557-a779-013c3422e255,Abdulbaki Gökçel,Abdulbaki Gökçel,,,,Demokratik Sol Parti,DSP,area/mersin,Mersin,Grand National Assembly,20,,,,
d07f8d95-fcbb-4037-bb1d-0231b92c9d52,Abdulhaluk Mutlu,Abdulhaluk Mutlu,,,,Refah Partisi,RP,area/bitlis,Bitlis,Grand National Assembly,20,,,,
7d1f0aa1-bb00-4395-858d-72648dd8402a,Abdulilah Fırat,Abdulilah Fırat,,,,Refah Partisi,RP,area/erzurum,Erzurum,Grand National Assembly,20,,,,
d76dbe01-e6a7-4ead-97c4-dae375c431f9,Abdulkadir Akgöl,Abdulkadir Akgöl,,,,Doğru Yol Partisi,DYP,area/hatay,Hatay,Grand National Assembly,20,,,,
3a83b7ec-4747-4cc0-8810-93cebf64d73a,Abdulkadir Baş,Abdulkadir Baş,,,,Anavatan Partisi,ANAP,area/nevşehir,Nevşehir,Grand National Assembly,20,,,,
81bdea19-eecf-4bec-bece-f923e218ec73,Abdulkadir Öncel,Abdulkadir Öncel,,,,Refah Partisi,RP,area/Şanlıurfa,Şanlıurfa,Grand National Assembly,20,,,,male
5a066930-ce27-4e01-9a10-de0b201f3d49,Abdullah Arslan,Abdullah Arslan,,,,Refah Partisi,RP,area/tokat,Tokat,Grand National Assembly,20,,,,
e16fe9e0-2aa8-4cdf-897d-c6b18540c485,Abdullah Gencer,Abdullah Gencer,,,,Refah Partisi,RP,area/konya,Konya,Grand National Assembly,20,,,,
51704345-f3a1-4eae-912a-85a06bd14622,Abdullah Gül,Abdullah Gül,,cbabdullahgul,,Refah Partisi,RP,area/kayseri,Kayseri,Grand National Assembly,20,,,https://upload.wikimedia.org/wikipedia/commons/9/91/Abdullah_Gül_2011-06-07.jpg,male
7ffcc74a-2116-4c1b-be90-6e93fc8e6a6c,Abdullah Turan Bilge,Abdullah Turan Bilge,,,,Demokratik Sol Parti,DSP,area/konya,Konya,Grand National Assembly,20,,,,male
335a5bfa-6185-4a73-96ec-6f0f7491f54f,Abdullah Örnek,Abdullah Örnek,,,,Refah Partisi,RP,area/yozgat,Yozgat,Grand National Assembly,20,,,,
74aeec8f-1a37-4a9a-bccf-723bd13ba9c1,Abdullah Özbey,Abdullah Özbey,,,,Refah Partisi,RP,area/karaman,Karaman,Grand National Assembly,20,,,,
514d6688-9d10-40cd-a52c-04cf013d5c7b,Abdülbaki Ataç,Abdülbaki Ataç,,,,Doğru Yol Partisi,DYP,area/balıkesir,Balıkesir,Grand National Assembly,20,,,,
47bdba76-56b8-4b38-a5ce-a91056875041,Abdülkadir Aksu,Abdülkadir Aksu,,,,Anavatan Partisi,ANAP,area/diyarbakır,Diyarbakır,Grand National Assembly,20,,,,male
b4efcf77-a669-4397-b926-be83fdb6bc75,Abdülkadir Cenkçiler,Abdülkadir Cenkçiler,,,,Doğru Yol Partisi,DYP,area/bursa,Bursa,Grand National Assembly,20,,,,male
ffdc2272-5e10-4851-b200-911ec1354d8e,Abdüllatif Şener,Abdüllatif Şener,,,,Refah Partisi,RP,area/sivas,Sivas,Grand National Assembly,20,,,,
8bbbdcce-7624-4301-b421-b6cd0e7ab9ff,Adem Yıldız,Adem Yıldız,,,,Anavatan Partisi,ANAP,area/samsun,Samsun,Grand National Assembly,20,,,,
2a306490-8436-412a-9b1c-79bdb63a7628,Adil Aşırım,Adil Aşırım,,,,Demokratik Sol Parti,DSP,area/iğdır,Iğdır,Grand National Assembly,20,,,,male
9fb6bce8-1ae2-4932-b329-0c5dcbd04b92,Adnan Keskin,Adnan Keskin,,,,Cumhuriyet Halk Partisi,CHP,area/denizli,Denizli,Grand National Assembly,20,,,,male
608f680c-cbf9-451a-8064-250ffbf3a6dc,Agah Oktay Güner,Agah Oktay Güner,,,,Anavatan Partisi,ANAP,area/ankara,Ankara,Grand National Assembly,20,,,,
72d99e3b-5d34-4144-b36f-649c2a1f58dd,Ahmet Alkan,Ahmet Alkan,,,,Anavatan Partisi,ANAP,area/konya,Konya,Grand National Assembly,20,,,,male
f950391b-66a0-4dbb-9b5c-ad59a9ec0bc4,Ahmet Bilge,Ahmet Bilge,,,,Refah Partisi,RP,area/ankara,Ankara,Grand National Assembly,20,,,,
57841c9f-266b-4e7a-ac0e-70c20edfbd3b,Ahmet Bilgiç,Ahmet Bilgiç,,,,Doğru Yol Partisi,DYP,area/balıkesir,Balıkesir,Grand National Assembly,20,,,,
40ead0dd-f188-44a5-89e6-c0303b092bdc,Ahmet Cemil Tunç,Ahmet Cemil Tunç,,,,Refah Partisi,RP,area/elazığ,Elazığ,Grand National Assembly,20,,,,male
3d055ffb-dcc0-480b-9dc8-2b48064afe28,Ahmet Demircan,Ahmet Demircan,,,,Refah Partisi,RP,area/samsun,Samsun,Grand National Assembly,20,,,,male
ea829c54-abc5-4e1b-8440-8fb18f65be28,Ahmet Derin,Ahmet Derin,,,,Refah Partisi,RP,area/kütahya,Kütahya,Grand National Assembly,20,,,,
f4fbbc7a-3925-4586-bedc-122a5a28f74c,Ahmet Doğan,Ahmet Doğan,,,,Refah Partisi,RP,area/adıyaman,Adıyaman,Grand National Assembly,20,,,,male
af601dec-cf50-42fa-b261-6ffd33d6e6e7,Ahmet Dökülmez,Ahmet Dökülmez,,,,Refah Partisi,RP,area/kahramanmaraş,Kahramanmaraş,Grand National Assembly,20,,,,male
63c586fa-4c5c-4e76-a02b-3c3e4e92f6f7,Ahmet Feyzi İnceöz,Ahmet Feyzi İnceöz,,,,Refah Partisi,RP,area/tokat,Tokat,Grand National Assembly,20,,,,
1db41ede-6f52-4aae-9b25-b57142eb132d,Ahmet Güryüz Ketenci,Ahmet Güryüz Ketenci,,,,Cumhuriyet Halk Partisi,CHP,area/İstanbul,İstanbul,Grand National Assembly,20,,,,
89f96507-7cd4-4442-8aa9-9f059775f8a4,Ahmet Hamdi Üçpınarlar,Ahmet Hamdi Üçpınarlar,,,,Doğru Yol Partisi,DYP,area/Çanakkale,Çanakkale,Grand National Assembly,20,,,,male
2e287779-2279-4ea8-9e2e-3dae8d750a4e,Ahmet Kabil,Ahmet Kabil,,,,Anavatan Partisi,ANAP,area/rize,Rize,Grand National Assembly,20,,,,male
fea611f9-9ff1-4794-b292-cadccae3b41c,Ahmet Karavar,Ahmet Karavar,,,,Refah Partisi,RP,area/Şanlıurfa,Şanlıurfa,Grand National Assembly,20,,,,
d6bd540e-722f-41a8-83ea-e06b49e5053a,Ahmet Küçük,Ahmet Küçük,,,,Cumhuriyet Halk Partisi,CHP,area/Çanakkale,Çanakkale,Grand National Assembly,20,,,,male
dcdedc06-a5d8-4d49-90fd-3539dbef6faa,Ahmet Neidim,Ahmet Neidim,,,,Anavatan Partisi,ANAP,area/sakarya,Sakarya,Grand National Assembly,20,,,,male
3921d1d0-780e-49e7-8d39-1c9b91c1e10b,Ahmet Nurettin Aydın,Ahmet Nurettin Aydın,,,,Refah Partisi,RP,area/siirt,Siirt,Grand National Assembly,20,,,,male
41e63376-c776-47a2-87bb-d6d6fecbbec0,Ahmet Piriştina,Ahmet Piriştina,,,,Demokratik Sol Parti,DSP,area/İzmir,İzmir,Grand National Assembly,20,,,,male
7489e524-95f8-41ec-8aa2-d975481cd86b,Ahmet Sezal Özbek,Ahmet Sezal Özbek,,,,Doğru Yol Partisi,DYP,area/kırklareli,Kırklareli,Grand National Assembly,20,,,,male
9ed20685-415e-46df-a0e2-3a363fa93763,Ahmet Tan,Ahmet Tan,,,,Demokratik Sol Parti,DSP,area/İstanbul,İstanbul,Grand National Assembly,20,,,,male
2a3bcc77-d189-4c02-a980-a7640a3a2d2c,Ahmet Tekdal,Ahmet Tekdal,,,,Refah Partisi,RP,area/ankara,Ankara,Grand National Assembly,20,,,,male
7f6bb1f1-7817-47a5-9591-b09ddc0dd50a,Ahmet Uyanık,Ahmet Uyanık,,,,Doğru Yol Partisi,DYP,area/Çankırı,Çankırı,Grand National Assembly,20,,,,
7d30af7a-036b-417d-b3f8-731a6f014fb6,Ahmet Ziya Aktaş,Ahmet Ziya Aktaş,,,,Demokratik Sol Parti,DSP,area/İstanbul,İstanbul,Grand National Assembly,20,,,,male
5ef35620-b3ea-446e-a6e6-9cb157ee51f5,Ahmet Çelik,Ahmet Çelik,,,,Refah Partisi,RP,area/adıyaman,Adıyaman,Grand National Assembly,20,,,,
6dab7f3a-d1f4-4e90-a73a-18981a2c4cf2,Ahmet İyimaya,Ahmet İyimaya,,,,Doğru Yol Partisi,DYP,area/amasya,Amasya,Grand National Assembly,20,,,,male
32e4ca66-1d7a-45df-b658-54f230b913cb,Akın Gönen,Akın Gönen,,,,Anavatan Partisi,ANAP,area/niğde,Niğde,Grand National Assembly,20,,,,
42e86d82-9652-4db2-9ca1-a30bcaedc066,Alaattin Sever Aydın,Alaattin Sever Aydın,,,,Refah Partisi,RP,area/batman,Batman,Grand National Assembly,20,,,,male
67f8c4d9-bd98-445a-95f9-cbaa9f71d817,Algan Hacaloğlu,Algan Hacaloğlu,,,,Cumhuriyet Halk Partisi,CHP,area/İstanbul,İstanbul,Grand National Assembly,20,,,,
94acfba5-e7b9-4da0-a860-c05d2f562f5c,Ali Coşkun,Ali Coşkun,,,,Anavatan Partisi,ANAP,area/İstanbul,İstanbul,Grand National Assembly,20,,,,
51d3982b-52a5-4e33-b9d6-870a56d7ca6c,Ali Dinçer,Ali Dinçer,,,,Cumhuriyet Halk Partisi,CHP,area/ankara,Ankara,Grand National Assembly,20,,,,male
d81741bb-bf8f-4a09-9593-ec12d08ed54b,Ali Doğan,Ali Doğan,,,,Anavatan Partisi,ANAP,area/kahramanmaraş,Kahramanmaraş,Grand National Assembly,20,,,,
a1c5eefb-bd09-47ee-b6ec-1449fdb1d131,Ali Er,Ali Er,,,,Anavatan Partisi,ANAP,area/mersin,Mersin,Grand National Assembly,20,,,,
6cbcdb24-6662-4333-9a15-86fd03e71440,Ali Günay,Ali Günay,,,,Demokratik Sol Parti,DSP,area/hatay,Hatay,Grand National Assembly,20,,,,
7d7b9d7e-e1b2-4300-85ab-962aa9dc81b9,Ali Günaydın,Ali Günaydın,,,,Doğru Yol Partisi,DYP,area/konya,Konya,Grand National Assembly,20,,,,
7b1e0bc0-9bc8-45b0-bc27-dc05b034307a,Ali Haydar Şahin,Ali Haydar Şahin,,,,Cumhuriyet Halk Partisi,CHP,area/Çorum,Çorum,Grand National Assembly,20,,,,
8d6ef908-6666-4fcf-a021-17c9c2c6144f,Ali Ilıksoy,Ali Ilıksoy,,,,Demokratik Sol Parti,DSP,area/gaziantep,Gaziantep,Grand National Assembly,20,,,,
be8207a6-a601-4b65-97bd-a3bc28e9d8d6,Ali Kemal Başaran,Ali Kemal Başaran,,,,Anavatan Partisi,ANAP,area/trabzon,Trabzon,Grand National Assembly,20,,,,male
7359cad0-1a5f-4c7c-9d4a-a0e106448e6a,Ali Osman Sönmez,Ali Osman Sönmez,,,,Doğru Yol Partisi,DYP,area/bursa,Bursa,Grand National Assembly,20,,,,male
c92cff37-7bfc-46ff-8292-76e983fcf011,Ali Oğuz,Ali Oğuz,,,,Refah Partisi,RP,area/İstanbul,İstanbul,Grand National Assembly,20,,,,
a1b7f583-54c5-49f2-8d46-8b20b57c9a0c,Ali Rahmi Beyreli,Ali Rahmi Beyreli,,,,Demokratik Sol Parti,DSP,area/bursa,Bursa,Grand National Assembly,20,,,,
c88dd7ec-59ad-46a3-acc0-473f3b733039,Ali Rıza Bodur,Ali Rıza Bodur,,,,Cumhuriyet Halk Partisi,CHP,area/İzmir,İzmir,Grand National Assembly,20,,,,
5c8cd8f4-74c0-4362-bc8b-38cd80def8ad,Ali Rıza Gönül,Ali Rıza Gönül,,,,Doğru Yol Partisi,DYP,area/aydın,Aydın,Grand National Assembly,20,,,,
dd8fd424-1325-47b2-9013-f14d1e840353,Ali Talip Özdemir,Ali Talip Özdemir,,,,Anavatan Partisi,ANAP,area/İstanbul,İstanbul,Grand National Assembly,20,,,,male
4f00d3bb-2b96-4081-91d5-297b0f8186f5,Ali Topuz,Ali Topuz,,,,Cumhuriyet Halk Partisi,CHP,area/İstanbul,İstanbul,Grand National Assembly,20,,,,
29bcb93e-d28a-430e-bf96-fb400a958b63,Ali Uyar,Ali Uyar,,,,Bağımsız,ind,area/hatay,Hatay,Grand National Assembly,20,,,,
c65a088a-fe37-4870-8c9c-6440610f7ba6,Ali Şahin,Ali Şahin,,,,Cumhuriyet Halk Partisi,CHP,area/kahramanmaraş,Kahramanmaraş,Grand National Assembly,20,,,,
0df64bcb-93d5-4e0a-8dd6-327c75283f49,Ali Şevki Erek,Ali Şevki Erek,,,,Doğru Yol Partisi,DYP,area/tokat,Tokat,Grand National Assembly,20,,,,
195d136b-c630-42d2-ae59-3b9c19c2d798,Altan Öymen,Altan Öymen,,,,Cumhuriyet Halk Partisi,CHP,area/İstanbul,İstanbul,Grand National Assembly,20,,,,male
75d1779f-e891-4d73-bb78-1c9483dd6ef9,Arif Ahmet Denizolgun,Arif Ahmet Denizolgun,,,,Refah Partisi,RP,area/antalya,Antalya,Grand National Assembly,20,,,,male
08b64823-f3f8-4bb3-96b8-a9a196c0ca89,Arif Sezer,Arif Sezer,,,,Demokratik Sol Parti,DSP,area/adana,Adana,Grand National Assembly,20,,,,male
3b5e23ae-b71a-4403-91d5-cb1b256cfe7c,Aslan Ali Hatipoğlu,Aslan Ali Hatipoğlu,,,,Anavatan Partisi,ANAP,area/amasya,Amasya,Grand National Assembly,20,,,,
652d1759-d12e-42c3-a50b-7682394d785e,Aslan Polat,Aslan Polat,,,,Refah Partisi,RP,area/erzurum,Erzurum,Grand National Assembly,20,,,,
b13608d2-0ee8-479b-a33c-9534a4f556b8,Ataullah Hamidi,Ataullah Hamidi,,,,Anavatan Partisi,ANAP,area/batman,Batman,Grand National Assembly,20,,,,
c77a670b-44b2-4664-9cf7-9629aae3a754,Atilla Mutman,Atilla Mutman,,,,Demokratik Sol Parti,DSP,area/İzmir,İzmir,Grand National Assembly,20,,,,
8ea08de7-6d6f-4a0b-a0f8-9a6cc55b0479,Avni Akyol,Avni Akyol,,,,Anavatan Partisi,ANAP,area/bolu,Bolu,Grand National Assembly,20,,,,
9e737a65-fabf-47bf-ade4-5783d21adcdc,Avni Doğan,Avni Doğan,,,,Refah Partisi,RP,area/kahramanmaraş,Kahramanmaraş,Grand National Assembly,20,,,,
e8f3409a-a8a1-4810-a5c1-613d92c42800,Aydın Güven Gürkan,Aydın Güven Gürkan,,,,Cumhuriyet Halk Partisi,CHP,area/İzmir,İzmir,Grand National Assembly,20,,,,male
2c5ccb5e-2451-4a21-93ff-32c4259a3e54,Aydın Menderes,Aydın Menderes,,,,Refah Partisi,RP,area/İstanbul,İstanbul,Grand National Assembly,20,,,,male
2c543c00-d4ee-43ad-831d-34531b4924cf,Aydın Tümen,Aydın Tümen,,,,Demokratik Sol Parti,DSP,area/ankara,Ankara,Grand National Assembly,20,,,,male
454f3318-e760-4791-9674-283be96c85cd,Ayfer Yılmaz,Ayfer Yılmaz,,,,Doğru Yol Partisi,DYP,area/mersin,Mersin,Grand National Assembly,20,,,,female
269c8686-25fe-4082-b91d-a9e488f0b8e5,Ayhan Fırat,Ayhan Fırat,,,,Cumhuriyet Halk Partisi,CHP,area/malatya,Malatya,Grand National Assembly,20,,,,
99df6734-b799-491b-b92f-9c7caaa04933,Ayhan Gürel,Ayhan Gürel,,,,Demokratik Sol Parti,DSP,area/samsun,Samsun,Grand National Assembly,20,,,,
cdec8733-beec-4cf3-a685-328e12c66776,Aykon Doğan,Aykon Doğan,,,,Doğru Yol Partisi,DYP,area/isparta,Isparta,Grand National Assembly,20,,,,
e7bfce37-6064-4eca-ba8b-c94e8a0549ab,Ayvaz Gökdemir,Ayvaz Gökdemir,,,,Doğru Yol Partisi,DYP,area/kayseri,Kayseri,Grand National Assembly,20,,,,male
8f2ea96e-3fa0-48ba-97bc-ebbb5c121990,Azmi Ateş,Azmi Ateş,,,,Refah Partisi,RP,area/İstanbul,İstanbul,Grand National Assembly,20,,,,
6cf9204a-9e56-40ee-82d5-6f6d5368b299,Bahattin Yücel,Bahattin Yücel,,,,Doğru Yol Partisi,DYP,area/İstanbul,İstanbul,Grand National Assembly,20,,,,
40c4b708-cbfe-4ff3-84e5-1948466edd07,Bahattin Şeker,Bahattin Şeker,,,,Doğru Yol Partisi,DYP,area/bilecik,Bilecik,Grand National Assembly,20,,,,
579dccb5-2eb5-46b6-a68f-4128e265a888,Bahri Zengin,Bahri Zengin,,,,Refah Partisi,RP,area/İstanbul,İstanbul,Grand National Assembly,20,,,,
845736c4-a7d8-412d-b4f4-c74ef2e74944,Bayar Ökten,Bayar Ökten,,,,Doğru Yol Partisi,DYP,area/Şırnak,Şırnak,Grand National Assembly,20,,,,
5a8bc01d-5f11-4bfb-b8f3-ce51e639a861,Bayram Fırat Dayanıklı,Bayram Fırat Dayanıklı,,,,Demokratik Sol Parti,DSP,area/tekirdağ,Tekirdağ,Grand National Assembly,20,,,,
a5a09a84-4bca-42c0-af5e-f95925c33dd0,Bekir Aksoy,Bekir Aksoy,,,,Doğru Yol Partisi,DYP,area/Çorum,Çorum,Grand National Assembly,20,,,,
225f735d-a8e5-4c83-a2be-96a0cda1e757,Bekir Kumbul,Bekir Kumbul,,,,Cumhuriyet Halk Partisi,CHP,area/antalya,Antalya,Grand National Assembly,20,,,,male
bfcd6fea-011e-4399-ace0-043186a629cb,Bekir Sobacı,Bekir Sobacı,,,,Refah Partisi,RP,area/tokat,Tokat,Grand National Assembly,20,,,,
df8d069d-df0c-49c2-8699-3098e4e02342,Bekir Yurdagül,Bekir Yurdagül,,,,Demokratik Sol Parti,DSP,area/kocaeli,Kocaeli,Grand National Assembly,20,,,,
61eaab5e-ad42-48d0-88ae-f7c2470c5c90,Biltekin Özdemir,Biltekin Özdemir,,,,Anavatan Partisi,ANAP,area/samsun,Samsun,Grand National Assembly,20,,,,
a1b4f7b4-50aa-465b-af68-ba69881f5713,Birgen Keleş,Birgen Keleş,,,,Cumhuriyet Halk Partisi,CHP,area/İzmir,İzmir,Grand National Assembly,20,,,,female
a28257c8-017a-484f-ae3b-999c4af631c6,Burhan Kara,Burhan Kara,,,,Anavatan Partisi,ANAP,area/giresun,Giresun,Grand National Assembly,20,,,,male
6a5cfa74-acfb-4123-a0ac-4caa18d366d5,Bülent Akarcalı,Bülent Akarcalı,,,,Anavatan Partisi,ANAP,area/İstanbul,İstanbul,Grand National Assembly,20,,,,male
741e71ba-8649-4fe6-bb14-b131e10aea6f,Bülent Arınç,Bülent Arınç,,,,Refah Partisi,RP,area/manisa,Manisa,Grand National Assembly,20,,,https://upload.wikimedia.org/wikipedia/commons/3/3f/Bulent_Arinc.jpg,male
77784419-d51e-4f5d-9630-a2dc13d67354,Bülent Atasayan,Bülent Atasayan,,,,Anavatan Partisi,ANAP,area/kocaeli,Kocaeli,Grand National Assembly,20,,,,
c25b1f9d-9104-455b-9bc0-d9492cb16111,Bülent Ecevit,Bülent Ecevit,,,,Demokratik Sol Parti,DSP,area/İstanbul,İstanbul,Grand National Assembly,20,,,https://upload.wikimedia.org/wikipedia/commons/f/ff/Bülent_Ecevit-Davos_2000_cropped.jpg,male
3d267c5d-d4a3-46e5-8f67-0aedccc14693,Bülent Tanla,Bülent Tanla,,,,Demokratik Sol Parti,DSP,area/İstanbul,İstanbul,Grand National Assembly,20,,,,male
ad698f06-82c0-4b0f-8aad-2cf5f1d8b97b,Cafer Güneş,Cafer Güneş,,,,Refah Partisi,RP,area/kırşehir,Kırşehir,Grand National Assembly,20,,,,
7a1c2ac3-2f66-407f-a749-d268a9597906,Cafer Tufan Yazıcıoğlu,Cafer Tufan Yazıcıoğlu,,,,Demokratik Sol Parti,DSP,area/bartın,Bartın,Grand National Assembly,20,,,,
ba96368b-e24c-4ee7-8690-d2b566fca3c8,Cavit Çağlar,Cavit Çağlar,,,,Doğru Yol Partisi,DYP,area/bursa,Bursa,Grand National Assembly,20,,,,male
49e05f60-2caa-46f7-a139-dd198c48778e,Cefi Kamhi,Cefi Kamhi,,,,Doğru Yol Partisi,DYP,area/İstanbul,İstanbul,Grand National Assembly,20,,,,
c91faf94-58fd-45f8-a02a-4298b17b0f14,Celal Esin,Celal Esin,,,,Refah Partisi,RP,area/ağrı,Ağrı,Grand National Assembly,20,,,,
9af743fb-9358-4c5b-802a-93c86958b2b7,Celal Topkan,Celal Topkan,,,,Cumhuriyet Halk Partisi,CHP,area/adıyaman,Adıyaman,Grand National Assembly,20,,,,
1064ccc5-f12b-49a5-9135-36670614aa60,Cemal Alişan,Cemal Alişan,,,,Anavatan Partisi,ANAP,area/samsun,Samsun,Grand National Assembly,20,,,,
526ae020-8587-439b-9ceb-15a8b794e141,Cemal Külahlı,Cemal Külahlı,,,,Refah Partisi,RP,area/bursa,Bursa,Grand National Assembly,20,,,,male
ae8ef3d1-6dbd-41c5-b3fa-6b08df54ad3d,Cemal Özbilen,Cemal Özbilen,,,,Anavatan Partisi,ANAP,area/kırklareli,Kırklareli,Grand National Assembly,20,,,,male
d099622e-e4a1-41fb-b868-d4131d845f0b,Cemalettin Lafçı,Cemalettin Lafçı,,,,Refah Partisi,RP,area/amasya,Amasya,Grand National Assembly,20,,,,
f7bc5cb7-5d01-48a1-875c-186cc018599e,Cemil Erhan,Cemil Erhan,,,,Doğru Yol Partisi,DYP,area/ağrı,Ağrı,Grand National Assembly,20,,,,
abe19024-a773-46d4-949c-d109126b7361,Cemil Çiçek,Cemil Çiçek,,,,Anavatan Partisi,ANAP,area/ankara,Ankara,Grand National Assembly,20,,,https://upload.wikimedia.org/wikipedia/commons/3/3c/Cemil_Cicek.jpg,male
715bb755-4936-4b57-829c-b79587f39d1c,Cengiz Altınkaya,Cengiz Altınkaya,,,,Anavatan Partisi,ANAP,area/aydın,Aydın,Grand National Assembly,20,,,,
4baeae11-2b1a-4cf4-ba61-8dc628831b5a,Cevat Ayhan,Cevat Ayhan,,,,Refah Partisi,RP,area/sakarya,Sakarya,Grand National Assembly,20,,,,
184f9366-4b91-4916-a510-622ef1a4b8b8,Cevdet Akçalı,Cevdet Akçalı,,,,Refah Partisi,RP,area/adana,Adana,Grand National Assembly,20,,,,male
b08042f8-182e-4521-918b-804235c7e5b2,Cevdet Aydın,Cevdet Aydın,,,,Doğru Yol Partisi,DYP,area/yalova,Yalova,Grand National Assembly,20,,,,
8a37ad16-1842-43a4-ae37-fbe8b71d42c6,Cevdet Selvi,Cevdet Selvi,,,,Demokratik Sol Parti,DSP,area/İstanbul,İstanbul,Grand National Assembly,20,,,,
3be2ff92-b583-4bb0-b752-def477454cf3,Cumhur Ersümer,Cumhur Ersümer,,,,Anavatan Partisi,ANAP,area/Çanakkale,Çanakkale,Grand National Assembly,20,,,,
b504eaa9-4361-4542-9cfe-efb5d8934510,Demir Berberoğlu,Demir Berberoğlu,,,,Doğru Yol Partisi,DYP,area/eskişehir,Eskişehir,Grand National Assembly,20,,,,
64644586-aaec-42b2-8a12-ca82928feeda,Deniz Baykal,Deniz Baykal,,,,Cumhuriyet Halk Partisi,CHP,area/antalya,Antalya,Grand National Assembly,20,,,https://upload.wikimedia.org/wikipedia/commons/5/58/Deniz_Baykal_TBMM.jpg,male
e47d06ae-4c22-4a1c-a076-27b7089251b3,Doğan Baran,Doğan Baran,,,,Doğru Yol Partisi,DYP,area/niğde,Niğde,Grand National Assembly,20,,,,
190d339e-bf16-4ac6-b521-a827a4d3b10b,Doğan Güreş,Doğan Güreş,,,,Doğru Yol Partisi,DYP,area/kilis,Kilis,Grand National Assembly,20,,,,male
35bd5b58-cff0-4a67-b57b-f73f8720ab5f,Edip Safder Gaydalı,Edip Safder Gaydalı,,,,Doğru Yol Partisi,DYP,area/bitlis,Bitlis,Grand National Assembly,20,,,,male
668feb4a-73b2-4098-9a44-9d114d1c23c7,Ekrem Erdem,Ekrem Erdem,,,,Refah Partisi,RP,area/İstanbul,İstanbul,Grand National Assembly,20,,,,
ca0d992d-fd09-4fd2-9589-3233dd531721,Ekrem Pakdemirli,Ekrem Pakdemirli,,,,Anavatan Partisi,ANAP,area/manisa,Manisa,Grand National Assembly,20,,,,
1e7f445d-53ad-41ea-b416-c8f0996e6b55,Emin Karaa,Emin Karaa,,,,Demokratik Sol Parti,DSP,area/kütahya,Kütahya,Grand National Assembly,20,,,,male
d5dcba1e-d42f-44fc-8463-3a20aa8d7f37,Emin Kul,Emin Kul,,,,Anavatan Partisi,ANAP,area/İstanbul,İstanbul,Grand National Assembly,20,,,,male
bbf7f254-8d75-495b-b554-d462d2abef5b,Emre Gönensay,Emre Gönensay,,,,Doğru Yol Partisi,DYP,area/antalya,Antalya,Grand National Assembly,20,,,,male
0350a485-0abf-4e27-a225-19c461c1abe2,Enis Sülün,Enis Sülün,,,,Anavatan Partisi,ANAP,area/tekirdağ,Tekirdağ,Grand National Assembly,20,,,,
9d62d667-fc25-4704-a9ab-547aff153ba0,Ercan Karakaş,Ercan Karakaş,,,,Cumhuriyet Halk Partisi,CHP,area/İstanbul,İstanbul,Grand National Assembly,20,,,,
bde939c6-f057-4d07-9081-ff136b506ab3,Erdal Kesebir,Erdal Kesebir,,,,Demokratik Sol Parti,DSP,area/edirne,Edirne,Grand National Assembly,20,,,,
17603451-08e5-4d35-92e0-0a3f15bcd63c,Erdoğan Toprak,Erdoğan Toprak,,,,Demokratik Sol Parti,DSP,area/İstanbul,İstanbul,Grand National Assembly,20,,,,male
869bd4b3-be02-48ea-9261-ab332a12d61b,Ergun Özdemir,Ergun Özdemir,,,,Doğru Yol Partisi,DYP,area/giresun,Giresun,Grand National Assembly,20,,,,
6320d14f-c77e-4174-a892-f5d504615ad5,Ergun Özkan,Ergun Özkan,,,,Doğru Yol Partisi,DYP,area/niğde,Niğde,Grand National Assembly,20,,,,
1cc20a3d-fad0-4dec-bd0c-3b5f78cb8d71,Erkan Kemaloğlu,Erkan Kemaloğlu,,,,Anavatan Partisi,ANAP,area/muş,Muş,Grand National Assembly,20,,,,
e3d86790-ee61-4347-9ac6-5ad217a098f6,Erkan Mumcu,Erkan Mumcu,,,,Anavatan Partisi,ANAP,area/isparta,Isparta,Grand National Assembly,20,,,,male
33eee505-dbc8-490d-94b7-6098f86d9fe2,Erol Karan,Erol Karan,,,,Demokratik Sol Parti,DSP,area/karabük,Karabük,Grand National Assembly,20,,,,male
47dd5c3b-5036-42b4-b0c2-9c49b889b976,Erol Çevikçe,Erol Çevikçe,,,,Cumhuriyet Halk Partisi,CHP,area/adana,Adana,Grand National Assembly,20,,,,male
12e7bc0c-522c-4726-9f92-f2a78a05f6b8,Ersin Taranoğlu,Ersin Taranoğlu,,,,Anavatan Partisi,ANAP,area/sakarya,Sakarya,Grand National Assembly,20,,,,
ed2b42d6-9731-4057-a6f0-9e28d943d0e6,Ersönmez Yarbay,Ersönmez Yarbay,,,,Refah Partisi,RP,area/ankara,Ankara,Grand National Assembly,20,,,,
fcfc4451-0f00-4e23-b41e-201eeb5369de,Ertuğrul Eryılmaz,Ertuğrul Eryılmaz,,,,Doğru Yol Partisi,DYP,area/sakarya,Sakarya,Grand National Assembly,20,,,,
3ca16047-aaf8-4c65-8479-b4858675f8f4,Ertuğrul Yalçınbayır,Ertuğrul Yalçınbayır,,,,Refah Partisi,RP,area/bursa,Bursa,Grand National Assembly,20,,,,male
029f2db0-5b94-479c-9215-e3ccb4ef8d84,Esat Bütün,Esat Bütün,,,,Anavatan Partisi,ANAP,area/kahramanmaraş,Kahramanmaraş,Grand National Assembly,20,,,,male
91872614-3596-4e63-9dfc-941e6e2cc6a9,Esat Kıratlıoğlu,Esat Kıratlıoğlu,,,,Doğru Yol Partisi,DYP,area/nevşehir,Nevşehir,Grand National Assembly,20,,,,
594a6231-eeb6-4453-b4a8-ed63f274b5d6,Evren Bulut,Evren Bulut,,,,Doğru Yol Partisi,DYP,area/edirne,Edirne,Grand National Assembly,20,,,,
8b5e3e62-be33-4193-982f-33b12ae501bf,Eyyüp Cenap Gülpınar,Eyyüp Cenap Gülpınar,,,,Anavatan Partisi,ANAP,area/Şanlıurfa,Şanlıurfa,Grand National Assembly,20,,,,male
3b5fb2ea-3ad5-432a-bf08-75599501a3a2,Eyüp Aşık,Eyüp Aşık,,,,Anavatan Partisi,ANAP,area/trabzon,Trabzon,Grand National Assembly,20,,,,male
4ce1a132-2bb2-4fda-9aa0-ef5a480d119d,Eşref Erdem,Eşref Erdem,,,,Cumhuriyet Halk Partisi,CHP,area/ankara,Ankara,Grand National Assembly,20,,,,
bb4e4a72-d24d-4ba8-ab60-b4ffd042d48d,Faris Özdemir,Faris Özdemir,,,,Doğru Yol Partisi,DYP,area/batman,Batman,Grand National Assembly,20,,,,
e533aac7-3289-4b6e-966e-9520a5e17d14,Fatih Atay,Fatih Atay,,,,Cumhuriyet Halk Partisi,CHP,area/aydın,Aydın,Grand National Assembly,20,,,,
2cfbf1b5-7267-4bff-b680-eaba4fb27dd7,Fehim Adak,Fehim Adak,,,,Refah Partisi,RP,area/mardin,Mardin,Grand National Assembly,20,,,,
71eb09a3-6b85-44b1-9b86-2304a1676269,Feridun Pehlevan,Feridun Pehlevan,,,,Anavatan Partisi,ANAP,area/bursa,Bursa,Grand National Assembly,20,,,,
22c4266e-2233-4004-bb9e-0210286b6b06,Ferit Bora,Ferit Bora,,,,Refah Partisi,RP,area/diyarbakır,Diyarbakır,Grand National Assembly,20,,,,
93a677d7-8816-4582-98f0-5098c6e1b7c7,Fethi Acar,Fethi Acar,,,,Refah Partisi,RP,area/kastamonu,Kastamonu,Grand National Assembly,20,,,,
2ce88e5d-77ec-4e9f-8664-865eaff4c1a8,Fethullah Erbaş,Fethullah Erbaş,,,,Refah Partisi,RP,area/van,Van,Grand National Assembly,20,,,,
14c589cd-49c7-4eb7-a1a7-27a4885b6d27,Feti Görür,Feti Görür,,,,Refah Partisi,RP,area/bolu,Bolu,Grand National Assembly,20,,,,
1dd448f0-8d35-4fee-a37e-c0e140f7beef,Fevzi Aytekin,Fevzi Aytekin,,,,Demokratik Sol Parti,DSP,area/tekirdağ,Tekirdağ,Grand National Assembly,20,,,,male
6d048929-228c-4ebe-af85-aff3355179c7,Fikret Karabekmez,Fikret Karabekmez,,,,Refah Partisi,RP,area/malatya,Malatya,Grand National Assembly,20,,,,
929d6029-63b3-4e37-9567-4252be1938a8,Fikret Uzunhasan,Fikret Uzunhasan,,,,Demokratik Sol Parti,DSP,area/muğla,Muğla,Grand National Assembly,20,,,,
1e136835-bb78-479e-ad59-1afd8f18cb86,Fikret Ünlü,Fikret Ünlü,,,,Demokratik Sol Parti,DSP,area/karaman,Karaman,Grand National Assembly,20,,,,male
70d0e386-2b6f-4f08-8584-7a1659b4dc96,Fikri Sağlar,Fikri Sağlar,,,,Cumhuriyet Halk Partisi,CHP,area/mersin,Mersin,Grand National Assembly,20,,,,male
5f9cb4cb-ba56-4e06-96de-414dcb82f5a9,Fuat Çay,Fuat Çay,,,,Cumhuriyet Halk Partisi,CHP,area/hatay,Hatay,Grand National Assembly,20,,,,male
4377bee2-70f5-411b-adfa-049a13135f97,Gencay Gürün,Gencay Gürün,,,,Doğru Yol Partisi,DYP,area/İzmir,İzmir,Grand National Assembly,20,,,,female
582fff00-d79e-4ce3-a384-9a39603066e5,Gökhan Çapoğlu,Gökhan Çapoğlu,,,,Demokratik Sol Parti,DSP,area/ankara,Ankara,Grand National Assembly,20,,,,
84ab1e63-9251-40b7-b621-057bb4ab8539,Göksal Küçükali,Göksal Küçükali,,,,Refah Partisi,RP,area/İstanbul,İstanbul,Grand National Assembly,20,,,,
3c129342-01eb-4db5-b32f-3ff2ff88f0c4,Güneş Taner,Güneş Taner,,,,Anavatan Partisi,ANAP,area/İstanbul,İstanbul,Grand National Assembly,20,,,,male
a9ff5a3d-11a2-4a9a-96d7-1fc0ffb81744,Gürcan Dağdaş,Gürcan Dağdaş,,,,Refah Partisi,RP,area/İstanbul,İstanbul,Grand National Assembly,20,,,,
e46cabd9-0ecb-4f10-9504-28a40b4cb6da,Hacı Filiz,Hacı Filiz,,,,Doğru Yol Partisi,DYP,area/kırıkkale,Kırıkkale,Grand National Assembly,20,,,,
a4bac663-a0d8-4ef5-9862-734af8ff7a13,Hakan Tartan,Hakan Tartan,,,,Demokratik Sol Parti,DSP,area/İzmir,İzmir,Grand National Assembly,20,,,,male
80addd6a-a5db-43ab-91ab-fefa6c5b9d48,Halil Cin,Halil Cin,,,,Anavatan Partisi,ANAP,area/mersin,Mersin,Grand National Assembly,20,,,,male
ef693b22-ab5c-4009-bf82-c2cf02d40b8f,Halil Yıldız,Halil Yıldız,,,,Doğru Yol Partisi,DYP,area/isparta,Isparta,Grand National Assembly,20,,,,
a5ba2a3a-b9cb-4a31-9a05-973b3f3d622b,Halil Çalık,Halil Çalık,,,,Demokratik Sol Parti,DSP,area/kocaeli,Kocaeli,Grand National Assembly,20,,,,
52f61bad-7047-4f1c-acf6-e0205f0181b6,Halil İbrahim Özsoy,Halil İbrahim Özsoy,,,,Anavatan Partisi,ANAP,area/afyonkarahisar,Afyonkarahisar,Grand National Assembly,20,,,,male
78115425-7cf0-496b-8bf7-11d4c12feba4,Halit Dumankaya,Halit Dumankaya,,,,Anavatan Partisi,ANAP,area/İstanbul,İstanbul,Grand National Assembly,20,,,,
4c078ca5-bca1-4aeb-a1c1-2879d3e14279,Haluk Yıldız,Haluk Yıldız,,,,Doğru Yol Partisi,DYP,area/kastamonu,Kastamonu,Grand National Assembly,20,,,,
46c5b677-13d8-469a-b7a4-6cd734f49f4c,Hanefi Çelik,Hanefi Çelik,,,,Anavatan Partisi,ANAP,area/tokat,Tokat,Grand National Assembly,20,,,,
555a78b3-3008-49d8-b87d-71468c59f08f,Hanifi Demirkol,Hanifi Demirkol,,,,Refah Partisi,RP,area/eskişehir,Eskişehir,Grand National Assembly,20,,,,
c68b04f9-db05-4d3b-a633-394c4bbecd3d,Hasan Belhan,Hasan Belhan,,,,Refah Partisi,RP,area/elazığ,Elazığ,Grand National Assembly,20,,,,
fb2a7cf4-ed30-479b-98d0-5dc5f14fe858,Hasan Denizkurdu,Hasan Denizkurdu,,,,Doğru Yol Partisi,DYP,area/İzmir,İzmir,Grand National Assembly,20,,,,male
75d262cc-39b9-4f0b-91a2-03c7af396ccd,Hasan Dikici,Hasan Dikici,,,,Refah Partisi,RP,area/kahramanmaraş,Kahramanmaraş,Grand National Assembly,20,,,,
f6fb2591-eb63-493f-a332-b78b9e120682,Hasan Ekinci,Hasan Ekinci,,,,Doğru Yol Partisi,DYP,area/artvin,Artvin,Grand National Assembly,20,,,,male
bfa601e8-7286-456b-8380-c4f48af3121c,Hasan Gemici,Hasan Gemici,,,,Demokratik Sol Parti,DSP,area/zonguldak,Zonguldak,Grand National Assembly,20,,,,
6a70055b-3082-475d-92f3-124df6949131,Hasan Gülay,Hasan Gülay,,,,Demokratik Sol Parti,DSP,area/manisa,Manisa,Grand National Assembly,20,,,,
6cdfde11-1b59-4f00-920f-a1b3bd292280,Hasan Hüseyin Ceylan,Hasan Hüseyin Ceylan,,,,Refah Partisi,RP,area/ankara,Ankara,Grand National Assembly,20,,,,male
c13ed512-0040-4f05-bcdd-1e04b4a3b16b,Hasan Hüseyin Öz,Hasan Hüseyin Öz,,,,Refah Partisi,RP,area/konya,Konya,Grand National Assembly,20,,,,
b9681960-c412-4439-8e62-118ad24dbc3c,Hasan Karakaya,Hasan Karakaya,,,,Doğru Yol Partisi,DYP,area/uşak,Uşak,Grand National Assembly,20,,,,
dea9f465-818e-44d6-acde-c42e9c45efd9,Hasan Korkmazcan,Hasan Korkmazcan,,,,Anavatan Partisi,ANAP,area/denizli,Denizli,Grand National Assembly,20,,,,male
69e2acb5-08cb-49e1-9031-b6837e02ab34,Hasan Peker,Hasan Peker,,,,Doğru Yol Partisi,DYP,area/tekirdağ,Tekirdağ,Grand National Assembly,20,,,,
a2b14f2c-58f9-4a3a-8801-01c30834446e,Hasan Tekin Enerem,Hasan Tekin Enerem,,,,Doğru Yol Partisi,DYP,area/İstanbul,İstanbul,Grand National Assembly,20,,,,
8a44edb7-d1e7-4116-bad0-e769e280c938,Hasan Çağlayan,Hasan Çağlayan,,,,Anavatan Partisi,ANAP,area/Çorum,Çorum,Grand National Assembly,20,,,,
84260874-98c2-46d2-845c-221e2eedae28,Hatice Ayseli Göksoy,Hatice Ayseli Göksoy,,,,Doğru Yol Partisi,DYP,area/manisa,Manisa,Grand National Assembly,20,,,,female
d1dfedde-6789-480e-ac6d-23a850e7db67,Hayati Korkmaz,Hayati Korkmaz,,,,Demokratik Sol Parti,DSP,area/bursa,Bursa,Grand National Assembly,20,,,,
e14fd6fe-d675-4871-8e1e-d65c60d90226,Haydar Oymak,Haydar Oymak,,,,Cumhuriyet Halk Partisi,CHP,area/amasya,Amasya,Grand National Assembly,20,,,,
04394216-8f03-48c5-82e3-d2fc5498944d,Hayrettin Dilekcan,Hayrettin Dilekcan,,,,Refah Partisi,RP,area/karabük,Karabük,Grand National Assembly,20,,,,
e0de51c2-9d72-4f8d-b86d-751ad9e1f2e8,Hayrettin Uzun,Hayrettin Uzun,,,,Anavatan Partisi,ANAP,area/kocaeli,Kocaeli,Grand National Assembly,20,,,,
5ed2139f-aaa7-4e12-9a59-d97606b3b8a5,Hayri Doğan,Hayri Doğan,,,,Doğru Yol Partisi,DYP,area/antalya,Antalya,Grand National Assembly,20,,,,
2e0aec29-4976-4c86-b685-ce4267a21f85,Hayri Kozakçıoğlu,Hayri Kozakçıoğlu,,,,Doğru Yol Partisi,DYP,area/İstanbul,İstanbul,Grand National Assembly,20,,,,male
2b415449-a487-4fa5-b6cc-924a00b5f05e,Hikmet Aydın,Hikmet Aydın,,,,Demokratik Sol Parti,DSP,area/Çanakkale,Çanakkale,Grand National Assembly,20,,,,
ca67b9d9-dd80-48b9-aa12-c37de61111ee,Hikmet Sami Türk,Hikmet Sami Türk,,,,Demokratik Sol Parti,DSP,area/trabzon,Trabzon,Grand National Assembly,20,,,,male
7555159d-f8ce-4266-af57-fe6d9ed62de7,Hikmet Uluğbay,Hikmet Uluğbay,,,,Demokratik Sol Parti,DSP,area/ankara,Ankara,Grand National Assembly,20,,,,
9a012381-5aaa-4f81-baee-697b75c77f10,Hikmet Çetin,Hikmet Çetin,,,,Cumhuriyet Halk Partisi,CHP,area/gaziantep,Gaziantep,Grand National Assembly,20,,,https://upload.wikimedia.org/wikipedia/commons/6/62/Msc2011_Moe032_Cetin_neu_(cropped).jpg,male
3c5d4951-4b02-4d66-a39f-cba433860a1e,Hilmi Develi,Hilmi Develi,,,,Demokratik Sol Parti,DSP,area/denizli,Denizli,Grand National Assembly,20,,,,
19a8ad72-499a-4bf3-bbc3-0a909aad30e9,Hüsamettin Korkutata,Hüsamettin Korkutata,,,,Refah Partisi,RP,area/bingöl,Bingöl,Grand National Assembly,20,,,,
fdb34a53-4788-4c71-aaa5-f8a8e7256ea1,Hüsamettin Özkan,Hüsamettin Özkan,,,,Demokratik Sol Parti,DSP,area/İstanbul,İstanbul,Grand National Assembly,20,,,,male
5cb48bae-abb4-47f0-8ca9-3c2e92bb8ed7,Hüseyin Arı,Hüseyin Arı,,,,Refah Partisi,RP,area/konya,Konya,Grand National Assembly,20,,,,male
e1817d98-ce34-48ab-b77e-1537e18b8fa3,Hüseyin Avni Kabaoğlu,Hüseyin Avni Kabaoğlu,,,,Anavatan Partisi,ANAP,area/rize,Rize,Grand National Assembly,20,,,,
ce919304-b694-487e-ab20-b147dc6b4035,Hüseyin Kansu,Hüseyin Kansu,,,,Refah Partisi,RP,area/İstanbul,İstanbul,Grand National Assembly,20,,,,
7f67a0de-b480-45e6-801e-b2d99d414c35,Hüseyin Olgun Akın,Hüseyin Olgun Akın,,,,Refah Partisi,RP,area/ordu,Ordu,Grand National Assembly,20,,,,
0379249a-e921-4415-a390-c05f4e3006ff,Hüseyin Yayla,Hüseyin Yayla,,,,Anavatan Partisi,ANAP,area/hatay,Hatay,Grand National Assembly,20,,,,
4739e7ba-5d35-4686-85d0-6e55176c4f13,Hüseyin Yıldız,Hüseyin Yıldız,,,,Refah Partisi,RP,area/mardin,Mardin,Grand National Assembly,20,,,,
ff685d9b-cd8c-45a2-81de-1fb5f4873868,Hüsnü Doğan,Hüsnü Doğan,,,,Anavatan Partisi,ANAP,area/İstanbul,İstanbul,Grand National Assembly,20,,,,
7a6d8d4c-7308-48e3-a0df-bf81198df1e5,Hüsnü Sıvalıoğlu,Hüsnü Sıvalıoğlu,,,,Anavatan Partisi,ANAP,area/balıkesir,Balıkesir,Grand National Assembly,20,,,,
a2f27230-91b1-41cc-b764-1fb11dbba6f2,Işılay Saygın,Işılay Saygın,,,,Doğru Yol Partisi,DYP,area/İzmir,İzmir,Grand National Assembly,20,,,,female
a03063f2-3023-40a9-b132-7f87ce2a22d2,Işın Çelebi,Işın Çelebi,,,,Anavatan Partisi,ANAP,area/İzmir,İzmir,Grand National Assembly,20,,,,
dc1ab9d4-0360-4d90-bcd6-fd35335bcb0a,Kadir Bozkurt,Kadir Bozkurt,,,,Doğru Yol Partisi,DYP,area/sinop,Sinop,Grand National Assembly,20,,,,male
49a43e31-5842-459d-8d2c-dd3557472442,Kahraman Emmioğlu,Kahraman Emmioğlu,,,,Refah Partisi,RP,area/gaziantep,Gaziantep,Grand National Assembly,20,,,,
5a02ed59-9279-4662-83a2-c2b448c8977b,Kamer Genç,Kamer Genç,,,,Doğru Yol Partisi,DYP,area/tunceli,Tunceli,Grand National Assembly,20,,,https://upload.wikimedia.org/wikipedia/commons/6/69/Kamer_Genç_crop.JPG,male
b9a2da8f-c106-4280-b461-8c3d2a3240da,Kamran İnan,Kamran İnan,,,,Anavatan Partisi,ANAP,area/bitlis,Bitlis,Grand National Assembly,20,,,,male
eba3ba1c-e233-4446-a8a8-b2dd4cd845df,Kaya Erdem,Kaya Erdem,,,,Anavatan Partisi,ANAP,area/İzmir,İzmir,Grand National Assembly,20,,,,
865d04f1-b34a-4535-b316-8364098ad757,Kazım Arslan,Kazım Arslan,,,,Refah Partisi,RP,area/yozgat,Yozgat,Grand National Assembly,20,,,,
f100f66a-ac7e-44dc-bd64-4f9c0be13edf,Kazım Ataoğlu,Kazım Ataoğlu,,,,Refah Partisi,RP,area/bingöl,Bingöl,Grand National Assembly,20,,,,
79c0748d-fe92-4f0b-a581-28bdcd459145,Kazım Üstüner,Kazım Üstüner,,,,Demokratik Sol Parti,DSP,area/burdur,Burdur,Grand National Assembly,20,,,,
2519572e-5439-4076-aecc-c845186f97e2,Kemal Albayrak,Kemal Albayrak,,,,Refah Partisi,RP,area/kırıkkale,Kırıkkale,Grand National Assembly,20,,,,
54bede06-bdb7-4eed-80e1-6096a5295506,Kemalettin Göktaş,Kemalettin Göktaş,,,,Refah Partisi,RP,area/trabzon,Trabzon,Grand National Assembly,20,,,,
e2e0a2e4-6aa0-4e56-813e-5039c3fa951c,Korkut Özal,Korkut Özal,,,,Anavatan Partisi,ANAP,area/İstanbul,İstanbul,Grand National Assembly,20,,,,
1a49c3f7-707e-4ab5-a487-ff85f9140514,Kubilay Uygun,Kubilay Uygun,,,,Demokratik Sol Parti,DSP,area/afyonkarahisar,Afyonkarahisar,Grand National Assembly,20,,,,male
4dc35dfe-0b34-4198-bca9-7ff1a1a1ecc4,Köksal Toptan,Köksal Toptan,,,,Doğru Yol Partisi,DYP,area/bartın,Bartın,Grand National Assembly,20,,,,male
4d07c70d-0876-455d-a83f-abb85d16cf1b,Lale Aytaman,Lale Aytaman,,,,Anavatan Partisi,ANAP,area/muğla,Muğla,Grand National Assembly,20,,,,female
7c37ceca-bd0c-4206-bb92-a1b67b13b50e,Latif Öztek,Latif Öztek,,,,Refah Partisi,RP,area/samsun,Samsun,Grand National Assembly,20,,,,
c2ab33da-a55b-4b77-a79f-dcfd026bc21b,Levent Mıstıkoğlu,Levent Mıstıkoğlu,,,,Anavatan Partisi,ANAP,area/hatay,Hatay,Grand National Assembly,20,,,,
ba69a638-2746-41a5-9c69-8d62ea15a603,Lütfi Doğan,Lütfi Doğan,,,,Refah Partisi,RP,area/gümüşhane,Gümüşhane,Grand National Assembly,20,,,,
b9196a7c-39e8-417f-bb9e-030abe594ffd,Lütfi Yalman,Lütfi Yalman,,,,Refah Partisi,RP,area/konya,Konya,Grand National Assembly,20,,,,
3ac3d331-863c-46cc-968b-fe024e3ef500,Lütfullah Kayalar,Lütfullah Kayalar,,,,Anavatan Partisi,ANAP,area/yozgat,Yozgat,Grand National Assembly,20,,,,male
b8ba974d-85d1-4be3-a891-f299410d9f77,Lütfü Esengün,Lütfü Esengün,,,,Refah Partisi,RP,area/erzurum,Erzurum,Grand National Assembly,20,,,,
8aac3341-f943-4c5e-bee5-4fc7a55719a2,Mahmut Bozkurt,Mahmut Bozkurt,,,,Anavatan Partisi,ANAP,area/adıyaman,Adıyaman,Grand National Assembly,20,,,,
709852cf-19b0-4747-8f86-d88ca03552a5,Mahmut Duyan,Mahmut Duyan,,,,Doğru Yol Partisi,DYP,area/mardin,Mardin,Grand National Assembly,20,,,,male
e5ff05ed-2bf1-40f9-b995-2c4e28975636,Mahmut Erdir,Mahmut Erdir,,,,Demokratik Sol Parti,DSP,area/eskişehir,Eskişehir,Grand National Assembly,20,,,,male
b7518b13-4f18-453e-9e02-4827e7554d58,Mahmut Işık,Mahmut Işık,,,,Cumhuriyet Halk Partisi,CHP,area/sivas,Sivas,Grand National Assembly,20,,,,
ffe7fc46-d691-4406-948f-ec98add3f0a8,Mahmut Nedim Bilgiç,Mahmut Nedim Bilgiç,,,,Doğru Yol Partisi,DYP,area/adıyaman,Adıyaman,Grand National Assembly,20,,,,
1a203ba1-1ccb-4a3a-9fa9-d635db73ceaf,Mahmut Oltan Sungurlu,Mahmut Oltan Sungurlu,,,,Anavatan Partisi,ANAP,area/gümüşhane,Gümüşhane,Grand National Assembly,20,,,,male
62acaaf7-5c6f-48b9-9efd-c98db4495f4c,Mahmut Sönmez,Mahmut Sönmez,,,,Refah Partisi,RP,area/bingöl,Bingöl,Grand National Assembly,20,,,,
c49346f6-3610-48b2-8193-461bd2e1c402,Mahmut Yılbaş,Mahmut Yılbaş,,,,Doğru Yol Partisi,DYP,area/van,Van,Grand National Assembly,20,,,,male
14a5f275-a920-4075-a6ef-01e7613186fe,Maliki Ejder Arvas,Maliki Ejder Arvas,,,,Refah Partisi,RP,area/van,Van,Grand National Assembly,20,,,,
a482e57b-b980-4c09-8056-3ad028e78802,Mehmet Ali Altın,Mehmet Ali Altın,,,,Anavatan Partisi,ANAP,area/kırşehir,Kırşehir,Grand National Assembly,20,,,,
39ec454a-27a0-4ce3-9351-5dfb88a13e21,Mehmet Ali Bilici,Mehmet Ali Bilici,,,,Anavatan Partisi,ANAP,area/adana,Adana,Grand National Assembly,20,,,,male
9e953f51-e0a6-441f-9b94-c2d932a47aad,Mehmet Ali Yavuz,Mehmet Ali Yavuz,,,,Doğru Yol Partisi,DYP,area/konya,Konya,Grand National Assembly,20,,,,male
07db8d85-b95b-49a4-9db7-6c89481ca0b2,Mehmet Ali Şahin,Mehmet Ali Şahin,,,,Refah Partisi,RP,area/İstanbul,İstanbul,Grand National Assembly,20,,,https://upload.wikimedia.org/wikipedia/commons/4/48/Mehmet_Ali_Sahin.jpg,male
64cce0ee-1ddb-4831-ab82-d27c621fe882,Mehmet Altan Karapaşaoğlu,Mehmet Altan Karapaşaoğlu,,,,Refah Partisi,RP,area/bursa,Bursa,Grand National Assembly,20,,,,male
1379711d-53e2-42de-824e-98fd24ae328e,Mehmet Altınsoy,Mehmet Altınsoy,,,,Refah Partisi,RP,area/aksaray,Aksaray,Grand National Assembly,20,,,,male
94960c7e-aa4f-4719-a549-54051f69dcdb,Mehmet Aydın,Mehmet Aydın,,,,Demokratik Sol Parti,DSP,area/İstanbul,İstanbul,Grand National Assembly,20,,,,
838ba1dc-22a5-4914-82eb-ac25fd080c56,Mehmet Aykaç,Mehmet Aykaç,,,,Refah Partisi,RP,area/Çorum,Çorum,Grand National Assembly,20,,,,male
d3aaf52d-dfd1-4903-a101-c159fe958d91,Mehmet Ağar,Mehmet Ağar,,,,Doğru Yol Partisi,DYP,area/elazığ,Elazığ,Grand National Assembly,20,,,,male
dc136ae3-5930-49cc-8b56-47e9f005bde3,Mehmet Batallı,Mehmet Batallı,,,,Doğru Yol Partisi,DYP,area/gaziantep,Gaziantep,Grand National Assembly,20,,,,male
d4ee0953-4e5c-4fd2-a5a7-29538e41c27e,Mehmet Bedri İncetahtacı,Mehmet Bedri İncetahtacı,,,,Refah Partisi,RP,area/gaziantep,Gaziantep,Grand National Assembly,20,,,,
8531df6a-9549-4eea-b956-8266a949e8bc,Mehmet Büyükyılmaz,Mehmet Büyükyılmaz,,,,Demokratik Sol Parti,DSP,area/adana,Adana,Grand National Assembly,20,,,,male
2389360b-5bcd-4355-875d-11dc020eb099,Mehmet Cavit Kavak,Mehmet Cavit Kavak,,,,Anavatan Partisi,ANAP,area/İstanbul,İstanbul,Grand National Assembly,20,,,,male
c1025621-75ac-4115-bf3b-94133d08fef6,Mehmet Ekici,Mehmet Ekici,,,,Anavatan Partisi,ANAP,area/ankara,Ankara,Grand National Assembly,20,,,,male
9d61c5c0-55e1-4062-b096-4bf9a8724dbb,Mehmet Elkatmış,Mehmet Elkatmış,,,,Refah Partisi,RP,area/nevşehir,Nevşehir,Grand National Assembly,20,,,,male
66aa7890-1c04-4991-be8f-87deef176aea,Mehmet Emin Aydın,Mehmet Emin Aydın,,,,Refah Partisi,RP,area/siirt,Siirt,Grand National Assembly,20,,,,
18567a80-6e4a-4b78-88c5-16396ac1aec8,Mehmet Emin Aydınbaş,Mehmet Emin Aydınbaş,,,,Refah Partisi,RP,area/mersin,Mersin,Grand National Assembly,20,,,,
410ca095-eaf4-4900-b7b8-3b16066e52b5,Mehmet Fevzi Şıhanlıoğlu,Mehmet Fevzi Şıhanlıoğlu,,,,Doğru Yol Partisi,DYP,area/Şanlıurfa,Şanlıurfa,Grand National Assembly,20,,,,
b5dfe1ae-0184-4b4c-9fe8-05b7f806270e,Mehmet Fuat Fırat,Mehmet Fuat Fırat,,,,Refah Partisi,RP,area/İstanbul,İstanbul,Grand National Assembly,20,,,,male
9ee5e614-7315-41d9-83b2-8d84d19a2bc2,Mehmet Gölhan,Mehmet Gölhan,,,,Doğru Yol Partisi,DYP,area/ankara,Ankara,Grand National Assembly,20,,,,male
1cac2246-ec02-4152-8cd0-fef03abb8180,Mehmet Gözlükaya,Mehmet Gözlükaya,,,,Doğru Yol Partisi,DYP,area/denizli,Denizli,Grand National Assembly,20,,,,male
4e4b4fdc-275d-408d-917c-72c0fe6effa4,Mehmet Halit Dağlı,Mehmet Halit Dağlı,,,,Doğru Yol Partisi,DYP,area/adana,Adana,Grand National Assembly,20,,,,
b36afa76-d8f7-40d5-9bcb-c1f4a0f33b9f,Mehmet Keçeciler,Mehmet Keçeciler,,,,Anavatan Partisi,ANAP,area/konya,Konya,Grand National Assembly,20,,,,male
a4ef5540-a70e-4083-8ae7-e72bf11fd3f4,Mehmet Korkmaz,Mehmet Korkmaz,,,,Doğru Yol Partisi,DYP,area/kütahya,Kütahya,Grand National Assembly,20,,,,
ccf2e954-f5da-4730-8aa7-fcaa291838bc,Mehmet Köstepen,Mehmet Köstepen,,,,Doğru Yol Partisi,DYP,area/İzmir,İzmir,Grand National Assembly,20,,,,male
6b0042c2-b599-421e-8de6-da3e711c5b07,Mehmet Moğultay,Mehmet Moğultay,,,,Cumhuriyet Halk Partisi,CHP,area/İstanbul,İstanbul,Grand National Assembly,20,,,,male
add873e6-fd60-4ee4-8b42-b4f1c5b14006,Mehmet Necati Çetinkaya,Mehmet Necati Çetinkaya,,,,Doğru Yol Partisi,DYP,area/konya,Konya,Grand National Assembly,20,,,,
f0524a9e-ab63-4844-a3ea-be3ff79b8671,Mehmet Sabri Güner,Mehmet Sabri Güner,,,,Doğru Yol Partisi,DYP,area/kars,Kars,Grand National Assembly,20,,,,male
3e603ddf-e1e6-4ba4-b7ae-094fa2eaa9ac,Mehmet Salih Katırcıoğlu,Mehmet Salih Katırcıoğlu,,,,Refah Partisi,RP,area/niğde,Niğde,Grand National Assembly,20,,,,
e66af0ef-590d-4104-86e6-bd3cbd0f8d48,Mehmet Salih Yıldırım,Mehmet Salih Yıldırım,,,,Anavatan Partisi,ANAP,area/Şırnak,Şırnak,Grand National Assembly,20,,,,male
f0cdb999-67a8-4ff5-a41f-3e4c6961dc64,Mehmet Sağdıç,Mehmet Sağdıç,,,,Anavatan Partisi,ANAP,area/ankara,Ankara,Grand National Assembly,20,,,,male
c8f11a41-0297-4d7c-a7fe-4c37cdf7f6fd,Mehmet Sağlam,Mehmet Sağlam,,,,Doğru Yol Partisi,DYP,area/kahramanmaraş,Kahramanmaraş,Grand National Assembly,20,,,,male
7cf37c40-8ca2-4fb0-bdf8-f8f590406c7a,Mehmet Sevigen,Mehmet Sevigen,,,,Cumhuriyet Halk Partisi,CHP,area/İstanbul,İstanbul,Grand National Assembly,20,,,,male
e8c5b596-d745-44c7-a8ac-817fd85fe17f,Mehmet Sılay,Mehmet Sılay,,,,Refah Partisi,RP,area/hatay,Hatay,Grand National Assembly,20,,,,male
05291fa1-285b-41c6-ad82-ca46a8c20b40,Mehmet Tatar,Mehmet Tatar,,,,Doğru Yol Partisi,DYP,area/Şırnak,Şırnak,Grand National Assembly,20,,,,male
ff75a7f5-0502-4f3a-9bd5-7ea7bac2856b,Mehmet Teoman Akgür,Mehmet Teoman Akgür,,,,Demokratik Sol Parti,DSP,area/sakarya,Sakarya,Grand National Assembly,20,,,,
15e32701-ef93-401a-9ef2-e93b34439055,Mehmet Yaşar Ünal,Mehmet Yaşar Ünal,,,,Demokratik Sol Parti,DSP,area/uşak,Uşak,Grand National Assembly,20,,,,
2d775b2d-6abb-4a35-aeb1-2da576758976,Memduh Büyükkılıç,Memduh Büyükkılıç,,,,Refah Partisi,RP,area/kayseri,Kayseri,Grand National Assembly,20,,,,
b3167c88-c0ce-4355-afc0-07185498208c,Meral Akşener,Meral Akşener,,,,Doğru Yol Partisi,DYP,area/İstanbul,İstanbul,Grand National Assembly,20,,,,female
11338232-2a0a-4378-ad75-2a6dbd4be568,Mesut Yılmaz,Mesut Yılmaz,,,,Anavatan Partisi,ANAP,area/rize,Rize,Grand National Assembly,20,,,,male
8faa6253-a0c4-430f-af59-c06b3ad55745,Mete Bülgün,Mete Bülgün,,,,Anavatan Partisi,ANAP,area/Çankırı,Çankırı,Grand National Assembly,20,,,,
958715fc-a7ea-44eb-ab73-7ca5e95461f3,Metin Arifağaoğlu,Metin Arifağaoğlu,,,,Cumhuriyet Halk Partisi,CHP,area/artvin,Artvin,Grand National Assembly,20,,,,male
76f5ee7d-a305-4233-92db-323292f9d39d,Metin Bostancıoğlu,Metin Bostancıoğlu,,,,Demokratik Sol Parti,DSP,area/sinop,Sinop,Grand National Assembly,20,,,,male
83ede58f-e2e1-4c7e-9436-73740c197501,Metin Emiroğlu,Metin Emiroğlu,,,,Anavatan Partisi,ANAP,area/malatya,Malatya,Grand National Assembly,20,,,,male
f6e36681-0740-460d-ad70-4a87deb690c0,Metin Gürdere,Metin Gürdere,,,,Anavatan Partisi,ANAP,area/tokat,Tokat,Grand National Assembly,20,,,,male
f61440bd-8ec4-417d-8116-e1a5faafa10d,Metin Işık,Metin Işık,,,,Refah Partisi,RP,area/İstanbul,İstanbul,Grand National Assembly,20,,,,male
cbd738d8-a280-4d87-b476-a7fd16c0f177,Metin Perli,Metin Perli,,,,Refah Partisi,RP,area/kütahya,Kütahya,Grand National Assembly,20,,,,
dadba235-a48e-492e-8700-48633fb44040,Metin Öney,Metin Öney,,,,Anavatan Partisi,ANAP,area/İzmir,İzmir,Grand National Assembly,20,,,,male
64062a77-60a7-41fd-aa4f-4a46d0a1ae7e,Metin Şahin,Metin Şahin,,,,Demokratik Sol Parti,DSP,area/antalya,Antalya,Grand National Assembly,20,,,,male
a7b6ef42-32e5-4009-bcab-1b14081a3522,Mikail Korkmaz,Mikail Korkmaz,,,,Refah Partisi,RP,area/kırıkkale,Kırıkkale,Grand National Assembly,20,,,,
58ca6f4a-1373-4170-8d21-ee22a2fb0161,Miraç Akdoğan,Miraç Akdoğan,,,,Anavatan Partisi,ANAP,area/malatya,Malatya,Grand National Assembly,20,,,,
71c519b1-612f-4ad9-9708-473dbda3de3e,Muhammet Polat,Muhammet Polat,,,,Refah Partisi,RP,area/aydın,Aydın,Grand National Assembly,20,,,,
872a0da4-8d59-4ce0-81c7-0ab441cec37f,Muharrem Hadi Dilekci,Muharrem Hadi Dilekci,,,,Demokratik Sol Parti,DSP,area/kastamonu,Kastamonu,Grand National Assembly,20,,,,
1433124c-4ff9-4d2d-95dd-06fa253c600b,Muhsin Yazıcıoğlu,Muhsin Yazıcıoğlu,,,,Anavatan Partisi,ANAP,area/sivas,Sivas,Grand National Assembly,20,,,,male
ce859612-09f3-41aa-a7a6-9f65211ab7ae,Mukadder Başeğmez,Mukadder Başeğmez,,,,Refah Partisi,RP,area/İstanbul,İstanbul,Grand National Assembly,20,,,,
60901114-1e7b-4d8a-8c3e-4f87ac1e8099,Murat Başesgioğlu,Murat Başesgioğlu,,,,Anavatan Partisi,ANAP,area/kastamonu,Kastamonu,Grand National Assembly,20,,,,male
bd6e321c-a71e-498c-a7cf-979c01b33f12,Murat Karayalçın,Murat Karayalçın,,,,Cumhuriyet Halk Partisi,CHP,area/samsun,Samsun,Grand National Assembly,20,,,,male
43556f9d-5366-42c4-a920-7bf04adf0b8a,Murtaza Özkanlı,Murtaza Özkanlı,,,,Refah Partisi,RP,area/aksaray,Aksaray,Grand National Assembly,20,,,,
5175b65c-c3ea-4a5a-9669-a7b78dc7ff0e,Musa Demirci,Musa Demirci,,,,Refah Partisi,RP,area/sivas,Sivas,Grand National Assembly,20,,,,male
07103576-e195-4860-95bf-f6fd5b0be14b,Musa Okcu,Musa Okcu,,,,Refah Partisi,RP,area/batman,Batman,Grand National Assembly,20,,,,
4b8a214d-5cea-4fc2-acab-f8d5c596d27c,Musa Uzunkaya,Musa Uzunkaya,,,,Refah Partisi,RP,area/samsun,Samsun,Grand National Assembly,20,,,,
38adbfdc-c32d-4dd9-b0ae-1a30b96406e8,Mustafa Bahri Kibar,Mustafa Bahri Kibar,,,,Anavatan Partisi,ANAP,area/ordu,Ordu,Grand National Assembly,20,,,,male
94851dd9-b4be-465e-b97f-076609cc27c9,Mustafa Balcılar,Mustafa Balcılar,,,,Anavatan Partisi,ANAP,area/eskişehir,Eskişehir,Grand National Assembly,20,,,,male
42d28e72-f522-4206-ab42-8701387cfc39,Mustafa Bayram,Mustafa Bayram,,,,Anavatan Partisi,ANAP,area/van,Van,Grand National Assembly,20,,,,male
85ac3d3a-5a52-4271-9d33-1d63a88a6ebc,Mustafa Baş,Mustafa Baş,,,,Refah Partisi,RP,area/İstanbul,İstanbul,Grand National Assembly,20,,,,
5cdc3afb-e39e-4f37-ada5-698168da6945,Mustafa Cihan Paçacı,Mustafa Cihan Paçacı,,,,Doğru Yol Partisi,DYP,area/elazığ,Elazığ,Grand National Assembly,20,,,,male
a9395e0e-22e1-4b23-bc9b-ca9140661789,Mustafa Cihan Yazar,Mustafa Cihan Yazar,,,,Demokratik Sol Parti,DSP,area/manisa,Manisa,Grand National Assembly,20,,,,
f5de9e91-cbb4-4e56-a686-f607a1310c5d,Mustafa Dedeoğlu,Mustafa Dedeoğlu,,,,Doğru Yol Partisi,DYP,area/muğla,Muğla,Grand National Assembly,20,,,,
f638414d-f3ff-4b6f-81f3-cda4d14874d2,Mustafa Erdoğan Yetenç,Mustafa Erdoğan Yetenç,,,,Cumhuriyet Halk Partisi,CHP,area/manisa,Manisa,Grand National Assembly,20,,,,male
28e753d6-5221-4312-82bb-7748b7f04f7a,Mustafa Güven Karahan,Mustafa Güven Karahan,,,,Demokratik Sol Parti,DSP,area/balıkesir,Balıkesir,Grand National Assembly,20,,,,male
f4ecb048-a2aa-4c0b-9a2a-9ba9a554c8b9,Mustafa Haluk Müftüler,Mustafa Haluk Müftüler,,,,Doğru Yol Partisi,DYP,area/denizli,Denizli,Grand National Assembly,20,,,,male
c6d098c5-602f-40f8-8822-383e35be9254,Mustafa Hasan Öz,Mustafa Hasan Öz,,,,Refah Partisi,RP,area/ordu,Ordu,Grand National Assembly,20,,,,
f046a5d1-23db-4208-a8cc-6bb06757fa8f,Mustafa Kalemli,Mustafa Kalemli,,,,Anavatan Partisi,ANAP,area/kütahya,Kütahya,Grand National Assembly,20,,,,male
55a076e1-8d64-4b7d-aec3-fcd37d3bad7b,Mustafa Kamalak,Mustafa Kamalak,,,,Refah Partisi,RP,area/kahramanmaraş,Kahramanmaraş,Grand National Assembly,20,,,,male
3fb71792-db10-4b6a-9857-06431b626cc9,Mustafa Karslıoğlu,Mustafa Karslıoğlu,,,,Demokratik Sol Parti,DSP,area/bolu,Bolu,Grand National Assembly,20,,,,
8f5d306c-0051-446f-b69d-44fba6274114,Mustafa Kemal Ateş,Mustafa Kemal Ateş,,,,Refah Partisi,RP,area/kilis,Kilis,Grand National Assembly,20,,,,
9eee164f-1190-42d4-a35f-3546e74d796c,Mustafa Kemal Aykurt,Mustafa Kemal Aykurt,,,,Doğru Yol Partisi,DYP,area/denizli,Denizli,Grand National Assembly,20,,,,
81904448-e732-4cc0-9453-0836b5292132,Mustafa Kul,Mustafa Kul,,,,Cumhuriyet Halk Partisi,CHP,area/erzincan,Erzincan,Grand National Assembly,20,,,,male
0b0f1aa5-6342-4b87-9e5d-af7552539b9d,Mustafa Köylü,Mustafa Köylü,,,,Refah Partisi,RP,area/isparta,Isparta,Grand National Assembly,20,,,,
94db8c92-cc1b-413e-aedb-d175865ddbd3,Mustafa Küpeli,Mustafa Küpeli,,,,Doğru Yol Partisi,DYP,area/adana,Adana,Grand National Assembly,20,,,,male
54e9738e-8510-4b1e-b4cc-c4c3b1504633,Mustafa Rüştü Taşar,Mustafa Rüştü Taşar,,,,Anavatan Partisi,ANAP,area/gaziantep,Gaziantep,Grand National Assembly,20,,,,male
cb152489-7bce-416b-96a4-e6f694908394,Mustafa Yünlüoğlu,Mustafa Yünlüoğlu,,,,Refah Partisi,RP,area/bolu,Bolu,Grand National Assembly,20,,,,
decf265a-f79b-4095-86b6-bac02b231924,Mustafa Yıldız,Mustafa Yıldız,,,,Cumhuriyet Halk Partisi,CHP,area/erzincan,Erzincan,Grand National Assembly,20,,,,male
f307a244-7664-4ff3-b7d4-3ba7c8470261,Mustafa Yılmaz,Mustafa Yılmaz,,,,Demokratik Sol Parti,DSP,area/gaziantep,Gaziantep,Grand National Assembly,20,,,,male
bf9b9b11-6528-4136-bffd-642118d66987,Mustafa Zeydan,Mustafa Zeydan,,,,Doğru Yol Partisi,DYP,area/hakkâri,Hakkâri,Grand National Assembly,20,,,,male
c5e4b0ff-e5d0-4a67-9082-959b91ba7b7d,Mustafa Çiloğlu,Mustafa Çiloğlu,,,,Doğru Yol Partisi,DYP,area/burdur,Burdur,Grand National Assembly,20,,,,male
544ef326-a440-4b8f-ac9c-c3b6addffdb1,Mustafa Ünaldı,Mustafa Ünaldı,,,,Refah Partisi,RP,area/konya,Konya,Grand National Assembly,20,,,,male
a3442b83-91e1-4148-90c4-8fce98f1ae15,Mustafa İlimen,Mustafa İlimen,,,,Demokratik Sol Parti,DSP,area/edirne,Edirne,Grand National Assembly,20,,,,
ed5ce3a4-00af-46bb-95b9-532a1af87538,Mustafa İstemihan Talay,Mustafa İstemihan Talay,,,,Demokratik Sol Parti,DSP,area/mersin,Mersin,Grand National Assembly,20,,,,male
b96a9b99-8fbc-41c1-a265-4f0c8b0a1313,Muzaffer Arslan,Muzaffer Arslan,,,,Anavatan Partisi,ANAP,area/diyarbakır,Diyarbakır,Grand National Assembly,20,,,,
d363485b-2940-4977-924e-5fc6aa417c8c,Muzaffer Arıkan,Muzaffer Arıkan,,,,Doğru Yol Partisi,DYP,area/mardin,Mardin,Grand National Assembly,20,,,,
4cf939a8-3d16-4e56-8435-d98059e47f27,Müjdat Koç,Müjdat Koç,,,,Demokratik Sol Parti,DSP,area/ordu,Ordu,Grand National Assembly,20,,,,
b818f8d3-c869-4224-90e5-6b15554eb23b,Mümtaz Soysal,Mümtaz Soysal,,,,Demokratik Sol Parti,DSP,area/zonguldak,Zonguldak,Grand National Assembly,20,,,,male
06324fe4-704c-4ef6-a41b-9978fb3a345b,Nabi Poyraz,Nabi Poyraz,,,,Anavatan Partisi,ANAP,area/ordu,Ordu,Grand National Assembly,20,,,,male
ff067b9d-ae95-4524-aa58-4976f0a669f6,Naci Terzi,Naci Terzi,,,,Refah Partisi,RP,area/erzincan,Erzincan,Grand National Assembly,20,,,,
8a116fae-99da-4495-9d39-4dc7f0946311,Nafiz Kurt,Nafiz Kurt,,,,Doğru Yol Partisi,DYP,area/samsun,Samsun,Grand National Assembly,20,,,,
99457c11-8d91-4962-8929-a256866f56c3,Nahit Menteşe,Nahit Menteşe,,,,Doğru Yol Partisi,DYP,area/aydın,Aydın,Grand National Assembly,20,,,,male
6fb96a52-dd66-4a6c-a024-9a6197b710fd,Naim Geylani,Naim Geylani,,,,Anavatan Partisi,ANAP,area/hakkâri,Hakkâri,Grand National Assembly,20,,,,
5647f7d4-688e-4a0c-a90d-067299330465,Nami Çağan,Nami Çağan,,,,Demokratik Sol Parti,DSP,area/İstanbul,İstanbul,Grand National Assembly,20,,,,male
1d0f9841-ff81-4966-bc20-8183ce336b3c,Namık Kemal Zeybek,Namık Kemal Zeybek,,,,Doğru Yol Partisi,DYP,area/İstanbul,İstanbul,Grand National Assembly,20,,,,male
2f205f08-fd59-47db-9891-c68b0156c5b9,Necati Albay,Necati Albay,,,,Demokratik Sol Parti,DSP,area/eskişehir,Eskişehir,Grand National Assembly,20,,,,male
41162910-44ec-46c6-838f-afbf43f9637b,Necati Güllülü,Necati Güllülü,,,,Anavatan Partisi,ANAP,area/erzurum,Erzurum,Grand National Assembly,20,,,,male
3e7d9839-6d2d-4edd-b1b4-f587647c901f,Necati Çelik,Necati Çelik,,,,Refah Partisi,RP,area/kocaeli,Kocaeli,Grand National Assembly,20,,,,male
f35015ae-78d6-4dd4-a1f7-e3fa81ff9c7a,Necdet Menzir,Necdet Menzir,,,,Doğru Yol Partisi,DYP,area/İstanbul,İstanbul,Grand National Assembly,20,,,,male
bc827cd9-32b1-4a25-98e1-f35ead313e6a,Necdet Tekin,Necdet Tekin,,,,Demokratik Sol Parti,DSP,area/kırklareli,Kırklareli,Grand National Assembly,20,,,,
450b71ec-1a35-424d-826f-bf769eba2244,Necmettin Aydın,Necmettin Aydın,,,,Refah Partisi,RP,area/zonguldak,Zonguldak,Grand National Assembly,20,,,,
fab713c5-989c-4ef1-abf4-fb790cbb9b2c,Necmettin Cevheri,Necmettin Cevheri,,,,Doğru Yol Partisi,DYP,area/Şanlıurfa,Şanlıurfa,Grand National Assembly,20,,,,
f5e5bee4-7903-485f-ad57-459f0b03849f,Necmettin Dede,Necmettin Dede,,,,Doğru Yol Partisi,DYP,area/muş,Muş,Grand National Assembly,20,,,,
1969c424-ef8c-4348-ade8-67e3b3979c96,Necmettin Erbakan,Necmettin Erbakan,,,,Refah Partisi,RP,area/konya,Konya,Grand National Assembly,20,,,https://upload.wikimedia.org/wikipedia/commons/0/0e/Necmettin-Erbakan.jpg,male
22c885d5-4e72-43f5-956a-b8aa6362b9bc,Necmi Hoşver,Necmi Hoşver,,,,Doğru Yol Partisi,DYP,area/bolu,Bolu,Grand National Assembly,20,,,,
fa32ac67-70b7-4503-8673-906691b45f58,Nedim İlci,Nedim İlci,,,,Refah Partisi,RP,area/muş,Muş,Grand National Assembly,20,,,,
2747a09c-c436-4ba4-9c16-261ce7ac8bd2,Nejat Arseven,Nejat Arseven,,,,Anavatan Partisi,ANAP,area/ankara,Ankara,Grand National Assembly,20,,,,male
3bd28da0-5c38-4fa4-8bf4-c5f8bc74ffd1,Nevfel Şahin,Nevfel Şahin,,,,Doğru Yol Partisi,DYP,area/Çanakkale,Çanakkale,Grand National Assembly,20,,,,
d5a07b07-741a-4535-9a86-6b10aee48da3,Nevzat Ercan,Nevzat Ercan,,,,Doğru Yol Partisi,DYP,area/sakarya,Sakarya,Grand National Assembly,20,,,,male
8f7d229f-3a7f-4b6d-824c-55536cca4b0a,Nevzat Köse,Nevzat Köse,,,,Doğru Yol Partisi,DYP,area/aksaray,Aksaray,Grand National Assembly,20,,,,male
fffa62f6-546e-49eb-a8f5-80bd2deb6c6d,Nevzat Yanmaz,Nevzat Yanmaz,,,,Anavatan Partisi,ANAP,area/sivas,Sivas,Grand National Assembly,20,,,,
d861fbb0-6a6a-47aa-b347-3a3eb7dda231,Nezir Aydın,Nezir Aydın,,,,Refah Partisi,RP,area/sakarya,Sakarya,Grand National Assembly,20,,,,
ee1a9a3b-9b9f-43ee-8b16-d6b3d620b1fc,Nezir Büyükcengiz,Nezir Büyükcengiz,,,,Cumhuriyet Halk Partisi,CHP,area/konya,Konya,Grand National Assembly,20,,,,
5e220800-d207-442d-8e09-3882917e1b15,Nihad Matkap,Nihad Matkap,,,,Cumhuriyet Halk Partisi,CHP,area/hatay,Hatay,Grand National Assembly,20,,,,
4fb2c390-bec7-4766-89be-c49b09793a75,Nihan İlgün,Nihan İlgün,,,,Doğru Yol Partisi,DYP,area/tekirdağ,Tekirdağ,Grand National Assembly,20,,,,male
ea8fe030-bc36-4380-b3e4-7829bf8c285b,Nizamettin Sevgili,Nizamettin Sevgili,,,,Anavatan Partisi,ANAP,area/siirt,Siirt,Grand National Assembly,20,,,,
8e1d36a6-4623-4162-9a13-aac7f7a26256,Nurettin Aktaş,Nurettin Aktaş,,,,Refah Partisi,RP,area/gaziantep,Gaziantep,Grand National Assembly,20,,,,
636c0c48-ec45-45e4-a26b-069b7dc94ef9,Nurettin Kaldırımcı,Nurettin Kaldırımcı,,,,Refah Partisi,RP,area/kayseri,Kayseri,Grand National Assembly,20,,,,
1ca74f45-a1b8-4098-b5d0-c5cc85c0114b,Nurhan Tekinel,Nurhan Tekinel,,,,Doğru Yol Partisi,DYP,area/kastamonu,Kastamonu,Grand National Assembly,20,,,,
67cb638f-da4c-405b-8375-ccdfc99736bf,Nuri Yabuz,Nuri Yabuz,,,,Doğru Yol Partisi,DYP,area/afyonkarahisar,Afyonkarahisar,Grand National Assembly,20,,,,
e4013e45-3c77-4018-9778-182b7cf1e34e,Onur Kumbaracıbaşı,Onur Kumbaracıbaşı,,,,Cumhuriyet Halk Partisi,CHP,area/kocaeli,Kocaeli,Grand National Assembly,20,,,,male
966597de-7f96-4b7f-96c7-16424fcb4292,Orhan Kavuncu,Orhan Kavuncu,,,,Anavatan Partisi,ANAP,area/adana,Adana,Grand National Assembly,20,,,,
7851da41-76a7-43ed-8c81-bc70c546801c,Orhan Veli Yıldırım,Orhan Veli Yıldırım,,,,Cumhuriyet Halk Partisi,CHP,area/tunceli,Tunceli,Grand National Assembly,20,,,,male
f28c0a86-72dd-4f7e-94a1-4a5b427228f8,Osman Berberoğlu,Osman Berberoğlu,,,,Doğru Yol Partisi,DYP,area/antalya,Antalya,Grand National Assembly,20,,,,
4757cec1-8641-45f2-b5dd-522ee0730509,Osman Hazer,Osman Hazer,,,,Refah Partisi,RP,area/afyonkarahisar,Afyonkarahisar,Grand National Assembly,20,,,,
f525c32a-e689-4144-a474-3e73be320f4a,Osman Kılıç,Osman Kılıç,,,,Demokratik Sol Parti,DSP,area/İstanbul,İstanbul,Grand National Assembly,20,,,,
c56b180b-6819-4c95-9583-d0f70b4ebc04,Osman Pepe,Osman Pepe,,,,Refah Partisi,RP,area/kocaeli,Kocaeli,Grand National Assembly,20,,,,male
22d0c260-ca80-4286-ada8-fa917bb8082c,Osman Yumakoğulları,Osman Yumakoğulları,,,,Refah Partisi,RP,area/İstanbul,İstanbul,Grand National Assembly,20,,,,
041c8ba0-31af-4886-ae16-8ff87c4d1003,Osman Çilsal,Osman Çilsal,,,,Doğru Yol Partisi,DYP,area/kayseri,Kayseri,Grand National Assembly,20,,,,
0fc59760-48c7-4beb-a053-75e44bb0dea3,Oya Araslı,Oya Araslı,,,,Cumhuriyet Halk Partisi,CHP,area/mersin,Mersin,Grand National Assembly,20,,,,female
faa4bb12-d625-4f59-a8f7-b5a5b08fafdf,Oğuzhan Asiltürk,Oğuzhan Asiltürk,,,,Refah Partisi,RP,area/malatya,Malatya,Grand National Assembly,20,,,,
85a1adbb-7692-4fd7-987b-9d796a6e06b9,Ramazan Yenidede,Ramazan Yenidede,,,,Refah Partisi,RP,area/denizli,Denizli,Grand National Assembly,20,,,,
1ffca4e9-1f1e-4cd3-a475-e51a9b150aef,Rasim Zaimoğlu,Rasim Zaimoğlu,,,,Anavatan Partisi,ANAP,area/giresun,Giresun,Grand National Assembly,20,,,,
733d2b54-34c3-48aa-9526-b38e9bb65cd1,Recai Kutan,Recai Kutan,,,,Refah Partisi,RP,area/malatya,Malatya,Grand National Assembly,20,,,https://upload.wikimedia.org/wikipedia/commons/d/d9/Recai_Kutan_2009_crop.jpg,male
b5eb6fb3-825d-4c7e-a745-1d29af07162a,Recep Kırış,Recep Kırış,,,,Anavatan Partisi,ANAP,area/kayseri,Kayseri,Grand National Assembly,20,,,,
50d09721-bf5a-41f8-ac63-4a531f9f628c,Recep Mızrak,Recep Mızrak,,,,Anavatan Partisi,ANAP,area/kırıkkale,Kırıkkale,Grand National Assembly,20,,,,
587d2080-ac12-4df8-88b8-af2d526f0c7b,Refaiddin Şahin,Refaiddin Şahin,,,,Doğru Yol Partisi,DYP,area/ordu,Ordu,Grand National Assembly,20,,,,
0d255631-980d-4fa0-81f8-939f6613835e,Refik Aras,Refik Aras,,,,Anavatan Partisi,ANAP,area/İstanbul,İstanbul,Grand National Assembly,20,,,,
80623eae-7b7c-44ed-967c-0e137e92a81f,Remzi Çetin,Remzi Çetin,,,,Refah Partisi,RP,area/konya,Konya,Grand National Assembly,20,,,,
9f31dc11-16e1-45a2-9fd7-0d5f5e62b075,Rifat Serdaroğlu,Rifat Serdaroğlu,,,,Doğru Yol Partisi,DYP,area/İzmir,İzmir,Grand National Assembly,20,,,,
a77fc40f-16a4-4ac8-94e5-e750b4ecc9d4,Rüşdü Saraçoğlu,Rüşdü Saraçoğlu,,,,Anavatan Partisi,ANAP,area/İzmir,İzmir,Grand National Assembly,20,,,,
c19a9b00-7634-4402-9111-a4d439609cd9,Rüştü Kazım Yücelen,Rüştü Kazım Yücelen,,,,Anavatan Partisi,ANAP,area/mersin,Mersin,Grand National Assembly,20,,,,male
12a5b264-3bbb-4abe-83c0-ef2098647d49,Rıza Akçalı,Rıza Akçalı,,,,Doğru Yol Partisi,DYP,area/manisa,Manisa,Grand National Assembly,20,,,,
254cca9c-4526-4df1-b3c2-73270e087b1b,Rıza Ulucak,Rıza Ulucak,,,,Refah Partisi,RP,area/ankara,Ankara,Grand National Assembly,20,,,,
8a412eb5-4e3c-4345-bc55-d3def5d711e2,Sabahattin Yıldız,Sabahattin Yıldız,,,,Refah Partisi,RP,area/muş,Muş,Grand National Assembly,20,,,,
651ed9bb-d643-4f77-a078-4a6d8bb7ec40,Sabri Ergül,Sabri Ergül,,,,Cumhuriyet Halk Partisi,CHP,area/İzmir,İzmir,Grand National Assembly,20,,,,male
85c769d6-2d28-487f-8d4f-228a901e28be,Sabri Tekir,Sabri Tekir,,,,Refah Partisi,RP,area/İzmir,İzmir,Grand National Assembly,20,,,,male
fe42a31a-e714-4438-894f-f8af5eb437b6,Sacit Günbey,Sacit Günbey,,,,Refah Partisi,RP,area/diyarbakır,Diyarbakır,Grand National Assembly,20,,,,
84513b1d-0a06-4c07-8489-677ed78d55a8,Sadi Somuncuoğlu,Sadi Somuncuoğlu,,,,Anavatan Partisi,ANAP,area/aksaray,Aksaray,Grand National Assembly,20,,,,
aee98653-59fa-4d5b-a2bd-034fe2e095c1,Safa Giray,Safa Giray,,,,Anavatan Partisi,ANAP,area/balıkesir,Balıkesir,Grand National Assembly,20,,,,
019947b5-b9ac-4f8c-b4ae-758e31585407,Saffet Arıkan Bedük,Saffet Arıkan Bedük,,,,Doğru Yol Partisi,DYP,area/ankara,Ankara,Grand National Assembly,20,,,,male
daae59ae-9b9e-4602-aa51-f025cdaa0088,Saffet Benli,Saffet Benli,,,,Refah Partisi,RP,area/mersin,Mersin,Grand National Assembly,20,,,,
e0ada675-ca42-4a29-8da7-ed4bf2810c51,Saffet Kaya,Saffet Kaya,,,,Doğru Yol Partisi,DYP,area/ardahan,Ardahan,Grand National Assembly,20,,,,
21668826-ae1b-40da-bd1f-5e33777a4318,Sait Açba,Sait Açba,,,,Refah Partisi,RP,area/afyonkarahisar,Afyonkarahisar,Grand National Assembly,20,,,,
f0140c12-cc3a-40eb-b664-5e99ce191f7d,Salih Kapusuz,Salih Kapusuz,,,,Refah Partisi,RP,area/kayseri,Kayseri,Grand National Assembly,20,,,,male
13e6d0d2-ce0a-47dd-8b08-1c178dbfea9b,Salih Sümer,Salih Sümer,,,,Doğru Yol Partisi,DYP,area/diyarbakır,Diyarbakır,Grand National Assembly,20,,,,male
302b08a2-eeae-4753-aa78-68a00f83675e,Salim Ensarioğlu,Salim Ensarioğlu,,,,Doğru Yol Partisi,DYP,area/diyarbakır,Diyarbakır,Grand National Assembly,20,,,,male
6ba8ebf2-10c4-43e7-a02d-3388edbb193f,Sami Küçükbaşkan,Sami Küçükbaşkan,,,,Anavatan Partisi,ANAP,area/antalya,Antalya,Grand National Assembly,20,,,,
b810bf5c-6a76-40de-a99d-0aba0731c8f1,Sebğatullah Seydaoğlu,Sebğatullah Seydaoğlu,,,,Anavatan Partisi,ANAP,area/diyarbakır,Diyarbakır,Grand National Assembly,20,,,,
bb75fba4-df5e-4ce1-afb3-4257a6bc4ecc,Sedat Aloğlu,Sedat Aloğlu,,,,Doğru Yol Partisi,DYP,area/İstanbul,İstanbul,Grand National Assembly,20,,,,male
4edec28a-874a-4778-b8c0-bace5bd17f7c,Sedat Bucak,Sedat Bucak,,,,Doğru Yol Partisi,DYP,area/Şanlıurfa,Şanlıurfa,Grand National Assembly,20,,,,male
933b02c0-2d6f-42a7-bd12-db562cc25426,Sema Pişkinsüt,Sema Pişkinsüt,,,,Demokratik Sol Parti,DSP,area/aydın,Aydın,Grand National Assembly,20,,,,female
40853043-aeb9-4a52-8527-879945833044,Seyfi Oktay,Seyfi Oktay,,,,Cumhuriyet Halk Partisi,CHP,area/ankara,Ankara,Grand National Assembly,20,,,,
100747b9-b422-4492-97b0-fce005dc16a6,Seyit Eyyüpoğlu,Seyit Eyyüpoğlu,,,,Anavatan Partisi,ANAP,area/Şanlıurfa,Şanlıurfa,Grand National Assembly,20,,,,male
51cfe7ac-05ca-43e9-8a60-c99cd0294adc,Seyyit Haşim Haşimi,Seyyit Haşim Haşimi,,,,Refah Partisi,RP,area/diyarbakır,Diyarbakır,Grand National Assembly,20,,,,
2a4d0ed5-3022-4ce6-8a00-2bac4ad983b1,Suat Pamukçu,Suat Pamukçu,,,,Refah Partisi,RP,area/bayburt,Bayburt,Grand National Assembly,20,,,,
2574e958-2e6c-41d4-9915-9b9ed4ed8386,Suha Tanık,Suha Tanık,,,,Anavatan Partisi,ANAP,area/İzmir,İzmir,Grand National Assembly,20,,,,
5ed81f1f-7ce4-4749-ad24-bd7c578c00da,Süleyman Arif Emre,Süleyman Arif Emre,,,,Refah Partisi,RP,area/İstanbul,İstanbul,Grand National Assembly,20,,,,male
fc085f1e-1a52-4b93-9845-d04e6adf519d,Süleyman Hatinoğlu,Süleyman Hatinoğlu,,,,Anavatan Partisi,ANAP,area/artvin,Artvin,Grand National Assembly,20,,,,male
bdd30e49-d991-4cd9-8a9c-2da0daf02ff5,Süleyman Metin Kalkan,Süleyman Metin Kalkan,,,,Refah Partisi,RP,area/hatay,Hatay,Grand National Assembly,20,,,,
78d335b5-de60-44e5-93fb-2d0eb1c8acc3,Süleyman Çelebi,Süleyman Çelebi,,,,Anavatan Partisi,ANAP,area/mardin,Mardin,Grand National Assembly,20,,,,male
9f86b9c6-e495-45bd-9e82-56e03540d6fe,Sümer Oral,Sümer Oral,,,,Anavatan Partisi,ANAP,area/manisa,Manisa,Grand National Assembly,20,,,,
4e2837dc-ebc0-48fd-9fab-ee1cc90ae2cc,Sıddık Altay,Sıddık Altay,,,,Refah Partisi,RP,area/ağrı,Ağrı,Grand National Assembly,20,,,,
ba32cbe0-7167-42f4-9639-f628d0b984fb,Sıtkı Cengil,Sıtkı Cengil,,,,Refah Partisi,RP,area/adana,Adana,Grand National Assembly,20,,,,
a9cd7579-5f47-4edc-b3af-7f9536b43e40,Tahir Köse,Tahir Köse,,,,Demokratik Sol Parti,DSP,area/İstanbul,İstanbul,Grand National Assembly,20,,,,male
ce8068ad-c198-4f06-ae22-8940769f7720,Tahsin Boray Baycık,Tahsin Boray Baycık,,,,Demokratik Sol Parti,DSP,area/zonguldak,Zonguldak,Grand National Assembly,20,,,,
8b9376ab-83f9-4512-9d2c-a6e7033e7c13,Tahsin Irmak,Tahsin Irmak,,,,Doğru Yol Partisi,DYP,area/sivas,Sivas,Grand National Assembly,20,,,,
33d6fdde-6ee0-4a75-b298-d6402bf9600f,Tamer Kanber,Tamer Kanber,,,,Demokratik Sol Parti,DSP,area/balıkesir,Balıkesir,Grand National Assembly,20,,,,
e263b3b5-38d1-4d48-b098-35927318f8d2,Tansu Çiller,Tansu Çiller,,,,Doğru Yol Partisi,DYP,area/İstanbul,İstanbul,Grand National Assembly,20,,,https://upload.wikimedia.org/wikipedia/commons/4/4e/Tansu_Çiller_2015_(Cropped).jpg,female
6eff7fc1-d519-4a84-bb51-3752e151bafe,Tayyar Altıkulaç,Tayyar Altıkulaç,,,,Doğru Yol Partisi,DYP,area/İstanbul,İstanbul,Grand National Assembly,20,,,,
4e1d4fc1-b207-4d05-956a-07184a389e82,Temel Karamollaoğlu,Temel Karamollaoğlu,,,,Refah Partisi,RP,area/sivas,Sivas,Grand National Assembly,20,,,,
7fcc129d-1336-4df8-97d4-e4d1b1db423d,Teoman Rıza Güneri,Teoman Rıza Güneri,,,,Refah Partisi,RP,area/konya,Konya,Grand National Assembly,20,,,,
a886b73b-f74f-41fa-a984-9b71003f2fe0,Tevfik Diker,Tevfik Diker,,,,Doğru Yol Partisi,DYP,area/manisa,Manisa,Grand National Assembly,20,,,,male
87851ef1-e574-49bd-ab95-557d5af77e78,Tevhit Karakaya,Tevhit Karakaya,,,,Refah Partisi,RP,area/erzincan,Erzincan,Grand National Assembly,20,,,,male
9955eb9c-de3c-44e2-874c-2b1985fa6623,Tuncay Karaytuğ,Tuncay Karaytuğ,,,,Demokratik Sol Parti,DSP,area/adana,Adana,Grand National Assembly,20,,,,
1fa58a4f-2cd8-42d9-82aa-e45546b6e76e,Turan Arınç,Turan Arınç,,,,Doğru Yol Partisi,DYP,area/İzmir,İzmir,Grand National Assembly,20,,,,
7c559dcf-d5ba-4d75-94bd-ecc526708f39,Turhan Alçelik,Turhan Alçelik,,,,Refah Partisi,RP,area/giresun,Giresun,Grand National Assembly,20,,,,male
c1b11d30-55d8-498d-ba61-a91cb1e3498b,Turhan Güven,Turhan Güven,,,,Doğru Yol Partisi,DYP,area/mersin,Mersin,Grand National Assembly,20,,,,
f1fa3701-3c0d-4b7c-b96f-4ce62642c855,Turhan Tayan,Turhan Tayan,,,,Doğru Yol Partisi,DYP,area/bursa,Bursa,Grand National Assembly,20,,,,
02570212-609c-48eb-8051-26d209813579,Ufuk Söylemez,Ufuk Söylemez,,,,Doğru Yol Partisi,DYP,area/İzmir,İzmir,Grand National Assembly,20,,,,
ea2a2bd4-8568-4a21-a64a-66690784e4fd,Uluç Gürkan,Uluç Gürkan,,,,Demokratik Sol Parti,DSP,area/ankara,Ankara,Grand National Assembly,20,,,,
279fe196-9a71-4f1c-9739-c4f7c2bbbad0,Uğur Aksöz,Uğur Aksöz,,,,Anavatan Partisi,ANAP,area/adana,Adana,Grand National Assembly,20,,,,male
81c2972e-95ee-490a-83e4-cdc5c4371a4c,Veli Aksoy,Veli Aksoy,,,,Demokratik Sol Parti,DSP,area/İzmir,İzmir,Grand National Assembly,20,,,,
b4dba760-105d-4c63-b80c-e49f4f6424a3,Veli Andaç Durak,Veli Andaç Durak,,,,Doğru Yol Partisi,DYP,area/adana,Adana,Grand National Assembly,20,,,,
de786917-5cc3-4857-82f3-ff21b064bf94,Veysel Atasoy,Veysel Atasoy,,,,Anavatan Partisi,ANAP,area/zonguldak,Zonguldak,Grand National Assembly,20,,,,
1070b441-ef97-4501-91a3-a984c8a2699f,Veysel Candan,Veysel Candan,,,,Refah Partisi,RP,area/konya,Konya,Grand National Assembly,20,,,,
4affea3c-2c38-48ac-918a-1c24a308907d,Yahya Uslu,Yahya Uslu,,,,Doğru Yol Partisi,DYP,area/manisa,Manisa,Grand National Assembly,20,,,,
1075a17a-9f22-4498-b378-207c63de33fa,Yahya Şimşek,Yahya Şimşek,,,,Cumhuriyet Halk Partisi,CHP,area/bursa,Bursa,Grand National Assembly,20,,,,male
93edd4e2-62e1-4e78-aa5d-e5a55e0f6054,Yakup Budak,Yakup Budak,,,,Refah Partisi,RP,area/adana,Adana,Grand National Assembly,20,,,,
34ac2538-26e4-4df2-aa78-1434ca02a82d,Yakup Hatipoğlu,Yakup Hatipoğlu,,,,Refah Partisi,RP,area/diyarbakır,Diyarbakır,Grand National Assembly,20,,,,
f62413af-c6c2-4552-839a-b2dee8a55dbf,Yalçın Gürtan,Yalçın Gürtan,,,,Demokratik Sol Parti,DSP,area/samsun,Samsun,Grand National Assembly,20,,,,
c806ad68-cd87-43e6-b59b-e8bb6699ff40,Yalım Erez,Yalım Erez,,,,Doğru Yol Partisi,DYP,area/muğla,Muğla,Grand National Assembly,20,,,,
cd72db58-6971-47bb-8b8e-02af47adf348,Yaman Törüner,Yaman Törüner,,,,Doğru Yol Partisi,DYP,area/afyonkarahisar,Afyonkarahisar,Grand National Assembly,20,,,,
3c9009e2-732f-4142-afe4-672af43010f4,Yasin Hatipoğlu,Yasin Hatipoğlu,,,,Refah Partisi,RP,area/Çorum,Çorum,Grand National Assembly,20,,,,
ee5f522f-4f18-428d-859c-2ae09ef6f54a,Yavuz Köymen,Yavuz Köymen,,,,Anavatan Partisi,ANAP,area/giresun,Giresun,Grand National Assembly,20,,,,
96ee6ce6-1e02-44db-9969-3ce4bb294ded,Yaşar Canbay,Yaşar Canbay,,,,Refah Partisi,RP,area/malatya,Malatya,Grand National Assembly,20,,,,
6e812306-bf29-41cc-b836-ea0212a300a2,Yaşar Eryılmaz,Yaşar Eryılmaz,,,,Anavatan Partisi,ANAP,area/ağrı,Ağrı,Grand National Assembly,20,,,,
bebbff5b-ea21-4def-9ab9-c06553aa04a6,Yaşar Okuyan,Yaşar Okuyan,,,,Anavatan Partisi,ANAP,area/yalova,Yalova,Grand National Assembly,20,,,,
24de6fb4-5064-443f-ade4-cf776e669be8,Yaşar Topçu,Yaşar Topçu,,,,Anavatan Partisi,ANAP,area/sinop,Sinop,Grand National Assembly,20,,,,male
f31560b4-efe3-49ee-936d-75b652ee3fec,Yusuf Bacanlı,Yusuf Bacanlı,,,,Anavatan Partisi,ANAP,area/yozgat,Yozgat,Grand National Assembly,20,,,,
5a30507b-5f4f-4ee9-8dbd-ca14179778d8,Yusuf Bahadır,Yusuf Bahadır,,,,Doğru Yol Partisi,DYP,area/trabzon,Trabzon,Grand National Assembly,20,,,,
7a77499c-fd62-4c71-b50e-8238ea9c87d3,Yusuf Ekinci,Yusuf Ekinci,,,,Anavatan Partisi,ANAP,area/burdur,Burdur,Grand National Assembly,20,,,,
f7659cf0-75d6-4574-876f-a2e3ba582da6,Yusuf Fevzi Arıcı,Yusuf Fevzi Arıcı,,,,Doğru Yol Partisi,DYP,area/mersin,Mersin,Grand National Assembly,20,,,,male
b58bbf3b-e0fc-4c3a-a0fa-10acb9f8ea79,Yusuf Namoğlu,Yusuf Namoğlu,,,,Anavatan Partisi,ANAP,area/İstanbul,İstanbul,Grand National Assembly,20,,,,male
76d1c14a-8e95-4dd3-9b40-fb24f3e0a8c0,Yusuf Pamuk,Yusuf Pamuk,,,,Anavatan Partisi,ANAP,area/İstanbul,İstanbul,Grand National Assembly,20,,,,
cf3bee0c-67ef-447e-9ec2-5dc74528dbfa,Yusuf Selahattin Beyribey,Yusuf Selahattin Beyribey,,,,Anavatan Partisi,ANAP,area/kars,Kars,Grand National Assembly,20,,,,
9c23f14b-981a-499a-af08-11699cb32dd5,Yusuf Öztop,Yusuf Öztop,,,,Cumhuriyet Halk Partisi,CHP,area/antalya,Antalya,Grand National Assembly,20,,,,
aca591b6-2a9a-4593-b2ea-99cbf4fdc99f,Yücel Seçkiner,Yücel Seçkiner,,,,Anavatan Partisi,ANAP,area/ankara,Ankara,Grand National Assembly,20,,,,
ea437397-9efe-4be8-93da-518282626482,Yüksel Aksu,Yüksel Aksu,,,,Demokratik Sol Parti,DSP,area/bursa,Bursa,Grand National Assembly,20,,,,
abda1065-20e2-4b87-8d57-c794b22824fc,Yüksel Yalova,Yüksel Yalova,,,,Anavatan Partisi,ANAP,area/aydın,Aydın,Grand National Assembly,20,,,,male
c5ac3178-c009-4248-aed5-e51a34e61d95,Yıldırım Aktuna,Yıldırım Aktuna,,,,Doğru Yol Partisi,DYP,area/İstanbul,İstanbul,Grand National Assembly,20,,,,male
39c62369-a376-48c3-9eb6-3783cedb572c,Yıldırım Aktürk,Yıldırım Aktürk,,,,Anavatan Partisi,ANAP,area/uşak,Uşak,Grand National Assembly,20,,,,
a309249c-6772-4111-ace5-39031c176a51,Yılmaz Ateş,Yılmaz Ateş,,,,Cumhuriyet Halk Partisi,CHP,area/ankara,Ankara,Grand National Assembly,20,,,,
a9a065ad-7332-4a27-9b0d-1e082a271621,Yılmaz Karakoyunlu,Yılmaz Karakoyunlu,,,,Anavatan Partisi,ANAP,area/İstanbul,İstanbul,Grand National Assembly,20,,,,
ceed6cc8-8848-462b-950f-b721557dc2a4,Zekeriya Temizel,Zekeriya Temizel,,,,Demokratik Sol Parti,DSP,area/İstanbul,İstanbul,Grand National Assembly,20,,,,
e23fdaef-0832-4fe3-95d6-cdae154be67b,Zeki Ergezen,Zeki Ergezen,,,,Refah Partisi,RP,area/bitlis,Bitlis,Grand National Assembly,20,,,,male
3800e7d3-1eb4-4665-be86-98ff2be9e2ae,Zeki Ertugay,Zeki Ertugay,,,,Doğru Yol Partisi,DYP,area/erzurum,Erzurum,Grand National Assembly,20,,,,
05ff2208-738b-4d5e-b60e-3d2c79b09ed6,Zeki Karabayır,Zeki Karabayır,,,,Refah Partisi,RP,area/kars,Kars,Grand National Assembly,20,,,,
7d03580c-9003-4b98-bebc-f470f90fea51,Zeki Çakan,Zeki Çakan,,,,Anavatan Partisi,ANAP,area/bartın,Bartın,Grand National Assembly,20,,,,male
28af8adf-0dcd-4fa2-9635-8e3fdefed519,Zeki Çakıroğlu,Zeki Çakıroğlu,,,,Cumhuriyet Halk Partisi,CHP,area/muğla,Muğla,Grand National Assembly,20,,,,
6b9eaa4d-d071-41e1-91bc-d609d70e1487,Zeki Ünal,Zeki Ünal,,,,Refah Partisi,RP,area/karaman,Karaman,Grand National Assembly,20,,,,
96e824f8-93f8-4f16-8baf-76873084fb07,Zerrin Yeniceli,Zerrin Yeniceli,,,,Demokratik Sol Parti,DSP,area/İzmir,İzmir,Grand National Assembly,20,,,,
92d77cd6-ff3a-4b74-b3fe-76f0f9981b61,Ziyaettin Tokar,Ziyaettin Tokar,,,,Refah Partisi,RP,area/ağrı,Ağrı,Grand National Assembly,20,,,,
3d738133-23c7-484e-8951-23693a9e3b80,Zülfikar Gazi,Zülfikar Gazi,,,,Refah Partisi,RP,area/Çorum,Çorum,Grand National Assembly,20,,,,
70f4c419-a09f-4e3a-ac06-b10151032c1f,Zülfükar İzol,Zülfükar İzol,,,,Refah Partisi,RP,area/Şanlıurfa,Şanlıurfa,Grand National Assembly,20,,,,
da3b8eff-b7e4-4f5b-bf16-8ff1dd4fc481,Çetin Bilgir,Çetin Bilgir,,,,Demokratik Sol Parti,DSP,area/kars,Kars,Grand National Assembly,20,,,,
a45f2d28-b020-474c-a6d8-70b4a1138d87,Ömer Atilla Sav,Ömer Atilla Sav,,,,Cumhuriyet Halk Partisi,CHP,area/hatay,Hatay,Grand National Assembly,20,,,,
3d032a41-a173-4fa0-927a-fa8cd355e132,Ömer Barutçu,Ömer Barutçu,,,,Doğru Yol Partisi,DYP,area/zonguldak,Zonguldak,Grand National Assembly,20,,,,male
190b380b-45a2-41e7-a4fa-01c591ed9afe,Ömer Bilgin,Ömer Bilgin,,,,Doğru Yol Partisi,DYP,area/isparta,Isparta,Grand National Assembly,20,,,,
807be9bf-fe4e-4cf2-9e23-bc3cd19645ed,Ömer Demir,Ömer Demir,,,,Anavatan Partisi,ANAP,area/kırşehir,Kırşehir,Grand National Assembly,20,,,,male
09c551ba-38c8-4212-8164-e4fddfe1c532,Ömer Ertaş,Ömer Ertaş,,,,Anavatan Partisi,ANAP,area/mardin,Mardin,Grand National Assembly,20,,,,male
d5505711-22b7-4ec0-b281-51dbc0fdb9de,Ömer Faruk Ekinci,Ömer Faruk Ekinci,,,,Refah Partisi,RP,area/ankara,Ankara,Grand National Assembly,20,,,,
1d027f01-d583-448b-96f9-3dcd221953ee,Ömer Naimi Barım,Ömer Naimi Barım,,,,Refah Partisi,RP,area/elazığ,Elazığ,Grand National Assembly,20,,,,male
9c2610fc-f61d-40a0-89f9-1bc1778c5bbe,Ömer Vehbi Hatipoğlu,Ömer Vehbi Hatipoğlu,,,,Refah Partisi,RP,area/diyarbakır,Diyarbakır,Grand National Assembly,20,,,,male
c537b387-e41f-4072-8db1-8324464928a5,Ömer Özyılmaz,Ömer Özyılmaz,,,,Refah Partisi,RP,area/erzurum,Erzurum,Grand National Assembly,20,,,,
bbf2f2d1-0a12-401d-b84d-bb1c9cef5e9a,Önder Sav,Önder Sav,,,,Cumhuriyet Halk Partisi,CHP,area/ankara,Ankara,Grand National Assembly,20,,,,male
c870a674-ba5a-40d2-a450-035ec8c05d29,Ülkü Gökalp Güney,Ülkü Gökalp Güney,,,,Anavatan Partisi,ANAP,area/bayburt,Bayburt,Grand National Assembly,20,,,,
4a974018-2b28-469e-b034-e2f6645b5eab,Ümran Akkan,Ümran Akkan,,,,Doğru Yol Partisi,DYP,area/edirne,Edirne,Grand National Assembly,20,,,,
ee4c5e4b-8798-498e-9f93-44357e2df4f8,Ünal Erkan,Ünal Erkan,,,,Doğru Yol Partisi,DYP,area/ankara,Ankara,Grand National Assembly,20,,,,male
0b360289-247f-4190-87ca-6e9333e141a9,Ünal Yaşar,Ünal Yaşar,,,,Anavatan Partisi,ANAP,area/gaziantep,Gaziantep,Grand National Assembly,20,,,,
ff0dace3-4cdd-4780-8bb2-8e80b89cc16d,İbrahim Cevher Cevheri,İbrahim Cevher Cevheri,,,,Doğru Yol Partisi,DYP,area/adana,Adana,Grand National Assembly,20,,,,male
d8a49778-c9f5-40ae-866f-d6e030f66b2e,İbrahim Ertan Yülek,İbrahim Ertan Yülek,,,,Refah Partisi,RP,area/adana,Adana,Grand National Assembly,20,,,,
670a7cef-c238-4652-9663-043b893e3c4a,İbrahim Gürdal,İbrahim Gürdal,,,,Anavatan Partisi,ANAP,area/antalya,Antalya,Grand National Assembly,20,,,,male
dc981566-b7fb-45e5-95c8-3ffbaef3fcf3,İbrahim Halil Çelik,İbrahim Halil Çelik,,,,Refah Partisi,RP,area/Şanlıurfa,Şanlıurfa,Grand National Assembly,20,,,,male
a04a04ab-bde8-4d31-a282-8c78d8f9aaab,İbrahim Yavuz Bildik,İbrahim Yavuz Bildik,,,,Demokratik Sol Parti,DSP,area/adana,Adana,Grand National Assembly,20,,,,male
a0c38d8a-c6ee-4a0d-ad95-1506d71ff6c1,İbrahim Yazıcı,İbrahim Yazıcı,,,,Anavatan Partisi,ANAP,area/bursa,Bursa,Grand National Assembly,20,,,,male
f73269e5-9f49-4a09-ad58-475f141d0262,İbrahim Yaşar Dedelek,İbrahim Yaşar Dedelek,,,,Doğru Yol Partisi,DYP,area/eskişehir,Eskişehir,Grand National Assembly,20,,,,male
9e813e85-e99d-41b7-8ba4-6329de8a5c97,İbrahim Yılmaz,İbrahim Yılmaz,,,,Anavatan Partisi,ANAP,area/kayseri,Kayseri,Grand National Assembly,20,,,https://upload.wikimedia.org/wikipedia/commons/f/f9/İbrahim_Yılmaz.JPG,male
4c4403b8-7de4-4176-aa16-604669457fea,İbrahim Çebi,İbrahim Çebi,,,,Anavatan Partisi,ANAP,area/trabzon,Trabzon,Grand National Assembly,20,,,,male
06772c3c-e90d-486d-9902-449d9454dd09,İhsan Çabuk,İhsan Çabuk,,,,Demokratik Sol Parti,DSP,area/ordu,Ordu,Grand National Assembly,20,,,,
eab7855b-80a1-4e3c-8dd6-85339b4d6c7c,İlhan Aküzüm,İlhan Aküzüm,,,,Doğru Yol Partisi,DYP,area/ankara,Ankara,Grand National Assembly,20,,,,
e644bd17-0d1d-414a-b4d3-31191a057456,İlhan Kesici,İlhan Kesici,,,,Anavatan Partisi,ANAP,area/bursa,Bursa,Grand National Assembly,20,,,,male
8a103e9e-1561-49e2-9ca7-ff04397beef6,İlker Tuncay,İlker Tuncay,,,,Anavatan Partisi,ANAP,area/ankara,Ankara,Grand National Assembly,20,,,,
ca9e50e9-b1d3-4dfb-8801-94b6b06239d8,İlyas Arslan,İlyas Arslan,,,,Refah Partisi,RP,area/yozgat,Yozgat,Grand National Assembly,20,,,,
daaba880-96b5-4d3a-8c51-6590e52073e6,İlyas Yılmazyıldız,İlyas Yılmazyıldız,,,,Doğru Yol Partisi,DYP,area/balıkesir,Balıkesir,Grand National Assembly,20,,,,
dffd7c1c-f8b7-4316-99f3-fbcc6aec427d,İmren Aykut,İmren Aykut,,,,Anavatan Partisi,ANAP,area/adana,Adana,Grand National Assembly,20,,,,female
0b0b3af5-a675-4688-b991-e98562ac3fd5,İrfan Demiralp,İrfan Demiralp,,,,Doğru Yol Partisi,DYP,area/samsun,Samsun,Grand National Assembly,20,,,,
5b887956-b89e-4368-813b-1842df1a05a2,İrfan Gürpınar,İrfan Gürpınar,,,,Cumhuriyet Halk Partisi,CHP,area/kırklareli,Kırklareli,Grand National Assembly,20,,,,
0a9fcf2f-903c-4ebb-bc29-61aa2392cb92,İrfan Köksalan,İrfan Köksalan,,,,Anavatan Partisi,ANAP,area/ankara,Ankara,Grand National Assembly,20,,,,
411bca39-a9c6-4372-ba42-d838a283c98e,İrfettin Akar,İrfettin Akar,,,,Doğru Yol Partisi,DYP,area/muğla,Muğla,Grand National Assembly,20,,,,
07d1070f-9bd2-44a2-add9-01c6f365788b,İsmail Cem,İsmail Cem,,,,Demokratik Sol Parti,DSP,area/kayseri,Kayseri,Grand National Assembly,20,,,,male
b3dea5ac-7681-4dda-9276-f58023430c99,İsmail Coşar,İsmail Coşar,,,,Refah Partisi,RP,area/Çankırı,Çankırı,Grand National Assembly,20,,,,
92742449-002a-490b-b235-4a86c1a7f29d,İsmail Durak Ünlü,İsmail Durak Ünlü,,,,Anavatan Partisi,ANAP,area/yozgat,Yozgat,Grand National Assembly,20,,,,
bd86a204-f5b8-4c7b-b0d9-3ae327d1581f,İsmail Kahraman,İsmail Kahraman,,,,Refah Partisi,RP,area/İstanbul,İstanbul,Grand National Assembly,20,,,,
7e2b5da4-f351-4c6e-abf9-efbbee778b68,İsmail Kalkandelen,İsmail Kalkandelen,,,,Doğru Yol Partisi,DYP,area/kocaeli,Kocaeli,Grand National Assembly,20,,,,
735fd909-135f-4199-af65-92cbbc9ac3aa,İsmail Karakuyu,İsmail Karakuyu,,,,Doğru Yol Partisi,DYP,area/kütahya,Kütahya,Grand National Assembly,20,,,,male
29f8d83e-e1dd-4765-ba0a-f34ceb1b634d,İsmail Köse,İsmail Köse,,,,Doğru Yol Partisi,DYP,area/erzurum,Erzurum,Grand National Assembly,20,,,,male
86aeb740-01a7-43c9-828e-d07b11c2ef3c,İsmail Yılmaz,İsmail Yılmaz,,,,Refah Partisi,RP,area/İzmir,İzmir,Grand National Assembly,20,,,,male
253a7257-5d2d-46e5-b787-9a6cc60f41ed,İsmail Özgün,İsmail Özgün,,,,Refah Partisi,RP,area/balıkesir,Balıkesir,Grand National Assembly,20,,,,male
04438419-46dd-42ee-9afa-cf72bba69b76,İsmail İlhan Sungur,İsmail İlhan Sungur,,,,Refah Partisi,RP,area/trabzon,Trabzon,Grand National Assembly,20,,,,
252760b0-086e-411c-8001-d9b96e45a885,İsmet Atalay,İsmet Atalay,,,,Cumhuriyet Halk Partisi,CHP,area/ardahan,Ardahan,Grand National Assembly,20,,,,
e711a743-8900-4f06-abc8-a6dcacce8c92,İsmet Attila,İsmet Attila,,,,Doğru Yol Partisi,DYP,area/afyonkarahisar,Afyonkarahisar,Grand National Assembly,20,,,,
74411988-cd82-4d85-96b7-4f886ebdd409,İsmet Sezgin,İsmet Sezgin,,,,Doğru Yol Partisi,DYP,area/aydın,Aydın,Grand National Assembly,20,,,,male
85d65b6d-e04e-4b25-95f1-33bd32175782,İsmet Önder Kırlı,İsmet Önder Kırlı,,,,Cumhuriyet Halk Partisi,CHP,area/balıkesir,Balıkesir,Grand National Assembly,20,,,,
5cc17ef1-5b57-4aa0-bc1f-04c5f32ce6b0,Şaban Karataş,Şaban Karataş,,,,Refah Partisi,RP,area/ankara,Ankara,Grand National Assembly,20,,,,
6e180b48-a957-44da-a35e-14ac2650a519,Şaban Sevli,Şaban Sevli,,,,Refah Partisi,RP,area/van,Van,Grand National Assembly,20,,,,
ea98a916-9a85-477f-90f7-18c277b20dec,Şadan Tuzcu,Şadan Tuzcu,,,,Anavatan Partisi,ANAP,area/İstanbul,İstanbul,Grand National Assembly,20,,,,
d8f77316-c567-48fc-852f-3368a398d79a,Şahin Ulusoy,Şahin Ulusoy,,,,Cumhuriyet Halk Partisi,CHP,area/tokat,Tokat,Grand National Assembly,20,,,,
3ba454e3-03dc-4f86-8981-15b3e0e8bff5,Şamil Ayrım,Şamil Ayrım,,,,Doğru Yol Partisi,DYP,area/iğdır,Iğdır,Grand National Assembly,20,,,,
007c7e54-ea35-446d-8faa-ea437bc57492,Şeref Malkoç,Şeref Malkoç,,,,Refah Partisi,RP,area/trabzon,Trabzon,Grand National Assembly,20,,,,
9e32d217-59ab-4b41-84dc-01f2782c43e8,Şerif Bedirhanoğlu,Şerif Bedirhanoğlu,,,,Anavatan Partisi,ANAP,area/van,Van,Grand National Assembly,20,,,,
706dc501-f22a-42e7-97b6-8e6e0519717c,Şerif Çim,Şerif Çim,,,,Demokratik Sol Parti,DSP,area/bilecik,Bilecik,Grand National Assembly,20,,,,
7c90ab7f-7cce-46e1-a296-64c82542472e,Şevket Kazan,Şevket Kazan,,,,Refah Partisi,RP,area/kocaeli,Kocaeli,Grand National Assembly,20,,,,male
3488c160-3249-4631-91df-b4dc2b00a419,Şevki Yılmaz,Şevki Yılmaz,,,,Refah Partisi,RP,area/rize,Rize,Grand National Assembly,20,,,,
d93cd6f7-3c3a-45db-a561-025aff46f5fd,Şinasi Altıner,Şinasi Altıner,,,,Doğru Yol Partisi,DYP,area/karabük,Karabük,Grand National Assembly,20,,,,male
30e49732-99e4-43df-883b-4906bce6c376,Şinasi Yavuz,Şinasi Yavuz,,,,Refah Partisi,RP,area/erzurum,Erzurum,Grand National Assembly,20,,,,
748c7735-d628-45cc-b704-c4124247e8ff,Şükrü Sina Gürel,Şükrü Sina Gürel,,,,Demokratik Sol Parti,DSP,area/İzmir,İzmir,Grand National Assembly,20,,,,male
4ae2eec9-ec44-40b4-ba08-4057fdd66689,Şükrü Yürür,Şükrü Yürür,,,,Anavatan Partisi,ANAP,area/ordu,Ordu,Grand National Assembly,20,,,,
