id,name__en,name,image,gender,identifier__ISNI,identifier__VIAF,identifier__GND,identifier__LCAuth,identifier__BNF,identifier__SUDOC,identifier__IMDB,birth_date,identifier__freebase,family_name,given_name,identifier__NTA,identifier__Muzinger,identifier__journalisted,identifier__NNDB,identifier__parlement,website,identifier__EuroparlMEP,death_date,identifier__OpenPlaques,wikipedia__en,identifier__Munzinger,identifier__hansard,name__pl,name__eu,name__fr,name__be,name__es,name__it,name__gl,name__de,name__id,name__bn,name__ga,name__sv,name__ar,name__nl,name__pt,name__eo,name__ru,name__ca,name__fi,name__uk,name__be_tarask,name__la,name__cy,name__nn,name__cs,name__bg,name__fa,name__da,name__oc,name__nb,name__ckb,name__az,name__br,name__he,name__ko,name__zh,name__hy,wikipedia__ar,wikipedia__az,wikipedia__be_x_old,wikipedia__be,wikipedia__bg,wikipedia__bn,wikipedia__br,wikipedia__ca,wikipedia__ckb,wikipedia__commons,wikipedia__cs,wikipedia__cy,wikipedia__da,wikipedia__de,wikipedia__enwikiquote,wikipedia__eo,wikipedia__es,wikipedia__eu,wikipedia__fa,wikipedia__fi,wikipedia__fr,wikipedia__ga,wikipedia__gl,wikipedia__he,wikipedia__id,wikipedia__it,wikipedia__ko,wikipedia__la,wikipedia__nl,wikipedia__nn,wikipedia__no,wikipedia__pl,wikipedia__pt,wikipedia__ru,wikipedia__simple,wikipedia__sv,wikipedia__uk,wikipedia__zh,name__lb,name__qu,name__gd,name__yo,name__ms,name__et,name__ja,name__sh,name__sr,name__tr,name__sco,name__gv,name__pt_br,name__ta,name__el,name__war,name__lmo,name__lt,name__ie,wikipedia__el,wikipedia__enwikisource,wikipedia__et,wikipedia__gd,wikipedia__gv,wikipedia__hy,wikipedia__ie,wikipedia__ja,wikipedia__lb,wikipedia__lmo,wikipedia__lt,wikipedia__ms,wikipedia__qu,wikipedia__sco,wikipedia__sh,wikipedia__sr,wikipedia__tr,wikipedia__war,wikipedia__yo,name__ro,wikipedia__ro,name__hu,wikipedia__itwikiquote,wikipedia__plwikiquote
Q1064368,Charles Flanagan,Charles Flanagan,https://upload.wikimedia.org/wikipedia/commons/d/d0/Charlie_Flanagan_2014.jpg,male,,,,,,,,1956-11-01,,,Charles,,,,,,,,,,Charles Flanagan,,,,,Charles Flanagan,,Charles Flanagan,,,Charles Flanagan,,,Charles Flanagan,Charles Flanagan,,Charles Flanagan,,,,,,,,,,Charles Flanagan,,,,Charles Flanagan,,Charles Flanagan,,,,,,,,,,,,,,,,,Category:Charles Flanagan,,,,Charles Flanagan,,,,,,,Charles Flanagan (homme politique),Charles Flanagan,,,,,,,Charles Flanagan,,,,,,,,,,,,,,,,,,,,,,,,,,,,,,,,,,,,,,,,,,,,,,,,,,,,
Q10971358,Noel Harrington,Noel Harrington,,male,,,,,,,,1970-12-24,,,Noel,,,,,,,,,,Noel Harrington,,,,,Noel Harrington,,,,,Noel Harrington,,,Noel Harrington,,,Noel Harrington,,,,,,,,,,,,,,,,,,,,,,,,,,,,,,,,,,,,,,,,,,,,,Noel Harrington,,,,,,,,,,,,,,,,,,,,,,,,,,,,,,,,,,,,,,,,,,,,,,,,,,,,,,,,,,,
Q1165622,Dara Calleary,Dara Calleary,https://upload.wikimedia.org/wikipedia/commons/a/a9/Dara_Calleary_cropped.jpg,male,,,,,,,,1973-05-10,,,Dara,,,,,,http://www.daracalleary.ie,,,,Dara Calleary,,,,,Dara Calleary,,Dara Calleary,,,Dara Calleary,,,Dara Calleary,,,Dara Calleary,,,,,,,,,,,,,,,,,,,,,,,,,,,,,,,,,,,,,Dara Calleary,,,,,,,,Dara Calleary,,,,,,,,,,,,,,,,,,,,,,,,,,,,,,,,,,,,,,,,,,,,,,,,,,,,,,,,,,,
Q1237573,Dominic Hannigan,Dominic Hannigan,https://upload.wikimedia.org/wikipedia/commons/6/6e/Dominic_Hannigan.jpg,male,,315945521,,,,,,1965-07-01,,,Dominic,,,,,,http://www.dominichannigan.com,,,,Dominic Hannigan,,,,,Dominic Hannigan,,Dominic Hannigan,,,Dominic Hannigan,,,Dominic Hannigan,Dominic Hannigan,,Dominic Hannigan,,,,,,,,,,Dominic Hannigan,,,,Dominic Hannigan,,Dominic Hannigan,,,,,,,,,,,,,,,,,,,,,Dominic Hannigan,,,,,,,,Dominic Hannigan,,,,,,,,,,,,,,,,,,,,,,,,,,,,,,,,,,,,,,,,,,,,,,,,,,,,,,,,,,,
Q1271675,Paschal Donohoe,Paschal Donohoe,https://upload.wikimedia.org/wikipedia/commons/a/aa/Paschal_Donohoe_2012.jpg,male,,315945541,,,,,,1974-09-19,,,,,,,,,http://www.paschaldonohoe.ie,,,,Paschal Donohoe,,,,,Paschal Donohoe,,Paschal Donohoe,,,Paschal Donohoe,,,Paschal Donohoe,,,Paschal Donohoe,,,,,,,,,,,,,,,,,,,,,,,,,,,,,,,,,,,,,Paschal Donohoe,,,,,,,Paschal Donohoe,Paschal Donohoe,,,,,,,,,,,,,,,,,,,,,,,,,,,,,,,,,,,,,,,,,,,,,,,,,,,,,,,,,,,
Q13156969,Brendan Griffin,Brendan Griffin,"https://upload.wikimedia.org/wikipedia/commons/a/ae/Brendan_Griffin,_T.D._Fine_Gael.JPG",male,,,,,,,,1982-03-01,,,Brendan,,,,,,http://brendangriffin.wordpress.com/,,,,Brendan Griffin (Kerry politician),,,,,Brendan Griffin,,,,,Brendan Griffin,,,Brendan Griffin,,,Brendan Griffin,,,,,,,,,,,,,,,,,,,,,,,,,,,,,,,,,,,,,,,,,,,,,Brendan Griffin,,,,,,,,,,,,,,,,,,,,,,,,,,,,,,,,,,,,,,,,,,,,,,,,,,,,,,,,,,,
Q13156970,Brian Walsh,Brian Walsh,,male,,,,,,,,1972-09-28,,,Brian,,,,,,http://www.brianwalshcampaign.ie,,,,Brian Walsh (politician),,,,,Brian Walsh,,Brian Walsh,,,Brian Walsh,,,Brian Walsh,,,,,,Брайан Уолш,,,,,,,,,,,,,,,,,,,,,,,,,,,,,,,,,,,,,,,,,,Brian Walsh,,,,,,,,,,,,,,,,,,,,,,,,,,,,,,,,,,,,,,,,,,,,,,,,,,,,,,,,,,,
Q13157455,Joanna Tuffy,Joanna Tuffy,https://upload.wikimedia.org/wikipedia/commons/a/a1/Joanna_Tuffy.jpg,female,,,,,,,,1965-03-09,,,Joanna,,,,,,,,,,Joanna Tuffy,,,,,Joanna Tuffy,,Joanna Tuffy,,,Joanna Tuffy,,,Joanna Tuffy,,,,,,,,,,,,,,,,,,,,,,,,,,,,,,,,,,,,,,,,,,,,,,,,Joanna Tuffy,,,,,,,,,,,,,,,,,,,,,,,,,,,,,,,,,,,,,,,,,,,,,,,,,,,,,,,,,,,
Q13157552,Maureen O'Sullivan,Maureen O'Sullivan,,female,,,,,,,,1951-03-10,,,Maureen,,,,,,http://www.maureenosullivan.ie/,,,,Maureen O'Sullivan (politician),,,,,Maureen O'Sullivan,,,,,Maureen O'Sullivan,,,Maureen O'Sullivan,,,,,,Морин О'Салливан,,,,,,,,,,,,,,,,,,,,,,,,,,,,,,,,,,,,,,,,,,Maureen O'Sullivan,,,,,,,,,,,,,,,,,,,,,,,,,,,,,,,,,,,,,,,,,,,,,,,,,,,,,,,,,,,
Q13157830,Stephen Donnelly,Stephen Donnelly,,male,,315945549,,,,,,1975-01-01,,,Stephen,,,,,,http://www.stephendonnelly.ie,,,,Stephen Donnelly,,,,,Stephen Donnelly,,Stephen Donnelly,,,Stephen Donnelly,,,Stephen Donnelly,,,Stephen Donnelly,,,,,,,,,,,,,,,,,,,,,,,,,,,,,,,,,,,,,,,,,,,,,Stephen Donnelly,,,,,,,,,,,,,,,,,,,,,,,,,,,,,,,,,,,,,,,,,,,,,,,,,,,,,,,,,,,
Q13157894,Tony McLoughlin,Tony McLoughlin,,male,,,,,,,,1949-01-01,,,Tony,,,,,,,,,,Tony McLoughlin,,,,,Tony McLoughlin,,,,,Tony McLoughlin,,,Tony McLoughlin,,,,,,,,,,,,,,,,,,,,,,,,,,,,,,,,,,,,,,,,,,,,,,,,Tony McLoughlin,,,,,,,,,,,,,,,,,,,,,,,,,,,,,,,,,,,,,,,,,,,,,,,,,,,,,,,,,,,
Q13648706,Michael Colreavy,Michael Colreavy,https://upload.wikimedia.org/wikipedia/commons/4/48/Michael_Colreavy_2011.jpg,male,,,,,,,,,,,Michael,,,,,,http://www.colreavy.net,,,,Michael Colreavy,,,,,,,,,,Michael Colreavy,,,Michael Colreavy,,,Michael Colreavy,,,,,,,,,,,,,,,,,,,,,,,,,,,,,,,,,,,,,,,,,,,,,Michael Colreavy,,,,,,,,,,,,,,,,,,,,,,,,,,,,,,,,,,,,,,,,,,,,,,,,,,,,,,,,,,,
Q13653269,Nicky McFadden,Nicky McFadden,,female,,315945540,,,,,,1962-12-25,,,Nicky,,,,,,http://www.nickymcfadden.ie,,2014-03-25,,Nicky McFadden,,,,,Nicky McFadden,,Nicky McFadden,,,,,,Nicky McFadden,,,,,,,,,,,,,,,,,,,,,,,,,,,,,,,,,,,,,,,,,,,,,,,,Nicky McFadden,,,,,,,,,,,,,,,,,,,,,,,,,,,,,,,,,,,,,,,,,,,,,,,,,,,,,,,,,,,
Q1389005,Joe Higgins,Joe Higgins,https://upload.wikimedia.org/wikipedia/commons/d/d2/Joehiggins.jpg,male,,315945531,,,,,,1949-05-20,/m/032ktj,,Joe,,,,,,http://joehiggins.ie/,96669,,,Joe Higgins,,,Joe Higgins,,Joe Higgins,,Joe Higgins,,,Joe Higgins,,,Joe Higgins,Joe Higgins,,Joe Higgins,,,"Хиггинс, Джо",,,,,,,Joe Higgins,,,,Joe Higgins,,Joe Higgins,,,,,,,,,,,,,,,,,Joe Higgins,,,,Joe Higgins,Joe Higgins,,,,,,Joe Higgins (homme politique),Joe Higgins,,,,,,,,,,Joe Higgins,,"Хиггинс, Джо",,,,,,,,,,,,,,,,,,,,,,,,,,,,,,,,,,,,,,,,,,,,,,,
Q1390670,Willie O'Dea,Willie O'Dea,,male,,315945552,,,,,,1952-11-01,/m/03_jzy,,Willie,,,,,,http://www.willieodea.ie,,,,Willie O'Dea,,,,,Willie O’Dea,,Willie O'Dea,,,Willie O’Dea,,,Willie O'Dea,Willie O'Dea,,Willie O'Dea,,,,,,,,,,Willie O'Dea,,,,Willie O'Dea,,Willie O'Dea,,,,,,,,,,,,,,,,,,,,,Willie O’Dea,,,,,,,Willie O’Dea,Willie O'Dea,,,,,,,,,,,,,,Willie O'Dea,,,,,,,,,,,,,Willie O'Dea,,,,,,,,,,,,,,,,,,,,,,Willie O'Dea,,,,,,,,,,
Q1390688,Michael Noonan,Michael Noonan,https://upload.wikimedia.org/wikipedia/commons/5/55/Michael_Noonan.jpg,male,,,,,,,,1943-05-21,/m/01n27y,,Michael,,,,,,,,,,Michael Noonan,,,Michael Noonan,,Michael Noonan,,Michael Noonan,Michael Noonan,,Michael Noonan,,,Micheál Ó Nuanáin,Michael Noonan,,Michael Noonan,,,Майкл Нунан,,,,,,,Michael Noonan,,,,Michael Noonan,,Michael Noonan,,,,,,,,,,,,,,,,,,,,,Michael Noonan (Fine Gael),,,,,,,Michael Noonan,Micheál Ó Nuanáin,,,,Michael Noonan,,,,,,Michael Noonan,,,,Michael Noonan,,,,,,,,,,,,Michael Noonan,Michael Noonan,,,,,,,,,,,,,,,,,,,,,,Michael Noonan,,,Michael Noonan,,,,,,,
Q1443237,Frank Feighan,Frank Feighan,,male,,,,,,,,1962-07-04,,,Frank,,,,,,,,,,Frank Feighan,,,,,Frank Feighan,,Frank Feighan,,,Frank Feighan,,,Frank Feighan,,,Frank Feighan,,,,,,,,,,,,,,,,,,,,,,,,,,,,,,,,,,,,,Frank Feighan,,,,,,,,Frank Feighan,,,,,,,,,,,,,,,,,,,,,,,,,,,,,,,,,,,,,,,,,,,,,,,,,,,,,,,,,,,
Q1499408,Shane McEntee,Shane McEntee,,male,,,,,,,,1956-12-19,,,Shane,,,,,,,,2012-12-21,,Shane McEntee,,,,,Shane McEntee,,Shane McEntee,,,Shane McEntee,,,Shane McEntee,Shane McEntee,,Shane McEntee,,,,,,,,,,Shane McEntee,,,,Shane McEntee,,Shane McEntee,,,,,,,,,,,,,,,,,,,,,Shane McEntee,,,,,,,,Shane McEntee,,,,,,,,,,,,,,,,,,,,,,,,,,,Shane McEntee,Shane McEntee,,,,,,,,,,,,Shane McEntee,,,,,,,,,Shane McEntee,,,,,,,,,,
Q1635157,Noel Grealish,Noel Grealish,,male,,,,,,,,1965-12-16,,,Noel,,,,,,,,,,Noel Grealish,,,,,Noel Grealish,,Noel Grealish,,,Noel Grealish,,,Noel Grealish,,,Noel Grealish,,,,,,,,,,,,,,,,,,,,,,,,,,,,,,,,,,,,,Noel Grealish,,,,,,,,Noel Grealish,,,,,,,,,,,,,,,,,,,,,,,,,,,,,,,,,,,,,,,,,,,,,,,,,,,,,,,,,,,
Q1670096,Simon Coveney,Simon Coveney,https://upload.wikimedia.org/wikipedia/commons/e/ee/Simon_Coveney2.png,male,,315945547,,,,,,1972-06-16,/m/054rcw,,Simon,,,,,,http://www.simoncoveney.ie,28118,,,Simon Coveney,,,Simon Coveney,,Simon Coveney,,Simon Coveney,,,Simon Coveney,,,Síomón Ó Cómhanaigh,Simon Coveney,,Simon Coveney,,,,,,,,,,Simon Coveney,,,,Simon Coveney,,Simon Coveney,,,,,,,,,,,,,,,,,,,,,Simon Coveney,,,,,,,Simon Coveney,Síomón Ó Cómhanaigh,,,,,,,,,,Simon Coveney,,,,,,,,,,,,,,,,,Simon Coveney,,,,,,,,,,,,,,,,,,,,,,Simon Coveney,,,,,,Simon Coveney,Simon Coveney,,,
Q1680465,Michael Lowry,Michael Lowry,,male,,,,,,,,1953-03-13,,,Michael,,,,,,http://www.michaellowry.ie,,,,Michael Lowry,,,,,Michael Lowry,,Michael Lowry,,,Michael Lowry,,,Michael Lowry,,,Michael Lowry,,,Майкл Лоури,,,,,,,,,,,,,,,,,,,,,,,,,,,,,,,,,,Michael Lowry,,,,,,,,Michael Lowry,,,,,,,,,,,,,,,,,,,,,,,,,,,,,,,,,,,,,,,,,,,,,,,,,,,,,,,,,,,
Q1681029,James Reilly,James Reilly,https://upload.wikimedia.org/wikipedia/commons/a/a1/James_Reilly_April_2014.jpg,male,,315945528,,,,,,1955-08-16,,,James,,,,,,,,,,James Reilly (Irish politician),,,James Reilly,,James Reilly,,James Reilly,,,James Reilly,,,James Reilly,,,James Reilly,,,,,,,,,,,,,,,,,,,,,,,,,,,,,,,,,Category:James Reilly (Irish politician),,,,James Reilly,,,,,,,,James Reilly,,,,,,,,,,James Reilly (polityk),,,,,,,,,,,,,,,,,,,,,,,,,,,,,,,,,,,,,,,,,,,,,,,,,
Q16979875,Ruth Coppinger,Ruth Coppinger,,female,,,,,,,,,,,Ruth,,,,,,http://ruthcoppinger.com,,,,Ruth Coppinger,,,,,,,,,,Ruth Coppinger,,,Ruth Coppinger,,,,,,,,,,,,,,,,,,,,,,,,,,,,,,,,,,,,,,,,,,,,,,,,Ruth Coppinger,,,,,,,,,,,,,,,,,,,,,,,,,,,,,,,,,,,,,,,,,,,,,,,,,,,,,,,,,,,
Q16980068,Gabrielle McFadden,Gabrielle McFadden,,female,,,,,,,,,,,Gabrielle,,,,,,http://gabriellemcfadden.ie/,,,,Gabrielle McFadden,,,,,,,,,,Gabrielle McFadden,,,Gabrielle McFadden,,,,,,,,,,,,,,,,,,,,,,,,,,,,,,,,,,,,,,,,,,,,,,,,Gabrielle McFadden,,,,,,,,,,,,,,,,,,,,,,,,,,,,,,,,,,,,,,,,,,,,,,,,,,,,,,,,,,,
Q1728820,Leo Varadkar,Leo Varadkar,https://upload.wikimedia.org/wikipedia/commons/f/f6/LeoVaradkar.JPG,male,,315945535,,,,,,1979-01-18,,,Leo,,,,,,http://www.leovaradkar.ie,,,,Leo Varadkar,,,,,Leo Varadkar,,Leo Varadkar,Leo Varadkar,,Leo Varadkar,,,Leo Varadkar,,,Leo Varadkar,,,,,,,,,,,,,,,,,,,,,리오 버라드커,,,,,,,,,,,,,,,,Leo Varadkar,,,Leo Varadkar,,,,Leo Varadkar,Leo Varadkar,,,,Leo Varadkar,리오 버라드커,,,,,,,,,,,,,,,,,,,,,,,,,,,,,,,,,,,,,,,,,,,,,,,,,,,,Leo Varadkar,Leo Varadkar,
Q1738824,Terence Flanagan,Terence Flanagan,,male,,,,,,,,1975-01-01,,,Terence,,,,,,,,,,Terence Flanagan,,,,,Terence Flanagan,,Terence Flanagan,,,Terence Flanagan,,,Terence Flanagan,,,Terence Flanagan,,,,,,,,,,,,,,,,,,,,,,,,,,,,,,,,,,,,,Terence Flanagan,,,,,,,,Terence Flanagan,,,,,,,,,,,,,,,,,,,,,,,,,,,,,,,,,,,,,,,,,,,,,,,,,,,,,,,,,,,
Q1792782,Noel Coonan,Noel Coonan,,male,,,,,,,,1951-01-06,,,Noel,,,,,,http://www.noelcoonan.com/,,,,Noel Coonan,,,,,Noel Coonan,,Noel Coonan,,,Noel Coonan,,,Noel Coonan,,,Noel Coonan,,,,,,,,,,,,,,,,,,,,,,,,,,,,,,,,,,,,,Noel Coonan,,,,,,,,Noel Coonan,,,,,,,,,,,,,,,,,,,,,,,,,,,,,,,,,,,,,,,,,,,,,,,,,,,,,,,,,,,
Q18267375,Michael Fitzmaurice,Michael Fitzmaurice,,male,,,,,,,,,,,Michael,,,,,,,,,,Michael Fitzmaurice (politician),,,,,,,,,,Michael Fitzmaurice,,,Michael Fitzmaurice,,,,,,,,,,,,,,,,,,,,,,,,,,,,,,,,,,,,,,,,,,,,,,,,Michael Fitzmaurice,,,,,,,,,,,,,,,,,,,,,,,,,,,,,,,,,,,,,,,,,,,,,,,,,,,,,,,,,,,
Q2038800,Ruairi Quinn,Ruairi Quinn,,male,,14730747,,nr2006013094,,118630881,,1946-04-02,/m/01n70t,,,,,,,,http://www.ruairiquinn.ie,,,,Ruairi Quinn,,,Ruairi Quinn,,Ruairi Quinn,,Ruairi Quinn,Ruairi Quinn,,Ruairi Quinn,,,Ruairí Ó Cuinn,Ruairi Quinn,,Ruairi Quinn,,,,,,,,,,Ruairi Quinn,,,,Ruairi Quinn,,Ruairi Quinn,,,,,,,,,,,,,,,,,,,,,Ruairi Quinn,,,,,,,Ruairi Quinn,Ruairí Ó Cuinn,,,,Ruairi Quinn,,,,,,Ruairi Quinn,,,,Ruairi Quinn,,,,,,,,,,,,,Ruairi Quinn,,,,,,,,,,,,,,,,,,,,,,Ruairi Quinn,,,,,,,,,,
Q2149121,Richard Boyd Barrett,Richard Boyd Barrett,,male,,,,,,,,1967-11-01,,,Richard,,,,,,http://richardboydbarrett.ie,,,,Richard Boyd Barrett,,,,,Richard Boyd Barrett,,Richard Boyd Barrett,,,Richard Boyd Barrett,,,Richard Boyd Barrett,,,Richard Boyd Barrett,,,,,,,,,,,,,,,,,,,,,,,,,,,,,,,,,,,,,Richard Boyd Barrett,,,,,,,,Richard Boyd Barrett,,,,,,,,,,,,,,,,,,,,,,,,,,,,,,,,,,,,,,,,,,,,,,,,,,,,,,,,,,,
Q2159037,Robert Troy,Robert Troy,,male,,,,,,,,1982-01-01,,,Robert,,,,,,http://www.roberttroy.ie/,,,,Robert Troy,,,,,Robert Troy,,Robert Troy,,,Robert Troy,,,Robert Troy,Robert Troy,,Robert Troy,,,,,,,,,,Robert Troy,,,,Robert Troy,,Robert Troy,,,,,,,,,,,,,,,,,,,,,Robert Troy,,,,,,,,Robert Troy,,,,,,,,,,,,,,,,,,,,,,,,,,,,,,,,,,,,,,,,,,,,,,,,,,,,,,,,,,,
Q221888,Seán Barrett,Seán Barrett,,male,,,,,,,,1944-08-09,,,Seán,,,,,,,,,,Seán Barrett (Fine Gael),,,,,Seán Barrett,,Seán Barrett,,,Seán Barrett,,,Seán Barrett,,,Seán Barrett,,,,,,,,,,,,,,,,,,,,,,,,,,,,,,,,,,,,,Seán Barrett (Politiker),,,,,,,,Seán Barrett,,,,,,,,,,,,,,,,,,,,,,,,,,,,,,,,,,,,,,,,,,,,,,,,,,,,,,,,,,,
Q2276044,Seán Kenny,Seán Kenny,,male,,,,,,,,1942-10-01,,,Seán,,,,,,http://www.seankenny.ie,,,,Seán Kenny (politician),,,,,,,Seán Kenny,,,Seán Kenny,,,Seán Kenny,,,Seán Kenny,,,,,,,,,,,,,,,,,,,,,,,,,,,,,,,,,,,,,Seán Kenny,,,,,,,,Seán Kenny,,,,,,,,,,,,,,,,,,,,,,,,,,,,,,,,,,,,,,,,,,,,,,,,,,,,,,,,,,,
Q2276876,Shane Ross,Shane Ross,,male,,103526674,,no2009192337,,147239303,,1949-07-11,,,Shane,,,,,,http://www.shane-ross.ie,,,,Shane Ross,,,,,Shane Ross,,Shane Ross,,,Shane Ross,,,Shane Ross,Shane Ross,,Shane Ross,,,Шэйн Росс,,,,,,,Shane Ross,,,,Shane Ross,,Shane Ross,,,,,,,,,,,,,,,,,,,,,Shane Ross,,,,,,,,Shane Ross,,,,,,,,,,,,,,,,,,,,,,,,,,,,,,,,,,,,,,,,,,,,,,,,,,,,,,,,,,,
Q2434824,Timmy Dooley,Timmy Dooley,,male,,,,,,,,1969-02-13,,,,,,,,,http://timmydooley.ie,,,,Timmy Dooley,,,,,Timmy Dooley,,Timmy Dooley,,Timmy Dooley,Timmy Dooley,,,Timmy Dooley,Timmy Dooley,,Timmy Dooley,,,,,,,,,,Timmy Dooley,,,,Timmy Dooley,,Timmy Dooley,,,,,,,,,,,,,,,,,,,,,Timmy Dooley,,,,,,,,Timmy Dooley,Timmy Dooley,,,,,,,,,,,,,,,,,,,,,,,,,,,,,,,,,,,,,,,,,,,,,,,,,,,,,,,,,,
Q248784,Pearse Doherty,Pearse Doherty,,male,,,,,,,,1977-07-06,,,,,,,,,,,,,Pearse Doherty,,,,,Pearse Doherty,,Pearse Doherty,,,Pearse Doherty,,,Piaras Ó Dochartaigh,,,Pearse Doherty,,,Пирс Доэрти,,,,,,,,,,,,,,,,,,,,,,,,,,,,,,,,,,Pearse Doherty,,,,,,,,Piaras Ó Dochartaigh,,,,,,,,,,,,,,,,,,,,,,,,,,,,,,,,,,,,,,,,,,,,,,,,,,,,,,,,,,,
Q2623867,Alex White,Alex White,https://upload.wikimedia.org/wikipedia/commons/b/b9/Alex_White_TD_2014_(cropped).jpg,male,,,,,,,,1958-12-03,,,Alex,,,,,,http://www.alexwhite.ie,,,,Alex White (politician),,,,,Alex White,,Alex White,,,Alex White,,,Alex White,Alex White,,Alex White,,,Алекс Уайт,,,,,,,Alex White,,,,Alex White,,Alex White,,,,,,,,,,,,,,,,,,,,,Alex White,,,,,,,,Alex White,,,,,,,,,,,,,,,,,,,,,,,,,,,,,,,,,,,,,,,,,,,,,,,,,,,,,,,,,,,
Q263894,John Lyons,John Lyons,,male,,,,,,,,1977-06-01,,,John,,,,,,,,,,John Lyons (Dublin politician),,,,,John Lyons,,John Lyons,,,John Lyons,,,John Lyons,,,John Lyons,,,Джон Лайонс,,,,,,,,,,,,,,,,,,,,,,,,,,,,,,,,,,,,,,,,,,John Lyons,,,,,,,,,,,,,,,,,,,,,,,,,,,,,,,,,,,,,,,,,,,,,,,,,,,,,,,,,,,
Q273274,Éamon Ó Cuív,Éamon Ó Cuív,,male,,,,,,,,1950-06-23,/m/02mfzb,,Éamon,,,,,,,,,,Éamon Ó Cuív,,,,,Éamon Ó Cuív,,Éamon Ó Cuív,,,Éamon Ó Cuív,,,Éamon Ó Cuív,,,Éamon Ó Cuív,,,,Éamon Ó Cuív,Éamon Ó Cuív,,,,,,,,,,,,,,,,,,,,,,,,,,Éamon Ó Cuív,,,,,,Éamon Ó Cuív,,,,,,Éamon Ó Cuív,Éamon Ó Cuív,Éamon Ó Cuív,,,,,,,,,,,,,,,,,,,,,,,,,,,,,,,,,,,,,,,,,,,,,,,,,,,,,,,,,,,
Q2975532,Clare Daly,Clare Daly,,female,,310522356,,,,,,1968-04-01,,,Clare,,,,,,http://www.claredaly.ie,,,,Clare Daly,,,,,Clare Daly,,Clare Daly,,,Clare Daly,,,Clare Daly,,,Clare Daly,,,Клер Дэйли,,,,,,,,,,,,,,,,,,,,,,,,,,,,,,,,,,,,,,,,,Clare Daly,Clare Daly,,,,,,,,,,,,,,,,,,,,,,,,,,,,,,,,,,,,,,,,,,,,,,,,,,,,,,,,,,,
Q3265837,Lucinda Creighton,Lucinda Creighton,https://upload.wikimedia.org/wikipedia/commons/1/1b/Lucindacreighton.jpg,female,,315945536,,,,,,1980-01-20,,,Lucinda,,,,,,http://www.lucindacreighton.ie,,,,Lucinda Creighton,,,,,Lucinda Creighton,,Lucinda Creighton,,,Lucinda Creighton,,,Lucinda Creighton,,,Lucinda Creighton,,,"Крейтон, Люсинда",,,,,,,,,,,,,,,,,,,,,,,,,,,,,,,,,,,Lucinda Creighton,,,,,,Lucinda Creighton,Lucinda Creighton,,,,,,,,,,,,"Крейтон, Люсинда",,,,,,,,,,,,,,,,,,,,,,,,,,,,,,,,,,,,,,,,,,,,,,,
Q335783,Michael Conaghan,Michael Conaghan,,male,,,,,,,,1944-09-01,/m/0gg4q9z,,Michael,,,,,,,,,,Michael Conaghan,,,,,Michael Conaghan,,Michael Conaghan,,,Michael Conaghan,,,Michael Conaghan,,,Michael Conaghan,,,,,,,,,,,,,,,,,,,,,,,,,,,,,,,,,,,,,Michael Conaghan,,,,,,,,Michael Conaghan,,,,,,,Michael Conaghan,,,,,,,,,,,,,,,,,,,,,,,,,,,,,,,,,,,,,,,,,,,,,,,,,,,,
Q371007,Ciarán Cannon,Ciarán Cannon,,male,,,,,,,,1965-09-19,,,Ciarán,,,,,,,,,,Ciarán Cannon,,,,,,,Ciarán Cannon,,,Ciarán Cannon,,,Ciarán Ó Canáin,,كياران كانون,Ciarán Cannon,,,,,,,,,,,,,,,,,,,,,,,,كياران كانون,,,,,,,,,,,,,Ciarán Cannon,,,,,,,,Ciarán Ó Canáin,,,,,,,,,,,,,,,,,,,,,,,,,,,,,,,,,,,,,,,,,,,,,,,,,,,,,,,,,,,
Q3744449,Dinny McGinley,Dinny McGinley,,male,,,,,,,,1945-04-27,,,,,,,,,,,,,Dinny McGinley,,,,,Dinny McGinley,,Dinny McGinley,,,Dinny McGinley,,,Donnchadh Mac Fhionnlaoich,,,Dinny McGinley,,,,,,,,,,,,,,,,,,,,,,,,,,,,,,,,,,,,,,,,,,,,,Donnchadh Mac Fhionnlaoich,,,,,,,,,,,,,,,,,,,,,,Donnchadh Mac Fhionnlaoich,,,,,Dinny McGinley,,,,,,,,,,,Donnchadh Mac Fhionnlaoich,,,,,,,,,,,Dinny McGinley,,,,,,,,,,
Q3777412,John Perry,John Perry,,male,,106865619,,,,,,1956-08-15,,Perry,John,,,,,,http://www.sligomatters.com,,,,John Perry (Irish politician),,,,,John Perry,,John Perry,,,John Perry,,,John Perry,,,John Perry,,,,,,,,,,,,,,,,,,,,,,,,,,,,,,,,,,,,,,,,,,,,,John Perry,,,,,,,,,,,,,,,,,,,,,,,,,,,John Perry,,,,,,,,,,,,,,,,,,,,,,John Perry,,,,,,,,,,
Q3777426,Michael Moynihan,Michael Moynihan,,male,,31799957,,,,,,1968-01-12,,,Michael,,,,,,http://www.michaelmoynihantd.ie,,,,Michael Moynihan (Cork politician),,,,,Michael Moynihan,,Michael Moynihan,,,Michael Moynihan,,,Michael Moynihan,,,,,,,,,,,,,,,,,,,,,,,,,,,,,,,,,,,,,,,,,,,,,,,,Michael Moynihan (polaiteoir Corcaíoch),,,,,,,,,,,,,,,,,,,,,,,,,,,Michael Moynihan,,,,,,,,,,,,,,,,,,,,,,Michael Moynihan,,,,,,,,,,
Q3777436,Seán Fleming,Seán Fleming,,male,,,,,,,,1958-02-01,,,Seán,,,,,,,,,,Seán Fleming,,,,,Seán Fleming,,Seán Fleming,,,Seán Fleming,,,Seán Fleming,,,Seán Fleming,,,,,,,,,,,,,,,,,,,,,,,,,,,,,,,,,,,,,,,,,,,,,Seán Fleming,,,,,,,,,,,,,,,,,,,,,,,,,,,Seán Fleming,,,,,,,,,,,,,,,,,,,,,,Seán Fleming,,,,,,,,,,
Q3777446,Joe Costello,Joe Costello,,male,,,,,,,,1945-07-13,,,Joe,,,,,,,,,,Joe Costello (politician),,,,,Joe Costello,,Joe Costello,,,Joe Costello,,,Seosamh Mac Coisdealbha,,,Joe Costello,,,,,,,,,,,,,,,,,,,,,,,,,,,,,,,,,,,,,,,,,,,,,Seosamh Mac Coisdealbha,,,,,,,,,,,,,,,,,,,,,,,,,,,Joe Costello,,,,,,,,,,,,,,,,,,,,,,Joe Costello,,,,,,,,,,
Q3777456,Tommy Broughan,Tommy Broughan,,male,,,,,,,,1947-08-01,,,Tommy,,,,,,http://www.tommybroughan.com,,,,Tommy Broughan,,,,,Tommy Broughan,,Tommy Broughan,,,Tommy Broughan,,,Tommy Broughan,,,Tommy Broughan,,,,,,,,,,,,,,,,,,,,,,,,,,,,,,,,,,,,,,,,,,,,,Tommy Broughan,,,,,,,,,,,,,,,,,,,,,,,,,,,Tommy Broughan,,,,,,,,,,,,,,,,,,,,,,Tommy Broughan,,,,,,,,,,
Q3777461,Kathleen Lynch,Kathleen Lynch,,female,,,,,,,,1953-06-07,,,Kathleen,,,,,,,,,,Kathleen Lynch (politician),,,,,Kathleen Lynch,,Kathleen Lynch,,,Kathleen Lynch,,,Kathleen Lynch,,,Kathleen Lynch,,,,,,,,,,,,,,,,,,,,,,,,,,,,,,,,,,,,,,,,,,,,,Kathleen Lynch,,,,,,,,,,,,,,,,,,,,,,,,,,,Kathleen Lynch,,,,,,,,,,,,,,,,,,,,,,Kathleen Lynch,,,,,,,,,,
Q3777469,Paul Kehoe,Paul Kehoe,,male,,,,,,,,1973-01-11,,,Paul,,,,,,http://www.paulkehoe.com,,,,Paul Kehoe,,,,,Paul Kehoe,,Paul Kehoe,,,Paul Kehoe,,,Paul Kehoe,,,Paul Kehoe,,,,,,,,,,,,,,,,,,,,,,,,,,,,,,,,,,,,,,,,,,,,,Paul Kehoe,,,,,,,,,,,,,,,,,,,,,,,,,,,Paul Kehoe,,,,,,,,,,,,,,,,,,,,,,Paul Kehoe,,,,,,,,,,
Q3777472,Michael Ring,Michael Ring,,male,,315945539,,,,,,1953-12-24,,,Michael,,,,,,http://www.michaelringtd.com/,,,,Michael Ring,,,,,Michael Ring,,Michael Ring,,,Michael Ring,,,Michael Ring,,,,,,,,,,,,,,,,,,,,,,,,,,,,,,,,,,,,,,,,,,,,,,,,Michael Ring,,,,,,,,,,,,,,,,,,,,,,,,,,,Michael Ring,,,,,,,,,,,,,,,,,,,,,,Michael Ring,,,,,,,,,,
Q3777482,Róisín Shortall,Róisín Shortall,,female,,,,,,,,1954-04-25,,,Róisín,,,,,,http://www.roisinshortall.ie/,,,,Róisín Shortall,,,,,Róisín Shortall,,Róisín Shortall,,,Róisín Shortall,,,Róisín Ní Shoirtéil,,,Róisín Shortall,,,,,,,,,,,,,,,,,,,,,,,,,,,,,,,,,,,,,,,,,,,,,Róisín Ní Shoirtéil,,,,,,,,,,,,,,,,,,,,,,,,,,,Róisín Shortall,,,,,,,,,,,,,,,,,,,,,,Róisín Shortall,,,,,,,,,,
Q3777488,John Browne,John Browne,,male,,,,,,,,1948-08-01,,,John,,,,,,,,,,John Browne (Fianna Fáil),,,,,John Browne,,John Browne,,,John Browne,,,John Browne,John Browne,,John Browne,,,,,,,,,,John Browne,,,,John Browne,,John Browne,,,,,,,,,,,,,,,,,,,,,,,,,,,,,John Browne (Fianna Fáil),,,,,,,,,,,,,,,,,,,,,,,,,,,John Browne,,,,,,,,,,,,,,,,,,,,,,John Browne,,,,,,,,,,
Q3777521,Billy Timmins,Billy Timmins,,male,,,,,,,,1959-10-01,,,Billy,,,,,,,,,,Billy Timmins,,,,,Billy Timmins,,Billy Timmins,,,Billy Timmins,,,Billy Timmins,,,Billy Timmins,,,,,,,,,,,,,,,,,,,,,,,,,,,,,,,,,,,,,,,,,,,,,Billy Timmins,,,,,,,,,,,,,,,,,,,,,,,,,,,Billy Timmins,,,,,,,,,,,,,,,,,,,,,,Billy Timmins,,,,,,,,,,
Q3777541,Emmet Stagg,Emmet Stagg,https://upload.wikimedia.org/wikipedia/commons/f/f3/Emmet_Stagg_2014.jpg,male,,,,,,,,1944-10-01,,,,,,,,,,,,,Emmet Stagg,,,,,Emmet Stagg,,Emmet Stagg,,,Emmet Stagg,,,Emmet Stagg,Emmet Stagg,,Emmet Stagg,,,,,,,,,,Emmet Stagg,,,,Emmet Stagg,,Emmet Stagg,,,,,,,,,,,,,,,,,,,,,,,,,,,,,Emmet Stagg,,,,,,,,,,,,,,,,,,,,,,,,,,,Emmet Stagg,,,,,,,,,,,,,,,,,,,,,,Emmet Stagg,,,,,,,,,,
Q3777548,Fergus O'Dowd,Fergus O'Dowd,,male,,,,,,,,1948-09-01,,,Fergus,,,,,,,,,,Fergus O'Dowd,,,,,Fergus O'Dowd,,Fergus O'Dowd,,,Fergus O'Dowd,,,Fergus O'Dowd,,,Fergus O'Dowd,,,,,,,,,,,,,,,,,,,,,,,,,,,,,,,,,,,,,,,,,,,,,Fergus O'Dowd,,,,,,,,,,,,,,,,,,,,,,,,,,,Fergus O'Dowd,,,,,,,,,,,,,,,,,,,,,,Fergus O'Dowd,,,,,,,,,,
Q3777550,Jack Wall,Jack Wall,,male,,,,,,,,1945-07-01,,,Jack,,,,,,,,,,Jack Wall (politician),,,,,Jack Wall,,Jack Wall,,,Jack Wall,,,Jack Wall,Jack Wall,,Jack Wall,,,,,,,,,,Jack Wall,,,,Jack Wall,,Jack Wall,,,,,,,,,,,,,,,,,,,,,,,,,,,,,Jack Wall,,,,,,,,,,,,,,,,,,,,,,,,,,,Jack Wall,,,,,,,,,,,,,,,,,,,,,,Jack Wall,,,,,,,,,,
Q3777562,John Deasy,John Deasy,,male,,,,,,,,1967-10-08,,,John,,,,,,http://www.johndeasytd.com/,,,,John Deasy (Fine Gael politician),,,,,John Deasy,,John Deasy,,,John Deasy,,,John Deasy,,,John Deasy,,,,,,,,,,,,,,,,,,,,,,,,,,,,,,,,,,,,,,,,,,,,,John Deasy (Fine Gael),,,,,,,,,,,,,,,,,,,,,,,,,,,John Deasy,,,,,,,,,,,,,,,,,,,,,,John Deasy,,,,,,,,,,
Q3777584,Tom Hayes,Tom Hayes,,male,,,,,,,,1952-02-16,,,Tom,,,,,,http://www.tomhayes.ie/,,,,Tom Hayes (politician),,,,,Tom Hayes,,Tom Hayes,,,Tom Hayes,,,Tom Hayes,,,Tom Hayes,,,,,,,,,,,,,,,,,,,,,,,,,,,,,,,,,,,,,,,,,,,,,Tom Hayes,,,,,,,,,,,,,,,,,,,,,,,,,,,Tom Hayes,,,,,,,,,,,,,,,,,,,,,,Tom Hayes,,,,,,,,,,
Q3777594,Olivia Mitchell,Olivia Mitchell,https://upload.wikimedia.org/wikipedia/commons/1/13/Oliviamitchell.jpg,female,,,,,,,,1947-07-31,,,Olivia,,,,,,,,,,Olivia Mitchell,,,,,Olivia Mitchell,,Olivia Mitchell,,,Olivia Mitchell,,,Olivia Mitchell,,,Olivia Mitchell,,,,,,,,,,,,,,,,,,,,,,,,,,,,,,,,,,,,,,,,,,,,,Olivia Mitchell,,,,,,,,,,,,,,,,,,,,,,,,,,,Olivia Mitchell,,,,,,,,,,,,,,,,,,,,,,Olivia Mitchell,,,,,,,,,,
Q3777612,David Stanton,David Stanton,,male,,315945517,,,,,,1957-02-15,,,David,,,,,,http://www.stanton.ie,,,,David Stanton,,,,,David Stanton,,David Stanton,,,David Stanton,,,David Stanton,David Stanton,,David Stanton,,,,,,,,,,David Stanton,,,,David Stanton,,David Stanton,,,,,,,,,,,,,,,,,,,,,,,,,,,,,David Stanton,,,,,,,,,,,,,,,,,,,,,,,,,,,David Stanton,,,,,,,,,,,,,,,,,,,,,,David Stanton,,,,,,,,,,
Q3777896,Damien English,Damien English,,male,,315945516,,,,,,1978-02-21,,,Damien,,,,,,http://www.damienenglish.ie,,,,Damien English,,,,,Damien English,,Damien English,,,Damien English,,,Damien English,,,Damien English,,,,,,,,,,,,,,,,,,,,,,,,,,,,,,,,,,,,,,,,,,,,,Damien English,,,,,,,,,,,,,,,,,,,,,,,,,,,Damien English,Damien English,,,,,,,,,,,,Damien English,,,,,,,,,Damien English,,,,,,,,,,
Q3778169,Luke 'Ming' Flanagan,Luke 'Ming' Flanagan,https://upload.wikimedia.org/wikipedia/commons/4/42/Picture_of_luke_(2).jpg,male,,315945537,,,,,nm1731831,1972-01-22,,,Luke,,,,,,http://www.lukemingflanagan.ie,124985,,,Luke 'Ming' Flanagan,,,Luke Flanagan,,Luke Flanagan,,Luke 'Ming' Flanagan,,,Luke Flanagan,,,Luke 'Ming' Flanagan,,,Luke 'Ming' Flanagan,,,,,,,,,,,,,,,,,,,,,,,,,,,,,,,,,,,,,Luke Flanagan,,,,,,,Luke 'Ming' Flanagan,Luke 'Ming' Flanagan,,,,,,,,,,Luke Flanagan,,,,,,,,,,,,,,,,,,,,,,,,,,,,,,,,,,,,,,,,,,,,,,,,,
Q380299,Dan Neville,Dan Neville,,male,,,,,,,,1946-12-08,,Neville,Dan,,,,,,http://www.danneville.ie/,,,,Dan Neville,,,,,Dan Neville,,Dan Neville,,,Dan Neville,,,Dan Neville,,,Dan Neville,,,,,,,,,,,,,,,,,,,,,,,,,,,,,,,,,,,,,Dan Neville,,,,,,,,Dan Neville,,,,,,,,,,,,,,,,,,,,,,,,,,,Dan Neville,,,,,,,,,,,,,,,,,,,,,,Dan Neville,,,,,,,,,,
Q380301,Liam Twomey,Liam Twomey,"https://upload.wikimedia.org/wikipedia/commons/c/c9/Liam_Twomey,_May_2015_(17744432900)_(cropped).jpg",male,,,,,,,,1967-04-03,,,Liam,,,,,,http://liamtwomey.blogspot.com/,,,,Liam Twomey,,,,,Liam Twomey,,Liam Twomey,,,Liam Twomey,,,Liam Twomey,Liam Twomey,,Liam Twomey,,,Лайам Туоми,,,,,,,Liam Twomey,,,,Liam Twomey,,Liam Twomey,,,,,,,,,,,,,,,,,,,,,Liam Twomey,,,,,,,,Liam Twomey,,,,,,,,,,,,,,,,,,,,,,,,,,,Liam Twomey,,,,,,,,,,,,,,,,,,,,,,Liam Twomey,,,,,,,,,,
Q380320,Bernard Durkan,Bernard Durkan,,male,,,,,,,,1945-03-26,,,Bernard,,,,,,,,,,Bernard Durkan,,,,,Bernard Durkan,,Bernard Durkan,,,Bernard Durkan,,,Bernard Durkan,,,Bernard Durkan,,,,,,,,,,,,,,,,,,,,,,,,,,,,,,,,,,,,,Bernard Durkan,,,,,,,,Bernard Durkan,,,,,,,,,,,,,,,,,,,,,,,,,,,Bernard Durkan,,,,,,,,,,,,,,,,,,,,,,Bernard Durkan,,,,,,,,,,
Q381658,Denis Naughten,Denis Naughten,,male,,,,,,,,1973-06-23,,,Denis,,,,,,http://www.denisnaughten.ie/,,,,Denis Naughten,,,,,Denis Naughten,,Denis Naughten,,,Denis Naughten,,,Denis Naughten,,,Denis Naughten,,,,,,,,,,,,,,,,,,,,,,,,,,,,,,,,,,,,,Denis Naughten,,,,,,,,Denis Naughten,,,,,,,,,,,,,,,,,,,,,,,,,,,Denis Naughten,,,,,,,,,,,,,,,,,,,,,,Denis Naughten,,,,,,,,,,
Q384658,Anthony Lawlor,Anthony Lawlor,,male,,,,,,,,1959-06-13,,,Anthony,,,,,,http://www.anthonylawlor.ie/,,,,Anthony Lawlor,,,,,Anthony Lawlor,,Anthony Lawlor,,,Anthony Lawlor,,,Anthony Lawlor,,,,,,,,,,,,,,,,,,,,,,,,,,,,,,,,,,,,,,,,,,,,,,,,Anthony Lawlor,,,,,,,,,,,,,,,,,,,,,,,,,,,,,,,,,,,,,,,,,,,,,,,,,,,,,,,,,,,
Q444685,Joan Burton,Joan Burton,https://upload.wikimedia.org/wikipedia/commons/2/28/Joan_Burton_crop.jpg,female,,315945529,,,,,,1949-02-01,,,Joan,,,,,,http://www.joanburton.ie,,,,Joan Burton,,,Joan Burton,,Joan Burton,,Joan Burton,,,Joan Burton,,,Joan Burton,,,Joan Burton,,,Джоан Бёртон,,,,,,,,,,,,,,,,,,,,,,,,,,,,,,,,,,Joan Burton,,,,,,,Joan Burton,Joan Burton,,,,,,,,,,Joan Burton,,,,,,,,,,,,,,,,,Joan Burton,,,,,,,,,,,,,,,,,,,,,,Joan Burton,,,,,,,,,,
Q444725,Jan O'Sullivan,Jan O'Sullivan,https://upload.wikimedia.org/wikipedia/commons/e/eb/Jan_O'Sullivan.jpg,female,,,,,,,,1950-12-06,,,Jan,,,,,,,,,,Jan O'Sullivan,,,,,Jan O'Sullivan,,Jan O'Sullivan,,,Jan O’Sullivan,,,Jan O'Sullivan,,,Jan O'Sullivan,,,,,,,,,,,,,,,,,,,,,,,,,,,,,,,,,,,,,Jan O’Sullivan,,,,,,,Jan O'Sullivan,Jan O'Sullivan,,,,,,,,,,,,,,,,,,,,,,,,,,,Jan O'Sullivan,,,,,,,,,,,,,,,,,,,,,,Jan O'Sullivan,,,,,,,,,,
Q454245,Alan Kelly,Alan Kelly,https://upload.wikimedia.org/wikipedia/commons/d/d0/Alan_Kelly_2011.jpg,male,,,,,,,,1975-07-13,,,Alan,,,,,,http://www.alankelly.ie,96667,,,Alan Kelly (politician),,,Alan Kelly,,Alan Kelly,,Alan Kelly,,,Alan Kelly,,,Alan Kelly,Alan Kelly,,Alan Kelly,,,,,,,,,,Alan Kelly,,,,Alan Kelly,,Alan Kelly,,,,,,,,,,,,,,,,,,,,,Alan Kelly (Politiker),,,,,,,,Alan Kelly (polaiteoir),,,,,,,,,,Alan Kelly (polityk),,,,,,,,,,,,,,,,,,,,,,,,,,,,,,,,,,,,,,,,,,,,,,,,,
Q466028,Brendan Howlin,Brendan Howlin,,male,,,,,,,,1956-05-09,,,Brendan,,,,,,http://www.brendanhowlin.ie,,,,Brendan Howlin,,,,,Brendan Howlin,,Brendan Howlin,,,Brendan Howlin,,,Brendan Howlin,,,Brendan Howlin,,,,,,,,,,,,,,,,,,,,,,,,,,,,,,,,,,,,,Brendan Howlin,,,,,,,,Brendan Howlin,,,,,,,,,,,,,,,,,,,,,,,,,,,Brendan Howlin,,,,,,,,,,,,,,,,,,,,,,Brendan Howlin,,,,,,,,,,
Q466044,Brendan Smith,Brendan Smith,,male,,315945514,,,,,,1956-06-01,,Smith,Brendan,,,,,,http://www.brendansmith.ie,,,,Brendan Smith (politician),,,,,Brendan Smith,,Brendan Smith,,,Brendan Smith,,,Brendan Smith,,,Brendan Smith,,,,,,,,,,,,,,,,,,,,,,,,,,,,,,,,,,,,,Brendan Smith (Politiker),,,,,,,,Brendan Smith,,,,,,,,,,,,,,,,,,,,,,,,,,,Brendan Smith,,,,,,,,,,,,,,,,,,,,,,Brendan Smith,,,,,,,,,,
Q467414,Mary Lou McDonald,Mary Lou McDonald,https://upload.wikimedia.org/wikipedia/commons/3/3b/Mary_Lou_McDonald_2009.jpg,female,,,,,,,,1969-05-01,/m/0364mm,,Mary,,,,,,,28111,,,Mary Lou McDonald,,,Mary Lou McDonald,,Mary Lou McDonald,,Mary Lou McDonald,,,Mary Lou McDonald,,,Mary Lou McDonald,,,Mary Lou McDonald,,,,,,,,,,,,,,,,,,,,,,,,,,,,,,,,,,,,,Mary Lou McDonald,,,,,,,Mary Lou McDonald,Mary Lou McDonald,,,,,,,,,,Mary Lou McDonald,,,,,,,,,,,,,,,,,,,,,,,,,,,,,,,,,,,,,,,,,,,,,Mary Lou McDonald,Mary Lou McDonald,,,
Q4687826,Aengus Ó Snodaigh,Aengus Ó Snodaigh,https://upload.wikimedia.org/wikipedia/commons/1/1d/Aengus_O_Snodaigh_TD.jpg,male,,,,,,,,1964-07-31,,,Aengus,,,,,,,,,,Aengus Ó Snodaigh,,,,,,,Aengus Ó Snodaigh,,,Aengus Ó Snodaigh,,,Aengus Ó Snodaigh,,,Aengus Ó Snodaigh,,,,,,,,,,,,,,,,,,,,,,,,,,,,,,,,,,,,,,,,,,,,,Aengus Ó Snodaigh,,,,,,,,,,,,,,,,,,,,,,,,,,,,,,,,,,,,,,,,,,,,,,,,,,,,,,,,,,,
Q4706603,Alan Farrell,Alan Farrell,,male,,,,,,,,1977-12-29,,,Alan,,,,,,http://www.alanfarrell.ie,,,,Alan Farrell,,,,,Alan Farrell,,,,,Alan Farrell,,,Alan Farrell,,,Alan Farrell,,,,,,,,,,,,,,,,,,,,,,,,,,,,,,,,,,,,,,,,,,,,,Alan Farrell,,,,,,,,,,,,,,,,,,,,,,,,,,,,,,,,,,,,,,,,,,,,,,,,,,,,,,,,,,,
Q4756838,Andrew Doyle,Andrew Doyle,https://upload.wikimedia.org/wikipedia/commons/9/9f/Andrew_Doyle_Ireland_Senate_of_Poland.JPG,male,,,,,,,,1960-07-02,,,Andrew,,,,,,http://www.andrewdoyle.ie/,,,,Andrew Doyle,,,,,Andrew Doyle,,,,,Andrew Doyle,,,Andrew Doyle,,,Andrew Doyle,,,Эндрю Дойл,,,,,,,,,,,,,,,,,,,,,,,,,,,,,,Category:Andrew Doyle (politician),,,,,,,,,,,,Andrew Doyle,,,,,,,,,,,,,,,,,,,,,,,,,,,,,,,,,,,,,,,,,,,,,,,,,,,,,,,,,,,
Q4766625,Ann Phelan,Ann Phelan,,female,,315945511,,,,,,1961-09-16,,,Ann,,,,,,http://annphelan.ie,,,,Ann Phelan,,,,,Ann Phelan,,,,,Ann Phelan,,,Ann Phelan,,,,,,,,,,,,,,,,,,,,,,,,,,,,,,,,,,,,,,,,,,,,,,,,Ann Phelan,,,,,,,,,,,,,,,,,,,,,,,,,,,,,,,,,,,,,,,,,,,,,,,,,,,,,,,,,,,
Q4768330,Anne Ferris,Anne Ferris,,female,,,,,,,,1954-09-24,,,Anne,,,,,,,,,,Anne Ferris,,,,,Anne Ferris,,,,,Anne Ferris,,,Anne Ferris,,,Anne Ferris,,,,,,,,,,,,,,,,,,,,,,,,,,,,,,,,,,,,,,,,,,,,,Anne Ferris,,,,,,,,,,,,,,,,,,,,,,,,,,,,,,,,,,,,,,,,,,,,,,,,,,,,,,,,,,,
Q4778602,Aodhán Ó Ríordáin,Aodhán Ó Ríordáin,https://upload.wikimedia.org/wikipedia/commons/a/ab/Aodhán_Ó_Ríordáin.jpg,male,,,,,,,,1976-07-01,,,,,,,,,http://aodhanoriordain.blogspot.com,,,,Aodhán Ó Ríordáin,,,,,Aodhán Ó Ríordáin,,,,,Aodhán Ó Ríordáin,,,Aodhán Ó Ríordáin,,,,,,,,,,,,,,,,,,,,,,,,,,,,,,,,,,,,,,,,,,,,,,,,Aodhán Ó Ríordáin,,,,,,,,,,,,,,,,,,,,,,,,,,,,,,,,,,,,,,,,,,,,,,,,,,,,,,,,,,,
Q4800340,Arthur Spring,Arthur Spring,,male,,,,,,,,,,,Arthur,,,,,,,,,,Arthur Spring,,,,,,,,,,Arthur Spring,,,Arthur Spring,,,,,,,,,,,,,,,,,,,,,,,,,,,,,,,,,,,,,,,,,,,,,,,,Arthur Spring,,,,,,,,,,,,,,,,,,,,,,,,,,,,,,,,,,,,,,,,,,,,,,,,,,,,,,,,,,,
Q4864133,Barry Cowen,Barry Cowen,,male,,,,,,,,,,,Barry,,,,,,,,,,Barry Cowen,,,,,,,,,,Barry Cowen,,,Barry Cowen,,,Barry Cowen,,,,,,,,,,,,,,,,,,,,,,,,,,,,,,,,,,,,,,,,,,,,,Barry Cowen,,,,,,,,,,,,,,,,,,,,,,,,,,,,,,,,,,,,,,,,,,,,,,,,,,,,,,,,,,,
Q4961087,Brendan Ryan,Brendan Ryan,,male,,,,,,,,,,,Brendan,,,,,,,,,,Brendan Ryan (Dublin politician),,,,,,,Brendan Ryan,,,Brendan Ryan,,,Brendan Ryan,,,,,,Брендан Райан,,,,,,,,,,,,,,,,,,,,,,,,,,,,,,,,,,,,,,,,,,Brendan Ryan,,,,,,,,,,,,,,,,,,,,,,,,,,,,,,,,,,,,,,,,,,,,,,,,,,,,,,,,,,,
Q4963985,Brian Hayes,Brian Hayes,https://upload.wikimedia.org/wikipedia/commons/7/79/Minister_Brian_Hayes_at_Sneem_River.JPG,male,,,,,,,,1969-08-23,,Hayes,Brian,,,,,,http://www.brianhayes.ie,118658,,,Brian Hayes (politician),,,Brian Hayes,,Brian Hayes,,Brian Hayes,,,Brian Hayes,,,Brian Hayes,,,Brian Hayes,,,,,,,,,,,,,,,,,,,,,,,,,,,,,,,,,,,,,Brian Hayes,,,,,,,Brian Hayes,Brian Hayes,,,,,,,,,,Brian Hayes,,,,,,,,,,,,,,,,,,,,,,,,,,,,,,,,,,,,,,,,,,,,,,,,,
Q4965374,Brian Stanley,Brian Stanley,,male,,,,,,,,1961-01-01,,,Brian,,,,,,,,,,Brian Stanley (politician),,,,,Brian Stanley,,,,,Brian Stanley,,,Brian Stanley,,,,,,,,,,,,,,,,,,,,,,,,,,,,,,,,,,,,,,,,,,,,,,,,Brian Stanley,,,,,,,,,,,,,,,,,,,,,,,,,,,,,,,,,,,,,,,,,,,,,,,,,,,,,,,,,,,
Q5034361,Caoimhghín Ó Caoláin,Caoimhghín Ó Caoláin,,male,,,,,,,,1953-09-18,,,,,,,,,,,,,Caoimhghín Ó Caoláin,,,,,,,Caoimhghín Ó Caoláin,,,Caoimhghín Ó Caoláin,,,Caoimhghín Ó Caoláin,,,Caoimhghín Ó Caoláin,,,,,,,,,,,,,,,,,,,,,,,,,,,,,,,,,,,,,,,,,,,,,Caoimhghín Ó Caoláin,,,,,,,,,,,,,,,,,,,,,,,,,,,,,,,,,,,,,,,,,,,,,,,,,,,,,,,,,,,
Q5052836,Catherine Murphy,Catherine Murphy,,female,,315945515,,,,,,1953-09-01,,,Catherine,,,,,,http://www.catherinemurphy.ie/,,,,Catherine Murphy (politician),,,,,Catherine Murphy,,Catherine Murphy,,,Catherine Murphy,,,Catherine Murphy,,,Catherine Murphy,,,,,,,,,,,,,,,,,,,,,,,,,,,,,,,,,,,,,,,,,,,,,Catherine Murphy,,,,,,,,,,,,,,,,,,,,,,,,,,,,,,,,,,,,,,,,,,,,,,,,,,,,,,,,,,,
Q5085220,Charlie McConalogue,Charlie McConalogue,https://upload.wikimedia.org/wikipedia/commons/0/01/Mconalogue.jpg,male,,,,,,,,1977-10-01,,,Charlie,,,,,,,,,,Charlie McConalogue,,,,,Charlie McConalogue,,Charlie McConalogue,,,Charlie McConalogue,,,Charlie McConalogue,,,,,,,,,,,,,,,,,,,,,,,,,,,,,,,,,,,,,,,,,,,,,,,,Charlie McConalogue,,,,,,,,,,,,,,,,,,,,,,,,,,,,,,,,,,,,,,,,,,,,,,,,,,,,,,,,,,,
Q5119115,Ciara Conway,Ciara Conway,https://upload.wikimedia.org/wikipedia/commons/2/2d/Ciara_Conway_2014.jpg,female,,,,,,,,1980-08-13,,,,,,,,,,,,,Ciara Conway (politician),,,,,Ciara Conway,,Ciara Conway,,,Ciara Conway,,,Ciara Conway (polaiteoir),,,Ciara Conway,,,,,,,,,,,,,,,,,,,,,,,,,,,,,,,,,,,,,,,,,,,,,Ciara Conway,,,,,,,,,,,,,,,,,,,,,,,,,,,,,,,,,,,,,,,,,,,,,,,,,,,,,,,,,,,
Q5119177,Ciarán Lynch,Ciarán Lynch,,male,,,,,,,,1964-06-13,,,Ciarán,,,,,,http://www.ciaranlynch.ie,,,,Ciarán Lynch,,,,,Ciarán Lynch,,Ciarán Lynch,,,Ciarán Lynch,,,Ciarán Lynch,,,,,,,,,,,,,,,,,,,,,,,,,,,,,,,,,,,,,,,,,,,,,,,,Ciarán Lynch,,,,,,,,,,,,,,,,,,,,,,,,,,,,,,,,,,,,,,,,,,,,,,,,,,,,,,,,,,,
Q5147686,Colm Keaveney,Colm Keaveney,,male,,,,,,,,1971-01-11,,,,,,,,,http://www.colmkeaveney.ie,,,,Colm Keaveney,,,,,Colm Keaveney,,,,,Colm Keaveney,,,Colm Keaveney,,,,,,,,,,,,,,,,,,,,,,,,,,,,,,,,,,,,,,,,,,,,,,,,Colm Keaveney,,,,,,,,,,,,,,,,,,,,,,,,,,,,,,,,,,,,,,,,,,,,,,,,,,,,,,,,,,,
Q5221987,Dara Murphy,Dara Murphy,,male,,,,,,,,1969-12-02,,,Dara,,,,,,,,,,Dara Murphy,,,,,Dara Murphy,,Dara Murphy,,,Dara Murphy,,,Dara Murphy,,,,,,Дара Мерфи,,,,,,,,,,,,,,,,,,,,,,,,,,,,,,,,,,,,,,,,,,Dara Murphy,,,,,,,,,,,,,,,,,,,,,,,,,,,,,,,,,,,,,,,,,,,,,,,,,,,,,,,,,,,
Q5262098,Derek Keating,Derek Keating,,male,,,,,,,,1955-05-01,,,Derek,,,,,,,,,,Derek Keating,,,,,Derek Keating,,,,,Derek Keating,,,Derek Keating,,,,,,,,,,,,,,,,,,,,,,,,,,,,,,,,,,,,,,,,,,,,,,,,Derek Keating,,,,,,,,,,,,,,,,,,,,,,,,,,,,,,,,,,,,,,,,,,,,,,,,,,,,,,,,,,,
Q5262229,Derek Nolan,Derek Nolan,,male,,,,,,,,1982-01-01,,,Derek,,,,,,,,,,Derek Nolan,,,,,Derek Nolan,,Derek Nolan,,,Derek Nolan,,,Derek Nolan,,,,,,,,,,,,,,,,,,,,,,,,,,,,,,,,,,,,,,,,,,,,,,,,Derek Nolan,,,,,,,,,,,,,,,,,,,,,,,,,,,,,,,,,,,,,,,,,,,,,,,,,,,,,,,,,,,
Q5265060,Dessie Ellis,Dessie Ellis,,male,,,,,,,,1953-01-01,,,,,,,,,http://www.dessieellis.ie,,,,Dessie Ellis,,,,,Dessie Ellis,,,,,Dessie Ellis,,,Dessie Ellis,,,Dessie Ellis,,,,,,,,,,,,,,,,,,,,,,,,,,,,,,,,,,,,,,,,,,,,,Dessie Ellis,,,,,,,,,,,,,,,,,,,,,,,,,,,,,,,,,,,,,,,,,,,,,,,,,,,,,,,,,,,
Q5277023,Willie Penrose,Willie Penrose,,male,,,,,,,,1956-08-01,,Penrose,Willie,,,,,,,,,,Willie Penrose,,,,,Willie Penrose,,Willie Penrose,,,Willie Penrose,,,Willie Penrose,Willie Penrose,,,,,,,,,,,,Willie Penrose,,,,Willie Penrose,,Willie Penrose,,,,,,,,,,,,,,,,,,,,,,,,,,,,,Willie Penrose,,,,,,,,,,,,,,,,,,,,,,,,,,,Willie Penrose,,,,,,,,,,,,,,,,,,,,,,Willie Penrose,,,,,,,,,,
Q529364,Alan Shatter,Alan Shatter,https://upload.wikimedia.org/wikipedia/commons/8/86/Alan_Shatter.jpg,male,0000 0000 8211 0641,28320775,,,,149834934,,1951-02-14,/m/08b6y3,,Alan,,,,,,http://www.alanshatter.com,,,,Alan Shatter,,,,,Alan Shatter,,Alan Shatter,,,Alan Shatter,,,Alan Shatter,,,Alan Shatter,,,,,,,,,,,,,,,,,,,,אלן שאטר,,,,,,,,,,,,,,,,,Alan Shatter,,,,,,,Alan Shatter,Alan Shatter,,אלן שאטר,,,,,,,,,,,,,,,,,,,,,,,,,,,,,,,,,,,,,,,,,,,,,,,,,,,,,,,,,
Q5325575,Eamonn Maloney,Eamonn Maloney,,male,,,,,,,,1953-01-01,,,Eamonn,,,,,,,,,,Eamonn Maloney,,,,,Eamonn Maloney,,,,,Eamonn Maloney,,,Eamonn Maloney,,,,,,,,,,,,,,,,,,,,,,,,,,,,,,,,,,,,,,,,,,,,,,,,Eamonn Maloney,,,,,,,,,,,,,,,,,,,,,,,,,,,,,,,,,,,,,,,,,,,,,,,,,,,,,,,,,,,
Q5381683,Eoghan Murphy,Eoghan Murphy,,male,,,,,,,,1982-04-01,,,,,,,,,http://www.eoghanmurphy.ie,,,,Eoghan Murphy,,,,,Eoghan Murphy,,Eoghan Murphy,,,Eoghan Murphy,,,Eoghan Murphy,,,,,,,,,,,,,,,,,,,,,,,,,,,,,,,,,,,,,,,,,,,,,,,,Eoghan Murphy,,,,,,,,,,,,,,,,,,,,,,,,,,,,,,,,,,,,,,,,,,,,,,,,,,,,,,,,,,,
Q5386225,Eric Byrne,Eric Byrne,,male,,315945525,,,,,,1947-04-21,,,Eric,,,,,,http://www.ericbyrne.ie,,,,Eric Byrne,,,,,Eric Byrne,,Eric Byrne,,,Eric Byrne,,,Eric Byrne,,,Eric Byrne,,,Эрик Бирн,,,,,,,,,,,,,,,,,,,,,,,,,,,,,,,,,,,,,,,,,,Eric Byrne,,,,,,,,,,,,,,,,,,,,,,,,,,,,,,,,,,,,,,,,,,,,,,,,,,,,,,,,,,,
Q540812,Frances Fitzgerald,Frances Fitzgerald,https://upload.wikimedia.org/wikipedia/commons/9/92/Francesfitzgerald.jpg,female,,,,,,,,1950-08-01,,,Frances,,,,,,http://www.francesfitzgerald.ie,,,,Frances Fitzgerald (politician),,,,,Frances Fitzgerald,,Frances Fitzgerald,,,Frances Fitzgerald,,,Frances Fitzgerald,,,Frances Fitzgerald,,,,,,,,,,,,,,,,,,,,,,,,,,,,,,,,,,,,,Frances Fitzgerald,,,,,,,Frances Fitzgerald,Frances Fitzgerald,,,,,,,,,,,,,,,,,,,,,,,,,,,,,,,,,,,,,,,,,,,,,,,,,,,,,,,,,,,
Q540826,Catherine Byrne,Catherine Byrne,,female,,,,,,,,1956-02-26,,,Catherine,,,,,,,,,,Catherine Byrne,,,,,Catherine Byrne,,Catherine Byrne,,,Catherine Byrne,,,Catherine Byrne,,,Catherine Byrne,,,Катрин Бирн,,,,,,,,,,,,,,,,,,,,,,,,,,,,,,,,,,"Catherine Byrne (Politikerin, 1956)",,,,,,,,Catherine Byrne,,,,,,,,,,,,,,,,,,,,,,,,,,,,,,,,,,,,,,,,,,,,,,,,,,,,,,,,,,,
Q5450326,Finian McGrath,Finian McGrath,,male,,315945526,,,,,,1953-04-09,,,,,,,,,http://www.finianmcgrath.ie,,,,Finian McGrath,,,,,,,Finian McGrath,,,Finian McGrath,,,Finian McGrath,,,Finian McGrath,,,,,,,,,,,,,,,,,,,,,,,,,,,,,,,,,,,,,,,,,,,,,Finian McGrath,,,,,,,,,,,,,,,,,,,,,,,,,,,,,,,,,,,,,,,,,,,,,,,,,,,,,,,,,,,
Q5549440,Gerald Nash,Gerald Nash,,male,,,,,,,,1975-01-01,,,Gerald,,,,,,http://www.geraldnash.com/,,,,Gerald Nash,,,,,Gerald Nash,,Gerald Nash,,,Gerald Nash,,,Gerald Nash,,,,,,,,,,,,,,,,,,,,,,,,,,,,,,,,,,,,,,,,,,,,,,,,Gerald Nash,,,,,,,,,,,,,,,,,,,,,,,,,,,,,,,,,,,,,,,,,,,,,,,,,,,,,,,,,,,
Q559402,Billy Kelleher,Billy Kelleher,,male,,,,,,,,1968-01-20,,,Billy,,,,,,http://www.billykelleher.com,,,,Billy Kelleher,,,,,Billy Kelleher,,Billy Kelleher,,,Billy Kelleher,,,Billy Kelleher,,,Billy Kelleher,,,,,,,,,,,,,,,,,,,,,,,,,,,,,,,,,,,,,Billy Kelleher,,,,,,,,Billy Kelleher,,,,,,,,,,,,,,,,,,,,,,,,,,,Billy Kelleher,,,,,,,,,,,,,,,,,,,,,,Billy Kelleher,,,,,,,,,,
Q559627,Jimmy Deenihan,Jimmy Deenihan,"https://upload.wikimedia.org/wikipedia/commons/0/0a/Minister_Jimmy_Deenihan_at_the_Feile_na_Greine_Festival,_Tech_Amergin,_Waterville,_Co_Kerry._2012.JPG",male,,71342303,,,,,,1952-09-11,,,Jimmy,,,,,,http://www.jimmydeenihan.com,,,,Jimmy Deenihan,,,,,Jimmy Deenihan,,Jimmy Deenihan,,,Jimmy Deenihan,,,Jimmy Deenihan,,,Jimmy Deenihan,,,,,,,,,,,,,,,,,,,,,,,,,,,,,,,,,,,,,Jimmy Deenihan,,,,,,,,Jimmy Deenihan,,,,,,,,,,,,,,,,,,,,,,,,,,,Jimmy Deenihan,,,,,,,,,,,,,,,,,,,,,,Jimmy Deenihan,,,,,,,,,,
Q559638,Pat Breen,Pat Breen,,male,,,,,,,,1957-03-21,,,Pat,,,,,,http://www.patbreen.ie,,,,Pat Breen,,,,,Pat Breen,,Pat Breen,,,Pat Breen,,,Pat Breen,Pat Breen,,Pat Breen,,,,,,,,,,Pat Breen,,,,Pat Breen,,Pat Breen,,,,,,,,,,,,,,,,,,,,,Pat Breen,,,,,,,,Pat Breen,,,,,,,,,,,,,,,,,,,,,,,,,,,Pat Breen,,,,,,,,,,,,,,,,,,,,,,Pat Breen,,,,,,,,,,
Q560453,Pat Rabbitte,Pat Rabbitte,"https://upload.wikimedia.org/wikipedia/commons/6/6b/Pat_Rabbitte,_May_2015_(cropped).jpg",male,,,,,,,,1949-05-18,/m/01n4q_,,Pat,,,,,,http://www.patrabbitte.ie,,,,Pat Rabbitte,,,Pat Rabbitte,,Pat Rabbitte,,Pat Rabbitte,Pat Rabbitte,,Pat Rabbitte,Pat Rabbitte,,Pádraic Ó Coinín,Pat Rabbitte,,Pat Rabbitte,,,Пэт Рэббитт,,,,,,,Pat Rabbitte,,,,Pat Rabbitte,,Pat Rabbitte,,,,,,,,,,,,,,,,,Category:Pat Rabbitte,,,,Pat Rabbitte,,,,,,,,Pádraic Ó Coinín,,,Pat Rabbitte,Pat Rabbitte,,,,,,Pat Rabbitte,,,,,,,,,,,,,,,,,Pat Rabbitte,,,,,,,,,,,,,,,,,,,,,,Pat Rabbitte,,,,,,,,,,
Q5693903,Heather Humphreys,Heather Humphreys,,female,,,,,,,,,,,Heather,,,,,,http://www.heatherhumphreys.ie,,,,Heather Humphreys,,,,,Heather Humphreys,,,,,Heather Humphreys,,,Heather Humphreys,,,,,,,,,,,,,,,,,,,,,,,,,,,,,,,,,,,,,,,,,,,,,,,Heather Humphreys,Heather Humphreys,,,,,,,,,,,,,,,,,,,,,,,,,,,,,,,,,,,,,,,,,,,,,,,,,,,,,,,,,,,
Q57815,Enda Kenny,Enda Kenny,https://upload.wikimedia.org/wikipedia/commons/f/fb/EndaKenny.jpg,male,,227755309,,no2012002619,,162199317,,1951-04-24,/m/01mqml,Kenny,,,,,055/000275227,ving2twbgrzn,,,,,Enda Kenny,,,Enda Kenny,Enda Kenny,Enda Kenny,Энда Кені,Enda Kenny,Enda Kenny,Enda Kenny,Enda Kenny,,,Éanna Ó Coinnigh,Enda Kenny,,Enda Kenny,Enda Kenny,Enda Kenny,"Кенни, Энда",Enda Kenny,Enda Kenny,Енда Кенні,,Endeus Kenny,Enda Kenny,Enda Kenny,Enda Kenny,Енда Кени,اندا کنی,Enda Kenny,Enda Kenny,Enda Kenny,,,,אינדה קני,엔다 케니,恩达·肯尼,Էնդա Քեննի,إندا كيني,,,Энда Кені,Енда Кени,,,Enda Kenny,,,Enda Kenny,Enda Kenny,Enda Kenny,Enda Kenny,Enda Kenny,Enda Kenny,Enda Kenny,Enda Kenny,اندا کنی,Enda Kenny,Enda Kenny,Éanna Ó Coinnigh,Enda Kenny,אינדה קני,,Enda Kenny,엔다 케니,Endeus Kenny,Enda Kenny,,Enda Kenny,Enda Kenny,Enda Kenny,"Кенни, Энда",Enda Kenny,Enda Kenny,Енда Кенні,恩达·肯尼,Enda Kenny,Enda Kenny,Éanna Ó Coinnigh,Enda Kenny,Enda Kenny,Enda Kenny,エンダ・ケニー,Enda Kenny,Енда Кени,Enda Kenny,Enda Kenny,Enda Kenny,Enda Kenny,என்டா கென்னடி,Έντα Κένι,Enda Kenny,Enda Kenny,Enda Kenny,Enda Kenny,Έντα Κένι,Author:Enda Kenny,Enda Kenny,Éanna Ó Coinnigh,Enda Kenny,Էնդա Քեննի,Enda Kenny,エンダ・ケニー,Enda Kenny,Enda Kenny,Enda Kenny,Enda Kenny,Enda Kenny,Enda Kenny,Enda Kenny,Енда Кени,Enda Kenny,Enda Kenny,Enda Kenny,,,,,
Q6129349,James Bannon,James Bannon,,male,,,,,,,,1958-03-06,,,James,,,,,,,,,,James Bannon,,,,,James Bannon,,James Bannon,,,James Bannon,,,James Bannon,,,James Bannon,,,Джеймс Бэннон,,,,,,,,,,,,,,,,,,,,,,,,,,,,,,,,,,,,,,,,,,James Bannon,,,,,,,,,,,,,,,,,,,,,,,,,,,,,,,,,,,,,,,,,,,,,,,,,,,,,,,,,,,
Q616919,Paul Murphy,Paul Murphy,,male,,,,,,,,1983-04-13,/m/0gj8vnd,,Paul,,,,,,http://www.paulmurphymep.eu,97344,,,Paul Murphy (Irish politician),,,Paul Murphy,,Paul Murphy,,Paul Murphy,Paul Murphy,,Paul Murphy,,,Paul Murphy,Paul Murphy,,Paul Murphy,,Paul MURPHY,"Мёрфи, Пол",,,,,,,Paul Murphy,,,,Paul Murphy,,Paul Murphy,,,,,,,,,,,,,,,,,,,,,Paul Murphy (irischer Politiker),,,,,,,"Paul Murphy (homme politique, 1983)",Paul Murphy (Polaiteoir Éireannach),,,,Paul Murphy,,,,,,Paul Murphy (ur. 1983),,"Мерфи, Пол",,,,,,,,,,,,,,Paul Murphy,,,,,,,,,,,,,,,,,,,,,,,,,,Paul Murphy,,,,,,,
Q6183343,Jerry Buttimer,Jerry Buttimer,https://upload.wikimedia.org/wikipedia/commons/4/49/Jerry_Buttimer_2014.jpg,male,,34260115,,,,,,1967-03-18,,,Jerry,,,,,,http://jerrybuttimer.ie,,,,Jerry Buttimer,,,,,Jerry Buttimer,,Jerry Buttimer,,,Jerry Buttimer,,,Jerry Buttimer,,,Jerry Buttimer,,,,,,,,,,,,,,,,,,,,,,,,,,,,,,,,,,,,,,,,,,,,,Jerry Buttimer,,,,,,,,,,,,,,,,,,,,,,,,,,,,,,,,,,,,,,,,,,,,,,,,,,,,,,,,,,,
Q6194524,Jim Daly,Jim Daly,,male,,,,,,,,1972-12-20,,,Jim,,,,,,,,,,Jim Daly (politician),,,,,Jim Daly,,Jim Daly,,,Jim Daly,,,Jim Daly,,,Jim Daly,,,,,,,,,,,,,,,,,,,,,,,,,,,,,,,,,,,,,,,,,,,,,Jim Daly,,,,,,,,,,,,,,,,,,,,,,,,,,,,,,,,,,,,,,,,,,,,,,,,,,,,,,,,,,,
Q6204959,Joan Collins,Joan Collins,https://upload.wikimedia.org/wikipedia/commons/3/3d/People_Before_Profits_Joan_Collins.jpg,female,,,,,,,,1961-06-01,,,Joan,,,,,,http://joancollins.wordpress.com,,,,Joan Collins (politician),,,,,Joan Collins,,,,,Joan Collins,,,Joan Collins (polaiteoir),,,Joan Collins,,,Джоан Коллинз,,,,,,,,,,,,,,,,,,,,,,,,,,,,,,,,,,,,,,,,,,Joan Collins (polaiteoir),,,,,,,,,,,,,,,,,,,,,,,,,,,,,,,,,,,,,,,,,,,,,,,,,,,,,,,,,,,
Q6209000,Joe Carey,Joe Carey,,male,,315945530,,,,,,1975-06-24,,Carey,Joe,,,,,,,,,,Joe Carey,,,,,Joe Carey,,Joe Carey,,,Joe Carey,,,Joe Carey,,,Joe Carey,,,,,,,,,,,,,,,,,,,,,,,,,,,,,,,,,,,,,,,,,,,,,Joe Carey,,,,,,,,,,,,,,,,,,,,,,,,,,,,,,,,,,,,,,,,,,,,,,,,,,,,,,,,,,,
Q6211254,Joe McHugh,Joe McHugh,,male,,,,,,,,1971-07-16,,,Joe,,,,,,http://www.donegalmatters.com/,,,,Joe McHugh,,,,,Joe McHugh,,Joe McHugh,,,Joe McHugh,,,Joe McHugh,,,Joe McHugh,,,Джо МакХью,,,,,,,,,,,,,,,,,,,,,,,,,,,,,,,,,,,,,,,,,,Joe McHugh,,,,,,,,,,,,,,,,,,,,,,,,,,,,,,,,,,,,,,,,,,,,,,,,,,,,,,,,,,,
Q6211607,Joe O'Reilly,Joe O'Reilly,https://upload.wikimedia.org/wikipedia/commons/f/f9/Joe_O'Reilly_Irish_Cavan_politician_head.jpg,male,,315945532,,,,,,1955-04-01,,,Joe,,,,,,,,,,Joe O'Reilly,,,,,Joe O'Reilly,,Joe O'Reilly,,,Joe O'Reilly,,,Joe O'Reilly,,,,,,,,,,,,,,,,,,,,,,,,,,,,,,,,,,,,,,,,,,,,,,,,Joe O'Reilly,,,,,,,,,,,,,,,,,,,,,,,,,,,,,,,,,,,,,,,,,,,,,,,,,,,,,,,,,,,
Q6237376,John Halligan,John Halligan,,male,,,,,,,,,,,John,,,,,,,,,,John Halligan (politician),,,,,,,,,,John Halligan,,,John Halligan,,,John Halligan,,,,,,,,,,,,,,,,,,,,,,,,,,,,,,,,,,,,,,,,,,,,,John Halligan,,,,,,,,,,,,,,,,,,,,,,,,,,,,,,,,,,,,,,,,,,,,,,,,,,,,,,,,,,,
Q6241177,John J. McGuinness,John J. McGuinness,,male,,168846450,,,,,,1955-03-15,,,John,,,,,,http://www.johnmcguinness.ie,,,,John J. McGuinness,,,,,,,John J. McGuinness,,,,,,John J. McGuinness,,,John J. McGuinness,,,,,,,,,,,,,,,,,,,,,,,,,,,,,,,,,,,,,,,,,,,,,John J. McGuinness,,,,,,,,,,,,,,,,,,,,,,,,,,,,,,,,,,,,,,,,,,,,,,,,,,,,,,,,,,,
Q6250954,John O'Mahony,John O'Mahony,,male,,,,,,,,1953-06-08,,,John,,,,,,http://www.johnomahony.ie/,,,,John O'Mahony (Mayo politician),,,,,John O'Mahony,,John O'Mahony,,,John O'Mahony,,,John O'Mahony,,,,,,,,,,,,,,,,,,,,,,,,,,,,,,,,,,,,,,,,,,,,,,,,John O'Mahony,,,,,,,,,,,,,,,,,,,,,,,,,,,,,,,,,,,,,,,,,,,,,,,,,,,,,,,,,,,
Q6252268,John Paul Phelan,John Paul Phelan,,male,,,,,,,,1978-09-27,,,John,,,,,,,,,,John Paul Phelan,,,,,John Paul Phelan,,John Paul Phelan,,,John Paul Phelan,,,John Paul Phelan,,,John Paul Phelan,,,,,,,,,,,,,,,,,,,,,,,,,,,,,,,,,,,,,,,,,,,,,John Paul Phelan,,,,,,,,,,,,,,,,,,,,,,,,,,,,,,,,,,,,,,,,,,,,,,,,,,,,,,,,,,,
Q6274034,Jonathan O'Brien,Jonathan O'Brien,,male,,,,,,,,,,,Jonathan,,,,,,,,,,Jonathan O'Brien,,,,,,,,,,Jonathan O'Brien,,,Jonathan O'Brien,,,,,,,,,,,,,,,,,,,,,,,,,,,,,,,,,,,,,,,,,,,,,,,,Jonathan O'Brien,,,,,,,,,,,,,,,,,,,,,,,,,,,,,,,,,,,,,,,,,,,,,,,,,,,,,,,,,,,
Q631505,Michael P. Kitt,Michael P. Kitt,,male,,,,,,,,1950-05-17,,,Michael,,,,,,http://www.michaelkitt.com,,,,Michael P. Kitt,,,,,Michael P. Kitt,,Michael P. Kitt,,,Michael P. Kitt,,,Michael P. Kitt,,,Michael P. Kitt,,,,,,,,,,,,,,,,,,,,,,,,,,,,,,,,,,,,,Michael P. Kitt,,,,,,,,Michael P. Kitt,,,,,,,,,,,,,,,,,,,,,,,,,,,,,,,,,,,,,,,,,,,,,,,,,,,,,,,,,,,
Q6396541,Kevin Humphreys,Kevin Humphreys,https://upload.wikimedia.org/wikipedia/commons/b/b7/Kevin_Humphreys_2010.jpg,male,,,,,,,,1958-01-01,,,Kevin,,,,,,http://www.kevinhumphreys.ie,,,,Kevin Humphreys (politician),,,,,Kevin Humphreys,,,,,,,,Kevin Humphreys,,,,,,,,,,,,,,,,,,,,,,,,,,,,,,,,,,,,,,,,,,,,,,,,Kevin Humphreys,,,,,,,,,,,,,,,,,,,,,,,,,,,,,,,,,,,,,,,,,,,,,,,,,,,,,,,,,,,
Q6405442,Kieran O'Donnell,Kieran O'Donnell,,male,,,,,,,,1963-05-08,,,Kieran,,,,,,,,,,Kieran O'Donnell,,,,,Kieran O'Donnell,,Kieran O'Donnell,,,Kieran O'Donnell,,,Kieran O'Donnell,,,,,,,,,,,,,,,,,,,,,,,,,,,,,,,,,,,,,,,,,,,,,,,,Kieran O'Donnell,,,,,,,,,,,,,,,,,,,,,,,,,,,,,,,,,,,,,,,,,,,,,,,,,,,,,,,,,,,
Q6756353,Marcella Corcoran Kennedy,Marcella Corcoran Kennedy,,female,,,,,,,,1963-01-07,,Kennedy,Marcella,,,,,,http://www.corcorankennedy.ie/,,,,Marcella Corcoran Kennedy,,,,,Marcella Corcoran Kennedy,,,,,Marcella Corcoran Kennedy,,,Marcella Corcoran Kennedy,,,Marcella Corcoran Kennedy,,,,,,,,,,,,,,,,,,,,,,,,,,,,,,,,,,,,,,,,,,,,,Marcella Corcoran Kennedy,,,,,,,,,,,,,,,,,,,,,,,,,,,,,,,,,,,,,,,,,,,,,,,,,,,,,,,,,,,
Q6775424,Martin Ferris,Martin Ferris,,male,,34415691,,,,112702759,,1952-02-10,,,Martin,,,,,,,,,,Martin Ferris,,,,,Martin Ferris,,Martin Ferris,,,Martin Ferris,,,Martin Ferris,,,Martin Ferris,,,,,,,,,,,,,,,,,,,,,,,,,,,,,,,,,,,,,,,,,,,,,Martin Ferris,,,,,,,,,,,,,,,,,,,,,,,,,,,,,,,,,,,,,,,,,,,,,,,,,,,,,,,,,,,
Q6775671,Martin Heydon,Martin Heydon,,male,,,,,,,,1978-08-09,,,Martin,,,,,,http://www.martinheydon.com/,,,,Martin Heydon,,,,,Martin Heydon,,,,,Martin Heydon,,,Martin Heydon,,,,,,,,,,,,,,,,,,,,,,,,,,,,,,,,,,,,,,,,,,,,,,,,Martin Heydon,,,,,,,,,,,,,,,,,,,,,,,,,,,,,,,,,,,,,,,,,,,,,,,,,,,,,,,,,,,
Q6780355,Mary Mitchell O'Connor,Mary Mitchell O'Connor,https://upload.wikimedia.org/wikipedia/commons/4/4c/Marymitchelloconnor.jpg,female,,,,,,,,1959-06-10,,,Mary,,,,,,http://www.marymitchelloconnor.com/,,,,Mary Mitchell O'Connor,,,,,Mary Mitchell O'Connor,,Mary Mitchell O'Connor,,,Mary Mitchell O'Connor,,,Mary Mitchell O'Connor,,,,,,,,,,,,,,,,,,,,,,,,,,,,,,,,,,,,,,,,,,,,,,,,Mary Mitchell O'Connor,,,,,,,,,,,,,,,,,,,,,,,,,,,,,,,,,,,,,,,,,,,,,,,,,,,,,,,,,,,
Q6791813,Mattie McGrath,Mattie McGrath,,male,,,,,,,,1958-09-01,,,Mattie,,,,,,http://www.mattiemcgrath.ie/,,,,Mattie McGrath,,,,,Mattie McGrath,,Mattie McGrath,,,Mattie McGrath,,,Mattie McGrath,,,,,,,,,,,,,,,,,,,,,,,,,,,,,,,,,,,,,,,,,,,,,,,,Mattie McGrath,,,,,,,,,,,,,,,,,,,,,,,,,,,,,,,,,,,,,,,,,,,,,,,,,,,,,,,,,,,
Q6829535,Michael Creed,Michael Creed,,male,,,,,,,,1963-06-29,,,Michael,,,,,,http://www.michaelcreed.ie,,,,Michael Creed,,,,,Michael Creed,,Michael Creed,,,Michael Creed,,,Michael Creed,Michael Creed,,Michael Creed,,,,,,,,,,Michael Creed,,,,Michael Creed,,Michael Creed,,,,,,,,,,,,,,,,,,,,,,,,,,,,,Michael Creed,,,,,,,,,,,,,,,,,,,,,,,,,,,,,,,,,,,,,,,,,,,,,,,,,,,,,,,,,,,
Q6831036,Michael Healy-Rae,Michael Healy-Rae,https://upload.wikimedia.org/wikipedia/commons/5/5e/Michael_Healy_Rae_smiles_for_a_Constituent.JPG,male,,,,,,,,1967-01-11,,,Michael,,,,,,,,,,Michael Healy-Rae,,,,,,,,,,,,,Michael Healy-Rae,,,Michael Healy-Rae,,,,,,,,,,,,,,,,,,,,,,,,,,,,,,,,,,,,,,,,,,,,,Michael Healy-Rae,,,,,,,,,,,,,,,,,,,,,,,,,,,,,,,,,,,,,,,,,,,,,,,,,,,,,,,,,,,
Q6832633,Michael McCarthy,Michael McCarthy,,male,,,,,,,,1976-11-15,,,Michael,,,,,,http://www.michaelmccarthy.ie,,,,Michael McCarthy (politician),,,,,Michael McCarthy,,,,,Michael McCarthy,,,Michael McCarthy,,,,,,,,,,,,,,,,,,,,,,,,,,,,,,,,,,,,,,,,,,,,,,,,Michael McCarthy,,,,,,,,,,,,,,,,,,,,,,,,,,,,,,,,,,,,,,,,,,,,,,,,,,,,,,,,,,,
Q6832712,Michael McGrath,Michael McGrath,,male,,,,,,,,1976-08-23,,,Michael,,,,,,http://www.michaelmcgrath.ie/,,,,Michael McGrath (politician),,,,,Michael McGrath,,Michael McGrath,,,Michael McGrath,,,Michael McGrath (polaiteoir),,,,,,,,,,,,,,,,,,,,,,,,,,,,,,,,,,,,,,,,,,,,,,,,Michael McGrath,,,,,,,,,,,,,,,,,,,,,,,,,,,,,,,,,,,,,,,,,,,,,,,,,,,,,,,,,,,
Q6832776,Michael McNamara,Michael McNamara,,male,,,,,,,,1974-03-01,,,Michael,,,,,,,,,6656,Michael McNamara (politician),,,,,Michael McNamara,,,,,Michael McNamara,,,Michael McNamara,,,,,,,,,,,,,,,,,,,,,,,,,,,,,,,,,,,,,,,,,,,,,,,,Michael McNamara,,,,,,,,,,,,,,,,,,,,,,,,,,,,,,,,,,,,,,,,,,,,,,,,,,,,,,,,,,,
Q6837190,Michelle Mulherin,Michelle Mulherin,,female,,,,,,,,1972-01-01,,,Michelle,,,,,,,,,,Michelle Mulherin,,,,,Michelle Mulherin,,,,,Michelle Mulherin,,,Michelle Mulherin,,,,,,,,,,,,,,,,,,,,,,,,,,,,,,,,,,,,,,,,,,,,,,,,Michelle Mulherin,,,,,,,,,,,,,,,,,,,,,,,,,,,,,,,,,,,,,,,,,,,,,,,,,,,,,,,,,,,
Q6838473,Mick Wallace,Mick Wallace,,male,,,,,,,,1955-11-09,,,Mick,,,,,,http://mickwallace.net/,,,,Mick Wallace,,,,,Mick Wallace,,Mick Wallace,,,Mick Wallace,,,Mick Wallace,,,,,,,,,,,,,,,,,,,,,,,,,,,,,,,,,,,,,,,,,,,,,,,,Mick Wallace,,,,,,,,,,,,,,,,,,,,,,,,,,,,,,,,,,,,,,,,,,,,,,,,,,,,,,,,,,,
Q7023861,Niall Collins,Niall Collins,,male,,,,,,,,1973-03-30,,,Niall,,,,,,http://www.niallcollinstd.ie,,,,Niall Collins,,,,,Niall Collins,,,,,Niall Collins,,,Niall Collins,,,Niall Collins,,,Ниал Коллинз,,,,,,,,,,,,,,,,,,,,,,,,,,,,,,,,,,,,,,,,,,Niall Collins,,,,,,,,,,,,,,,,,,,,,,,,,,,,,,,,,,,,,,,,,,,,,,,,,,,,,,,,,,,
Q7143361,Pat Deering,Pat Deering,,male,,,,,,,,1967-02-02,,,Pat,,,,,,http://www.patdeering.ie,,,,Pat Deering,,,,,Pat Deering,,,,,Pat Deering,,,Pat Deering,,,Pat Deering,,,,,,,,,,,,,,,,,,,,,,,,,,,,,,,,,,,,,,,,,,,,,Pat Deering,,,,,,,,,,,,,,,,,,,,,,,,,,,,,,,,,,,,,,,,,,,,,,,,,,,,,,,,,,,
Q7147356,Patrick Nulty,Patrick Nulty,,male,,,,,,,,1982-11-18,,,Patrick,,,,,,http://www.patricknulty.ie,,,,Patrick Nulty,,,,,Patrick Nulty,,Patrick Nulty,,,Patrick Nulty,,,Patrick Nulty,,,,,,,,,,,,,,,,,,,,,,,,,,,,,,,,,,,,,,,,,,,,,,,,Patrick Nulty,,,,,,,,,,,,,,,,,,,,,,,,,,,,,,,,,,,,,,,,,,,,,,,,,,,,,,,,,,,
Q7147378,Patrick O'Donovan,Patrick O'Donovan,,male,,,,,,,,1977-03-21,,,Patrick,,,,,,http://www.patrickodonovan.ie/,,,,Patrick O'Donovan,,,,,Patrick O'Donovan,,,,,,,,Patrick O'Donovan,,,,,,,,,,,,,,,,,,,,,,,,,,,,,,,,,,,,,,,,,,,,,,,,Patrick O'Donovan,,,,,,,,,,,,,,,,,,,,,,,,,,,,,,,,,,,,,,,,,,,,,,,,,,,,,,,,,,,
Q7148855,Paudie Coffey,Paudie Coffey,,male,,,,,,,,1969-05-15,,,,,,,,,,,,,Paudie Coffey,,,,,Paudie Coffey,,Paudie Coffey,,,Paudie Coffey,,,Paudie Coffey,,,Paudie Coffey,,,,,,,,,,,,,,,,,,,,,,,,,,,,,,,,,,,,,,,,,,,,,Paudie Coffey,,,,,,,,,,,,,,,,,,,,,,,,,,,,,,,,,,,,,,,,,,,,,,,,,,,,,,,,,,,
Q7149927,"Paul Connaughton, Jnr","Paul Connaughton, Jnr",,male,,,,,,,,,,,Paul,,,,,,,,,,"Paul Connaughton, Jnr",,,,,,,,,,,,,Paul (Óg) Connaughton,,,"Paul Connaughton, Jnr",,,,,,,,,,,,,,,,,,,,,,,,,,,,,,,,,,,,,,,,,,,,,Paul (Óg) Connaughton,,,,,,,,,,,,,,,,,,,,,,,,,,,,,,,,,,,,,,,,,,,,,,,,,,,,,,,,,,,
Q7157787,Peadar Tóibín,Peadar Tóibín,https://upload.wikimedia.org/wikipedia/commons/e/e7/Peadar_Tóibín_2012.jpg,male,,,,,,,,,,,,,,,,,,,,,Peadar Tóibín,,,,,,,Peadar Tóibín,,,Peadar Tóibín,,,Peadar Tóibín,,,,,,,,,,,,,,,,,,,,,,,,,,,,,,,,,,,,,,,,,,,,,,,,Peadar Tóibín,,,,,,,,,,,,,,,,,,,,,,,,,,,,,,,,,,,,,,,,,,,,,,,,,,,,,,,,,,,
Q7174004,Peter Fitzpatrick,Peter Fitzpatrick,,male,,,,,,,,1962-05-01,,,Peter,,,,,,,,,,Peter Fitzpatrick,,,,,Peter Fitzpatrick,,,,,Peter Fitzpatrick,,,Peter Fitzpatrick,,,Peter Fitzpatrick,,,Питер Фицпатрик,,,,,,,,,,,,,,,,,,,,,,,,,,,,,,,,,,,,,,,,,,Peter Fitzpatrick,,,,,,,,,,,,,,,,,,,,,,,,,,,,,,,,,,,,,,,,,,,,,,,,,,,,,,,,,,,
Q7175706,Peter Mathews,Peter Mathews,,male,,,,,,,,,,,Peter,,,,,,,,,,Peter Mathews (politician),,,,,,,Peter Mathews,,,Peter Mathews,,,Peter Mathews (polaiteoir),,,,,,Питер Мэтьюз,,,,,,,,,,,,,,,,,,,,,,,,,,,,,,,,,,,,,,,,,,Peter Mathews,,,,,,,,,,,,,,,,,,,,,,,,,,,,,,,,,,,,,,,,,,,,,,,,,,,,,,,,,,,
Q7264002,Pádraig Mac Lochlainn,Pádraig Mac Lochlainn,,male,,,,,,,,1973-06-12,,,,,,,,,http://www.donegalsf.com/representatives/937,,,,Pádraig Mac Lochlainn,,,,,Pádraig Mac Lochlainn,,,,,Pádraig Mac Lochlainn,,,Pádraig Mac Lochlainn,,,,,,,,,,,,,,,,,,,,,,,,,,,,,,,,,,,,,,,,,,,,,,,,Pádraig Mac Lochlainn,,,,,,,,,,,,,,,,,,,,,,,,,,,,,,,,,,,,,,,,,,,,,,,,,,,,,,,,,,,
Q7297275,Ray Butler,Ray Butler,,male,,,,,,,,1965-12-30,,,Ray,,,,,,,,,,Ray Butler (politician),,,,,Ray Butler,,,,,Ray Butler,,,Ray Butler (polaiteoir),,,Ray Butler,,,,,,,,,,,,,,,,,,,,,,,,,,,,,,,,,,,,,,,,,,,,,Ray Butler (polaiteoir),,,,,,,,,,,,,,,,,,,,,,,,,,,,,,,,,,,,,,,,,,,,,,,,,,,,,,,,,,,
Q7308461,Regina Doherty,Regina Doherty,,female,,,,,,,,1971-01-01,,,Regina,,,,,,http://www.reginadoherty.com,,,,Regina Doherty,,,,,Regina Doherty,,,,,Regina Doherty,,,Regina Doherty,,,Regina Doherty,,,,,,,,,,,,,,,,,,,,,,,,,,,,,,,,,,,,,,,,,,,,,Regina Doherty,,,,,,,,,,,,,,,,,,,,,,,,,,,,,,,,,,,,,,,,,,,,,,,,,,,,,,,,,,,
Q7343623,Robert Dowds,Robert Dowds,,male,,,,,,,,1953-05-01,,,Robert,,,,,,,,,,Robert Dowds,,,,,Robert Dowds,,,,,Robert Dowds,,,Robert Dowds,,,Robert Dowds,,,,,,,,,,,,,,,,,,,,,,,,,,,,,,,,,,,,,,,,,,,,,Robert Dowds,,,,,,,,,,,,,,,,,,,,,,,,,,,,,,,,,,,,,,,,,,,,,,,,,,,,,,,,,,,
Q7416710,Sandra McLellan,Sandra McLellan,,female,,,,,,,,,,,Sandra,,,,,,,,,,Sandra McLellan,,,,,,,,,,Sandra McLellan,,,Sandra McLellan,,,,,,,,,,,,,,,,,,,,,,,,,,,,,,,,,,,,,,,,,,,,,,,,Sandra McLellan,,,,,,,,,,,,,,,,,,,,,,,,,,,,,,,,,,,,,,,,,,,,,,,,,,,,,,,,,,,
Q7459491,Seán Conlan,Seán Conlan,,male,,,,,,,,1975-01-01,,,Seán,,,,,,http://www.seanconlan.ie/,,,,Seán Conlan,,,,,Seán Conlan,,Seán Conlan,,,Seán Conlan,,,Seán Conlan,,,Seán Conlan,,,,,,,,,,,,,,,,,,,,,,,,,,,,,,,,,,,,,,,,,,,,,Seán Conlan,,,,,,,,,,,,,,,,,,,,,,,,,,,,,,,,,,,,,,,,,,,,,,,,,,,,,,,,,,,
Q7459496,Seán Crowe,Seán Crowe,,male,,,,,,,,1957-03-07,,,Seán,,,,,,,,,,Seán Crowe,,,,,Seán Crowe,,Seán Crowe,,,Seán Crowe,,,Seán Crowe,,,Seán Crowe,,,,,,,,,,,,,,,,,,,,,,,,,,,,,,,,,,,,,,,,,,,,,Seán Crowe,,,,,,,,,,,,,,,,,,,,,,,,,,,,,,,,,,,,,,,,,,,,,,,,,,,,,,,,,,,
Q7459544,Seán Kyne,Seán Kyne,,male,,,,,,,,,,,Seán,,,,,,http://www.seankyne.ie,,,,Seán Kyne,,,,,,,Seán Kyne,,,Seán Kyne,,,Seán Ó Cadhain (polaiteoir),,,,,,,,,,,,,,,,,,,,,,,,,,,,,,,,,,,,,,,,,,,,,,,,Seán Ó Cadhain (polaiteoir),,,,,,,,,,,,,,,,,,,,,,,,,,,,,,,,,,,,,,,,,,,,,,,,,,,,,,,,,,,
Q7459604,Seán Sherlock,Seán Sherlock,,male,,315945546,,,,,,1972-12-06,,,Seán,,,,,,http://seansherlock.ie,,,,Seán Sherlock,,,,,Seán Sherlock,,Seán Sherlock,,,Seán Sherlock,,,Seán Sherlock,,,,,,,,,,,,,,,,,,,,,,,,,,,,,,,,,,,,,,,,,,,,,,,,Seán Sherlock,,,,,,,,,,,,,,,,,,,,,,,,,,,,,,,,,,,,,,,,,,,,,,,,,,,,,,,,,,,
Q7459627,Seán Ó Fearghaíl,Seán Ó Fearghaíl,,male,,,,,,,,1960-04-17,,,Seán,,,,,,http://www.seanofearghail.ie/,,,,Seán Ó Fearghaíl,,,,,Seán Ó Fearghaíl,,Seán Ó Fearghaíl,,,Seán Ó Fearghaíl,,,Seán Ó Fearghaíl,,,,,,,,,,,,,,,,,,,,,,,,,,,,,,,,,,,,,,,,,,,,,,,,Seán Ó Fearghaíl,,,,,,,,,,,,,,,,,,,,,,,,,,,,,,,,,,,,,,,,,,,,,,,,,,,,,,,,,,,
Q7518922,Simon Harris,Simon Harris,,male,,315945548,,,,,,1986-12-17,,,Simon,,,,,,http://www.simonharris.ie/,,,,Simon Harris (politician),,,,,Simon Harris,,,,,Simon Harris,,,Simon Harris,,,Simon Harris,,,,,,,,,,,,,,,,,,,,,,,,,,,,,,,,,,,,,,,,,,,,,Simon Harris,,,,,,,,,,,,,,,,,,,,,,,,,,,,,,,,,,,,,,,,,,,,,,,,,,,,,,,,,,,
Q76139,Gerry Adams,Gerry Adams,https://upload.wikimedia.org/wikipedia/commons/4/47/Gerry_Adams_Easter_Lily_Badge.jpg,male,0000 0001 0869 0534,9941260,118896245,n83142260,124416972,033561001,nm1128049,1948-10-06,/m/09hmj,Adams,Gerry,072903600,,gerry-adams,,,,,,,Gerry Adams,00000017676,mr-gerry-adams,Gerry Adams,Gerry Adams,Gerry Adams,Джэры Адамс,Gerry Adams,Gerry Adams,Gerry Adams,Gerry Adams,Gerry Adams,জেরি এডামস,Gearóid Mac Ádhaimh,Gerry Adams,جيري آدمز,Gerry Adams,Gerry Adams,Gerry Adams,Джерри Адамс,Gerry Adams,Gerry Adams,Джеррі Адамс,Джэры Адамз,Geraldus Adams,Gerry Adams,Gerry Adams,Gerry Adams,Джери Адамс,جری آدامز,Gerry Adams,Gerry Adams,Gerry Adams,جێری ئادامز,Cerri Adams,Gerry Adams,ג'רי אדמס,게리 애덤스,盖瑞·亚当斯,Ջերի Ադամս,جيري آدمز,Cerri Adams,Джэры Адамз,Джэры Адамс,Джери Адамс,জেরি এডামস,Gerry Adams,Gerry Adams,جێری ئادامز,Gerry Adams,Gerry Adams,Gerry Adams,Gerry Adams,Gerry Adams,Gerry Adams,Gerry Adams,Gerry Adams,Gerry Adams,جری آدامز,Gerry Adams,Gerry Adams,Gearóid Mac Ádhaimh,Gerry Adams,ג'רי אדמס,Gerry Adams,Gerry Adams,게리 애덤스,Geraldus Adams,Gerry Adams,Gerry Adams,Gerry Adams,Gerry Adams,Gerry Adams,"Адамс, Джерри",Gerry Adams,Gerry Adams,Джеррі Адамс,盖瑞·亚当斯,,,,,,,,,,,,,,,,,,,,,,,,,,,,,,,,,,,,,,,,,,,
Q7665856,Séamus Healy,Séamus Healy,,male,,,,,,,,1950-08-09,,,Séamus,,,,,,,,,,Séamus Healy,,,,,Séamus Healy,,Séamus Healy,,,Séamus Healy,,,Séamus Healy,,,Séamus Healy,,,,,,,,,,,,,,,,,,,,,,,,,,,,,,,,,,,,,,,,,,,,,Séamus Healy,,,,,,,,,,,,,,,,,,,,,,,,,,,,,,,,,,,,,,,,,,,,,,,,,,,,,,,,,,,
Q7793298,Thomas Pringle,Thomas Pringle,,male,,,,,,,,1967-08-01,,,Thomas,,,,,,http://www.thomaspringle.ie/,,,,Thomas Pringle (politician),,,,,Thomas Pringle,,,,,Thomas Pringle,,,Thomas Pringle,,,,,,,,,,,,,,,,,,,,,,,,,,,,,,,,,,,,,,,,,,,,,,,,Thomas Pringle,,,,,,,,,,,,,,,,,,,,,,,,,,,,,,,,,,,,,,,,,,,,,,,,,,,,,,,,,,,
Q7814890,Tom Barry,Tom Barry,,male,,,,,,,,1968-10-10,,,Tom,,,,,,http://www.tombarry.ie,,,,Tom Barry (politician),,,,,Tom Barry,,Tom Barry,,,Tom Barry,,,Tom Barry,,,Tom Barry,,,,,,,,,,,,,,,,,,,,,,,,,,,,,,,,,,,,,,,,,,,,,Tom Barry,,,,,,,,,,,,,,,,,,,,,,,,,,,,,,,,,,,,,,,,,,,,,,,,,,,,,,,,,,,
Q7815805,Tom Fleming,Tom Fleming,,male,,,,,,,,,,,Tom,,,,,,http://www.tomfleming.ie,,,,Tom Fleming (Irish politician),,,,,,,Tom Fleming,,,Tom Fleming,,,Tom Fleming,Tom Fleming,,Tom Fleming,,,Том Флеминг,,,,,,,Tom Fleming,,,,Tom Fleming,,Tom Fleming,,,,,,,,,,,,,,,,,,,,,,,,,,,,,Tom Fleming,,,,,,,,,,,,,,,,,,,,,,,,,,,,,,,,,,,,,,,,,,,,,,,,,,,,,,,,,,,
Q8076620,Áine Collins,Áine Collins,,female,,,,,,,,1969-09-01,,,,,,,,,,,,,Áine Collins,,,,,Áine Collins,,,,,Áine Collins,,,Áine Collins,,,Áine Collins,,,,,,,,,,,,,,,,,,,,,,,,,,,,,,,,,,,,,,,,,,,,,Áine Collins,,,,,,,,,,,,,,,,,,,,,,,,,,,,,,,,,,,,,,,,,,,,,,,,,,,,,,,,,,,
Q888438,Bobby Aylward,Bobby Aylward,,male,,,,,,,,1955-04-01,,,Bobby,,,,,,,,,,Bobby Aylward,,,,,Bobby Aylward,,Bobby Aylward,,,Bobby Aylward,,,Bobby Aylward,,,Bobby Aylward,,,,,,,,,,,,,,,,,,,,,,,,,,,,,,,,,,,,,Bobby Aylward,,,,,,,,Bobby Aylward,,,,,,,,,,,,,,,,,,,,,,,,,,,,,,,,,,,,,,,,,,,,,,,,,,,,,,,,,,,
Q8939886,Helen McEntee,Helen McEntee,,female,,,,,,,,1986-01-01,,,Helen,,,,,,,,,,Helen McEntee,,,,,,,Helen McEntee,,,Helen McEntee,,,Helen McEntee,,,Helen McEntee,,,,,,,,,,,,,,,,,,,,,,,,,,,,,,,,,,,,,Helen McEntee,,,,,,,,Helen McEntee,,,,,,,,,,,,,,,,,,,,,,,,,,,,,,,,,,,,,,,,,,,,,,,,,,,,,,,,,,,
Q912430,"Brian Lenihan, Jnr","Brian Lenihan, Jnr",,male,,9341778,,nb99015789,,,,1959-05-21,/m/0405fv,,Brian,,,,,,,,2011-06-10,,"Brian Lenihan, Jnr",,,Brian Lenihan młodszy,,"Brian Lenihan, Jnr",,"Brian Lenihan, Jnr",,,Brian Joseph Lenihan,,,Brian Seosamh Ó Luineacháin,Brian Joseph Lenihan,,Brian Lenihan,,,,,,,,,,,,,,,,,,,,,,,,,,,,,,,,,,,,,Brian Joseph Lenihan,,,,,,,"Brian Lenihan, Jnr",Brian Seosamh Ó Luineacháin,,,,,,,Brian Lenihan,,,Brian Lenihan młodszy,,,,Brian Joseph Lenihan,,,,,,,,,,,,,,,,,,,,,,,,,,,,,,,,,,,,,,,,,,,,,Brian Lenihan młodszy
Q920403,Micheál Martin,Micheál Martin,,male,,31506424,,nb2002098788,,139579117,,1960-08-01,/m/01rkzk,Martin,,,,,,,,,,,Micheál Martin,,,Micheál Martin,,Micheál Martin,,Micheál Martin,Micheál Martin,,Micheál Martin,,,Mícheál Ó Máirtín,Micheál Martin,,Micheál Martin,,,,,,,,,,Micheál Martin,,,,Micheál Martin,,Micheál Martin,,,,,,,,,,,,,,,,,,,,,Micheál Martin,,,,,,,Micheál Martin,Mícheál Ó Máirtín,,,,Micheál Martin,,,,,,Micheál Martin,,,,Micheál Martin,,,,,,,,,,,,Micheál Martin,,Micheál Martin,,,,,,,,,,,,Micheál Martin,,,,,,,,,,,,Micheál Martin,,,,,,,
Q981847,Richard Bruton,Richard Bruton,https://upload.wikimedia.org/wikipedia/commons/c/c7/Richardbruton.jpg,male,,30933409,,,,,,1953-03-15,/m/01qjzr,,Richard,,,,,,http://www.richardbruton.ie,,,,Richard Bruton,,,,,Richard Bruton,,Richard Bruton,,,Richard Bruton,,,Richard Bruton,Richard Bruton,,Richard Bruton,,,,,,,,,,Richard Bruton,,,,Richard Bruton,,Richard Bruton,,,Richard Bruton,,,,,,,,,,,Richard Bruton,,,,,,,Richard Bruton,,,,,,,Richard Bruton,Richard Bruton,,,,,,,,,,,,,,,,,,,,,,,,,,,Richard Bruton,,,,,,,,,,,,,,,,,,,,,,Richard Bruton,,,,,,,,,,
Q981878,Séamus Kirk,Séamus Kirk,,male,,,,,,,,1945-04-26,,,Séamus,,,,,,http://www.seamuskirk.ie/,,,,Séamus Kirk,,,,,,,Séamus Kirk,,,Séamus Kirk,,,Séamus Kirk,,,Séamus Kirk,,,,,,,,,,,,,,,,,,,,,,,,,,,,,,,,,,,,,Séamus Kirk,,,,,,,,Séamus Kirk,,,,,,,Séamus Kirk,,,,,,,,,,,,,,,,,,,,Séamus Kirk,,,,,,,,,,,,,,,,,,,,,,Séamus Kirk,,,,,,,,,,
Q982225,Eamon Gilmore,Eamon Gilmore,https://upload.wikimedia.org/wikipedia/commons/c/c1/Eamon_Gilmore_Conference_2010_cropped.jpg,male,,167614329,101574852X,n2011008963,,,,1955-04-24,/m/04vcsm,Gilmore,Eamon,,,,,,http://www.gilmore.ie,,,,Eamon Gilmore,,,Eamon Gilmore,,Eamon Gilmore,,Eamon Gilmore,Eamon Gilmore,,Eamon Gilmore,,,Éamon Mac Giollamóir,Eamon Gilmore,,Eamon Gilmore,,,Эймон Гилмор,,,,,,,Eamon Gilmore,,,,Eamon Gilmore,,Eamon Gilmore,,,,,에이먼 길모어,,,,,,,,,,,,,,,,Eamon Gilmore,Eamon Gilmore,,,,,,Eamon Gilmore,Éamon Mac Giollamóir,,,,Eamon Gilmore,에이먼 길모어,,Eamon Gilmore,,,Eamon Gilmore,,,,Eamon Gilmore,,,,,,,,,,,,,Eamon Gilmore,Eamon Gilmore,,,,,,,,,,,,Eamon Gilmore,,,,,,,,,Eamon Gilmore,,,,,,,,,,
Q983508,Phil Hogan,Phil Hogan,https://upload.wikimedia.org/wikipedia/commons/c/c8/Phil_Hogan.jpg,male,,,,,,,,1960-07-04,,,Phil,,,,,,http://www.philhogan.ie,,,,Phil Hogan,,,Phil Hogan,,Phil Hogan,,Phil Hogan,Phil Hogan,,Phil Hogan,,,Phil Hogan,Phil Hogan,,Phil Hogan,,,"Хоган, Фил",,,Філ Хоган,,,,Phil Hogan,Phil Hogan,,,Phil Hogan,,Phil Hogan,,,,,,,,,,,,,,,,,,Phil Hogan,,,Phil Hogan,,,Phil Hogan,,,,Phil Hogan,Phil Hogan,,,,Phil Hogan,,,Phil Hogan,,Phil Hogan,Phil Hogan,,"Хоган, Фил",,Phil Hogan,Філ Хоган,,,,,,,,,,,,Phil Hogan,,,,,,,,,,,,,,,,,,,,,,Phil Hogan,,,,,,,,,,
