id,name__fr,name__gl,name__en,name,wikipedia__en,wikipedia__fr,wikipedia__gl,gender,birth_date,death_date,given_name,original_wikiname,name__de,name__it,name__nl,name__ja,name__pl,name__el,name__ru,name__tr,name__lt,name__es,name__pt,name__vi,wikipedia__de,wikipedia__el,wikipedia__ja,wikipedia__lt,wikipedia__pl,wikipedia__ru,wikipedia__tr,wikipedia__vi,image,identifier__freebase,name__ms,name__fi,name__id,name__sv,name__da,name__nb,wikipedia__da,wikipedia__es,wikipedia__fi,wikipedia__id,wikipedia__it,wikipedia__ms,wikipedia__no,wikipedia__pt,wikipedia__sv,family_name,name__cy,wikipedia__cy,name__nn
Q2831468,Albert Peto Nicholas,Albert Nicholas,Albert (Peto) Nicholas,Albert (Peto) Nicholas,Albert (Peto) Nicholas,Albert Peto Nicholas,Albert Nicholas,male,1951-05-09,2012-08-15,Albert,Albert (Peto) Nicholas,,,,,,,,,,,,,,,,,,,,,,,,,,,,,,,,,,,,,,,,,
Q3391394,Tereapii Piho,Tereapii Piho,Apii Piho,Apii Piho,Apii Piho,Tereapii Piho,Tereapii Piho,male,1960-08-25,,,Apii Piho,Apii Piho,,,,,,,,,,,,,,,,,,,,,,,,,,,,,,,,,,,,,,,,
Q4812881,Atatoa Herman,,Atatoa Herman,Atatoa Herman,Atatoa Herman,,,male,1959-12-02,,,Atatoa Herman,Atatoa Herman,Atatoa Herman,,,,,,,,,,,,,,,,,,,,,,,,,,,,,,,,,,,,,,,
Q2362855,Cassey Tereapii Eggelton,Cassey Eggelton,Cassey Eggelton,Cassey Eggelton,Cassey Eggelton,Cassey Tereapii Eggelton,Cassey Eggelton,female,1952-02-26,,,Cassey Eggelton,Cassey Eggelton,,Cassey Eggelton,,,,,,,,,,,,,,,,,,,,,,,,,,,,,,,,,,,,,,
Q5536264,George Angene,,George Angene,George Angene,George Angene,,,male,,,George,George Angene,George Angene,George Angene,George Angene,,,,,,,,,,,,,,,,,,,,,,,,,,,,,,,,,,,,,,
Q2569345,Henry Puna,,Henry Puna,Henry Puna,Henry Puna,Henry Puna,,male,1949-07-29,,Henry,Henry Puna,Henry Puna,,Henry Puna,ヘンリー・プナ,Henry Puna,Χένρι Πούνα,"Пуна, Генри",Henry Puna,Henry Puna,Henry Puna,Henry Puna,Henry Puna,Henry Puna,Χένρι Πούνα,ヘンリー・プナ,Henry Puna,Henry Puna,"Пуна, Генри",Henry Puna,Henry Puna,https://upload.wikimedia.org/wikipedia/commons/7/7a/HenryPuna.jpg,/m/09v4vnv,,,,,,,,,,,,,,,,,,,
Q381810,Jim Marurai,Jim Marurai,Jim Marurai,Jim Marurai,Jim Marurai,Jim Marurai,Jim Marurai,male,1947-07-09,,Jim,Jim Marurai,Jim Marurai,Jim Marurai,Jim Marurai,,Jim Marurai,Τζιμ Μαρουράι,"Марураи, Джим",,,Jim Marurai,Jim Marurai,,Jim Marurai,Τζιμ Μαρουράι,,,Jim Marurai,"Марураи, Джим",,,,/m/04qh2m,Jim Marurai,Jim Marurai,Jim Marurai,Jim Marurai,Jim Marurai,Jim Marurai,Jim Marurai,Jim Marurai,Jim Marurai,Jim Marurai,Jim Marurai,Jim Marurai,Jim Marurai,Jim Marurai,Jim Marurai,,,,
Q3182561,John Tangi,John Tangi,John Tangi,John Tangi,John Tangi,John Tangi,John Tangi,male,1950-11-13,,John,John Tangi,John Tangi,,John Tangi,,,,,,,,,,,,,,,,,,,,,,,,,,,,,,,,,,,,,,
Q3195600,Kete Ioane,Kete Ioane,Kete Ioane,Kete Ioane,Kete Ioane,Kete Ioane,Kete Ioane,male,1950-10-30,2015-02-13,,Kete Ioane,Kete Ioane,,Kete Ioane,,,,,,,,,,,,,,,,,,,,,,,,,,,,,,,,,,,,,,
Q6415093,,,Kiriau Turepu,Kiriau Turepu,Kiriau Turepu,,,male,,,,Kiriau Turepu,Kiriau Turepu,,,,,,,,,,,,,,,,,,,,,,,,,,,,,,,,,,,,,,,,
Q3287254,Mapu Taia,Mapu Taia,Mapu Taia,Mapu Taia,Mapu Taia,Mapu Taia,Mapu Taia,male,1939-04-28,,,Mapu Taia,Mapu Taia,,,,,,,,,,,,,,,,,,,,,,,,,,,,,,,,,,,,,,,,
Q6766871,,,Mark Brown,Mark Brown,Mark Brown (Cook Islands),,,male,,,Mark,Mark Brown (Cook Islands),Mark Brown,,Mark Brown,,,,Марк Браун,,,,,,,,,,,,,,,,,,,,,,,,,,,,,,,Brown,,,
Q1647074,Miimama Parima,Mii Parima,Mii Parima,Mii Parima,Mii Parima,Miimama Parima,Mii Parima,male,1954-01-16,2008-12-06,,Mii Parima,Mii Parima,Mii Parima,,,,,,,,Mii Parima,,,,,,,,,,,,/m/05q4j5q,,,,,,,,,,,Mii Parima,,,,,,,,
Q6886399,Moana Ioane,,Moana Ioane,Moana Ioane,Moana Ioane,,,male,1961-06-20,,Moana,Moana Ioane,Moana Ioane,Moana Ioane,,,,,,,,,,,,,,,,,,,,,,,,,,,,,,,,,,,,,,,
Q3335628,Nandi Glassie,Nandi Glassie,Nandi Glassie,Nandi Glassie,Nandi Glassie,Nandi Glassie,Nandi Glassie,male,1951-05-21,,Nandi,Nandi Glassie,Nandi Glassie,,Nandi Glassie,,,,,,,,,,,,,,,,,,,,,,,,,,,,,,,,,,,,,,
Q3284786,Mama Ngai Tupa,Ngai Tupa,Ngai Tupa,Ngai Tupa,Ngai Tupa,Mama Ngai Tupa,Ngai Tupa,female,1936-04-24,,,Ngai Tupa,Ngai Tupa,,,,,,,,,,,,,,,,,,,,,,,,,,,,,,,,,,,,,,,,
Q3339268,Ngamau Mere Munokoa,Ngamau Munokoa,Ngamau Munokoa,Ngamau Munokoa,Ngamau Munokoa,Ngamau Mere Munokoa,Ngamau Munokoa,female,1944-08-13,,,Ngamau Munokoa,Ngamau Munokoa,,,,,,,,,,,,,,,,,,,,,,,,,,,,,,,,,,,,,,,,
Q3343780,Norman George,Norman George,Norman George,Norman George,Norman George,Norman George,Norman George,male,1946-07-02,,Norman,Norman George,Norman George,,Norman George,,,,,,,,,,,,,,,,,,,,,,,,,,,,,,,,,,,,,,
Q3388338,Piho Rua,Piho Rua,Piho Rua,Piho Rua,Piho Rua,Piho Rua,Piho Rua,male,1954-11-15,,,Piho Rua,Piho Rua,,,,,,,,,,,,,,,,,,,,,,,,,,,,,,,,,,,,,,,,
Q7259108,,,Pukeiti Pukeiti,Pukeiti Pukeiti,Pukeiti Pukeiti,,,male,,2012-10-18,,Pukeiti Pukeiti,Pukeiti Pukeiti,,,,,,,,,,,,,,,,,,,,,,,,,,,,,,,,,,,,,,,,
Q3324531,Robert George Wigmore,Robert Wigmore,Robert Wigmore,Robert Wigmore,Robert Wigmore,Robert George Wigmore,Robert Wigmore,male,1949-09-08,2012-04-13,Robert,Robert Wigmore,Robert Wigmore,,Robert Wigmore,,Robert Wigmore,,,,,,,,,,,,Robert Wigmore,,,,,/m/09rt9f9,,,,,,,,,,,,,,,,,,,
Q7675846,Tai Tura,,Tai Tura,Tai Tura,Tai Tura,,,male,1949-01-01,,,Tai Tura,Tai Tura,Tai Tura,,,,,,,,,,,,,,,,,,,,,,,,,,,,,,,,,,,,,,,
Q3391011,Tangata Mouauri Vavia,Tangata Vavia,Tangata Vavia,Tangata Vavia,Tangata Vavia,Tangata Mouauri Vavia,Tangata Vavia,male,1949-09-08,,,Tangata Vavia,Tangata Vavia,,,,,,,,,,,,,,,,,,,,,,,,,,,,,,,,,,,,,,,,
Q7688729,,,Taunga Toka,Taunga Toka,Taunga Toka,,,male,,,,Taunga Toka,Taunga Toka,,,,,,,,,,,,,,,,,,,,,,,,,,,,,,,,,,,,,,,,
Q3391017,Teariki William Heather,Teariki Heather,Teariki Heather,Teariki Heather,Teariki Heather,Teariki William Heather,Teariki Heather,male,1959-07-30,,,Teariki Heather,Teariki Heather,,Teariki Heather,,,,,,,,,,,,,,,,,,,,,,,,,,,,,,,,,,,,,,
Q3391383,Teinakore Tom Bishop,Teina Bishop,Teina Bishop,Teina Bishop,Teina Bishop,Teinakore Tom Bishop,Teina Bishop,male,1959-04-11,,,Teina Bishop,Teina Bishop,,Teina Bishop,,,,,,,,,,,,,,,,,,,,,,,,,,,,,,,,,,,,,,
Q7695346,,,Tekii Lazaro,Tekii Lazaro,Tekii Lazaro,,,male,,,,Tekii Lazaro,Tekii Lazaro,,,,,,,,,,,,,,,,,,,,,,,,,,,,,,,,,,,,,,,,
Q2989309,Terepai Maoate,Terepai Maoate,Terepai Maoate,Terepai Maoate,Terepai Maoate,Terepai Maoate,Terepai Maoate,male,1934-09-01,2012-07-09,,Terepai Maoate,Terepai Maoate,,Terepai Maoate,,,,"Маоате, Терепаи",,,Terepai Maoate,,,,,,,,"Маоате, Терепаи",,,,/m/05q86yk,,,,,,,,Terepai Maoate,,,,,,,,,Terepai Maoate,Terepai Maoate,
Q3391036,Terepai (Junior) Maoate,Terepai Maoate,Terepai Maoate Jnr,Terepai Maoate Jnr,Terepai Maoate Jnr,Terepai (Junior) Maoate,Terepai Maoate (fillo),male,1961-12-05,,,Terepai Maoate Jnr,Terepai Maoate Jnr,,,,,,,,,,,,,,,,,,,,,,,,,,,,,,,,,,,,,,,,
Q7811397,,,Toanui Isamaela,Toanui Isamaela,Toanui Isamaela,,,male,,,,Toanui Isamaela,Toanui Isamaela,Toanui Isamaela,,,,,,,,,,,,,,,,,,,,,,,,,,,,,,,,,,,,,,,
Q3391025,Tom John Marsters,Tom Marsters,Tom Marsters,Tom Marsters,Tom Marsters,Tom John Marsters,Tom Marsters,male,1945-08-04,,Tom,Tom Marsters,Tom Marsters,,,,,,,,,,,,,,,,,,,,,,,,,,,,,,,,,,,,,,,,
Q3391992,Tamaiti Vai Peua,Vai Peua,Vai Peua,Vai Peua,Vai Peua,Tamaiti Vai Peua,Vai Peua,male,1950-12-10,,,Vai Peua,Vai Peua,,,,,,,,,,,,,,,,,,,,,,,,,,,,,,,,,,,,,,,,
Q3391007,Wilkie Rasmussen,Wilkie Rasmussen,Wilkie Rasmussen,Wilkie Rasmussen,Wilkie Rasmussen,Wilkie Rasmussen,Wilkie Rasmussen,male,1958-03-21,,,Wilkie Rasmussen,Wilkie Rasmussen,,,,,,,,,,,,,,,,,,,,,,,,,,,,,,,,,,,,,,,,
Q3391029,"William ""Smiley"" Heather","William ""Smiley"" Heather",William Heather,William Heather,William (Smiley) Heather,"William ""Smiley"" Heather","William ""Smiley"" Heather",male,1958-07-07,,William,William (Smiley) Heather,William Heather,,William Heather,,,,,,,,,,,,,,,,,,,,,,,William Heather,William Heather,William Heather,,,,,,,,,,,,,William Heather
Q3390985,Winton Brian Pickering,Winton Pickering,Winton Pickering,Winton Pickering,Winton Pickering,Winton Brian Pickering,Winton Pickering,male,1962-12-08,,,Winton Pickering,Winton Pickering,,,,,,,,,,,,,,,,,,,,,,,,,,,,,,,,,,,,,,,,
Q6238703,,,John Henry,John Henry,John Henry (Cook Islands politician),,,male,,,John,John Henry (Cook Islands),John Henry,,,,,,,,,,,,,,,,,,,,,,,,,,,,,,,,,,,,,,,,
