id,name,email,twitter,group,group_id,area,chamber,term,start_date,end_date,image,gender
10306,Adam Ingram,,,Labour,labour,East Kilbride,House of Commons,53,,,,
11170,Adam Price,,,Plaid Cymru,plaid-cymru,Carmarthen East and Dinefwr,House of Commons,53,,,,
10683,Adrian Bailey,,Adrian_Bailey,Labour/Co-operative,labourco-operative,West Bromwich West,House of Commons,53,,,http://yournextmp.popit.mysociety.org/persons/1466/image/5532412529c5d53959d9e466,
10890,Adrian Flook,,,Conservative,conservative,Taunton,House of Commons,53,,,,
10527,Adrian Sanders,,,Liberal Democrat,liberal-democrat,Torbay,House of Commons,53,,,,
10034,Alan Beith,,,Liberal Democrat,liberal-democrat,Berwick-upon-Tweed,House of Commons,53,,,,
10086,Alan Campbell,,alancampbellmp,Labour,labour,Tynemouth,House of Commons,53,,,http://yournextmp.popit.mysociety.org/persons/2910/image/553aabd43a37ac905459295a,
10179,Alan Duncan,,AlanDuncanMP,Conservative,conservative,Rutland and Melton,House of Commons,53,,,http://yournextmp.popit.mysociety.org/persons/212/image/551b38c013eb34c82843cb53,
10263,Alan Haselhurst,,,Deputy Speaker,deputy-speaker,Saffron Walden,House of Commons,53,,,http://yournextmp.popit.mysociety.org/persons/3742/image/5548f81084e9778b52be3987,
10291,Alan Howarth,,,Labour,labour,Newport East,House of Commons,53,,,,
10302,Alan Hurst,,,Labour,labour,Braintree,House of Commons,53,,,,
10314,Alan Johnson,,,Labour,labour,Kingston upon Hull West and Hessle,House of Commons,53,,,http://yournextmp.popit.mysociety.org/persons/3966/image/54e751beb58df48b5c609f6e,
10329,Alan Keen,,,Labour/Co-operative,labourco-operative,Feltham and Heston,House of Commons,53,,,,
10428,Alan Meale,,,Labour,labour,Mansfield,House of Commons,53,,,,
10434,Alan Milburn,,,Labour,labour,Darlington,House of Commons,53,,,,
11185,Alan Reid,,,Liberal Democrat,liberal-democrat,Argyll and Bute,House of Commons,53,,,,
10541,Alan Simpson,,,Labour,labour,Nottingham South,House of Commons,53,,,,
10630,Alan Whitehead,,alanwhiteheadmp,Labour,labour,"Southampton, Test",House of Commons,53,,,http://yournextmp.popit.mysociety.org/persons/3111/image/550bdf3736b6dcb123cb431f,
10639,Alan Williams,,,Labour,labour,Swansea West,House of Commons,53,,,,
11148,Albert Owen,,AlbertOwenMP,Labour,labour,Ynys Môn,House of Commons,53,,,http://yournextmp.popit.mysociety.org/persons/800/image/553a8ac2c0ff2778587ee2b0,
10525,Alex Salmond,,alexsalmond,Scottish National Party,scottish-national-party,Banff and Buchan,House of Commons,53,,,http://yournextmp.popit.mysociety.org/persons/4911/image/54c2f0fd9a36f9347c5ea77f,
10407,Alice Mahon,,,Labour,labour,Halifax,House of Commons,53,,,,
10770,Alistair Burt,,AlistairBurtMP,Conservative,conservative,North East Bedfordshire,House of Commons,53,,,http://yournextmp.popit.mysociety.org/persons/1636/image/5535010fb247335574a42e50,
10785,Alistair Carmichael,,acarmichaelmp,Liberal Democrat,liberal-democrat,Orkney and Shetland,House of Commons,53,,,http://yournextmp.popit.mysociety.org/persons/1331/image/5481e939b150e238702c0647,
10153,Alistair Darling,,,Labour,labour,Edinburgh Central,House of Commons,53,,,,
10431,Alun Michael,,,Labour/Co-operative,labourco-operative,Cardiff South and Penarth,House of Commons,53,,,,
10038,Andrew Bennett,,,Labour,labour,Denton and Reddish,House of Commons,53,,,,
10169,Andrew Dismore,,,Labour,labour,Hendon,House of Commons,53,,,,
10222,Andrew George,,,Liberal Democrat,liberal-democrat,St Ives,House of Commons,53,,,,
10301,Andrew Hunter,,,Conservative,conservative,Basingstoke,House of Commons,53,,2002-10-01,,
10301,Andrew Hunter,,,Independent Conservative,independent-conservative,Basingstoke,House of Commons,53,2002-10-02,2004-12-09,,
10301,Andrew Hunter,,,DUP,dup,Basingstoke,House of Commons,53,2004-12-10,,,
10349,Andrew Lansley,,,Conservative,conservative,South Cambridgeshire,House of Commons,53,,,,
10372,Andrew Love,,,Labour/Co-operative,labourco-operative,Edmonton,House of Commons,53,,,,
10391,Andrew MacKay,,,Conservative,conservative,Bracknell,House of Commons,53,,,,
10393,Andrew MacKinlay,,,Labour,labour,Thurrock,House of Commons,53,,,,
10435,Andrew Miller,,,Labour,labour,Ellesmere Port and Neston,House of Commons,53,,,,
11115,Andrew Mitchell,,,Conservative,conservative,Sutton Coldfield,House of Commons,53,,,http://yournextmp.popit.mysociety.org/persons/681/image/5534f30cb247335574a42e23,
11132,Andrew Murrison,,murrisonMP,Conservative,conservative,Westbury,House of Commons,53,,,http://yournextmp.popit.mysociety.org/persons/1022/image/55357088367dc5383f552cc0,
10503,Andrew Robathan,,,Conservative,conservative,Blaby,House of Commons,53,,,,
11199,Andrew Rosindell,,AndrewRosindell,Conservative,conservative,Romford,House of Commons,53,,,http://yournextmp.popit.mysociety.org/persons/784/image/553500a8b247335574a42e4c,
11216,Andrew Selous,,AndrewSelous,Conservative,conservative,South West Bedfordshire,House of Commons,53,,,http://yournextmp.popit.mysociety.org/persons/1896/image/5535723b367dc5383f552cce,
10545,Andrew Smith,,VoteAndrewSmith,Labour,labour,Oxford East,House of Commons,53,,,http://yournextmp.popit.mysociety.org/persons/2208/image/552ed9cb42862f047e51ccad,
10578,Andrew Stunell,,,Liberal Democrat,liberal-democrat,Hazel Grove,House of Commons,53,,,,
11291,Andrew Turner,,keepandrew2015,Conservative,conservative,Isle of Wight,House of Commons,53,,,http://yournextmp.popit.mysociety.org/persons/2515/image/553b497981ca637726b503a1,
10613,Andrew Tyrie,,Chichesterca,Conservative,conservative,Chichester,House of Commons,53,,,http://yournextmp.popit.mysociety.org/persons/491/image/55249fa3f0e9e2c82406eba8,
10766,Andy Burnham,,andyburnhammp,Labour,labour,Leigh,House of Commons,53,,,http://yournextmp.popit.mysociety.org/persons/1290/image/55357455367dc5383f552cdb,
10340,Andy King,,,Labour,labour,Rugby and Kenilworth,House of Commons,53,,,,
10500,Andy Reed,,,Labour/Co-operative,labourco-operative,Loughborough,House of Commons,53,,,,
10072,Angela Browning,,,Conservative,conservative,Tiverton and Honiton,House of Commons,53,,,,
10182,Angela Eagle,,angelaeagle,Labour,labour,Wallasey,House of Commons,53,,,http://yournextmp.popit.mysociety.org/persons/2917/image/5534e2f8b247335574a42e10,
10546,Angela Smith,,,Labour/Co-operative,labourco-operative,Basildon,House of Commons,53,,,,
11308,Angela Watkinson,,,Conservative,conservative,Upminster,House of Commons,53,,,http://yournextmp.popit.mysociety.org/persons/3789/image/55350039b247335574a42e48,
11189,Angus Robertson,,ARobertsonSNP,Scottish National Party,scottish-national-party,Moray,House of Commons,53,,,http://yournextmp.popit.mysociety.org/persons/2751/image/55357148367dc5383f552cc6,
10120,Ann Clwyd,,AnnClwyd,Labour,labour,Cynon Valley,House of Commons,53,,,http://yournextmp.popit.mysociety.org/persons/1866/image/55356eaa367dc5383f552cb3,
10122,Ann Coffey,,anncoffey_mp,Labour,labour,Stockport,House of Commons,53,,,http://yournextmp.popit.mysociety.org/persons/223/image/55356f35367dc5383f552cb8,
10142,Ann Cryer,,,Labour,labour,Keighley,House of Commons,53,,,,
10330,Ann Keen,,,Labour,labour,Brentford and Isleworth,House of Commons,53,,,,
11076,Ann McKechin,,,Labour,labour,Glasgow Maryhill,House of Commons,53,,,,
10584,Ann Taylor,,,Labour,labour,Dewsbury,House of Commons,53,,,,
10634,Ann Widdecombe,,,Conservative,conservative,Maidstone and The Weald,House of Commons,53,,,,
10646,Ann Winterton,,,Conservative,conservative,Congleton,House of Commons,53,,2004-02-24,,
10646,Ann Winterton,,,Independent Conservative,independent-conservative,Congleton,House of Commons,53,2004-02-25,2004-03-30,,
10646,Ann Winterton,,,Conservative,conservative,Congleton,House of Commons,53,2004-03-31,,,
10879,Annabelle Ewing,,,Scottish National Party,scottish-national-party,Perth,House of Commons,53,,,,
10032,Anne Begg,,,Labour,labour,Aberdeen South,House of Commons,53,,,,
10087,Anne Campbell,,,Labour,labour,Cambridge,House of Commons,53,,,,
10388,Anne McGuire,,,Labour,labour,Stirling,House of Commons,53,,,,
10389,Anne McIntosh,,,Conservative,conservative,Vale of York,House of Commons,53,,,,
11156,Anne Picking,,,Labour,labour,East Lothian,House of Commons,53,,,,
10754,Annette Brooke,,,Liberal Democrat,liberal-democrat,Mid Dorset and North Poole,House of Commons,53,,,,
10655,Anthony D Wright,,,Labour,labour,Great Yarmouth,House of Commons,53,,,,
10565,Anthony Steen,,,Conservative,conservative,Totnes,House of Commons,53,,,,
10457,Archie Norman,,,Conservative,conservative,Tunbridge Wells,House of Commons,53,,,,
10345,Archy Kirkwood,,,Liberal Democrat,liberal-democrat,Roxburgh and Berwickshire,House of Commons,53,,,,
10346,Ashok Kumar,,,Labour,labour,Middlesbrough South and East Cleveland,House of Commons,53,,,,
10436,Austin Mitchell,,,Labour,labour,Great Grimsby,House of Commons,53,,,,
10204,Barbara Follett,,,Labour,labour,Stevenage,House of Commons,53,,,,
10508,Barbara Roche,,,Labour,labour,Hornsey and Wood Green,House of Commons,53,,,,
10220,Barry Gardiner,,BarryGardiner,Labour,labour,Brent North,House of Commons,53,,,http://yournextmp.popit.mysociety.org/persons/2456/image/55323cfc29c5d53959d9e455,
10534,Barry Sheerman,,BarrySheerman,Labour/Co-operative,labourco-operative,Huddersfield,House of Commons,53,,,http://yournextmp.popit.mysociety.org/persons/2183/image/551a0641b989d5e837ae99d6,
10061,Ben Bradshaw,,BenPBradshaw,Labour,labour,Exeter,House of Commons,53,,,http://yournextmp.popit.mysociety.org/persons/4027/image/5503125ae70496a1139f93f8,
10098,Ben Chapman,,,Labour,labour,Wirral South,House of Commons,53,,,,
10312,Bernard Jenkin,,bernardjenkin,Conservative,conservative,North Essex,House of Commons,53,,,http://yournextmp.popit.mysociety.org/persons/517/image/551d73ac570782f7747687df,
10640,Betty Williams,,,Labour,labour,Conwy,House of Commons,53,,,,
10296,Beverley Hughes,,,Labour,labour,Stretford and Urmston,House of Commons,53,,,,
10095,Bill Cash,,billcashmp,Conservative,conservative,Stone,House of Commons,53,,,http://yournextmp.popit.mysociety.org/persons/2603/image/553c9c4441b868785b1fe677,
10189,Bill Etherington,,,Labour,labour,Sunderland North,House of Commons,53,,,,
10460,Bill O'Brien,,,Labour,labour,Normanton,House of Commons,53,,,,
10463,Bill Olner,,,Labour,labour,Nuneaton,House of Commons,53,,,,
10496,Bill Rammell,,,Labour,labour,Harlow,House of Commons,53,,,,
10671,Bill Tynan,,,Labour,labour,Hamilton South,House of Commons,53,,,,
11318,Bill Wiggin,,billwigginmp,Conservative,conservative,Leominster,House of Commons,53,,,http://yournextmp.popit.mysociety.org/persons/605/image/553c9ef941b868785b1fe67f,
10005,Bob Ainsworth,,,Labour,labour,Coventry North East,House of Commons,53,,,,
10049,Bob Blizzard,,,Labour,labour,Waveney,House of Commons,53,,,,
10351,Bob Laxton,,,Labour,labour,Derby North,House of Commons,53,,,,
10521,Bob Russell,,,Liberal Democrat,liberal-democrat,Colchester,House of Commons,53,,,,
11245,Bob Spink,,,Conservative,conservative,Castle Point,House of Commons,53,,,,
10999,Boris Johnson,,BorisJohnson,Conservative,conservative,Henley,House of Commons,53,,,http://yournextmp.popit.mysociety.org/persons/4546/image/54cd19f4668e142f73d3b4a9,
10136,Brian Cotter,,,Liberal Democrat,liberal-democrat,Weston-Super-Mare,House of Commons,53,,,,
10173,Brian H Donohoe,,,Labour,labour,Cunninghame South,House of Commons,53,,,,
10304,Brian Iddon,,,Labour,labour,Bolton South East,House of Commons,53,,,,
10313,Brian Jenkins,,,Labour,labour,Tamworth,House of Commons,53,,,,
10424,Brian Mawhinney,,,Conservative,conservative,North West Cambridgeshire,House of Commons,53,,,,
10532,Brian Sedgemore,,,Labour,labour,Hackney South and Shoreditch,House of Commons,53,,,,
10629,Brian White,,,Labour,labour,North East Milton Keynes,House of Commons,53,,,,
10644,Brian Wilson,,,Labour,labour,Cunninghame North,House of Commons,53,,,,
10486,Bridget Prentice,,,Labour,labour,Lewisham East,House of Commons,53,,,,
10223,Bruce George,,,Labour,labour,Walsall South,House of Commons,53,,,,
10382,Calum MacDonald,,,Labour,labour,Na h-Eileanan an Iar,House of Commons,53,,,,
10017,Candy Atherton,,,Labour,labour,Falmouth and Camborne,House of Commons,53,,,,
10202,Caroline Flint,,CarolineFlintMP,Labour,labour,Don Valley,House of Commons,53,,,http://yournextmp.popit.mysociety.org/persons/978/image/55357539367dc5383f552ce0,
10559,Caroline Spelman,,spelmanc,Conservative,conservative,Meriden,House of Commons,53,,,http://yournextmp.popit.mysociety.org/persons/1547/image/55321dbc29c5d53959d9e443,
10113,Charles Clarke,,,Labour,labour,Norwich South,House of Commons,53,,,,
10955,Charles Hendry,,,Conservative,conservative,Wealden,House of Commons,53,,,,
10334,Charles Kennedy,,,Liberal Democrat,liberal-democrat,"Ross, Skye and Inverness West",House of Commons,53,,,,
10018,Charlotte Atkins,,,Labour,labour,Staffordshire Moorlands,House of Commons,53,,,,
10228,Cheryl Gillan,,CherylGillanMP,Conservative,conservative,Chesham and Amersham,House of Commons,53,,,http://yournextmp.popit.mysociety.org/persons/1015/image/5524a00cf0e9e2c82406eba9,
10761,Chris Bryant,,RhonddaBryant,Labour,labour,Rhondda,House of Commons,53,,,http://yournextmp.popit.mysociety.org/persons/3079/image/55321cb429c5d53959d9e440,
10920,Chris Grayling,,,Conservative,conservative,Epsom and Ewell,House of Commons,53,,,http://yournextmp.popit.mysociety.org/persons/3284/image/5524a4d1f0e9e2c82406ebbb,
10354,Chris Leslie,,ChrisLeslieMP,Labour,labour,Shipley,House of Commons,53,,,http://yournextmp.popit.mysociety.org/persons/3549/image/5535ce33367dc5383f552ceb,
10378,Chris McCafferty,,,Labour,labour,Calder Valley,House of Commons,53,,,,
11346,Chris Mole,,,Labour,labour,Ipswich,House of Commons,53,2001-11-22,,,
10451,Chris Mullin,,,Labour,labour,Sunderland South,House of Commons,53,,,,
10482,Chris Pond,,,Labour,labour,Gravesham,House of Commons,53,,,,
10518,Chris Ruane,,,Labour,labour,Vale of Clwyd,House of Commons,53,,,,
10547,Chris Smith,,,Labour,labour,Islington South and Finsbury,House of Commons,53,,,,
10522,Christine Russell,,,Labour,labour,City of Chester,House of Commons,53,,,,
10103,Christopher Chope,,,Conservative,conservative,Christchurch,House of Commons,53,,,http://yournextmp.popit.mysociety.org/persons/596/image/55249f3bf0e9e2c82406eba5,
10150,Claire Curtis-Thomas,,,Labour,labour,Crosby,House of Commons,53,,,,
10621,Claire Ward,,,Labour,labour,Watford,House of Commons,53,,,,
10540,Clare Short,,,Labour,labour,"Birmingham, Ladywood",House of Commons,53,,,,
10045,Clive Betts,,CliveBettsMP,Labour,labour,"Sheffield, Attercliffe",House of Commons,53,,,http://yournextmp.popit.mysociety.org/persons/1074/image/551afdf013eb34c82843cb3f,
10185,Clive Efford,,CliveEfford,Labour,labour,Eltham,House of Commons,53,,,http://yournextmp.popit.mysociety.org/persons/4037/image/553b9d51a8c0192f732ca8c3,
10556,Clive Soley,,,Labour,labour,"Ealing, Acton and Shepherd's Bush",House of Commons,53,,,,
10066,Colin Breed,,,Liberal Democrat,liberal-democrat,South East Cornwall,House of Commons,53,,,,
10077,Colin Burgon,,,Labour,labour,Elmet,House of Commons,53,,,,
10790,Colin Challen,,,Labour,labour,Morley and Rothwell,House of Commons,53,,,,
10478,Colin Pickthall,,,Labour,labour,West Lancashire,House of Commons,53,,,,
10051,Crispin Blunt,,crispinblunt15,Conservative,conservative,Reigate,House of Commons,53,,,http://yournextmp.popit.mysociety.org/persons/1641/image/553500f7b247335574a42e4f,
10944,Dai Havard,,,Labour,labour,Merthyr Tydfil and Rhymney,House of Commons,53,,,,
10241,Damian Green,,damiangreenmp,Conservative,conservative,Ashford,House of Commons,53,,,http://yournextmp.popit.mysociety.org/persons/3486/image/551b3b5d13eb34c82843cb63,
10458,Dan Norris,,,Labour,labour,Wansdyke,House of Commons,53,,,,
10585,Dari Taylor,,,Labour,labour,Stockton South,House of Commons,53,,,,
10625,Dave Watts,,,Labour,labour,St Helens North,House of Commons,53,,,,
10009,David Amess,,,Conservative,conservative,Southend West,House of Commons,53,,,http://yournextmp.popit.mysociety.org/persons/2570/image/5532d9be29c5d53959d9e470,
10019,David Atkinson,,,Conservative,conservative,Bournemouth East,House of Commons,53,,,,
10050,David Blunkett,,,Labour,labour,"Sheffield, Brightside",House of Commons,53,,,,
10055,David Borrow,,,Labour,labour,South Ribble,House of Commons,53,,,,
10768,David Burnside,,,UUP,uup,South Antrim,House of Commons,53,,2003-06-22,,
10768,David Burnside,,,Independent Ulster Unionist,independent-ulster-unionist,South Antrim,House of Commons,53,2003-06-23,2004-01-08,,
10768,David Burnside,,,UUP,uup,South Antrim,House of Commons,53,2004-01-09,,,
10775,David Cairns,,,Labour,labour,Greenock and Inverclyde,House of Commons,53,,,,
10777,David Cameron,,david_cameron,Conservative,conservative,Witney,House of Commons,53,,,http://yournextmp.popit.mysociety.org/persons/566/image/5517d858249b917507bee4f8,
10100,David Chaytor,,,Labour,labour,Bury North,House of Commons,53,,,,
10101,David Chidgey,,,Liberal Democrat,liberal-democrat,Eastleigh,House of Commons,53,,,,
10118,David Clelland,,,Labour,labour,Tyne Bridge,House of Commons,53,,,,
10141,David Crausby,,DavidCrausby,Labour,labour,Bolton North East,House of Commons,53,,,http://yournextmp.popit.mysociety.org/persons/919/image/551a0a9fb989d5e837ae99e3,
10149,David Curry,,,Conservative,conservative,Skipton and Ripon,House of Commons,53,,,,
10162,David Davis,,,Conservative,conservative,Haltemprice and Howden,House of Commons,53,,,http://yournextmp.popit.mysociety.org/persons/2885/image/553509d2b247335574a42e66,
10177,David Drew,,,Labour/Co-operative,labourco-operative,Stroud,House of Commons,53,,,,
10934,David Hamilton,,,Labour,labour,Midlothian,House of Commons,53,,,,
10259,David Hanson,,DavidHansonMP,Labour,labour,Delyn,House of Commons,53,,,http://yournextmp.popit.mysociety.org/persons/1869/image/55356ec9367dc5383f552cb4,
10269,David Heath,,,Liberal Democrat,liberal-democrat,Somerton and Frome,House of Commons,53,,,,
10271,David Heathcoat-Amory,,,Conservative,conservative,Wells,House of Commons,53,,,,
10961,David Heyes,,,Labour,labour,Ashton-under-Lyne,House of Commons,53,,,,
10280,David Hinchliffe,,,Labour,labour,Wakefield,House of Commons,53,,,,
10311,David Jamieson,,,Labour,labour,"Plymouth, Devonport",House of Commons,53,,,,
10338,David Kidney,,,Labour,labour,Stafford,House of Commons,53,,,,
10678,David Lammy,,DavidLammy,Labour,labour,Tottenham,House of Commons,53,,,http://yournextmp.popit.mysociety.org/persons/4875/image/55323e9829c5d53959d9e45e,
11036,David Laws,,,Liberal Democrat,liberal-democrat,Yeovil,House of Commons,53,,,,
10353,David Lepper,,,Labour/Co-operative,labourco-operative,"Brighton, Pavilion",House of Commons,53,,,,
10361,David Lidington,,dlidington,Conservative,conservative,Aylesbury,House of Commons,53,,,http://yournextmp.popit.mysociety.org/persons/4099/image/551b3b7113eb34c82843cb64,
10394,David Maclean,,,Conservative,conservative,Penrith and The Border,House of Commons,53,,,,
10417,David Marshall,,,Labour,labour,Glasgow Shettleston,House of Commons,53,,,,
11113,David Miliband,,,Labour,labour,South Shields,House of Commons,53,,,,
10502,David Rendel,,,Liberal Democrat,liberal-democrat,Newbury,House of Commons,53,,,,
10520,David Ruffley,,,Conservative,conservative,Bury St Edmunds,House of Commons,53,,,,
10568,David Stewart,,,Labour,labour,"Inverness East, Nairn and Lochaber",House of Commons,53,,,,
10586,David Taylor,,,Labour/Co-operative,labourco-operative,North West Leicestershire,House of Commons,53,,,,
10602,David Tredinnick,,,Conservative,conservative,Bosworth,House of Commons,53,,,,
10605,David Trimble,,,UUP,uup,Upper Bann,House of Commons,53,,,,
10637,David Willetts,,,Conservative,conservative,Havant,House of Commons,53,,,,
10643,David Wilshire,,,Conservative,conservative,Spelthorne,House of Commons,53,,,,
10645,David Winnick,,,Labour,labour,Walsall North,House of Commons,53,,,,
11340,David Wright,,,Labour,labour,Telford,House of Commons,53,,,,
10489,Dawn Primarolo,,,Labour,labour,Bristol South,House of Commons,53,,,,
10539,Debra Shipley,,,Labour,labour,Stourbridge,House of Commons,53,,,,
10401,Denis MacShane,,,Labour,labour,Rotherham,House of Commons,53,,,,
10452,Denis Murphy,,,Labour,labour,Wansbeck,House of Commons,53,,,,
10544,Dennis Skinner,,,Labour,labour,Bolsover,House of Commons,53,,,http://yournextmp.popit.mysociety.org/persons/2467/image/55322a4729c5d53959d9e446,
10607,Dennis Turner,,,Labour/Co-operative,labourco-operative,Wolverhampton South East,House of Commons,53,,,,
10158,Denzil Davies,,,Labour,labour,Llanelli,House of Commons,53,,,,
10815,Derek Conway,,,Conservative,conservative,Old Bexley and Sidcup,House of Commons,53,,,,
10207,Derek Foster,,,Labour,labour,Bishop Auckland,House of Commons,53,,,,
10610,Derek Twigg,,DerekTwiggMP,Labour,labour,Halton,House of Commons,53,,,http://yournextmp.popit.mysociety.org/persons/1495/image/553aadb378c2688c57905d0d,
10657,Derek Wyatt,,,Labour,labour,Sittingbourne and Sheppey,House of Commons,53,,,,
10071,Des Browne,,,Labour,labour,Kilmarnock and Loudoun,House of Commons,53,,,,
10580,Desmond Swayne,,DesmondSwayne,Conservative,conservative,New Forest West,House of Commons,53,,,http://yournextmp.popit.mysociety.org/persons/195/image/5534f473b247335574a42e2b,
10608,Desmond Turner,,,Labour,labour,"Brighton, Kemptown",House of Commons,53,,,,
10466,Diana Organ,,,Labour,labour,Forest of Dean,House of Commons,53,,,,
10001,Diane Abbott,,HackneyAbbott,Labour,labour,Hackney North and Stoke Newington,House of Commons,53,,,http://yournextmp.popit.mysociety.org/persons/2567/image/55350d3ab247335574a42e6b,
10243,Dominic Grieve,,,Conservative,conservative,Beaconsfield,House of Commons,53,,,http://yournextmp.popit.mysociety.org/persons/3739/image/55225696328bff5d39338a54,
10208,Don Foster,,,Liberal Democrat,liberal-democrat,Bath,House of Commons,53,,,,
10600,Don Touhig,,,Labour/Co-operative,labourco-operative,Islwyn,House of Commons,53,,,,
10011,Donald Anderson,,,Labour,labour,Swansea East,House of Commons,53,,,,
10272,Doug Henderson,,,Labour,labour,Newcastle upon Tyne North,House of Commons,53,,,,
10455,Doug Naysmith,,,Labour/Co-operative,labourco-operative,Bristol North West,House of Commons,53,,,,
10661,Douglas Alexander,,,Labour,labour,Paisley South,House of Commons,53,,,,
10283,Douglas Hogg,,,Conservative,conservative,Sleaford and North Hykeham,House of Commons,53,,,,
10385,Eddie McGrady,,,Social Democratic and Labour Party,social-democratic-and-labour-party,South Down,House of Commons,53,,,,
10155,Edward Davey,,,Liberal Democrat,liberal-democrat,Kingston and Surbiton,House of Commons,53,,,,
10221,Edward Garnier,,EHGarnier,Conservative,conservative,Harborough,House of Commons,53,,,http://yournextmp.popit.mysociety.org/persons/2014/image/551b372713eb34c82843cb4e,
10352,Edward Leigh,,EdwardLeighMP,Conservative,conservative,Gainsborough,House of Commons,53,,,http://yournextmp.popit.mysociety.org/persons/3556/image/553a4df37940863c767fde32,
10462,Edward O'Hara,,,Labour,labour,Knowsley South,House of Commons,53,,,,
10348,Eleanor Laing,,eleanor4epping,Conservative,conservative,Epping Forest,House of Commons,53,,,http://yournextmp.popit.mysociety.org/persons/3755/image/550822ee7a8b511079bc5bce,
10368,Elfyn Llwyd,,,Plaid Cymru,plaid-cymru,Meirionnydd Nant Conwy,House of Commons,53,,,,
10444,Elliot Morley,,,Labour,labour,Scunthorpe,House of Commons,53,,,,
10206,Eric Forth,,,Conservative,conservative,Bromley and Chislehurst,House of Commons,53,,,,
10305,Eric Illsley,,,Labour,labour,Barnsley Central,House of Commons,53,,,,
10685,Eric Joyce,,,Labour,labour,Falkirk West,House of Commons,53,,,,
10421,Eric Martlew,,,Labour,labour,Carlisle,House of Commons,53,,,,
10477,Eric Pickles,,EricPickles,Conservative,conservative,Brentwood and Ongar,House of Commons,53,,,http://yournextmp.popit.mysociety.org/persons/2574/image/552258d4328bff5d39338a60,
10513,Ernie Ross,,,Labour,labour,Dundee West,House of Commons,53,,,,
10445,Estelle Morris,,,Labour,labour,"Birmingham, Yardley",House of Commons,53,,,,
10261,Evan Harris,,,Liberal Democrat,liberal-democrat,Oxford West and Abingdon,House of Commons,53,,,,
10256,Fabian Hamilton,,fabianhamilton,Labour,labour,Leeds North East,House of Commons,53,,,http://yournextmp.popit.mysociety.org/persons/736/image/55350db5b247335574a42e6d,
10402,Fiona Mactaggart,,fionamacmp,Labour,labour,Slough,House of Commons,53,,,http://yournextmp.popit.mysociety.org/persons/644/image/553502e5b247335574a42e56,
10423,Francis Maude,,,Conservative,conservative,Horsham,House of Commons,53,,,,
10129,Frank Cook,,,Labour,labour,Stockton North,House of Commons,53,,,,
10171,Frank Dobson,,,Labour,labour,Holborn and St Pancras,House of Commons,53,,,,
10174,Frank Doran,,,Labour,labour,Aberdeen Central,House of Commons,53,,,,
10197,Frank Field,,frankfieldteam,Labour,labour,Birkenhead,House of Commons,53,,,http://yournextmp.popit.mysociety.org/persons/92/image/55356f1d367dc5383f552cb7,
10517,Frank Roy,,,Labour,labour,Motherwell and Wishaw,House of Commons,53,,,,
10333,Fraser Kemp,,,Labour,labour,Houghton and Washington East,House of Commons,53,,,,
10594,Gareth Thomas,,GarethThomasMP,Labour,labour,Harrow West,House of Commons,53,,,http://yournextmp.popit.mysociety.org/persons/1126/image/5534f8e8b247335574a42e3e,
10593,Gareth Thomas,,,Labour,labour,Clwyd West,House of Commons,53,,,,
10575,Gary Streeter,,gary4SWDevon,Conservative,conservative,South West Devon,House of Commons,53,,,http://yournextmp.popit.mysociety.org/persons/1683/image/553baf2ab9c95afe74c5d332,
10573,Gavin Strang,,,Labour,labour,Edinburgh East and Musselburgh,House of Commons,53,,,,
10286,Geoff Hoon,,,Labour,labour,Ashfield,House of Commons,53,,,,
10119,Geoffrey Clifton-Brown,,,Conservative,conservative,Cotswold,House of Commons,53,,,http://yournextmp.popit.mysociety.org/persons/3809/image/5548f7fa84e9778b52be3986,
10506,Geoffrey Robinson,,,Labour,labour,Coventry North West,House of Commons,53,,,,
10211,George Foulkes,,,Labour/Co-operative,labourco-operative,"Carrick, Cumnock and Doon Valley",House of Commons,53,,,,
10218,George Galloway,,,Labour,labour,Glasgow Kelvin,House of Commons,53,,2003-10-23,,
10218,George Galloway,,,Independent,independent,Glasgow Kelvin,House of Commons,53,2003-10-24,,,
10292,George Howarth,,,Labour,labour,Knowsley North and Sefton East,House of Commons,53,,,,
10450,George Mudie,,,Labour,labour,Leeds East,House of Commons,53,,,,
11145,George Osborne,,george_osborne,Conservative,conservative,Tatton,House of Commons,53,,,http://yournextmp.popit.mysociety.org/persons/3329/image/5534dde08a61d1a7175e0c4d,
10567,George Stevenson,,,Labour,labour,Stoke-on-Trent South,House of Commons,53,,,,
10659,George Young,,,Conservative,conservative,North West Hampshire,House of Commons,53,,,,
10159,Geraint Davies,,GeraintDaviesMP,Labour,labour,Croydon Central,House of Commons,53,,,http://yournextmp.popit.mysociety.org/persons/3608/image/553c9fb8dcfe1d5b5cf8146d,
10293,Gerald Howarth,,geraldhowarth,Conservative,conservative,Aldershot,House of Commons,53,,,http://yournextmp.popit.mysociety.org/persons/3438/image/551b3ad213eb34c82843cb5e,
10327,Gerald Kaufman,,,Labour,labour,"Manchester, Gorton",House of Commons,53,,,,
10548,Geraldine Smith,,,Labour,labour,Morecambe and Lunesdale,House of Commons,53,,,,
10002,Gerry Adams,,,Sinn Féin,sinn-fein,Belfast West,House of Commons,53,,,,
10566,Gerry Steinberg,,,Labour,labour,City of Durham,House of Commons,53,,,,
10579,Gerry Sutcliffe,,,Labour,labour,Bradford South,House of Commons,53,,,,
10430,Gillian Merron,,,Labour,labour,Lincoln,House of Commons,53,,,,
10536,Gillian Shephard,,,Conservative,conservative,South West Norfolk,House of Commons,53,,,,
10577,Gisela Stuart,,GiselaStuart,Labour,labour,"Birmingham, Edgbaston",House of Commons,53,,,http://yournextmp.popit.mysociety.org/persons/91/image/54c7ae91808848fe5d74a786,
10308,Glenda Jackson,,,Labour,labour,Hampstead and Highgate,House of Commons,53,,,,
10068,Gordon Brown,,,Labour,labour,Dunfermline East,House of Commons,53,,,,
10415,Gordon Marsden,,GordonMarsden,Labour,labour,Blackpool South,House of Commons,53,,,http://yournextmp.popit.mysociety.org/persons/1184/image/553b88a4788906ef2517bd68,
10487,Gordon Prentice,,,Labour,labour,Pendle,House of Commons,53,,,,
10008,Graham Allen,,GrahamAllenMP,Labour,labour,Nottingham North,House of Commons,53,,,,
10062,Graham Brady,,Graham__Brady,Conservative,conservative,Altrincham and Sale West,House of Commons,53,,,http://yournextmp.popit.mysociety.org/persons/1433/image/551b3b0213eb34c82843cb60,
10576,Graham Stringer,,,Labour,labour,"Manchester, Blackley",House of Commons,53,,,,
11026,Greg Knight,,gregknightmp,Conservative,conservative,East Yorkshire,House of Commons,53,,,http://yournextmp.popit.mysociety.org/persons/2878/image/5517c742249b917507bee4d8,
10483,Greg Pope,,,Labour,labour,Hyndburn,House of Commons,53,,,,
10713,Gregory Barker,,,Conservative,conservative,Bexhill and Battle,House of Commons,53,,,,
10780,Gregory Campbell,,,DUP,dup,East Londonderry,House of Commons,53,,,http://yournextmp.popit.mysociety.org/persons/2139/image/55351cdcb247335574a42e79,
10491,Gwyn Prosser,,,Labour,labour,Dover,House of Commons,53,,,,
10181,Gwyneth Dunwoody,,,Labour,labour,Crewe and Nantwich,House of Commons,53,,,,
10044,Harold Best,,,Labour,labour,Leeds North West,House of Commons,53,,,,
10260,Harriet Harman,,harrietharman,Labour,labour,Camberwell and Peckham,House of Commons,53,,,http://yournextmp.popit.mysociety.org/persons/3885/image/552cf2553d3371cf3592d9d6,
10026,Harry Barnes,,,Labour,labour,North East Derbyshire,House of Commons,53,,,,
10123,Harry Cohen,,,Labour,labour,Leyton and Wanstead,House of Commons,53,,,,
10048,Hazel Blears,,,Labour,labour,Salford,House of Commons,53,,,,
10109,Helen Clark,,,Labour,labour,Peterborough,House of Commons,53,,,,
10309,Helen Jackson,,,Labour,labour,"Sheffield, Hillsborough",House of Commons,53,,,,
10319,Helen Jones,,HelenJonesMP,Labour,labour,Warrington North,House of Commons,53,,,http://yournextmp.popit.mysociety.org/persons/3482/image/553c965942c427035c8db3e2,
10360,Helen Liddell,,,Labour,labour,Airdrie and Shotts,House of Commons,53,,,,
10557,Helen Southworth,,,Labour,labour,Warrington South,House of Commons,53,,,,
10726,Henry Bellingham,,,Conservative,conservative,North West Norfolk,House of Commons,53,,,http://yournextmp.popit.mysociety.org/persons/1681/image/5535ce71367dc5383f552ced,
10014,Hilary Armstrong,,,Labour,labour,North West Durham,House of Commons,53,,,,
10669,Hilary Benn,,hilarybennmp,Labour,labour,Leeds Central,House of Commons,53,,,http://yournextmp.popit.mysociety.org/persons/738/image/55351f21b247335574a42e7d,
10164,Hilton Dawson,,,Labour,labour,Lancaster and Wyre,House of Commons,53,,,,
10201,Howard Flight,,,Conservative,conservative,Arundel and South Downs,House of Commons,53,,2005-03-24,,
10201,Howard Flight,,,Independent,independent,Arundel and South Downs,House of Commons,53,2005-03-25,,,
10571,Howard Stoate,,,Labour,labour,Dartford,House of Commons,53,,,,
10029,Hugh Bayley,,,Labour,labour,City of York,House of Commons,53,,,,
11190,Hugh Robertson,,,Conservative,conservative,Faversham and Mid Kent,House of Commons,53,,,,
11265,Hugo Swire,,HugoSwire,Conservative,conservative,East Devon,House of Commons,53,,,http://yournextmp.popit.mysociety.org/persons/194/image/5524a5fdf0e9e2c82406ebc5,
10409,Humfrey Malins,,,Conservative,conservative,Woking,House of Commons,53,,,,
10184,Huw Edwards,,,Labour,labour,Monmouth,House of Commons,53,,,,
11347,Huw Irranca-Davies,,irrancadaviesmp,Labour,labour,Ogmore,House of Commons,53,2002-02-14,,http://yournextmp.popit.mysociety.org/persons/1026/image/553aa7ff78c2688c57905d0a,
10900,Hywel Francis,,,Labour,labour,Aberavon,House of Commons,53,,,,
11323,Hywel Williams,,HywelPlaidCymru,Plaid Cymru,plaid-cymru,Caernarfon,House of Commons,53,,,http://yournextmp.popit.mysociety.org/persons/2286/image/54b837fe7089b96b50247a2d,
10124,Iain Coleman,,,Labour,labour,Hammersmith and Fulham,House of Commons,53,,,,
10180,Iain Duncan Smith,,,Conservative,conservative,Chingford and Woodford Green,House of Commons,53,,,http://yournextmp.popit.mysociety.org/persons/308/image/55249f84f0e9e2c82406eba7,
11059,Iain Luke,,,Labour,labour,Dundee East,House of Commons,53,,,,
11362,Iain Wright,,IainWrightMP,Labour,labour,Hartlepool,House of Commons,53,2004-09-30,,http://yournextmp.popit.mysociety.org/persons/1137/image/5534e362b247335574a42e13,
10097,Ian Cawsey,,,Labour,labour,Brigg and Goole,House of Commons,53,,,,
10157,Ian Davidson,,,Labour/Co-operative,labourco-operative,Glasgow Pollok,House of Commons,53,,,,
10226,Ian Gibson,,,Labour,labour,Norwich North,House of Commons,53,,,,
11048,Ian Liddell-Grainger,,,Conservative,conservative,Bridgwater,House of Commons,53,,,http://yournextmp.popit.mysociety.org/persons/1759/image/552258c0328bff5d39338a5f,
11057,Ian Lucas,,IanCLucas,Labour,labour,Wrexham,House of Commons,53,,,http://yournextmp.popit.mysociety.org/persons/2943/image/5502459bb25fe86024ab4602,
10379,Ian McCartney,,,Labour,labour,Makerfield,House of Commons,53,,,,
10471,Ian Paisley,,,DUP,dup,North Antrim,House of Commons,53,,,,
10474,Ian Pearson,,,Labour,labour,Dudley South,House of Commons,53,,,,
10569,Ian Stewart,,,Labour,labour,Eccles,House of Commons,53,,,,
10587,Ian Taylor,,,Conservative,conservative,Esher and Walton,House of Commons,53,,,,
10003,Irene Adams,,,Labour,labour,Paisley North,House of Commons,53,,,,
11194,Iris Robinson,,,DUP,dup,Strangford,House of Commons,53,,,,
10273,Ivan Henderson,,,Labour,labour,Harwich,House of Commons,53,,,,
10357,Ivan Lewis,,IvanLewis_MP,Labour,labour,Bury South,House of Commons,53,,,http://yournextmp.popit.mysociety.org/persons/3904/image/55356f8e367dc5383f552cbb,
10093,Ivor Caplin,,,Labour,labour,Hove,House of Commons,53,,,,
10146,Jack Cunningham,,,Labour,labour,Copeland,House of Commons,53,,,,
10574,Jack Straw,,,Labour,labour,Blackburn,House of Commons,53,,,,
10350,Jackie Lawrence,,,Labour,labour,Preseli Pembrokeshire,House of Commons,53,,,,
10662,Jacqui Lait,,,Conservative,conservative,Beckenham,House of Commons,53,,,,
10549,Jacqui Smith,,,Labour,labour,Redditch,House of Commons,53,,,,
10013,James Arbuthnot,,,Conservative,conservative,North East Hampshire,House of Commons,53,,,,
10106,James Clappison,,,Conservative,conservative,Hertsmere,House of Commons,53,,,,
10139,James Cran,,,Conservative,conservative,Beverley and Holderness,House of Commons,53,,,,
10240,James Gray,,JamesGray4MP,Conservative,conservative,North Wiltshire,House of Commons,53,,,http://yournextmp.popit.mysociety.org/persons/3271/image/55043c451b7be75c206f17da,
10470,James Paice,,,Conservative,conservative,South East Cambridgeshire,House of Commons,53,,,,
10480,James Plaskitt,,,Labour,labour,Warwick and Leamington,House of Commons,53,,,,
11176,James Purnell,,,Labour,labour,Stalybridge and Hyde,House of Commons,53,,,,
10092,Jamie Cann,,,Labour,labour,Ipswich,House of Commons,53,,2001-10-15,,
10244,Jane Griffiths,,,Labour,labour,Reading East,House of Commons,53,,,,
10335,Jane Kennedy,,,Labour,labour,"Liverpool, Wavertree",House of Commons,53,,,,
10012,Janet Anderson,,,Labour,labour,Rossendale and Darwen,House of Commons,53,,,,
10166,Janet Dean,,,Labour,labour,Burton,House of Commons,53,,,,
10135,Jean Corston,,,Labour,labour,Bristol East,House of Commons,53,,,,
10188,Jeff Ennis,,,Labour,labour,Barnsley East and Mexborough,House of Commons,53,,,,
10172,Jeffrey M. Donaldson,,j_donaldson_mp,UUP,uup,Lagan Valley,House of Commons,53,,2003-06-22,http://yournextmp.popit.mysociety.org/persons/1858/image/553c9c8242c427035c8db3ed,
10172,Jeffrey M. Donaldson,,j_donaldson_mp,Independent Ulster Unionist,independent-ulster-unionist,Lagan Valley,House of Commons,53,2003-06-23,2004-01-04,http://yournextmp.popit.mysociety.org/persons/1858/image/553c9c8242c427035c8db3ed,
10172,Jeffrey M. Donaldson,,j_donaldson_mp,DUP,dup,Lagan Valley,House of Commons,53,2004-01-05,,http://yournextmp.popit.mysociety.org/persons/1858/image/553c9c8242c427035c8db3ed,
10599,Jenny Tonge,,,Liberal Democrat,liberal-democrat,Richmond Park,House of Commons,53,,,,
10133,Jeremy Corbyn,,jeremycorbyn,Labour,labour,Islington North,House of Commons,53,,,http://yournextmp.popit.mysociety.org/persons/1120/image/5520077d4dbf5aa077451a35,
10137,Jim Cousins,,,Labour,labour,Newcastle upon Tyne Central,House of Commons,53,,,,
10147,Jim Cunningham,,,Labour,labour,Coventry South,House of Commons,53,,,,
10170,Jim Dobbin,,,Labour/Co-operative,labourco-operative,Heywood and Middleton,House of Commons,53,,,,
10176,Jim Dowd,,,Labour,labour,Lewisham West,House of Commons,53,,,http://yournextmp.popit.mysociety.org/persons/1882/image/553f6e699992abe203c137cd,
10199,Jim Fitzpatrick,,FitzMP,Labour,labour,Poplar and Canning Town,House of Commons,53,,,http://yournextmp.popit.mysociety.org/persons/2884/image/5514077cf01a3050636d1ac0,
11027,Jim Knight,,,Labour,labour,South Dorset,House of Commons,53,,,,
10418,Jim Marshall,,,Labour,labour,Leicester South,House of Commons,53,,2004-05-27,,
10453,Jim Murphy,,,Labour,labour,East Renfrewshire,House of Commons,53,,,,
11221,Jim Sheridan,,,Labour,labour,West Renfrewshire,House of Commons,53,,,,
10285,Jimmy Hood,,,Labour,labour,Clydesdale,House of Commons,53,,,,
10654,Jimmy Wray,,,Labour,labour,Glasgow Baillieston,House of Commons,53,,,,
10299,Joan Humble,,,Labour,labour,Blackpool North and Fleetwood,House of Commons,53,,,,
10519,Joan Ruddock,,,Labour,labour,"Lewisham, Deptford",House of Commons,53,,,,
10523,Joan Ryan,,joanryanEnfield,Labour,labour,Enfield North,House of Commons,53,,,http://yournextmp.popit.mysociety.org/persons/2104/image/5481e7fab150e238702c058e,
10619,Joan Walley,,,Labour,labour,Stoke-on-Trent North,House of Commons,53,,,,
10039,Joe Benton,,,Labour,labour,Bootle,House of Commons,53,,,,
10021,John Austin,,,Labour,labour,Erith and Thamesmead,House of Commons,53,,,,
10715,John Baron,,,Conservative,conservative,Billericay,House of Commons,53,,,http://yournextmp.popit.mysociety.org/persons/2580/image/551b391c13eb34c82843cb57,
10716,John Barrett,,,Liberal Democrat,liberal-democrat,Edinburgh West,House of Commons,53,,,,
10028,John Battle,,,Labour,labour,Leeds West,House of Commons,53,,,,
10040,John Bercow,,MrSpeakerUK,Conservative,conservative,Buckingham,House of Commons,53,,,http://yournextmp.popit.mysociety.org/persons/357/image/54bb1a51cb19ebca71e2af82,
10078,John Burnett,,,Liberal Democrat,liberal-democrat,Torridge and West Devon,House of Commons,53,,,,
10082,John Butterfill,,,Conservative,conservative,Bournemouth West,House of Commons,53,,,,
10143,John Cryer,,JCryerLandW,Labour,labour,Hornchurch,House of Commons,53,,,http://yournextmp.popit.mysociety.org/persons/3601/image/55351f6eb247335574a42e7f,
10144,John Cummings,,,Labour,labour,Easington,House of Commons,53,,,,
10167,John Denham,,,Labour,labour,"Southampton, Itchen",House of Commons,53,,,,
10242,John Greenway,,,Conservative,conservative,Ryedale,House of Commons,53,,,,
10248,John Grogan,,,Labour,labour,Selby,House of Commons,53,,,,
10249,John Gummer,,,Conservative,conservative,Suffolk Coastal,House of Commons,53,,,,
10265,John Hayes,,,Conservative,conservative,South Holland and The Deepings,House of Commons,53,,,http://yournextmp.popit.mysociety.org/persons/3445/image/55357097367dc5383f552cc1,
10268,John Healey,,JohnHealey_MP,Labour,labour,Wentworth,House of Commons,53,,,http://yournextmp.popit.mysociety.org/persons/3361/image/55350cafb247335574a42e6a,
10275,John Heppell,,,Labour,labour,Nottingham East,House of Commons,53,,,,
10289,John Horam,,,Conservative,conservative,Orpington,House of Commons,53,,,,
10300,John Hume,,,Social Democratic and Labour Party,social-democratic-and-labour-party,Foyle,House of Commons,53,,,,
10303,John Hutton,,,Labour,labour,Barrow and Furness,House of Commons,53,,,,
11060,John Lyons,,,Labour,labour,Strathkelvin and Bearsden,House of Commons,53,,,,
11068,John MacDougall,,,Labour,labour,Central Fife,House of Commons,53,,,,
11093,John Mann,,JohnMannMP,Labour,labour,Bassetlaw,House of Commons,53,,,http://yournextmp.popit.mysociety.org/persons/3654/image/55356c4f367dc5383f552cae,
10413,John Maples,,,Conservative,conservative,Stratford-on-Avon,House of Commons,53,,,,
10383,John Martin McDonnell,,johnmcdonnellMP,Labour,labour,Hayes and Harlington,House of Commons,53,,,http://yournextmp.popit.mysociety.org/persons/1860/image/55356e59367dc5383f552cb1,
10384,John McFall,,,Labour/Co-operative,labourco-operative,Dumbarton,House of Commons,53,,,,
10404,John McWilliam,,,Labour,labour,Blaydon,House of Commons,53,,,,
10488,John Prescott,,,Labour,labour,Kingston upon Hull East,House of Commons,53,,,,
11174,John Pugh,,johnpughmp,Liberal Democrat,liberal-democrat,Southport,House of Commons,53,,,http://yournextmp.popit.mysociety.org/persons/2232/image/553576a1367dc5383f552cea,
10660,John Randall,,,Conservative,conservative,Uxbridge,House of Commons,53,,,,
10499,John Redwood,,johnredwood,Conservative,conservative,Wokingham,House of Commons,53,,,http://yournextmp.popit.mysociety.org/persons/1611/image/553baaa0a8c0192f732ca8d0,
10501,John Reid,,,Labour,labour,Hamilton North and Bellshill,House of Commons,53,,,,
10684,John Robertson,,,Labour,labour,Glasgow Anniesland,House of Commons,53,,,,
10550,John Smith,,,Labour,labour,Vale of Glamorgan,House of Commons,53,,,,
10558,John Spellar,,spellar,Labour,labour,Warley,House of Commons,53,,,http://yournextmp.popit.mysociety.org/persons/3777/image/5534f421b247335574a42e29,
10563,John Stanley,,,Conservative,conservative,Tonbridge and Malling,House of Commons,53,,,,
10588,John Taylor,,,Conservative,conservative,Solihull,House of Commons,53,,,,
11280,John Thurso,,,Liberal Democrat,liberal-democrat,"Caithness, Sutherland and Easter Ross",House of Commons,53,,,,
10632,John Whittingdale,,JWhittingdale,Conservative,conservative,Maldon and East Chelmsford,House of Commons,53,,,http://yournextmp.popit.mysociety.org/persons/765/image/5548f70184e9778b52be3985,
10636,John Wilkinson,,,Conservative,conservative,Ruislip - Northwood,House of Commons,53,,,,
10828,Jon Cruddas,,JonCruddas_1,Labour,labour,Dagenham,House of Commons,53,,,http://yournextmp.popit.mysociety.org/persons/288/image/55322a1c29c5d53959d9e445,
10322,Jon Owen Jones,,,Labour/Co-operative,labourco-operative,Cardiff Central,House of Commons,53,,,,
10604,Jon Trickett,,jon_trickett,Labour,labour,Hemsworth,House of Commons,53,,,http://yournextmp.popit.mysociety.org/persons/456/image/553bd1b8b9c95afe74c5d33e,
10854,Jonathan Djanogly,,JDjanogly,Conservative,conservative,Huntingdon,House of Commons,53,,,http://yournextmp.popit.mysociety.org/persons/1910/image/55356ee4367dc5383f552cb5,
10533,Jonathan R Shaw,,,Labour,labour,Chatham and Aylesford,House of Commons,53,,,,
10531,Jonathan Sayeed,,,Conservative,conservative,Mid Bedfordshire,House of Commons,53,,2005-02-02,,
10531,Jonathan Sayeed,,,Independent,independent,Mid Bedfordshire,House of Commons,53,2005-02-03,,,
10493,Joyce Quin,,,Labour,labour,Gateshead East and Washington West,House of Commons,53,,,,
10410,Judy Mallaber,,,Labour,labour,Amber Valley,House of Commons,53,,,,
10178,Julia Drown,,,Labour,labour,South Swindon,House of Commons,53,,,,
10065,Julian Brazier,,,Conservative,conservative,Canterbury,House of Commons,53,,,http://yournextmp.popit.mysociety.org/persons/42/image/5524a2d2f0e9e2c82406ebb7,
10358,Julian Lewis,,,Conservative,conservative,New Forest East,House of Commons,53,,,http://yournextmp.popit.mysociety.org/persons/2872/image/55474e766e3a2a7d5402b56b,
10344,Julie Kirkbride,,,Conservative,conservative,Bromsgrove,House of Commons,53,,,,
10442,Julie Morgan,,,Labour,labour,Cardiff North,House of Commons,53,,,,
10448,Kali Mountford,,,Labour,labour,Colne Valley,House of Commons,53,,,,
10075,Karen Buck,,karenpbuckmp,Labour,labour,Regent's Park and Kensington North,House of Commons,53,,,http://yournextmp.popit.mysociety.org/persons/1311/image/5502a94a4a4c7d71797616b8,
10282,Kate Hoey,,KateHoeyMP,Labour,labour,Vauxhall,House of Commons,53,,,http://yournextmp.popit.mysociety.org/persons/2914/image/55321d5029c5d53959d9e442,
10059,Keith Bradley,,,Labour,labour,"Manchester, Withington",House of Commons,53,,,,
10279,Keith Hill,,,Labour,labour,Streatham,House of Commons,53,,,,
10542,Keith Simpson,,KeithSimpsonMP,Conservative,conservative,Mid Norfolk,House of Commons,53,,,http://yournextmp.popit.mysociety.org/persons/1807/image/5522588d328bff5d39338a5d,
10614,Keith Vaz,,Keith_Vaz,Labour,labour,Leicester East,House of Commons,53,,,http://yournextmp.popit.mysociety.org/persons/427/image/553c9bd7e22f98bc5d30fa61,
10288,Kelvin Hopkins,,,Labour,labour,Luton North,House of Commons,53,,,,
10492,Ken Purchase,,,Labour/Co-operative,labourco-operative,Wolverhampton North East,House of Commons,53,,,,
10115,Kenneth Clarke,,,Conservative,conservative,Rushcliffe,House of Commons,53,,,http://yournextmp.popit.mysociety.org/persons/3609/image/551cea82209513973bc512cd,
10481,Kerry Pollard,,,Labour,labour,St Albans,House of Commons,53,,,,
11003,Kevan Jones,,kevanjonesmp,Labour,labour,North Durham,House of Commons,53,,,http://yournextmp.popit.mysociety.org/persons/4025/image/553a4d6bb184a22377b6cc8a,
10027,Kevin Barron,,KevinBarronMP,Labour,labour,Rother Valley,House of Commons,53,,,http://yournextmp.popit.mysociety.org/persons/3080/image/55351ff1b247335574a42e82,
10753,Kevin Brennan,,KevinBrennanMP,Labour,labour,Cardiff West,House of Commons,53,,,http://yournextmp.popit.mysociety.org/persons/2628/image/55357476367dc5383f552cdd,
10297,Kevin Hughes,,,Labour,labour,Doncaster North,House of Commons,53,,,,
10399,Kevin McNamara,,,Labour,labour,Kingston upon Hull North,House of Commons,53,,,,
11087,Khalid Mahmood,,khalid4PB,Labour,labour,"Birmingham, Perry Barr",House of Commons,53,,,http://yournextmp.popit.mysociety.org/persons/3367/image/553bbb94a51642637514d646,
10294,Kim Howells,,,Labour,labour,Pontypridd,House of Commons,53,,,,
10437,Laura Moffatt,,,Labour,labour,Crawley,House of Commons,53,,,,
10505,Laurence Robertson,,lau_robertson01,Conservative,conservative,Tewkesbury,House of Commons,53,,,http://yournextmp.popit.mysociety.org/persons/1900/image/553ad03c2a71a35a6e8a5d2d,
10494,Lawrie Quinn,,,Labour,labour,Scarborough and Whitby,House of Commons,53,,,,
10465,Lembit Öpik,,,Liberal Democrat,liberal-democrat,Montgomeryshire,House of Commons,53,,,,
10438,Lewis Moonie,,,Labour/Co-operative,labourco-operative,Kirkcaldy,House of Commons,53,,,,
11360,Liam Byrne,,liambyrnemp,Labour,labour,"Birmingham, Hodge Hill",House of Commons,53,2004-07-15,,http://yournextmp.popit.mysociety.org/persons/3962/image/553b88b77b9de399275bb494,
10213,Liam Fox,,LiamFoxMP,Conservative,conservative,Woodspring,House of Commons,53,,,http://yournextmp.popit.mysociety.org/persons/451/image/5535060fb247335574a42e5d,
10229,Linda Gilroy,,,Labour/Co-operative,labourco-operative,"Plymouth, Sutton",House of Commons,53,,,,
10476,Linda Perham,,,Labour,labour,Ilford North,House of Commons,53,,,,
10295,Lindsay Hoyle,,LindsayHoyle_MP,Labour,labour,Chorley,House of Commons,53,,,http://yournextmp.popit.mysociety.org/persons/595/image/553ab62c78c2688c57905d10,
10046,Liz Blackman,,,Labour,labour,Erewash,House of Commons,53,,,,
10551,Llew Smith,,,Labour,labour,Blaenau Gwent,House of Commons,53,,,,
10200,Lorna Fitzsimons,,,Labour,labour,Rochdale,House of Commons,53,,,,
10186,Louise Ellman,,louiseellman,Labour/Co-operative,labourco-operative,"Liverpool, Riverside",House of Commons,53,,,http://yournextmp.popit.mysociety.org/persons/2159/image/5518386d249b917507bee56a,
10110,Lynda Clark,,,Labour,labour,Edinburgh Pentlands,House of Commons,53,,,,
10323,Lynne Jones,,,Labour,labour,"Birmingham, Selly Oak",House of Commons,53,,,,
10074,Malcolm Bruce,,,Liberal Democrat,liberal-democrat,Gordon,House of Commons,53,,,,
10447,Malcolm Moss,,,Conservative,conservative,North East Cambridgeshire,House of Commons,53,,,,
10529,Malcolm Savidge,,,Labour,labour,Aberdeen North,House of Commons,53,,,,
10633,Malcolm Wicks,,,Labour,labour,Croydon North,House of Commons,53,,,,
10031,Margaret Beckett,,,Labour,labour,Derby South,House of Commons,53,,,http://yournextmp.popit.mysociety.org/persons/3393/image/552edf0c42862f047e51ccb3,
10281,Margaret Hodge,,margarethodge,Labour,labour,Barking,House of Commons,53,,,http://yournextmp.popit.mysociety.org/persons/807/image/551b38d613eb34c82843cb54,
10440,Margaret Moran,,,Labour,labour,Luton South,House of Commons,53,,,,
10183,Maria Eagle,,meaglemp,Labour,labour,"Liverpool, Garston",House of Commons,53,,,http://yournextmp.popit.mysociety.org/persons/2234/image/5534f3f5b247335574a42e28,
10509,Marion Roe,,,Conservative,conservative,Broxbourne,House of Commons,53,,,,
10884,Mark Field,,MarkFieldMP,Conservative,conservative,Cities of London and Westminster,House of Commons,53,,,http://yournextmp.popit.mysociety.org/persons/600/image/55225b4f328bff5d39338a6c,
10198,Mark Fisher,,,Labour,labour,Stoke-on-Trent Central,House of Commons,53,,,,
10901,Mark Francois,,,Conservative,conservative,Rayleigh,House of Commons,53,,,http://yournextmp.popit.mysociety.org/persons/449/image/5534e3b3b247335574a42e15,
10682,Mark Hendrick,,mphendrick,Labour/Co-operative,labourco-operative,Preston,House of Commons,53,,,http://yournextmp.popit.mysociety.org/persons/3878/image/55351c97b247335574a42e78,
10964,Mark Hoban,,,Conservative,conservative,Fareham,House of Commons,53,,,,
11038,Mark Lazarowicz,,,Labour/Co-operative,labourco-operative,Edinburgh North and Leith,House of Commons,53,,,,
10459,Mark Oaten,,,Liberal Democrat,liberal-democrat,Winchester,House of Commons,53,,,,
11172,Mark Prisk,,PriskMark,Conservative,conservative,Hertford and Stortford,House of Commons,53,,,http://yournextmp.popit.mysociety.org/persons/3199/image/5532d9a329c5d53959d9e46f,
11224,Mark Simmonds,,,Conservative,conservative,Boston and Skegness,House of Commons,53,,,,
11267,Mark Tami,,MarkTamiMP,Labour,labour,Alyn and Deeside,House of Commons,53,,,http://yournextmp.popit.mysociety.org/persons/688/image/550e99769253711a232cfb93,
10598,Mark Todd,,,Labour,labour,South Derbyshire,House of Commons,53,,,,
10543,Marsha Singh,,,Labour,labour,Bradford West,House of Commons,53,,,,
10096,Martin Caton,,,Labour,labour,Gower,House of Commons,53,,,,
10363,Martin Linton,,,Labour,labour,Battersea,House of Commons,53,,,,
10387,Martin McGuinness,,,Sinn Féin,sinn-fein,Mid Ulster,House of Commons,53,,,,
10464,Martin O'Neill,,,Labour,labour,Ochil,House of Commons,53,,,,
10526,Martin Salter,,,Labour,labour,Reading West,House of Commons,53,,,,
10553,Martin Smyth,,,UUP,uup,Belfast South,House of Commons,53,,2003-06-22,,
10553,Martin Smyth,,,Independent Ulster Unionist,independent-ulster-unionist,Belfast South,House of Commons,53,2003-06-23,2004-01-08,,
10553,Martin Smyth,,,UUP,uup,Belfast South,House of Commons,53,2004-01-09,,,
10324,Martyn Jones,,,Labour,labour,Clwyd South,House of Commons,53,,,,
10922,Matthew Green,,,Liberal Democrat,liberal-democrat,Ludlow,House of Commons,53,,,,
10590,Matthew Taylor,,,Liberal Democrat,liberal-democrat,Truro and St Austell,House of Commons,53,,,,
11128,Meg Munn,,,Labour/Co-operative,labourco-operative,"Sheffield, Heeley",House of Commons,53,,,,
10315,Melanie Johnson,,,Labour,labour,Welwyn Hatfield,House of Commons,53,,,,
10088,Menzies Campbell,,,Liberal Democrat,liberal-democrat,North East Fife,House of Commons,53,,,,
10010,Michael Ancram,,,Conservative,conservative,Devizes,House of Commons,53,,,,
10105,Michael Clapham,,,Labour,labour,Barnsley West and Penistone,House of Commons,53,,,,
10128,Michael Connarty,,,Labour,labour,Falkirk East,House of Commons,53,,,,
10193,Michael Fabricant,,Mike_Fabricant,Conservative,conservative,Lichfield,House of Commons,53,,,http://yournextmp.popit.mysociety.org/persons/455/image/55350639b247335574a42e5e,
10194,Michael Fallon,,,Conservative,conservative,Sevenoaks,House of Commons,53,,,http://yournextmp.popit.mysociety.org/persons/2832/image/553500c3b247335574a42e4d,
10209,Michael Foster,,,Labour,labour,Worcester,House of Commons,53,,,,
10290,Michael Howard,,,Conservative,conservative,Folkestone and Hythe,House of Commons,53,,,,
10210,Michael Jabez Foster,,,Labour,labour,Hastings and Rye,House of Commons,53,,,,
10307,Michael Jack,,,Conservative,conservative,Fylde,House of Commons,53,,,,
10370,Michael Lord,,,Deputy Speaker,deputy-speaker,Central Suffolk and North Ipswich,House of Commons,53,,,,
10420,Michael Martin,,,Speaker,speaker,Glasgow Springburn,House of Commons,53,,,,
10422,Michael Mates,,,Conservative,conservative,East Hampshire,House of Commons,53,,,,
10427,Michael Meacher,,michaelmeacher,Labour,labour,Oldham West and Royton,House of Commons,53,,,http://yournextmp.popit.mysociety.org/persons/2202/image/55350989b247335574a42e64,
10439,Michael Moore,,,Liberal Democrat,liberal-democrat,"Tweeddale, Ettrick and Lauderdale",House of Commons,53,,,,
10673,Michael Portillo,,,Conservative,conservative,Kensington and Chelsea,House of Commons,53,,,,
10560,Michael Spicer,,,Conservative,conservative,West Worcestershire,House of Commons,53,,,,
10603,Michael Trend,,,Conservative,conservative,Windsor,House of Commons,53,,,,
11312,Michael Weir,,mikeweirsnp,Scottish National Party,scottish-national-party,Angus,House of Commons,53,,,http://yournextmp.popit.mysociety.org/persons/2288/image/54f423301be737cc3e2afa58,
10642,Michael Wills,,,Labour,labour,North Swindon,House of Commons,53,,,,
10913,Michelle Gildernew,,,Sinn Féin,sinn-fein,Fermanagh and South Tyrone,House of Commons,53,,,,
10219,Mike Gapes,,MikeGapes,Labour/Co-operative,labourco-operative,Ilford South,House of Commons,53,,,http://upload.wikimedia.org/wikipedia/commons/thumb/1/1c/Mike_Gapes_MP.JPG/1920px-Mike_Gapes_MP.JPG,
10253,Mike Hall,,,Labour,labour,Weaver Vale,House of Commons,53,,,,
10258,Mike Hancock,,,Liberal Democrat,liberal-democrat,Portsmouth South,House of Commons,53,,,,
10461,Mike O'Brien,,,Labour,labour,North Warwickshire,House of Commons,53,,,,
10650,Mike Wood,,,Labour,labour,Batley and Spen,House of Commons,53,,,,
10528,Mohammad Sarwar,,,Labour,labour,Glasgow Govan,House of Commons,53,,,,
10224,Neil Gerrard,,,Labour,labour,Walthamstow,House of Commons,53,,,,
10672,Neil Turner,,,Labour,labour,Wigan,House of Commons,53,,,,
10555,Nicholas Soames,,nsoamesmp,Conservative,conservative,Mid Sussex,House of Commons,53,,,http://yournextmp.popit.mysociety.org/persons/4071/image/553570ff367dc5383f552cc3,
10647,Nicholas Winterton,,,Conservative,conservative,Macclesfield,House of Commons,53,,,,
10004,Nick Ainger,,,Labour,labour,Carmarthen West and South Pembrokeshire,House of Commons,53,,,,
10069,Nick Brown,,,Labour,labour,Newcastle upon Tyne East and Wallsend,House of Commons,53,,,,
10225,Nick Gibb,,NickGibbMP,Conservative,conservative,Bognor Regis and Littlehampton,House of Commons,53,,,http://yournextmp.popit.mysociety.org/persons/918/image/55225b7b328bff5d39338a6e,
10262,Nick Harvey,,,Liberal Democrat,liberal-democrat,North Devon,House of Commons,53,,,,
10264,Nick Hawkins,,,Conservative,conservative,Surrey Heath,House of Commons,53,,,,
10472,Nick Palmer,,,Labour,labour,Broxtowe,House of Commons,53,,,,
10498,Nick Raynsford,,,Labour,labour,Greenwich and Woolwich,House of Commons,53,,,,
10030,Nigel Beard,,,Labour,labour,Bexleyheath and Crayford,House of Commons,53,,,,
10857,Nigel Dodds,,NigelDoddsDUP,DUP,dup,Belfast North,House of Commons,53,,,http://yournextmp.popit.mysociety.org/persons/2140/image/55322f2229c5d53959d9e44e,
10190,Nigel Evans,,ElectNigel,Conservative,conservative,Ribble Valley,House of Commons,53,,,http://yournextmp.popit.mysociety.org/persons/499/image/55158e5b4fb3d15c51926db9,
10245,Nigel Griffiths,,,Labour,labour,Edinburgh South,House of Commons,53,,,,
10325,Nigel Jones,,,Liberal Democrat,liberal-democrat,Cheltenham,House of Commons,53,,,,
10624,Nigel Waterson,,,Conservative,conservative,Eastbourne,House of Commons,53,,,,
10022,Norman Baker,,,Liberal Democrat,liberal-democrat,Lewes,House of Commons,53,,,,
11032,Norman Lamb,,normanlamb,Liberal Democrat,liberal-democrat,North Norfolk,House of Commons,53,,,http://yournextmp.popit.mysociety.org/persons/643/image/5481e932b150e238702c0642,
10267,Oliver Heald,,OliverHeald2015,Conservative,conservative,North East Hertfordshire,House of Commons,53,,,http://yournextmp.popit.mysociety.org/persons/3446/image/553ba67db9c95afe74c5d32c,
10355,Oliver Letwin,,OliverLetwinMP,Conservative,conservative,West Dorset,House of Commons,53,,,http://yournextmp.popit.mysociety.org/persons/2256/image/55322f0029c5d53959d9e44d,
10341,Oona King,,,Labour,labour,Bethnal Green and Bow,House of Commons,53,,,,
10473,Owen Paterson,,Owen_PatersonMP,Conservative,conservative,North Shropshire,House of Commons,53,,,http://yournextmp.popit.mysociety.org/persons/1325/image/55350c2ab247335574a42e69,
10597,Paddy Tipping,,,Labour,labour,Sherwood,House of Commons,53,,,,
10852,Parmjit Dhanda,,,Labour,labour,Gloucester,House of Commons,53,,,,
11361,Parmjit Gill,,,Liberal Democrat,liberal-democrat,Leicester South,House of Commons,53,2004-07-15,,,
10858,Pat Doherty,,PatDohertyMP,Sinn Féin,sinn-fein,West Tyrone,House of Commons,53,,,http://yournextmp.popit.mysociety.org/persons/2136/image/55357278367dc5383f552cd0,
10278,Patricia Hewitt,,,Labour,labour,Leicester West,House of Commons,53,,,,
10134,Patrick Cormack,,,Conservative,conservative,South Staffordshire,House of Commons,53,,,,
10254,Patrick Hall,,,Labour,labour,Bedford,House of Commons,53,,,,
10397,Patrick McLoughlin,,Patrick4Dales,Conservative,conservative,West Derbyshire,House of Commons,53,,,http://yournextmp.popit.mysociety.org/persons/2213/image/5524a6e7f0e9e2c82406ebcf,
11109,Patrick Mercer,,,Conservative,conservative,Newark,House of Commons,53,,,,
10776,Patsy Calton,,,Liberal Democrat,liberal-democrat,Cheadle,House of Commons,53,,,,
10041,Paul Beresford,,PaulBeresfordMP,Conservative,conservative,Mole Valley,House of Commons,53,,,http://yournextmp.popit.mysociety.org/persons/3051/image/553bae0ca51642637514d63c,
10052,Paul Boateng,,,Labour,labour,Brent South,House of Commons,53,,,,
10080,Paul Burstow,,,Liberal Democrat,liberal-democrat,Sutton and Cheam,House of Commons,53,,,,
10112,Paul Clark,,,Labour,labour,Gillingham,House of Commons,53,,,,
10837,Paul Daisley,,,Labour,labour,Brent East,House of Commons,53,,2003-06-18,,
10882,Paul Farrelly,,,Labour,labour,Newcastle-under-Lyme,House of Commons,53,,,http://yournextmp.popit.mysociety.org/persons/2041/image/55350176b247335574a42e52,
10203,Paul Flynn,,PaulFlynnMP,Labour,labour,Newport West,House of Commons,53,,,http://yournextmp.popit.mysociety.org/persons/4024/image/553a4d537940863c767fde30,
10232,Paul Goggins,,,Labour,labour,Wythenshawe and Sale East,House of Commons,53,,,,
10918,Paul Goodman,,,Conservative,conservative,Wycombe,House of Commons,53,,,,
10968,Paul Holmes,,,Liberal Democrat,liberal-democrat,Chesterfield,House of Commons,53,,,,
10331,Paul Keetch,,,Liberal Democrat,liberal-democrat,Hereford,House of Commons,53,,,,
10416,Paul Marsden,,,Labour,labour,Shrewsbury and Atcham,House of Commons,53,,2001-12-09,,
10416,Paul Marsden,,,Liberal Democrat,liberal-democrat,Shrewsbury and Atcham,House of Commons,53,2001-12-10,2005-04-05,,
10416,Paul Marsden,,,Independent,independent,Shrewsbury and Atcham,House of Commons,53,2005-04-06,,,
10454,Paul Murphy,,,Labour,labour,Torfaen,House of Commons,53,,,,
10570,Paul Stinchcombe,,,Labour,labour,Wellingborough,House of Commons,53,,,,
10606,Paul Truswell,,,Labour,labour,Pudsey,House of Commons,53,,,,
10612,Paul Tyler,,,Liberal Democrat,liberal-democrat,North Cornwall,House of Commons,53,,,,
11333,Pete Wishart,,PeteWishart,Scottish National Party,scottish-national-party,North Tayside,House of Commons,53,,,http://yournextmp.popit.mysociety.org/persons/2419/image/54f423031be737cc3e2afa57,
10006,Peter Ainsworth,,,Conservative,conservative,East Surrey,House of Commons,53,,,,
10020,Peter Atkinson,,,Conservative,conservative,Hexham,House of Commons,53,,,,
10057,Peter Bottomley,,PBottomleyMP,Conservative,conservative,Worthing West,House of Commons,53,,,http://yournextmp.popit.mysociety.org/persons/1642/image/54c23e9b04fa01fd0c8356bf,
10060,Peter Bradley,,,Labour,labour,The Wrekin,House of Commons,53,,,,
10868,Peter Duncan,,,Conservative,conservative,Galloway and Upper Nithsdale,House of Commons,53,,,,
10252,Peter Hain,,,Labour,labour,Neath,House of Commons,53,,,,
10339,Peter Kilfoyle,,,Labour,labour,"Liverpool, Walton",House of Commons,53,,,,
10362,Peter Lilley,,LilleyPeter,Conservative,conservative,Hitchin and Harpenden,House of Commons,53,,,http://yournextmp.popit.mysociety.org/persons/645/image/553501dfb247335574a42e55,
10373,Peter Luff,,,Conservative,conservative,Mid Worcestershire,House of Commons,53,,,,
10412,Peter Mandelson,,,Labour,labour,Hartlepool,House of Commons,53,,2004-09-08,,
10479,Peter Pike,,,Labour,labour,Burnley,House of Commons,53,,,,
10507,Peter Robinson,,,DUP,dup,Belfast East,House of Commons,53,,,,
10583,Peter Tapsell,,,Conservative,conservative,Louth and Horncastle,House of Commons,53,,,,
10615,Peter Viggers,,,Conservative,conservative,Gosport,House of Commons,53,,,,
10287,Phil Hope,,,Labour/Co-operative,labourco-operative,Corby,House of Commons,53,,,,
10530,Phil Sawford,,,Labour,labour,Kettering,House of Commons,53,,,,
10641,Phil Willis,,,Liberal Democrat,liberal-democrat,Harrogate and Knaresborough,House of Commons,53,,,,
10652,Phil Woolas,,,Labour,labour,Oldham East and Saddleworth,House of Commons,53,,,,
10257,Philip Hammond,,PHammondMP,Conservative,conservative,Runnymede and Weybridge,House of Commons,53,,,http://yournextmp.popit.mysociety.org/persons/3734/image/552a7de25b858ee163ed6362,
10564,Phyllis Starkey,,,Labour,labour,Milton Keynes South West,House of Commons,53,,,,
10337,Piara S Khabra,,,Labour,labour,"Ealing, Southall",House of Commons,53,,,,
10160,Quentin Davies,,,Conservative,conservative,Grantham and Stamford,House of Commons,53,,,,
10562,Rachel Squire,,,Labour,labour,Dunfermline West,House of Commons,53,,,,
10485,Raymond Powell,,,Labour,labour,Ogmore,House of Commons,53,,2001-12-08,,
10007,Richard Allan,,,Liberal Democrat,liberal-democrat,"Sheffield, Hallam",House of Commons,53,,,,
10707,Richard Bacon,,Bacon4SNorfolk,Conservative,conservative,South Norfolk,House of Commons,53,,,http://yournextmp.popit.mysociety.org/persons/235/image/553b8ac381ca637726b503ab,
10076,Richard Burden,,RichardBurdenMP,Labour,labour,"Birmingham, Northfield",House of Commons,53,,,http://yournextmp.popit.mysociety.org/persons/3368/image/550c0ac83be3632f3135c9e0,
10085,Richard Caborn,,,Labour,labour,Sheffield Central,House of Commons,53,,,,
10468,Richard Ottaway,,,Conservative,conservative,Croydon South,House of Commons,53,,,,
10469,Richard Page,,,Conservative,conservative,South West Hertfordshire,House of Commons,53,,,,
10537,Richard Shepherd,,,Conservative,conservative,Aldridge-Brownhills,House of Commons,53,,,,
10561,Richard Spring,,,Conservative,conservative,West Suffolk,House of Commons,53,,,,
11275,Richard Taylor,,,Independent,independent,Wyre Forest,House of Commons,53,,,,
11345,Richard Younger-Ross,,,Liberal Democrat,liberal-democrat,Teignbridge,House of Commons,53,,,,
11095,Rob Marris,,WSW_Labour,Labour,labour,Wolverhampton South West,House of Commons,53,,,http://yournextmp.popit.mysociety.org/persons/3818/image/5481e8bab150e238702c05f3,
10310,Robert Jackson,,,Conservative,conservative,Wantage,House of Commons,53,,2005-01-15,,
10310,Robert Jackson,,,Labour,labour,Wantage,House of Commons,53,2005-01-16,,,
10336,Robert Key,,,Conservative,conservative,Salisbury,House of Commons,53,,,,
10419,Robert Marshall-Andrews,,,Labour,labour,Medway,House of Commons,53,,,,
10552,Robert Smith,,,Liberal Democrat,liberal-democrat,West Aberdeenshire and Kincardine,House of Commons,53,,,,
10582,Robert Syms,,robertsymsmp,Conservative,conservative,Poole,House of Commons,53,,,http://yournextmp.popit.mysociety.org/persons/193/image/55356e81367dc5383f552cb2,
10620,Robert Walter,,,Conservative,conservative,North Dorset,House of Commons,53,,,,
10623,Robert Wareing,,,Labour,labour,"Liverpool, West Derby",House of Commons,53,,,,
10130,Robin Cook,,,Labour,labour,Livingston,House of Commons,53,,,,
10043,Roger Berry,,,Labour,labour,Kingswood,House of Commons,53,,,,
10094,Roger Casale,,,Labour,labour,Wimbledon,House of Commons,53,,,,
10217,Roger Gale,,,Conservative,conservative,North Thanet,House of Commons,53,,,http://yournextmp.popit.mysociety.org/persons/995/image/5548f6ed84e9778b52be3984,
10231,Roger Godsiff,,RogerGodsiff,Labour,labour,"Birmingham, Sparkbrook and Small Heath",House of Commons,53,,,http://yournextmp.popit.mysociety.org/persons/3955/image/553c9bf242c427035c8db3ec,
11324,Roger Williams,,,Liberal Democrat,liberal-democrat,Brecon and Radnorshire,House of Commons,53,,,,
10089,Ronnie Campbell,,bvlabour,Labour,labour,Blyth Valley,House of Commons,53,,,http://yournextmp.popit.mysociety.org/persons/1185/image/553570db367dc5383f552cc2,
10392,Rosemary McKenna,,,Labour,labour,Cumbernauld and Kilsyth,House of Commons,53,,,,
10648,Rosie Winterton,,,Labour,labour,Doncaster Central,House of Commons,53,,,http://yournextmp.popit.mysociety.org/persons/1873/image/55350670b247335574a42e60,
10140,Ross Cranston,,,Labour,labour,Dudley North,House of Commons,53,,,,
10033,Roy Beggs,,,UUP,uup,East Antrim,House of Commons,53,,,,
10616,Rudi Vis,,,Labour,labour,Finchley and Golders Green,House of Commons,53,,,,
10070,Russell Brown,,,Labour,labour,Dumfries,House of Commons,53,,,,
10332,Ruth Kelly,,,Labour,labour,Bolton West,House of Commons,53,,,,
10328,Sally Keeble,,,Labour,labour,Northampton North,House of Commons,53,,,,
10677,Sandra Gidley,,,Liberal Democrat,liberal-democrat,Romsey,House of Commons,53,,,,
10467,Sandra Osborne,,,Labour,labour,Ayr,House of Commons,53,,,,
11350,Sarah Teather,,,Liberal Democrat,liberal-democrat,Brent East,House of Commons,53,2003-09-18,,,
10411,Seamus Mallon,,,Social Democratic and Labour Party,social-democratic-and-labour-party,Newry and Armagh,House of Commons,53,,,,
10651,Shaun Woodward,,,Labour,labour,St Helens South,House of Commons,53,,,,
10390,Shona McIsaac,,,Labour,labour,Cleethorpes,House of Commons,53,,,,
10079,Simon Burns,,,Conservative,conservative,West Chelmsford,House of Commons,53,,,http://yournextmp.popit.mysociety.org/persons/2555/image/5524a0a4f0e9e2c82406ebab,
10298,Simon Hughes,,,Liberal Democrat,liberal-democrat,North Southwark and Bermondsey,House of Commons,53,,,,
10675,Simon Thomas,,,Plaid Cymru,plaid-cymru,Ceredigion,House of Commons,53,,,,
10381,Siobhain McDonagh,,Siobhain_MP,Labour,labour,Mitcham and Morden,House of Commons,53,,,http://yournextmp.popit.mysociety.org/persons/3048/image/553c30790aa751ab25174175,
11225,Siôn Simon,,,Labour,labour,"Birmingham, Erdington",House of Commons,53,,,,
10083,Stephen Byers,,,Labour,labour,North Tyneside,House of Commons,53,,,,
10175,Stephen Dorrell,,,Conservative,conservative,Charnwood,House of Commons,53,,,,
10274,Stephen Hepburn,,jarrowstevemp,Labour,labour,Jarrow,House of Commons,53,,,http://yournextmp.popit.mysociety.org/persons/448/image/5534f901b247335574a42e3f,
10277,Stephen Hesford,,,Labour,labour,Wirral West,House of Commons,53,,,,
10347,Stephen Ladyman,,,Labour,labour,South Thanet,House of Commons,53,,,,
10670,Stephen O'Brien,,,Conservative,conservative,Eddisbury,House of Commons,53,,,,
10596,Stephen Timms,,stephenctimms,Labour,labour,East Ham,House of Commons,53,,,http://yournextmp.popit.mysociety.org/persons/983/image/55351f08b247335574a42e7c,
10611,Stephen Twigg,,StephenTwigg,Labour,labour,"Enfield, Southgate",House of Commons,53,,,http://yournextmp.popit.mysociety.org/persons/2469/image/553575d8367dc5383f552ce5,
10377,Steve McCabe,,steve_mccabe,Labour,labour,"Birmingham, Hall Green",House of Commons,53,,,http://yournextmp.popit.mysociety.org/persons/1230/image/5534da1f8a61d1a7175e0c4b,
10484,Steve Pound,,,Labour,labour,Ealing North,House of Commons,53,,,http://yournextmp.popit.mysociety.org/persons/2147/image/55322ed829c5d53959d9e44c,
10626,Steve Webb,,,Liberal Democrat,liberal-democrat,Northavon,House of Commons,53,,,,
10036,Stuart Bell,,,Labour,labour,Middlesbrough,House of Commons,53,,,,
10863,Sue Doughty,,,Liberal Democrat,liberal-democrat,Guildford,House of Commons,53,,,,
10497,Syd Rapson,,,Labour,labour,Portsmouth North,House of Commons,53,,,,
10099,Sydney Chapman,,,Conservative,conservative,Chipping Barnet,House of Commons,53,,,,
10266,Sylvia Heal,,,Deputy Speaker,deputy-speaker,Halesowen and Rowley Regis,House of Commons,53,,,,
10958,Sylvia Hermon,,,UUP,uup,North Down,House of Commons,53,,,http://yournextmp.popit.mysociety.org/persons/3877/image/5535761c367dc5383f552ce7,
10152,Tam Dalyell,,,Labour,labour,Linlithgow,House of Commons,53,,,,
10591,Teddy Taylor,,,Conservative,conservative,Rochford and Southend East,House of Commons,53,,,,
10163,Terry Davis,,,Labour,labour,"Birmingham, Hodge Hill",House of Commons,53,,2004-06-22,,
10359,Terry Lewis,,,Labour,labour,Worsley,House of Commons,53,,,,
10512,Terry Rooney,,,Labour,labour,Bradford North,House of Commons,53,,,,
10326,Tessa Jowell,,,Labour,labour,Dulwich and West Norwood,House of Commons,53,,,,
10426,Theresa May,,,Conservative,conservative,Maidenhead,House of Commons,53,,,http://yournextmp.popit.mysociety.org/persons/2811/image/553243d729c5d53959d9e46d,
10376,Thomas McAvoy,,,Labour/Co-operative,labourco-operative,Glasgow Rutherglen,House of Commons,53,,,,
10056,Tim Boswell,,,Conservative,conservative,Daventry,House of Commons,53,,,,
10125,Tim Collins,,,Conservative,conservative,Westmorland and Lonsdale,House of Commons,53,,,,
10371,Tim Loughton,,timloughton,Conservative,conservative,East Worthing and Shoreham,House of Commons,53,,,http://yournextmp.popit.mysociety.org/persons/2545/image/5524a576f0e9e2c82406ebc0,
10658,Tim Yeo,,,Conservative,conservative,South Suffolk,House of Commons,53,,,,
10063,Tom Brake,,thomasbrake,Liberal Democrat,liberal-democrat,Carshalton and Wallington,House of Commons,53,,,http://yournextmp.popit.mysociety.org/persons/3585/image/5481e8e3b150e238702c060f,
10116,Tom Clarke,,,Labour,labour,Coatbridge and Chryston,House of Commons,53,,,,
10138,Tom Cox,,,Labour,labour,Tooting,House of Commons,53,,,,
10941,Tom Harris,,,Labour,labour,Glasgow Cathcart,House of Commons,53,,,,
10356,Tom Levitt,,,Labour,labour,High Peak,House of Commons,53,,,,
11309,Tom Watson,,tom_watson,Labour,labour,West Bromwich East,House of Commons,53,,,http://yournextmp.popit.mysociety.org/persons/2252/image/553396c2bbbc92023d8a8625,
10023,Tony Baldry,,,Conservative,conservative,Banbury,House of Commons,53,,,,
10025,Tony Banks,,,Labour,labour,West Ham,House of Commons,53,,,,
10047,Tony Blair,,,Labour,labour,Sedgefield,House of Commons,53,,,,
10117,Tony Clarke,,,Labour,labour,Northampton South,House of Commons,53,,,,
10126,Tony Colman,,,Labour,labour,Putney,House of Commons,53,,,,
10834,Tony Cunningham,,,Labour,labour,Workington,House of Commons,53,,,,
10367,Tony Lloyd,,,Labour,labour,Manchester Central,House of Commons,53,,,,
10400,Tony McNulty,,,Labour,labour,Harrow East,House of Commons,53,,,,
10403,Tony McWalter,,,Labour/Co-operative,labourco-operative,Hemel Hempstead,House of Commons,53,,,,
10653,Tony Worthington,,,Labour,labour,Clydebank and Milngavie,House of Commons,53,,,,
10656,Tony Wright,,,Labour,labour,Cannock Chase,House of Commons,53,,,,
10156,Valerie Davey,,,Labour,labour,Bristol West,House of Commons,53,,,,
10709,Vera Baird,,,Labour,labour,Redcar,House of Commons,53,,,,
10121,Vernon Coaker,,Vernon_Coaker,Labour,labour,Gedling,House of Commons,53,,,http://yournextmp.popit.mysociety.org/persons/1272/image/553b8ce5a621e036281d5742,
10084,Vincent Cable,,,Liberal Democrat,liberal-democrat,Twickenham,House of Commons,53,,,,
10058,Virginia Bottomley,,,Conservative,conservative,South West Surrey,House of Commons,53,,,,
10842,Wayne David,,WayneDavid_MP,Labour,labour,Caerphilly,House of Commons,53,,,http://yournextmp.popit.mysociety.org/persons/3906/image/553bad3410284be476aae89c,
10251,William Hague,,,Conservative,conservative,Richmond (Yorks),House of Commons,53,,,,
10246,Win Griffiths,,,Labour,labour,Bridgend,House of Commons,53,,,,
10131,Yvette Cooper,,yvettecoopermp,Labour,labour,Pontefract and Castleford,House of Commons,53,,,http://yournextmp.popit.mysociety.org/persons/2607/image/55323efa29c5d53959d9e460,
