id,name,sort_name,email,twitter,facebook,group,group_id,area_id,area,chamber,term,start_date,end_date,image,gender
065aafb0-4272-42bb-ad7d-c33efa52d3a5,Abba Hushi,Abba Hushi,,,,Worker’s Party of Eretz Yisrael,worker’s_party_of_eretz_yisrael,,,Knesset,1,,1951-02-12,http://www.knesset.gov.il/mk/images/members/chushi_abba.jpg,male
3a1ed7a3-3800-4238-a402-f1b4ad875fbb,Ada Maimon,Ada Maimon,,,,Worker’s Party of Eretz Yisrael,worker’s_party_of_eretz_yisrael,,,Knesset,1,,,http://www.knesset.gov.il/mk/images/members/maimon_ada.jpg,female
c46145d7-019c-405f-aad4-f2b504afaf2f,Aharon Zisling,Aharon Zisling,,,,United Workers` Party,united_workers`_party,,,Knesset,1,,,http://www.knesset.gov.il/mk/images/members/zisling_aharon.jpg,male
5098cf60-b641-445a-995a-1b0f78814c3f,Aharon-Yaakov Greenberg,Aharon-Yaakov Greenberg,,,,United Religious Front,united_religious_front,,,Knesset,1,,,http://www.knesset.gov.il/mk/images/members/greenberg_yaakov.jpg,male
392ca7e1-a612-4765-844f-5c4e01e407a2,Akiva Govrin,Akiva Govrin,,,,Worker’s Party of Eretz Yisrael,worker’s_party_of_eretz_yisrael,,,Knesset,1,,,http://www.knesset.gov.il/mk/images/members/govrin_akiva.jpg,male
a2f08ebf-71c6-4115-888b-286951f97112,Ami Assaf,Ami Assaf,,,,Worker’s Party of Eretz Yisrael,worker’s_party_of_eretz_yisrael,,,Knesset,1,,,http://www.knesset.gov.il/mk/images/members/assaf_ami.jpg,male
27233590-74e2-4997-8d23-e7e00dd4af3d,Amin-Salim Jarjora,Amin-Salim Jarjora,,,,Nazareth Democratic Party,nazareth_democratic_party,,,Knesset,1,,,http://www.knesset.gov.il/mk/images/members/jarjura_amin.jpg,male
40a39ff0-a296-4a9e-9921-03941c8a27c7,Ari Jabotinsky,Ari Jabotinsky,,,,Single MK - Ari Jabotinsky,single_mk_-_ari_jabotinsky,,,Knesset,1,,,http://www.knesset.gov.il/mk/images/members/jabotinsky_ari.jpg,male
7c020438-f3f3-4e5d-84a1-8a9c0a8d8f2a,Aryeh Bahir,Aryeh Bahir,,,,Worker’s Party of Eretz Yisrael,worker’s_party_of_eretz_yisrael,,,Knesset,1,,,http://www.knesset.gov.il/mk/images/members/baheer_arye.jpg,male
64a56e3e-ad60-441e-a5a6-ed119004f6f2,Aryeh Ben-Eliezer,Aryeh Ben-Eliezer,,,,Herut Movement,herut_movement,,,Knesset,1,,,http://www.knesset.gov.il/mk/images/members/beneliezer_arye.jpg,male
afabdc83-151d-4aae-b64a-3bed2b93ea88,Aryeh Sheftel,Aryeh Sheftel,,,,Worker’s Party of Eretz Yisrael,worker’s_party_of_eretz_yisrael,,,Knesset,1,,1951-02-12,http://www.knesset.gov.il/mk/images/members/sheftal_arye.jpg,male
7df8f54c-2369-4863-80e2-a22da6f47e6f,Avraham Elmalich,Avraham Elmalich,,,,Sephardim and Oriental Communities,sephardim_and_oriental_communities,,,Knesset,1,,,http://www.knesset.gov.il/mk/images/members/almalich_avraham.jpg,male
fd67f1ff-17cf-43d1-bc38-bee58845521c,Avraham Granot,Avraham Granot,,,,Progressive Party,progressive_party,,,Knesset,1,,,http://www.knesset.gov.il/mk/images/members/avraham_granot.jpg,male
1262b13c-1921-4293-b0e1-c29237fbf91e,Avraham Herzfeld,Avraham Herzfeld,,,,Worker’s Party of Eretz Yisrael,worker’s_party_of_eretz_yisrael,,,Knesset,1,,,http://www.knesset.gov.il/mk/images/members/hartzfeld_avraham.jpg,male
4c50728d-9ac6-4fe2-8df8-4a79a7e457c2,Avraham Rakanti,Avraham Rakanti,,,,Herut Movement,herut_movement,,,Knesset,1,,,http://www.knesset.gov.il/mk/images/members/rekanati_avraham.jpg,male
492f5b0e-8b68-42fc-88ff-212e86d922fe,Avraham Taviv,Avraham Taviv,,,,Worker’s Party of Eretz Yisrael,worker’s_party_of_eretz_yisrael,,,Knesset,1,,1950-04-20,http://www.knesset.gov.il/mk/images/members/taviv_avraham.jpg,male
7deb9825-0573-4453-a215-950ad44cfa22,Avraham-Haim Shag,Avraham-Haim Shag,,,,United Religious Front,united_religious_front,,,Knesset,1,,,http://www.knesset.gov.il/mk/images/members/shag_avraham.jpg,male
22fd9fb4-a4b3-417e-820a-cea4a9812e01,Avraham-Yehuda Goldrat,Avraham-Yehuda Goldrat,,,,United Religious Front,united_religious_front,,,Knesset,1,,,http://www.knesset.gov.il/mk/images/members/goldrat_avraham.jpg,male
01c5b34c-7e7e-41a1-bc5b-c3396ff527b8,Baruch Osnia,Baruch Osnia,,,,Worker’s Party of Eretz Yisrael,worker’s_party_of_eretz_yisrael,,,Knesset,1,1951-02-12,,http://www.knesset.gov.il/mk/images/members/aznia_baruch.jpg,male
80433928-50de-405d-bc91-aaf7940e8b50,Beba Idelson,Beba Idelson,,,,Worker’s Party of Eretz Yisrael,worker’s_party_of_eretz_yisrael,,,Knesset,1,,,http://www.knesset.gov.il/mk/images/members/eidelson_baba.jpg,female
a73a7c32-4ce7-43c4-ac5d-a46407481f36,Bechor-Shalom Sheetrit,Bechor-Shalom Sheetrit,,,,Sephardim and Oriental Communities,sephardim_and_oriental_communities,,,Knesset,1,,,http://www.knesset.gov.il/mk/images/members/shitreet_bechorshalom.jpg,male
84c90823-7927-4618-89cb-8e151246f92c,Ben-Zion Dinor,Ben-Zion Dinor,,,,Worker’s Party of Eretz Yisrael,worker’s_party_of_eretz_yisrael,,,Knesset,1,,,http://www.knesset.gov.il/mk/images/members/benzion_dinur.jpg,male
cafb265e-c7a5-401b-80d0-88fdb2941b55,Benjamin Mintz,Benjamin Mintz,,,,United Religious Front,united_religious_front,,,Knesset,1,,,http://www.knesset.gov.il/mk/images/members/mintz_binyamin.jpg,male
1804f838-002b-4889-b679-90d8344d0983,Beryl Raptor,Beryl Raptor,,,,United Workers` Party,united_workers`_party,,,Knesset,1,,,http://www.knesset.gov.il/mk/images/members/raptor_berl.jpg,male
8bc3d5fc-fbea-4c02-8e2b-0e87c62cafdf,Chaim Ben-Asher,Chaim Ben-Asher,,,,Worker’s Party of Eretz Yisrael,worker’s_party_of_eretz_yisrael,,,Knesset,1,,,http://www.knesset.gov.il/mk/images/members/benasher_chaim.jpg,male
fa6bb838-8abc-4a6e-8863-6452eba55a81,David Bar-Rav-Hai,David Bar-Rav-Hai,,,,Worker’s Party of Eretz Yisrael,worker’s_party_of_eretz_yisrael,,,Knesset,1,,,http://www.knesset.gov.il/mk/images/members/Bar-Rav-Hai.jpg,male
2a62157f-c22a-48d5-bc94-21f1cc18b57a,David Ben-Gurion,David Ben-Gurion,,,,Worker’s Party of Eretz Yisrael,worker’s_party_of_eretz_yisrael,,,Knesset,1,,,http://www.knesset.gov.il/mk/images/members/bengurion_david.jpg,male
7ea66087-84da-4bab-a666-f99225fe4761,David Hacohen,David Hacohen,,,,Worker’s Party of Eretz Yisrael,worker’s_party_of_eretz_yisrael,,,Knesset,1,,,http://www.knesset.gov.il/mk/images/members/hacohen_david.jpg,male
d3ee0a05-db29-4422-b2a2-07dc4e407a2e,David Livschitz,David Livschitz,,,,United Workers` Party,united_workers`_party,,,Knesset,1,1951-04-12,,http://www.knesset.gov.il/mk/images/members/lifschitz_david.jpg,male
f5de7975-c091-4eeb-b7e5-58725f9d766c,David Remez,David Remez,,,,Worker’s Party of Eretz Yisrael,worker’s_party_of_eretz_yisrael,,,Knesset,1,,1951-05-19,http://www.knesset.gov.il/mk/images/members/remez_david.jpg,male
3950a22c-3094-4ded-80d7-95a9ca5ffeb7,David-Zvi Pinkas,David-Zvi Pinkas,,,,United Religious Front,united_religious_front,,,Knesset,1,,,http://www.knesset.gov.il/mk/images/members/pinkas_david.jpg,male
1042300f-6464-4da6-b902-5c1a8a10b9b6,Devorah Netzer,Devorah Netzer,,,,Worker’s Party of Eretz Yisrael,worker’s_party_of_eretz_yisrael,,,Knesset,1,,,http://www.knesset.gov.il/mk/images/members/nezer_dvora.jpg,female
10cb68cd-d153-4930-a6aa-39bd645b6d18,Dov (Bernard) Yosef,Dov (Bernard) Yosef,,,,Worker’s Party of Eretz Yisrael,worker’s_party_of_eretz_yisrael,,,Knesset,1,,,http://www.knesset.gov.il/mk/images/members/yosef_dov.jpg,male
19300317-965b-46e4-ab5f-c0dd5cf37f84,Dov Bar-Nir,Dov Bar-Nir,,,,United Workers` Party,united_workers`_party,,,Knesset,1,,1951-04-10,http://www.knesset.gov.il/mk/images/members/no_mkphoto.jpg,male
2cafa481-dc35-4650-af07-dba63f4c7004,Eliahu Eliashar,Eliahu Eliashar,,,,Sephardim and Oriental Communities,sephardim_and_oriental_communities,,,Knesset,1,,,http://www.knesset.gov.il/mk/images/members/elisar_eliyahu.jpg,male
200acc74-aa74-466a-8a8c-c8ae5662a5a2,Eliezer Kaplan,Eliezer Kaplan,,,,Worker’s Party of Eretz Yisrael,worker’s_party_of_eretz_yisrael,,,Knesset,1,,,http://www.knesset.gov.il/mk/images/members/kaplan_eliezer.jpg,male
47ab9f4e-8e1a-4d03-b2c1-251888c6f20e,Eliezer Livna,Eliezer Livna,,,,Worker’s Party of Eretz Yisrael,worker’s_party_of_eretz_yisrael,,,Knesset,1,,,http://www.knesset.gov.il/mk/images/members/livneh_eliezer.jpg,male
79b3eab9-853f-45d5-8f2f-abc60de9c6fc,Eliezer Peri,Eliezer Peri,,,,United Workers` Party,united_workers`_party,,,Knesset,1,,,http://www.knesset.gov.il/mk/images/members/peri_eliezer.jpg,male
92845b39-20f3-4cf6-83a0-5554d6a5bcc5,Eliezer Preminger,Eliezer Preminger,,,,United Workers` Party,united_workers`_party,,,Knesset,1,,,http://www.knesset.gov.il/mk/images/members/farminger_eliazer.jpg,male
71834640-5e8c-4036-8842-5bc74d148825,Eliyahu Hacarmeli,Eliyahu Hacarmeli,,,,Worker’s Party of Eretz Yisrael,worker’s_party_of_eretz_yisrael,,,Knesset,1,,,http://www.knesset.gov.il/mk/images/members/hakarmeli_eliahu.jpg,male
7afea2a4-6df8-4176-ad94-f5cfd1dec254,Eliyahu Lankin,Eliyahu Lankin,,,,Herut Movement,herut_movement,,,Knesset,1,,,http://www.knesset.gov.il/mk/images/members/lankin_eliyahu.jpg,male
2841d784-3542-4387-a92a-81a21d68efe1,Eliyahu Mazur,Eliyahu Mazur,,,,United Religious Front,united_religious_front,,,Knesset,1,1949-03-11,,http://www.knesset.gov.il/mk/images/members/mazor_eliyahu.jpg,male
adc99bb0-5d1e-4eca-8169-dd762033d7e1,Eliyahu-Moshe Ganchovsky,Eliyahu-Moshe Ganchovsky,,,,United Religious Front,united_religious_front,,,Knesset,1,,,http://www.knesset.gov.il/mk/images/members/genhovsky_eliyahu.jpg,male
3fc423af-8c5f-4937-a40c-0d13e800c4a7,Ephraim Taburi,Ephraim Taburi,,,,Worker’s Party of Eretz Yisrael,worker’s_party_of_eretz_yisrael,,,Knesset,1,,,http://www.knesset.gov.il/mk/images/members/tabori_efraim.jpg,male
0e42c3a4-ab1a-4cb0-b74d-a893c49ee80a,Esther Raziel-Naor,Esther Raziel-Naor,,,,Herut Movement,herut_movement,,,Knesset,1,,,http://www.knesset.gov.il/mk/images/members/raziel_esther.jpg,female
460f1573-146e-46be-a55e-cc66813e77c6,Fayge Ilanit,Fayge Ilanit,,,,United Workers` Party,united_workers`_party,,,Knesset,1,,,http://www.knesset.gov.il/mk/images/members/ilanit_fayge.jpg,female
644c806b-39c1-4181-b268-2583b28c8814,Golda Meir,Golda Meir,,,,Worker’s Party of Eretz Yisrael,worker’s_party_of_eretz_yisrael,,,Knesset,1,,,http://www.knesset.gov.il/mk/images/members/meir_golda.jpg,female
86bead07-7c20-4330-ac7e-c99d4fe7a786,Haim Cohen-Meguri,Haim Cohen-Meguri,,,,Herut Movement,herut_movement,,,Knesset,1,,,http://www.knesset.gov.il/mk/images/members/cohenmeguri_haim.jpg,male
eb6a46e4-9d6f-4e35-bcc3-3f19729e93db,Haim Landau,Haim Landau,,,,Herut Movement,herut_movement,,,Knesset,1,,,http://www.knesset.gov.il/mk/images/members/landau_haim.jpg,male
7cb4e1d2-40a1-48a6-9cd3-af562e113a22,Haim-Moshe Shapira,Haim-Moshe Shapira,,,,United Religious Front,united_religious_front,,,Knesset,1,,,http://www.knesset.gov.il/mk/images/members/shapira_haim.jpg,male
81131030-4678-4e18-8348-fa4c7e29ef51,Hanan Rubin,Hanan Rubin,,,,United Workers` Party,united_workers`_party,,,Knesset,1,,,http://www.knesset.gov.il/mk/images/members/rubin_hanan.jpg,male
9d30fa02-d7db-4085-9738-d0376ba39354,Hannah Lamdan,Hannah Lamdan,,,,United Workers` Party,united_workers`_party,,,Knesset,1,,,http://www.knesset.gov.il/mk/images/members/lamdan_hanna.jpg,female
0e7b9991-4d62-4b7e-ab6f-cbf6b0135656,Hasya Drori,Hasya Drori,,,,Worker’s Party of Eretz Yisrael,worker’s_party_of_eretz_yisrael,,,Knesset,1,,,http://www.knesset.gov.il/mk/images/members/drori_hasya.jpg,female
63948fca-5c1e-44ca-b632-dfb92bab886f,Herzl Berger,Herzl Berger,,,,Worker’s Party of Eretz Yisrael,worker’s_party_of_eretz_yisrael,,,Knesset,1,1951-02-05,,http://www.knesset.gov.il/mk/images/members/berger_herzl.jpg,male
7bcccd4b-528b-4bef-9b69-06ec0c444cb1,Heshel Frumkin,Heshel Frumkin,,,,Worker’s Party of Eretz Yisrael,worker’s_party_of_eretz_yisrael,,,Knesset,1,,1951-02-05,http://www.knesset.gov.il/mk/images/members/no_mkphoto.jpg,male
868beed4-36f1-43e9-a6a6-6b1af93d17eb,Hillel Kook,Hillel Kook,,,,Single MK - Hillel Kook,single_mk_-_hillel_kook,,,Knesset,1,,,http://www.knesset.gov.il/mk/images/members/kook_hillel.jpg,male
16ce3678-bc3b-449b-8760-0504eb1fb2ef,Idov Cohen,Idov Cohen,,,,Progressive Party,progressive_party,,,Knesset,1,,,http://www.knesset.gov.il/mk/images/members/cohen_idov.jpg,male
5312f058-a7df-4f16-868d-f21a00a6d890,Israel Bar-Yehuda,Israel Bar-Yehuda,,,,United Workers` Party,united_workers`_party,,,Knesset,1,,,http://www.knesset.gov.il/mk/images/members/baryehuda_ysrael.jpg,male
5d8f908e-22fb-4f67-a8c5-6ea2afde86dd,Israel Galili,Israel Galili,,,,United Workers` Party,united_workers`_party,,,Knesset,1,,,http://www.knesset.gov.il/mk/images/members/galili_yisrael.jpg,male
c48e3ead-da59-4e98-ab63-7eab5d879ae5,Israel Guri,Israel Guri,,,,Worker’s Party of Eretz Yisrael,worker’s_party_of_eretz_yisrael,,,Knesset,1,,,http://www.knesset.gov.il/mk/images/members/Israel-Guri.jpg,male
c7aa4f8b-94fd-4da6-8f1e-ff042cc0b4a9,Israel Rokach,Israel Rokach,,,,General Zionists,general_zionists,,,Knesset,1,,,http://www.knesset.gov.il/mk/images/members/rokach_israel.jpg,male
7378c599-09d8-4001-a81b-16ba1f08773f,Itzhak Kanev,Itzhak Kanev,,,,Worker’s Party of Eretz Yisrael,worker’s_party_of_eretz_yisrael,,,Knesset,1,1950-04-20,,http://www.knesset.gov.il/mk/images/members/kanav_yitzhak.jpg,male
ec14f524-846d-4c59-9196-e2c39193fb43,Jenia Tversky,Jenia Tversky,,,,Worker’s Party of Eretz Yisrael,worker’s_party_of_eretz_yisrael,,,Knesset,1,1951-02-05,,http://www.knesset.gov.il/mk/images/members/tversky_genia.jpg,female
406d0d04-1bef-4764-ac68-a46e4a2e89cf,Joseph Shprinzak,Joseph Shprinzak,,,,Worker’s Party of Eretz Yisrael,worker’s_party_of_eretz_yisrael,,,Knesset,1,,,http://www.knesset.gov.il/mk/images/members/sprinzak_yosef.jpg,male
63e95b15-3244-4dc6-afd8-077c31f88a3a,Kalman Kahana,Kalman Kahana,,,,United Religious Front,united_religious_front,,,Knesset,1,,,http://www.knesset.gov.il/mk/images/members/kahana_kalman.jpg,male
151dab44-ee8b-44b9-9317-b58341a4a815,Meir Argov,Meir Argov,,,,Worker’s Party of Eretz Yisrael,worker’s_party_of_eretz_yisrael,,,Knesset,1,,,http://www.knesset.gov.il/mk/images/members/argov_meir.jpg,male
7d0c520a-acd3-4cc2-9c16-c8bb97e4f26e,Meir Vilner,Meir Vilner,,,,Israel Communist Party,israel_communist_party,,,Knesset,1,,,http://www.knesset.gov.il/mk/images/members/willner_meir.jpg,male
f2cddaac-e14d-4827-a3e7-27922f51ca3d,Meir Yaari,Meir Yaari,,,,United Workers` Party,united_workers`_party,,,Knesset,1,,,http://www.knesset.gov.il/mk/images/members/yaari_meir.jpg,male
ec460e39-0b61-4ce3-a682-3cae01f71e94,Meir-David Levenstein,Meir-David Levenstein,,,,United Religious Front,united_religious_front,,,Knesset,1,,,http://www.knesset.gov.il/mk/images/members/levenstein_meir.jpg,male
30410570-2897-4477-a64c-8277437173dc,Menachem Bader,Menachem Bader,,,,United Workers` Party,united_workers`_party,,,Knesset,1,,,http://www.knesset.gov.il/mk/images/members/bader_menachem.jpg,male
f6615875-8b85-4050-bc5b-c9d655a22e5c,Menachem Begin,Menachem Begin,,,,Herut Movement,herut_movement,,,Knesset,1,,,http://www.knesset.gov.il/mk/images/members/begin_menahem.jpg,male
2cd6ad84-fa29-4d81-bfce-d47fcbd19867,Menachem Ratzon,Menachem Ratzon,,,,United Workers` Party,united_workers`_party,,,Knesset,1,1951-04-10,,http://www.knesset.gov.il/mk/images/members/ratzon_menachem.jpg,male
d6684def-1b1a-4f2f-908b-dc2902d413ea,Menahem Cohen,Menahem Cohen,,,,Worker’s Party of Eretz Yisrael,worker’s_party_of_eretz_yisrael,,,Knesset,1,1951-05-19,,http://www.knesset.gov.il/mk/images/members/cohen_menahem.jpg,male
97c0225f-42e7-4dad-bf37-f4e21b5cb97f,Mordechai Bentov,Mordechai Bentov,,,,United Workers` Party,united_workers`_party,,,Knesset,1,,,http://www.knesset.gov.il/mk/images/members/bentov_mordechai.jpg,male
f6729c6e-231d-4b13-82ff-a7efd7b02ea0,Mordechai Nurock,Mordechai Nurock,,,,United Religious Front,united_religious_front,,,Knesset,1,,,http://www.knesset.gov.il/mk/images/members/nurok_mordechai.jpg,male
364fa98f-b686-48fd-89ea-6765e5021de2,Moshe Aram,Moshe Aram,,,,United Workers` Party,united_workers`_party,,,Knesset,1,,,http://www.knesset.gov.il/mk/images/members/erem_moshe.jpg,male
e4926cac-e4d5-4e7f-a566-7cfc7a3e46ce,Moshe Ben-Ami,Moshe Ben-Ami,,,,Sephardim and Oriental Communities,sephardim_and_oriental_communities,,,Knesset,1,,,http://www.knesset.gov.il/mk/images/members/benami_moshe.jpg,male
7e5c3d0c-03bd-4db7-aedc-c2109c5b7df4,Moshe Kelmer,Moshe Kelmer,,,,United Religious Front,united_religious_front,,,Knesset,1,,1949-03-11,http://www.knesset.gov.il/mk/images/members/kelmar_moshe.jpg,male
b1dda391-431b-4653-a9d1-e22e6298a641,Moshe Sharett,Moshe Sharett,,,,Worker’s Party of Eretz Yisrael,worker’s_party_of_eretz_yisrael,,,Knesset,1,,,http://www.knesset.gov.il/mk/images/members/sharett_moshe.jpg,male
3f0de0bd-fd79-470b-8e50-4944593d18e1,Moshe Sneh,Moshe Sneh,,,,United Workers` Party,united_workers`_party,,,Knesset,1,,,http://www.knesset.gov.il/mk/images/members/sneh_moshe.jpg,male
d54243f4-6c95-4408-8e76-9d7e78639d03,Moshe Unna,Moshe Unna,,,,United Religious Front,united_religious_front,,,Knesset,1,,,http://www.knesset.gov.il/mk/images/members/una_moshe.jpg,male
6d13c8fb-6d42-40ec-aace-658f3d971470,Nahum Nir,Nahum Nir,,,,United Workers` Party,united_workers`_party,,,Knesset,1,,,http://www.knesset.gov.il/mk/images/members/nir_nachum.jpg,male
744400a4-a8cd-4712-96a4-1158ba44952b,Natan Yellin-Mor,Natan Yellin-Mor,,,,Fighters List,fighters_list,,,Knesset,1,,,http://www.knesset.gov.il/mk/images/members/yalin-mor_natan.jpg,male
434984ad-0cc0-4b01-a6bd-28336d26701c,Netta Harpaz,Netta Harpaz,,,,Worker’s Party of Eretz Yisrael,worker’s_party_of_eretz_yisrael,,,Knesset,1,,,http://www.knesset.gov.il/mk/images/members/harpaz_neta.jpg,male
0404f57e-a1ff-4b29-a97e-99204e8b2f11,Peretz Bernstein,Peretz Bernstein,,,,General Zionists,general_zionists,,,Knesset,1,,,http://www.knesset.gov.il/mk/images/members/bernstein_peretz.jpg,male
2ccc8f23-4510-43e2-ae9d-6fb5d625168e,Peretz Naftali,Peretz Naftali,,,,Worker’s Party of Eretz Yisrael,worker’s_party_of_eretz_yisrael,,,Knesset,1,,,http://www.knesset.gov.il/mk/images/members/naftali_peretz.jpg,male
e6a09fe2-f55d-49e1-a5a1-cb8b2a1b96b7,Pinhas Lavon,Pinhas Lavon,,,,Worker’s Party of Eretz Yisrael,worker’s_party_of_eretz_yisrael,,,Knesset,1,,,http://www.knesset.gov.il/mk/images/members/lavon_pinhas.jpg,male
dbbb0581-1976-45ad-9f6b-3436e8000534,Pinhas Rosen,Pinhas Rosen,,,,Progressive Party,progressive_party,,,Knesset,1,,,http://www.knesset.gov.il/mk/images/members/rozen_pinchas.jpg,male
ce3e78c5-bdea-4992-8087-5616a72c9a3f,Rachel Cohen-Kagan,Rachel Cohen-Kagan,,,,WIZO,wizo,,,Knesset,1,,,http://www.knesset.gov.il/mk/images/members/cohen_kagan_rachel.jpg,female
f88c5ced-ff39-4432-9e46-1cc26d923c83,Refael Bash,Refael Bash,,,,Worker’s Party of Eretz Yisrael,worker’s_party_of_eretz_yisrael,,,Knesset,1,1951-05-21,,http://www.knesset.gov.il/mk/images/members/bash_refael.jpg,male
25945fc7-8bff-4fa5-a54d-9fcfb34efd61,Reuven Sheri,Reuven Sheri,,,,Worker’s Party of Eretz Yisrael,worker’s_party_of_eretz_yisrael,,,Knesset,1,,,http://www.knesset.gov.il/mk/images/members/shari_reuven.jpg,male
80973f6e-9672-4c8a-a7dc-7bc27e7e7718,Seif E-Din E-Zoubi,Seif E-Din E-Zoubi,,,,Nazareth Democratic Party,nazareth_democratic_party,,,Knesset,1,,,http://www.knesset.gov.il/mk/images/members/elzoabisif_aladin.jpg,male
10364d81-4121-4d23-9c4e-e52c066edb26,Shlomo Lavi,Shlomo Lavi,,,,Worker’s Party of Eretz Yisrael,worker’s_party_of_eretz_yisrael,,,Knesset,1,,,http://www.knesset.gov.il/mk/images/members/lavi_shlomo.jpg,male
23992d82-4c8c-4d4c-a237-529c5ae04135,Shmuel Dayan,Shmuel Dayan,,,,Worker’s Party of Eretz Yisrael,worker’s_party_of_eretz_yisrael,,,Knesset,1,,,http://www.knesset.gov.il/mk/images/members/dayan_shmuel.jpg,male
95037d6e-101c-4489-905a-5e19ca976b8a,Shmuel Katz,Shmuel Katz,,,,Herut Movement,herut_movement,,,Knesset,1,,,http://www.knesset.gov.il/mk/images/members/katz_shmuel.jpg,male
93275ca2-cb05-4065-a1fe-c4b2776ca74f,Shmuel Merlin,Shmuel Merlin,,,,Herut Movement,herut_movement,,,Knesset,1,,,http://www.knesset.gov.il/mk/images/members/marlin_shmuel.jpg,male
05bc9954-847b-4497-b002-a263915a58e9,Shmuel Mikunis,Shmuel Mikunis,,,,Israel Communist Party,israel_communist_party,,,Knesset,1,,,http://www.knesset.gov.il/mk/images/members/mikonos_shmuel.jpg,male
1e6abe9e-0355-4734-ad7e-4c9ced7be6fe,Shneor Zalman Shazar,Shneor Zalman Shazar,,,,Worker’s Party of Eretz Yisrael,worker’s_party_of_eretz_yisrael,,,Knesset,1,,,http://www.knesset.gov.il/mk/images/members/shazar_zalman.jpg,male
1c01411f-485f-468b-9fe8-1700c1c9dd70,Shoshana Parsitz,Shoshana Parsitz,,,,General Zionists,general_zionists,,,Knesset,1,,,http://www.knesset.gov.il/mk/images/members/persitz_shoshana.jpg,female
1b38a27b-9dd6-4f91-ba57-e45f839b0d1d,Shraga Goren,Shraga Goren,,,,Worker’s Party of Eretz Yisrael,worker’s_party_of_eretz_yisrael,,,Knesset,1,,,http://www.knesset.gov.il/mk/images/members/goren_shraga.jpg,male
1f4c7dce-4bd4-4850-89c2-caf766802e09,Tawfik Toubi,Tawfik Toubi,,,,Israel Communist Party,israel_communist_party,,,Knesset,1,,,http://www.knesset.gov.il/mk/images/members/tobi_taufik.jpg,male
8da49f31-1d2a-42f6-b297-951202c1e764,Uri-Zvi Greenberg,Uri-Zvi Greenberg,,,,Herut Movement,herut_movement,,,Knesset,1,,,http://www.knesset.gov.il/mk/images/members/Greenberg-Uri-Zvi.jpg,male
9c96a6ff-1848-43d9-ad23-9a8e67d2c811,Yaacov Gil (Lifschitz),Yaacov Gil (Lifschitz),,,,General Zionists,general_zionists,,,Knesset,1,,,http://www.knesset.gov.il/mk/images/members/gil_yaakov.jpg,male
d061d172-cf34-4602-b0c4-cb5a255671c0,Yaacov Meridor,Yaacov Meridor,,,,Herut Movement,herut_movement,,,Knesset,1,,,http://www.knesset.gov.il/mk/images/members/meridor_yaakov.jpg,male
bf61d0da-ee6d-4d72-a42b-69ca1e715e6f,Yaakov Chazan,Yaakov Chazan,,,,United Workers` Party,united_workers`_party,,,Knesset,1,,,http://www.knesset.gov.il/mk/images/members/hazan_yakov.jpg,male
5e958d74-8452-48ee-899f-f55d97b60b8b,Yaakov Klivnov,Yaakov Klivnov,,,,General Zionists,general_zionists,,,Knesset,1,,,http://www.knesset.gov.il/mk/images/members/klebanov_yaakov.jpg,male
0bc87ef9-fe2b-4beb-81a3-859c75334bc7,Yaakov Riftin,Yaakov Riftin,,,,United Workers` Party,united_workers`_party,,,Knesset,1,,,http://www.knesset.gov.il/mk/images/members/riftin_yaakov.jpg,male
f586d9bd-1346-4502-9e2a-eb2ca05a6529,Yechiel Duvdevani,Yechiel Duvdevani,,,,Worker’s Party of Eretz Yisrael,worker’s_party_of_eretz_yisrael,,,Knesset,1,,,http://www.knesset.gov.il/mk/images/members/duvdevani_yechiel.jpg,male
eb5ab254-6abd-4477-b83d-800a6ce8d043,Yehuda Leib Maimon,Yehuda Leib Maimon,,,,United Religious Front,united_religious_front,,,Knesset,1,,,http://www.knesset.gov.il/mk/images/members/maimon_yehuda.jpg,male
1c9b950b-c261-4220-84e9-6217fb425b67,Yehudit Simhoni,Yehudit Simhoni,,,,Worker’s Party of Eretz Yisrael,worker’s_party_of_eretz_yisrael,,,Knesset,1,,1951-02-05,http://www.knesset.gov.il/mk/images/members/smhonit_yahotit.jpg,female
d5114141-8b55-43de-85cf-1c16bc467b3b,Yeshayahu Foerder,Yeshayahu Foerder,,,,Progressive Party,progressive_party,,,Knesset,1,,,http://www.knesset.gov.il/mk/images/members/no_mkphoto.jpg,male
19605346-6f3f-42cb-acb7-1e1530eae8c3,Yisrael Yeshayahu,Yisrael Yeshayahu,,,,Worker’s Party of Eretz Yisrael,worker’s_party_of_eretz_yisrael,,,Knesset,1,1951-02-12,,http://www.knesset.gov.il/mk/images/members/yeshayau_israel.jpg,male
37df96fd-a66b-49ea-9099-76afc235a4ba,Yitzhak Ben-Aharon,Yitzhak Ben-Aharon,,,,United Workers` Party,united_workers`_party,,,Knesset,1,,,http://www.knesset.gov.il/mk/images/members/benaharon_yizhak.jpg,male
2c267873-395c-4627-96da-0d30a96c5cd1,Yitzhak Ben-Zvi,Yitzhak Ben-Zvi,,,,Worker’s Party of Eretz Yisrael,worker’s_party_of_eretz_yisrael,,,Knesset,1,,,http://www.knesset.gov.il/mk/images/members/ben_zvi_yitzhak.jpg,male
c8aa6419-bd90-4901-8d8f-e231ca099eff,Yitzhak Tabankin,Yitzhak Tabankin,,,,United Workers` Party,united_workers`_party,,,Knesset,1,,1951-04-12,http://www.knesset.gov.il/mk/images/members/tabankin_yitzhak.jpg,male
7e67bdca-d67a-470c-ab2a-4a22852a37d6,Yitzhak-Meir Levin,Yitzhak-Meir Levin,,,,United Religious Front,united_religious_front,,,Knesset,1,,,http://www.knesset.gov.il/mk/images/members/levin_yitzhak-meir.jpg,male
43355287-c109-4a18-89f6-c9c8c35858ac,Yizhar Harari,Yizhar Harari,,,,Progressive Party,progressive_party,,,Knesset,1,,,http://www.knesset.gov.il/mk/images/members/harari_izhar.jpg,male
4053636b-b3d3-48d7-87d8-087437b5794c,Yizhar Smilansky,Yizhar Smilansky,,,,Worker’s Party of Eretz Yisrael,worker’s_party_of_eretz_yisrael,,,Knesset,1,,,http://www.knesset.gov.il/mk/images/members/smilansky_yizhar.jpg,male
78863b40-420a-440c-b6dc-877ee94c136c,Yohanan Bader,Yohanan Bader,,,,Herut Movement,herut_movement,,,Knesset,1,,,http://www.knesset.gov.il/mk/images/members/bader_yochanan.jpg,male
1840f782-05b9-4453-ab5d-38426df57702,Yona Kesse,Yona Kesse,,,,Worker’s Party of Eretz Yisrael,worker’s_party_of_eretz_yisrael,,,Knesset,1,,,http://www.knesset.gov.il/mk/images/members/kesseh_yonah.jpg,male
bb70cbe4-b13b-49a9-baf5-77429c89dbf2,Yosef Baratz,Yosef Baratz,,,,Worker’s Party of Eretz Yisrael,worker’s_party_of_eretz_yisrael,,,Knesset,1,,,http://www.knesset.gov.il/mk/images/members/baratz_yosef.jpg,male
1eb6864c-7b83-423f-99a8-d99c5059420f,Yosef Burg,Yosef Burg,,,,United Religious Front,united_religious_front,,,Knesset,1,,,http://www.knesset.gov.il/mk/images/members/burg_yosef.jpg,male
a6535e5b-6da9-4495-9c08-10cbad85bbc7,Yosef Efrati,Yosef Efrati,,,,Worker’s Party of Eretz Yisrael,worker’s_party_of_eretz_yisrael,,,Knesset,1,,,http://www.knesset.gov.il/mk/images/members/efrati_yosef.jpg,male
e88e23eb-7fee-43d5-8006-f08ee46e0a4a,Yosef Sapir,Yosef Sapir,,,,General Zionists,general_zionists,,,Knesset,1,,,http://www.knesset.gov.il/mk/images/members/sapir_yosef.jpg,male
31507826-a4ea-4003-9b01-6a08bba294c8,Yosef Serlin,Yosef Serlin,,,,General Zionists,general_zionists,,,Knesset,1,,,http://www.knesset.gov.il/mk/images/members/serlin_yosef.jpg,male
04d8753b-f8e4-4752-a8e3-ca57881b5c82,Yosef-Michael Lamm,Yosef-Michael Lamm,,,,Worker’s Party of Eretz Yisrael,worker’s_party_of_eretz_yisrael,,,Knesset,1,,1951-05-21,http://www.knesset.gov.il/mk/images/members/lam_yosef.jpg,male
b1bc2716-eccd-450b-94b3-a33dd0a69d1d,Zalman Aran,Zalman Aran,,,,Worker’s Party of Eretz Yisrael,worker’s_party_of_eretz_yisrael,,,Knesset,1,,,http://www.knesset.gov.il/mk/images/members/aran_zalman.jpg,male
7ae27628-3f32-40a0-8f05-e828d15019f8,Zecharia Glosca,Zecharia Glosca,,,,Yemenite Association of Israel,yemenite_association_of_israel,,,Knesset,1,,,http://www.knesset.gov.il/mk/images/members/gloska_zecharya.jpg,male
1700239c-6e90-4150-b083-4a9a3a053c5d,Zerach Warhaftig,Zerach Warhaftig,,,,United Religious Front,united_religious_front,,,Knesset,1,,,http://www.knesset.gov.il/mk/images/members/warhaftig_zerach.jpg,male
a3c0159a-b62f-48f3-a239-e7816de983b0,Zvi Yehuda,Zvi Yehuda,,,,Worker’s Party of Eretz Yisrael,worker’s_party_of_eretz_yisrael,,,Knesset,1,,,http://www.knesset.gov.il/mk/images/members/yehuda_zvi.jpg,male
