id,name,sort_name,email,twitter,facebook,group,group_id,area_id,area,chamber,term,start_date,end_date,image,gender
791fb138-4dcd-4932-9c45-fa8de6b716b4,Abdulmalik Dehamshe,Abdulmalik Dehamshe,,,,United Arab List,united_arab_list,,,Knesset,15,,,http://www.knesset.gov.il/mk/images/members/dehamshe_abed.jpg,male
bcac1e99-7f2f-46a8-bafd-aeb599436e9e,Abraham Hirchson,Abraham Hirchson,,,,Likud,likud,,,Knesset,15,,,http://www.knesset.gov.il/mk/images/members/hirshson_avraham.jpg,male
63b1e744-9fab-49d1-a28f-c2abdb72618b,Ahmad Tibi,Ahmad Tibi,,,,Arab Movement for Renewal,arab_movement_for_renewal,,,Knesset,15,,,http://www.knesset.gov.il/mk/images/members/tibi_ahmed.jpg,male
ba500f0a-b48f-44dc-a242-c8b3bc437868,Alexander Tsinker,Alexander Tsinker,,,,Democratic Choice,democratic_choice,,,Knesset,15,,,http://www.knesset.gov.il/mk/images/members/zinker_alexander.jpg,male
0faf48a7-a0a7-476e-84d3-12f48f32859b,Amir Peretz,Amir Peretz,,,,Am Ehad,am_ehad,,,Knesset,15,,,http://www.knesset.gov.il/mk/images/members/peretz_amir.jpg,male
33182739-afa9-455e-ad3a-0fa683cebc67,Amnon Cohen,Amnon Cohen,,,,Shas,shas,,,Knesset,15,,,http://www.knesset.gov.il/mk/images/members/cohen_amnon.jpg,male
b7162507-36b8-4e4e-b297-65b8ef4e4b89,Amnon Lipkin-Shahak,Amnon Lipkin-Shahak,,,,New Way,new_way,,,Knesset,15,,2001-03-08,http://www.knesset.gov.il/mk/images/members/lipkinshahak_amnon.jpg,male
5ae5a0b3-ed59-4cd9-917c-296aa1faa56a,Amnon Rubinstein,Amnon Rubinstein,,,,Meretz,meretz,,,Knesset,15,,2002-10-31,http://www.knesset.gov.il/mk/images/members/rubinstein_amnon.jpg,male
2e86ec8e-6f64-459a-be05-2cd3d0648c97,Anat Maor,Anat Maor,,,,Meretz,meretz,,,Knesset,15,,,http://www.knesset.gov.il/mk/images/members/maor_anat.jpg,female
7a1fac69-6ae2-4e3f-813d-cb6a77fadebb,Arieh Gamliel,Arieh Gamliel,,,,Shas,shas,,,Knesset,15,,,http://www.knesset.gov.il/mk/images/members/gamliel_arye.jpg,male
3361b808-8609-4fe4-9afa-825a02221a3f,Ariel Sharon,Ariel Sharon,,,,Likud,likud,,,Knesset,15,,,http://www.knesset.gov.il/mk/images/members/sharon_ariel.jpg,male
22e303e6-57ba-4d42-8557-f074fcd113d7,Avigdor Liberman,Avigdor Liberman,,,,Ichud Leumi-Yisrael Beiteinu,ichud_leumi-yisrael_beiteinu,,,Knesset,15,,,http://www.knesset.gov.il/mk/images/members/liberman_avigdor.jpg,male
f48cc0e0-a131-4961-946d-89e420d2ea6a,Avraham Burg,Avraham Burg,,,,Labor-Meimad,labor-meimad,,,Knesset,15,,,http://www.knesset.gov.il/mk/images/members/burg_avraham.jpg,male
460cc320-b558-4788-bc6a-9c617fe98c0c,Avraham Poraz,Avraham Poraz,,,,Shinui -the Secular Movement,shinui_-the_secular_movement,,,Knesset,15,,,http://www.knesset.gov.il/mk/images/members/poraz_avraham.jpg,male
d8bafedb-e0c4-449c-be54-bdcca0b1bf0d,Avraham Ravitz,Avraham Ravitz,,,,United Torah Judaism,united_torah_judaism,,,Knesset,15,,,http://www.knesset.gov.il/mk/images/members/ravitz_avraham.jpg,male
f28aa761-4ad6-4478-8602-731e8eee99c8,Avraham Shochat,Avraham Shochat,,,,Labor-Meimad,labor-meimad,,,Knesset,15,,,http://www.knesset.gov.il/mk/images/members/shohat_avraham.jpg,male
38819a35-339f-4131-8efd-aa4ce4ad4314,Avraham Yechezkel,Avraham Yechezkel,,,,Labor-Meimad,labor-meimad,,,Knesset,15,,,http://www.knesset.gov.il/mk/images/members/yehezkel_avraham.jpg,male
ac4b625a-7fed-4231-9d1b-1a4fa3672511,Avshalom Vilan,Avshalom Vilan,,,,Meretz,meretz,,,Knesset,15,,,http://www.knesset.gov.il/mk/images/members/vilan_av.jpg,male
cfece916-9712-4818-9fa9-f1a1a20a9769,Ayoob Kara,Ayoob Kara,,,,Likud,likud,,,Knesset,15,,,http://www.knesset.gov.il/mk/images/members/kara_ayoob.jpg,male
df92227c-98d2-47dd-af68-6641d03e060d,Azmi Bishara,Azmi Bishara,,,,National Democratic Assembly,national_democratic_assembly,,,Knesset,15,,,http://www.knesset.gov.il/mk/images/members/bishara_azmi.jpg,male
5c71707a-04d9-4866-acd3-2a07af857b31,Benjamin Netanyahu,Benjamin Netanyahu,,,,Likud,likud,,,Knesset,15,,1999-07-06,http://www.knesset.gov.il/mk/images/members/netanyahu_bibi.jpg,male
1a49f644-2bef-4241-aab1-4557cb07826b,Benyamin Elon,Benyamin Elon,,,,Ichud Leumi-Yisrael Beiteinu,ichud_leumi-yisrael_beiteinu,,,Knesset,15,,,http://www.knesset.gov.il/mk/images/members/elon_beni.jpg,male
e885815f-63e6-441f-bd5d-29c0da3e7403,Binyamin (Fouad) Ben-Eliezer,Binyamin (Fouad) Ben-Eliezer,,,,Labor-Meimad,labor-meimad,,,Knesset,15,,,http://www.knesset.gov.il/mk/images/members/beneliezer_binyamin.jpg,male
51dbb007-85b0-4ef1-9dcd-eeb1f4e44904,Chaim Oron,Chaim Oron,,,,Meretz,meretz,,,Knesset,15,,2000-02-25,http://www.knesset.gov.il/mk/images/members/oron_chaim.jpg,male
4253267b-6698-455a-bdd3-b6a5c079fca7,Colette Avital,Colette Avital,,,,Labor-Meimad,labor-meimad,,,Knesset,15,1999-11-17,,http://www.knesset.gov.il/mk/images/members/avital_collette.jpg,female
809681fb-ea36-4ecc-83d3-cbf0d91c7ba3,Dalia Itzik,Dalia Itzik,,,,Labor-Meimad,labor-meimad,,,Knesset,15,,,http://www.knesset.gov.il/mk/images/members/itzik_dalia.jpg,female
f347ad09-9a1a-4727-95fa-c43dbf07f3cb,Dalia Rabin-Pelossof,Dalia Rabin-Pelossof,,,,Labor-Meimad,labor-meimad,,,Knesset,15,,,http://www.knesset.gov.il/mk/images/members/rabinpilosof_dalia.jpg,female
f708bc54-9941-4fbc-8d1d-a678fa47369a,Dan Meridor,Dan Meridor,,,,Center Party,center_party,,,Knesset,15,,,http://www.knesset.gov.il/mk/images/members/meridor_dan.jpg,male
f3f55d1b-99eb-4a1a-9956-6f84fc343932,Dan Naveh,Dan Naveh,,,,Likud,likud,,,Knesset,15,,,http://www.knesset.gov.il/mk/images/members/nave_dani.jpg,male
458ad426-3fe6-4cd7-9a23-d8eb6c03f010,David Azoulay,David Azoulay,,,,Shas,shas,,,Knesset,15,,,http://www.knesset.gov.il/mk/images/members/azoulay_david.jpg,male
2d756dd5-be74-45bd-bb5d-3ac5a35130b4,David Levy,David Levy,,,,Gesher,gesher,,,Knesset,15,,,http://www.knesset.gov.il/mk/images/members/levi_david.jpg,male
4d45d6d9-6d1d-445e-9215-265dd2cdfad8,David Magen (Monsonego),David Magen (Monsonego),,,,Center Party,center_party,,,Knesset,15,2001-03-08,,http://www.knesset.gov.il/mk/images/members/magen_david.jpg,male
0e36b781-89ed-417a-bf26-70387a9a9e98,David Tal,David Tal,,,,Shas,shas,,,Knesset,15,,2002-11-14,http://www.knesset.gov.il/mk/images/members/tal_david.jpg,male
b5d6706b-a44b-41af-b8c9-dc0ca27d526a,Efi Oshaya,Efi Oshaya,,,,Labor-Meimad,labor-meimad,,,Knesset,15,2001-02-15,,http://www.knesset.gov.il/mk/images/members/oshaya_efi.jpg,male
ebdf6c25-beb2-4b7f-bf43-61254916b3fa,Ehud Barak,Ehud Barak,,,,One Israel (2),one_israel_(2),,,Knesset,15,,2001-03-09,http://www.knesset.gov.il/mk/images/members/barak_ehud.jpg,male
7746ac76-0e39-48a5-8d97-6c3f8eb6315d,Eitan Cabel,Eitan Cabel,,,,Labor-Meimad,labor-meimad,,,Knesset,15,2001-03-09,,http://www.knesset.gov.il/mk/images/members/cabel_eitan.jpg,male
79b5c853-11b4-46a7-a5dd-427ad6c8b782,Eli Ben-Menachem,Eli Ben-Menachem,,,,Labor-Meimad,labor-meimad,,,Knesset,15,1999-11-17,,http://www.knesset.gov.il/mk/images/members/benmenachem_eli.jpg,male
0eb493fe-c3bc-4606-bb9d-0c8918c006fe,Eli Cohen,Eli Cohen,,,,Likud,likud,,,Knesset,15,2002-02-22,,http://www.knesset.gov.il/mk/images/members/cohen_eli.jpg,male
544aa90d-285c-4b72-b256-5afd9d73d059,Elie Goldschmidt,Elie Goldschmidt,,,,One Israel (2),one_israel_(2),,,Knesset,15,,2001-02-15,http://www.knesset.gov.il/mk/images/members/goldshmidt_eli.jpg,male
7769e036-2cb5-4f79-83b4-ed5c65c08196,Eliezer Cohen,Eliezer Cohen,,,,Ichud Leumi-Yisrael Beiteinu,ichud_leumi-yisrael_beiteinu,,,Knesset,15,,,http://www.knesset.gov.il/mk/images/members/cohen_eliezer.jpg,male
78669121-9fbd-497f-b7eb-c4b4e8d2a800,Eliezer Sandberg,Eliezer Sandberg,,,,Shinui -the Secular Movement,shinui_-the_secular_movement,,,Knesset,15,,,http://www.knesset.gov.il/mk/images/members/zandberg_eliezer.jpg,male
1d640b15-af35-4f51-abfe-f58bc0d02e64,Eliyahu Suissa,Eliyahu Suissa,,,,Shas,shas,,,Knesset,15,,,http://www.knesset.gov.il/mk/images/members/suissa_eli.jpg,male
c68428f4-0df9-4bb6-9888-41aef36d8210,Eliyahu Yishai,Eliyahu Yishai,,,,Shas,shas,,,Knesset,15,,,http://www.knesset.gov.il/mk/images/members/yishai_eli.jpg,male
d07b0cf5-2c0d-4957-98cc-813dc8eb57a5,Ephraim Sneh,Ephraim Sneh,,,,Labor-Meimad,labor-meimad,,,Knesset,15,,,http://www.knesset.gov.il/mk/images/members/sneh_efraim.jpg,male
0e7d7149-ff49-4fb9-ba30-4357a6a92038,Gennady Riger,Gennady Riger,,,,Yisrael Be`aliyah,yisrael_be`aliyah,,,Knesset,15,,,http://www.knesset.gov.il/mk/images/members/riger_ganadi.jpg,male
934078fe-d368-4084-87a8-c3544d392e5a,Gideon Ezra,Gideon Ezra,,,,Likud,likud,,,Knesset,15,,,http://www.knesset.gov.il/mk/images/members/ezra_gidon.jpg,male
b860895e-115b-45cc-8202-0f6956c2bfa6,Haim Katz,Haim Katz,,,,Am Ehad,am_ehad,,,Knesset,15,,,http://www.knesset.gov.il/mk/images/members/katz_haim.jpg,male
19711c86-d3be-41b2-9e94-2eac1e282fbb,Haim Meir Druckman,Haim Meir Druckman,,,,National Religious Party,national_religious_party,,,Knesset,15,,,http://www.knesset.gov.il/mk/images/members/drukman_haim.jpg,male
57b4afb8-1d88-415b-9d4b-a079f172f1c9,Haim Ramon,Haim Ramon,,,,Labor-Meimad,labor-meimad,,,Knesset,15,,,http://www.knesset.gov.il/mk/images/members/ramon_haim.jpg,male
7162d047-d762-4629-a5e4-6cba571629c0,Hanan Porat,Hanan Porat,,,,Ichud Leumi,ichud_leumi,,,Knesset,15,,1999-10-20,http://www.knesset.gov.il/mk/images/members/porat_hanan.jpg,male
476d2413-b087-4686-950e-450fd0e78bf4,Hashem Mahameed,Hashem Mahameed,,,,National Unity - National Progressive Alliance,national_unity_-_national_progressive_alliance,,,Knesset,15,,,http://www.knesset.gov.il/mk/images/members/mahamed_hashem.jpg,male
ab98abfd-575f-4a36-a053-09e8f1f0d762,Hussniya Jabara,Hussniya Jabara,,,,Meretz,meretz,,,Knesset,15,,,http://www.knesset.gov.il/mk/images/members/husania_jabara.jpg,female
2a2940a8-7072-409f-ad3f-9383edf25a93,Ilan Gilon,Ilan Gilon,,,,Meretz,meretz,,,Knesset,15,,,http://www.knesset.gov.il/mk/images/members/gilon_ilan.jpg,male
8fae96b6-d9b2-4c2e-b001-811bbe48daed,Issam Makhoul,Issam Makhoul,,,,Hadash,hadash,,,Knesset,15,,,http://www.knesset.gov.il/mk/images/members/mahol_assam.jpg,male
30b04473-35ea-40d2-9f48-3061d05b0493,Itzchak Mordechay,Itzchak Mordechay,,,,Center Party,center_party,,,Knesset,15,,2001-03-28,http://www.knesset.gov.il/mk/images/members/mordechai_yizhak.jpg,male
329b4059-9828-40e8-b8b2-bf4b34131323,Itzhak Gagula,Itzhak Gagula,,,,Shas,shas,,,Knesset,15,,,http://www.knesset.gov.il/mk/images/members/gagula_yizhak.jpg,male
91361edf-763c-4510-a40b-42015401f9e9,Joseph Paritzky,Joseph Paritzky,,,,Shinui -the Secular Movement,shinui_-the_secular_movement,,,Knesset,15,,,http://www.knesset.gov.il/mk/images/members/pritzki_yosef.jpg,male
cd1034e6-5c78-43f1-9069-19aeab117928,Joshua Matza,Joshua Matza,,,,Likud,likud,,,Knesset,15,,2002-02-22,http://www.knesset.gov.il/mk/images/members/maza_yehoshua.jpg,male
b426aa3c-1b7a-4a1a-be89-33d6c30fad4e,Limor Livnat,Limor Livnat,,,,Likud,likud,,,Knesset,15,,,http://www.knesset.gov.il/mk/images/members/livnat_limor.jpg,female
c7636e97-f0ab-473a-94f5-9f35627e8913,Marina Solodkin,Marina Solodkin,,,,Yisrael Be`aliyah,yisrael_be`aliyah,,,Knesset,15,,,http://www.knesset.gov.il/mk/images/members/solodkin_marina.jpg,female
ba181b07-81a7-441e-b556-b87b73f63cd4,Matan Vilnai,Matan Vilnai,,,,One Israel (2),one_israel_(2),,,Knesset,15,,1999-11-17,http://www.knesset.gov.il/mk/images/members/vilnai_matan.jpg,male
2335d5a3-27a8-4271-8059-b151d67df06f,Maxim Levy,Maxim Levy,,,,Gesher,gesher,,,Knesset,15,,2002-06-05,http://www.knesset.gov.il/mk/images/members/levi_maxim.jpg,male
669963e2-9483-4105-971a-8b64afdaade8,Meir Porush,Meir Porush,,,,United Torah Judaism,united_torah_judaism,,,Knesset,15,,,http://www.knesset.gov.il/mk/images/members/porush_meir.jpg,male
8259bb3f-71ca-4bb4-b8cd-b11dfebdc2cf,Meir Sheetrit,Meir Sheetrit,,,,Likud,likud,,,Knesset,15,,,http://www.knesset.gov.il/mk/images/members/shitrit_meir.jpg,male
9e9d830d-ef88-4b25-9214-126de9043c04,Meshulam Nahari,Meshulam Nahari,,,,Shas,shas,,,Knesset,15,,,http://www.knesset.gov.il/mk/images/members/nahari_meshulam.jpg,male
5d40964c-b0f4-4076-bbe4-dd8d44898679,Michael Eitan,Michael Eitan,,,,Likud,likud,,,Knesset,15,,,http://www.knesset.gov.il/mk/images/members/eitan_michael.jpg,male
14a800fd-2444-4565-9a80-20975af40ab2,Michael Kleiner,Michael Kleiner,,,,Herut - National Movement,herut_-_national_movement,,,Knesset,15,,,http://www.knesset.gov.il/mk/images/members/kleiner_michael.jpg,male
4fc151f8-41d8-42d7-8677-ee2c398b3f98,Michael Melchior,Michael Melchior,,,,Labor-Meimad,labor-meimad,,,Knesset,15,,,http://www.knesset.gov.il/mk/images/members/melchior_mi.jpg,male
4086ebe6-f957-40f8-a4e4-dc9943f795d0,Michael Nudelman,Michael Nudelman,,,,Ichud Leumi-Yisrael Beiteinu,ichud_leumi-yisrael_beiteinu,,,Knesset,15,,,http://www.knesset.gov.il/mk/images/members/nudelman_michael.jpg,male
52466021-44df-47ba-bd7e-b8271868b27e,Mohammad Barakeh,Mohammad Barakeh,,,,Hadash,hadash,,,Knesset,15,,,http://www.knesset.gov.il/mk/images/members/baraka_mohamed.jpg,male
3f1d2766-33dd-45f3-864e-85e2beacbb5e,Mordechai Mishani,Mordechai Mishani,,,,Gesher,gesher,,,Knesset,15,2001-02-15,,http://www.knesset.gov.il/mk/images/members/mishani_motti.jpg,male
780548aa-af14-42f6-a73a-c10c1813aae8,Moshe Arens,Moshe Arens,,,,Likud,likud,,,Knesset,15,,,http://www.knesset.gov.il/mk/images/members/arens_moshe.jpg,male
a5b4c8d3-847e-4984-b2e1-a545abb3a70b,Moshe Gafni,Moshe Gafni,,,,United Torah Judaism,united_torah_judaism,,,Knesset,15,,,http://www.knesset.gov.il/mk/images/members/gafni_moshe.jpg,male
0cfd516d-79ae-4f40-85ef-2f0eecb22aa6,Moshe Katsav,Moshe Katsav,,,,Likud,likud,,,Knesset,15,,2000-07-31,http://www.knesset.gov.il/mk/images/members/katzav_moshe.jpg,male
5022484b-7140-4655-9bdd-2a5cfa2e6d3f,Mossi Raz,Mossi Raz,,,,Meretz,meretz,,,Knesset,15,2000-02-25,,http://www.knesset.gov.il/mk/images/members/raz_musi.jpg,male
ffdf850d-c812-40aa-a840-264df0660936,Muhamad Kanan,Muhamad Kanan,,,,National Arab Party,national_arab_party,,,Knesset,15,,,http://www.knesset.gov.il/mk/images/members/cnaan_mohamed.jpg,male
3c0790da-6ae1-4640-a851-e3d62aed60cc,Nahum Langental,Nahum Langental,,,,National Religious Party,national_religious_party,,,Knesset,15,1999-07-15,,http://www.knesset.gov.il/mk/images/members/langental_nachum.jpg,male
639f25e0-bf05-4b41-ad1b-de030ad5421c,Naomi Blumenthal,Naomi Blumenthal,,,,Likud,likud,,,Knesset,15,,,http://www.knesset.gov.il/mk/images/members/blumental_naomi.jpg,female
f5bfe428-7840-41c1-971e-9a16ed978628,Naomi Chazan,Naomi Chazan,,,,Meretz,meretz,,,Knesset,15,,,http://www.knesset.gov.il/mk/images/members/hazan_naomi.jpg,female
1e18d418-b85b-46ae-b10c-a2e9396640bc,Natan Sharansky,Natan Sharansky,,,,Yisrael Be`aliyah,yisrael_be`aliyah,,,Knesset,15,,,http://www.knesset.gov.il/mk/images/members/sharansky_natan.jpg,male
44518ee2-bba0-457e-8a82-ab37ed40350f,Nawaf Mazalha,Nawaf Mazalha,,,,Labor-Meimad,labor-meimad,,,Knesset,15,,,http://www.knesset.gov.il/mk/images/members/masalcha_nawef.jpg,male
5fc193c7-7d05-4715-9f58-5a7849c3fd3c,Nehama Ronen,Nehama Ronen,,,,Center Party,center_party,,,Knesset,15,2001-03-08,,http://www.knesset.gov.il/mk/images/members/ronen_nehama.jpg,female
69d1ec80-36bd-4356-add4-c0cff3c7918c,Nissim Dahan,Nissim Dahan,,,,Shas,shas,,,Knesset,15,,,http://www.knesset.gov.il/mk/images/members/dahan_nissim.jpg,male
d8e8351a-759b-44b3-8cfa-f29ac9ec7b69,Nissim Zeev,Nissim Zeev,,,,Shas,shas,,,Knesset,15,,,http://www.knesset.gov.il/mk/images/members/zeev_nissim.jpg,male
4a14225b-0396-4c24-a449-8fc14372e424,Ofer Hugi,Ofer Hugi,,,,Shas,shas,,,Knesset,15,,,http://www.knesset.gov.il/mk/images/members/hugi_offer.jpg,male
dc1cc874-5da9-4094-9bc3-ea6ca3fdfb6d,Ophir Pines-Paz,Ophir Pines-Paz,,,,Labor-Meimad,labor-meimad,,,Knesset,15,,,http://www.knesset.gov.il/mk/images/members/pinespaz_ofir.jpg,male
5406c438-caf7-4872-bb9e-dcbca60420f7,Orit Noked,Orit Noked,,,,Labor-Meimad,labor-meimad,,,Knesset,15,2002-08-11,,http://www.knesset.gov.il/mk/images/members/noked_orit.jpg,female
962036d2-daa4-42b7-8fcf-643b460690be,Pinhas Zabre,Pinhas Zabre,,,,Shas,shas,,,Knesset,15,2002-11-14,,http://www.knesset.gov.il/mk/images/members/tsabari_pinchas.jpg,male
b1f8244b-042a-44ee-a409-77cfab1243e7,Ra`anan Cohen,Ra`anan Cohen,,,,Labor-Meimad,labor-meimad,,,Knesset,15,,2002-08-21,http://www.knesset.gov.il/mk/images/members/cohen_raanan.jpg,male
8d285b50-8522-40dd-bdf6-fde11de705f1,Rahamim Melloul,Rahamim Melloul,,,,Shas,shas,,,Knesset,15,,,http://www.knesset.gov.il/mk/images/members/malool_rahamim.jpg,male
c5ded33b-8215-4410-9088-86903eebf233,Ran Cohen,Ran Cohen,,,,Meretz,meretz,,,Knesset,15,,,http://www.knesset.gov.il/mk/images/members/cohen_ran.jpg,male
cc4519ae-05da-464f-a497-287ac7a57f99,Rechavam Ze`evi,Rechavam Ze`evi,,,,Ichud Leumi-Yisrael Beiteinu,ichud_leumi-yisrael_beiteinu,,,Knesset,15,,2001-10-17,http://www.knesset.gov.il/mk/images/members/zeevi_rehavam.jpg,male
3e1d57fc-ade9-4462-be46-946e7764c8ff,Reuven Rivlin,Reuven Rivlin,,,,Likud,likud,,,Knesset,15,,,http://www.knesset.gov.il/mk/images/members/rivlin_rubi.jpg,male
b9e75f63-1c94-420b-bb60-82e47c5172d3,Roman Bronfman,Roman Bronfman,,,,Democratic Choice,democratic_choice,,,Knesset,15,,,http://www.knesset.gov.il/mk/images/members/bronfman_roman.jpg,male
4cf98067-6a93-4ba0-a7c4-d2112652347c,Roni Milo,Roni Milo,,,,Likud,likud,,,Knesset,15,,,http://www.knesset.gov.il/mk/images/members/milo_roni.jpg,male
3a7643e0-d955-4a62-a0ef-71366d1e66fb,Saleh Tarif,Saleh Tarif,,,,Labor-Meimad,labor-meimad,,,Knesset,15,,,http://www.knesset.gov.il/mk/images/members/tarif_salah.jpg,male
e1b37fe9-8546-4341-a9bf-6b0a8146439a,Shalom Simhon,Shalom Simhon,,,,Labor-Meimad,labor-meimad,,,Knesset,15,,,http://www.knesset.gov.il/mk/images/members/simhon_shalom.jpg,male
34be9ce9-964b-47e6-9c4d-1173f460ad84,Shaul Yahalom,Shaul Yahalom,,,,National Religious Party,national_religious_party,,,Knesset,15,,,http://www.knesset.gov.il/mk/images/members/yahalom_shaul.jpg,male
ac4ee627-3936-4926-bb88-a506a0a4fb83,Shimon Peres,Shimon Peres,,,,Labor-Meimad,labor-meimad,,,Knesset,15,,,http://www.knesset.gov.il/mk/images/members/peres_shimon.jpg,male
e825ccef-ccd8-4b8a-835d-a4654e5c5caa,Shlomo Ben-Ami,Shlomo Ben-Ami,,,,Labor-Meimad,labor-meimad,,,Knesset,15,,2002-08-11,http://www.knesset.gov.il/mk/images/members/benami_shlomo.jpg,male
ba52528e-6e4f-4cec-a364-9ca043f18185,Shlomo Benizri,Shlomo Benizri,,,,Shas,shas,,,Knesset,15,,,http://www.knesset.gov.il/mk/images/members/benizri_shlomo.jpg,male
ae428942-6489-4d2f-92dc-2988728b6fc6,Shmuel Halpert,Shmuel Halpert,,,,United Torah Judaism,united_torah_judaism,,,Knesset,15,,,http://www.knesset.gov.il/mk/images/members/halpert_shmuel.jpg,male
b97bb24c-8aa7-4688-9ebd-73848a11be7f,Silvan Shalom,Silvan Shalom,,,,Likud,likud,,,Knesset,15,,,http://www.knesset.gov.il/mk/images/members/shalom_silvan.jpg,male
984e0009-7ef4-4c0e-9fa6-7b78ad39c763,Sofa Landver,Sofa Landver,,,,Labor-Meimad,labor-meimad,,,Knesset,15,,,http://www.knesset.gov.il/mk/images/members/landver_sofa.jpg,female
b0d91488-41bb-4227-a6b2-348c6b192f67,Talab El-Sana,Talab El-Sana,,,,United Arab List,united_arab_list,,,Knesset,15,,,http://www.knesset.gov.il/mk/images/members/elsana_taleb.jpg,male
954bb7c3-4234-4876-8371-1861f4617416,Tamar Gozansky,Tamar Gozansky,,,,Hadash,hadash,,,Knesset,15,,,http://www.knesset.gov.il/mk/images/members/gozansky_tamar.jpg,female
b9e211ec-a357-4310-90bd-6383b2260fe1,Tawfik Khatib,Tawfik Khatib,,,,National Arab Party,national_arab_party,,,Knesset,15,,,http://www.knesset.gov.il/mk/images/members/hateeb_taufik.jpg,male
c691cf6a-3c11-4871-a922-fc6fe0e27774,Tommy Lapid,Tommy Lapid,,,,Shinui -the Secular Movement,shinui_-the_secular_movement,,,Knesset,15,,,http://www.knesset.gov.il/mk/images/members/lapid_yo.jpg,male
1583c28b-1b23-442a-8814-93f2a065d1fa,Tzachi Hanegbi,Tzachi Hanegbi,,,,Likud,likud,,,Knesset,15,,,http://www.knesset.gov.il/mk/images/members/hanegbi_tzahi.jpg,male
b9df782d-e52b-43b7-9a04-67888cc05163,Tzaly Reshef,Tzaly Reshef,,,,Labor-Meimad,labor-meimad,,,Knesset,15,2002-08-21,,http://www.knesset.gov.il/mk/images/members/reshef_tzali.jpg,male
31f05e4a-8d8a-4247-8c76-b4cf0e408751,Tzipi Livni,Tzipi Livni,,,,Likud,likud,,,Knesset,15,,,http://www.knesset.gov.il/mk/images/members/livnee_zipi.jpg,female
607905a6-4b85-4938-91c6-773009887f76,Uri Savir,Uri Savir,,,,New Way,new_way,,,Knesset,15,,2001-03-08,http://www.knesset.gov.il/mk/images/members/savir_uri.jpg,male
d8b650b4-6266-42f9-a4a5-73a3ebc0cddc,Uri Yehuda Ariel,Uri Yehuda Ariel,,,,Ichud Leumi-Yisrael Beiteinu,ichud_leumi-yisrael_beiteinu,,,Knesset,15,2001-10-17,,http://www.knesset.gov.il/mk/images/members/ariel_uri-yehuda.jpg,male
1ab50f3e-77c0-49c9-a7da-f5e98037d557,Uzi Baram,Uzi Baram,,,,One Israel (2),one_israel_(2),,,Knesset,15,,2001-02-15,http://www.knesset.gov.il/mk/images/members/baram_uzi.jpg,male
6e732877-5fa3-422d-976e-7bfa77e2206f,Uzi Even,Uzi Even,,,,Meretz,meretz,,,Knesset,15,2002-10-31,,http://www.knesset.gov.il/mk/images/members/even_uzi.jpg,male
7d323139-d911-42cb-a28b-166469a59ac2,Uzi Landau,Uzi Landau,,,,Likud,likud,,,Knesset,15,,,http://www.knesset.gov.il/mk/images/members/landau_uzi.jpg,male
f5a4fff8-2c76-43ab-a50f-285bc46e1bbb,Victor Brailovsky,Victor Brailovsky,,,,Shinui -the Secular Movement,shinui_-the_secular_movement,,,Knesset,15,,,http://www.knesset.gov.il/mk/images/members/brilosky_viktor.jpg,male
99cfcb85-f29c-403b-a529-265c1f03453a,Wizman Shiry,Wizman Shiry,,,,Labor-Meimad,labor-meimad,,,Knesset,15,,,http://www.knesset.gov.il/mk/images/members/shiri_weizman.jpg,male
a123b87b-ecba-4ec9-8d46-b6248d0770b6,Yael Dayan,Yael Dayan,,,,Labor-Meimad,labor-meimad,,,Knesset,15,,,http://www.knesset.gov.il/mk/images/members/dayan_yael.jpg,female
f2d7884f-c9a0-4007-9d28-4b5d56a0968f,Yair Peretz,Yair Peretz,,,,Shas,shas,,,Knesset,15,,,http://www.knesset.gov.il/mk/images/members/perez_yair.jpg,male
2ebc53a2-7feb-4ad1-8aa3-c20dd3f72c97,Yakov Litzman,Yakov Litzman,,,,United Torah Judaism,united_torah_judaism,,,Knesset,15,,,http://www.knesset.gov.il/mk/images/members/lizman_yaakov.jpg,male
1cb7ad74-9f06-4170-b397-6f8386d92b4b,Yechiel Lasry,Yechiel Lasry,,,,Likud,likud,,,Knesset,15,2001-03-28,,http://www.knesset.gov.il/mk/images/members/lasri_yehiel.jpg,male
16652779-adbc-44cf-8d21-9d0b82f4e800,Yehuda Gilad,Yehuda Gilad,,,,Labor-Meimad,labor-meimad,,,Knesset,15,2002-06-05,,http://www.knesset.gov.il/mk/images/members/gilead_yehuda.jpg,male
84e8fb3f-de9a-4f2c-8313-20d599503f8f,Yehudith Naot,Yehudith Naot,,,,Shinui -the Secular Movement,shinui_-the_secular_movement,,,Knesset,15,,,http://www.knesset.gov.il/mk/images/members/naot_yehudit.jpg,female
d4477229-47a8-4cdb-8302-2ad74c2ac7b1,Yigal Bibi,Yigal Bibi,,,,National Religious Party,national_religious_party,,,Knesset,15,,,http://www.knesset.gov.il/mk/images/members/bibi_yigal.jpg,male
0097d7e9-19c2-4a7f-a259-07e4701538ce,Yisrael Katz,Yisrael Katz,,,,Likud,likud,,,Knesset,15,,,http://www.knesset.gov.il/mk/images/members/katz_yisrael.jpg,male
afe7f685-e436-4ea9-b60c-860435a2b1de,Yitzhak Cohen,Yitzhak Cohen,,,,Shas,shas,,,Knesset,15,,,http://www.knesset.gov.il/mk/images/members/cohen_yitzhak.jpg,male
462ba60e-c05e-475d-a497-242d538efd99,Yitzhak Levy,Yitzhak Levy,,,,National Religious Party,national_religious_party,,,Knesset,15,,1999-07-15,http://www.knesset.gov.il/mk/images/members/levi_yitzhak.jpg,male
8fc8b71a-a0a3-4240-b22b-e5f8f32247bd,Yitzhak Shaban,Yitzhak Shaban,,,,Shas,shas,,,Knesset,15,,,http://www.knesset.gov.il/mk/images/members/saban_yizhak.jpg,male
4da044ac-12eb-485e-9da3-70584c6cdf9c,Yitzhak Vaknin,Yitzhak Vaknin,,,,Shas,shas,,,Knesset,15,,,http://www.knesset.gov.il/mk/images/members/vaknin_yizhak.jpg,male
ab42c3b5-a080-4f07-9072-e081d90501a1,Yossi Beilin,Yossi Beilin,,,,One Israel (2),one_israel_(2),,,Knesset,15,,1999-11-17,http://www.knesset.gov.il/mk/images/members/beilin_yosef.jpg,male
dee9ebf9-9cf4-49ae-8475-36fd3ff0897a,Yossi Katz,Yossi Katz,,,,Labor-Meimad,labor-meimad,,,Knesset,15,,,http://www.knesset.gov.il/mk/images/members/katz_yossi.jpg,male
4b3b4b07-170c-4fd9-9453-a80f0e468e3d,Yossi Sarid,Yossi Sarid,,,,Meretz,meretz,,,Knesset,15,,,http://www.knesset.gov.il/mk/images/members/sarid_yossi.jpg,male
44b96f47-4811-496f-9cac-6b7e30272851,Yuli-Yoel Edelstein,Yuli-Yoel Edelstein,,,,Yisrael Be`aliyah,yisrael_be`aliyah,,,Knesset,15,,,http://www.knesset.gov.il/mk/images/members/edelstein_yoel.jpg,male
09ed12ec-5ba7-4326-af6b-4863c07c89ff,Yuri Shtern,Yuri Shtern,,,,Ichud Leumi-Yisrael Beiteinu,ichud_leumi-yisrael_beiteinu,,,Knesset,15,,,http://www.knesset.gov.il/mk/images/members/stern_yuri.jpg,male
0690b2ce-cf84-456a-ad2c-6c9f9d000067,Yuval Steinitz,Yuval Steinitz,,,,Likud,likud,,,Knesset,15,1999-07-06,,http://www.knesset.gov.il/mk/images/members/steinitz_yuval.jpg,male
030fde55-5e2a-4152-a0d8-780954eda301,Ze`ev Boim,Ze`ev Boim,,,,Likud,likud,,,Knesset,15,2000-07-31,,http://www.knesset.gov.il/mk/images/members/boim_zev.jpg,male
b00a262b-cc44-4ba4-b923-41e01bd74918,Zehava Galon,Zehava Galon,,,,Meretz,meretz,,,Knesset,15,,,http://www.knesset.gov.il/mk/images/members/galon_zahava.jpg,female
4154f434-f49b-45fd-8044-22758a5cd8e2,Zevulun Orlev,Zevulun Orlev,,,,National Religious Party,national_religious_party,,,Knesset,15,,,http://www.knesset.gov.il/mk/images/members/orlev_zevulun.jpg,male
98a54a39-7d38-47ad-90af-5f82f0e5fb91,Zvi Hendel,Zvi Hendel,,,,Ichud Leumi-Yisrael Beiteinu,ichud_leumi-yisrael_beiteinu,,,Knesset,15,1999-10-20,,http://www.knesset.gov.il/mk/images/members/hendel_zvi.jpg,male
