id,name,sort_name,email,twitter,facebook,group,group_id,area_id,area,chamber,term,start_date,end_date,image,gender
791fb138-4dcd-4932-9c45-fa8de6b716b4,Abdulmalik Dehamshe,Abdulmalik Dehamshe,,,,Mada-Ra`am,mada-ra`am,,,Knesset,14,,,http://www.knesset.gov.il/mk/images/members/dehamshe_abed.jpg,male
38e82090-11a9-4284-a48a-7cac2b3e16e9,Abdulwahab Darawshe,Abdulwahab Darawshe,,,,Mada-Ra`am,mada-ra`am,,,Knesset,14,,,http://www.knesset.gov.il/mk/images/members/darawshe_abed.jpg,male
bcac1e99-7f2f-46a8-bafd-aeb599436e9e,Abraham Hirchson,Abraham Hirchson,,,,Likud,likud,,,Knesset,14,,,http://www.knesset.gov.il/mk/images/members/hirshson_avraham.jpg,male
9f712472-87ff-4e2e-ac16-f520b5ea3c68,Addisu Messele,Addisu Messele,,,,Am Ehad,am_ehad,,,Knesset,14,,,http://www.knesset.gov.il/mk/images/members/messele_adiso.jpg,male
a30bfce4-0158-46b3-9cae-8c6007fd093f,Ahmad Sa`d,Ahmad Sa`d,,,,Hadash,hadash,,,Knesset,14,,,http://www.knesset.gov.il/mk/images/members/saad_achmed.jpg,male
da773034-141f-4a71-a28e-5099182c6a30,Alexander Lubotzky,Alexander Lubotzky,,,,The Third Way,the_third_way,,,Knesset,14,,,http://www.knesset.gov.il/mk/images/members/lubotzky_alex.jpg,male
0faf48a7-a0a7-476e-84d3-12f48f32859b,Amir Peretz,Amir Peretz,,,,Am Ehad,am_ehad,,,Knesset,14,,,http://www.knesset.gov.il/mk/images/members/peretz_amir.jpg,male
5ae5a0b3-ed59-4cd9-917c-296aa1faa56a,Amnon Rubinstein,Amnon Rubinstein,,,,Meretz,meretz,,,Knesset,14,,,http://www.knesset.gov.il/mk/images/members/rubinstein_amnon.jpg,male
2e86ec8e-6f64-459a-be05-2cd3d0648c97,Anat Maor,Anat Maor,,,,Meretz,meretz,,,Knesset,14,,,http://www.knesset.gov.il/mk/images/members/maor_anat.jpg,female
7a1fac69-6ae2-4e3f-813d-cb6a77fadebb,Arieh Gamliel,Arieh Gamliel,,,,Shas,shas,,,Knesset,14,,,http://www.knesset.gov.il/mk/images/members/gamliel_arye.jpg,male
3361b808-8609-4fe4-9afa-825a02221a3f,Ariel Sharon,Ariel Sharon,,,,Likud,likud,,,Knesset,14,,,http://www.knesset.gov.il/mk/images/members/sharon_ariel.jpg,male
e1b6527c-5689-4471-ad05-f749f0cb9398,Aryeh Machluf Deri,Aryeh Machluf Deri,,,,Shas,shas,,,Knesset,14,,,http://www.knesset.gov.il/mk/images/members/deri_aryeh.jpg,male
487e8d6b-f970-4303-8d1b-e148999665e2,Avigdor Kahalani,Avigdor Kahalani,,,,The Third Way,the_third_way,,,Knesset,14,,,http://www.knesset.gov.il/mk/images/members/kahalani_avigdor.jpg,male
8d2c9929-711c-402f-aaaf-cb168a4d7196,Avner-Hai Shaki,Avner-Hai Shaki,,,,National Religious Party,national_religious_party,,,Knesset,14,,,http://www.knesset.gov.il/mk/images/members/shaki_avner.jpg,male
8f87c66e-d4f4-4ad7-a7ed-354503d9eef8,Avraham Leizerson,Avraham Leizerson,,,,Agudat Yisrael,agudat_yisrael,,,Knesset,14,1998-10-23,,http://www.knesset.gov.il/mk/images/members/leizerson_avraham.jpg,male
460cc320-b558-4788-bc6a-9c617fe98c0c,Avraham Poraz,Avraham Poraz,,,,Shinui - Center Party,shinui_-_center_party,,,Knesset,14,,,http://www.knesset.gov.il/mk/images/members/poraz_avraham.jpg,male
d8bafedb-e0c4-449c-be54-bdcca0b1bf0d,Avraham Ravitz,Avraham Ravitz,,,,Degel Hatorah,degel_hatorah,,,Knesset,14,,,http://www.knesset.gov.il/mk/images/members/ravitz_avraham.jpg,male
f28aa761-4ad6-4478-8602-731e8eee99c8,Avraham Shochat,Avraham Shochat,,,,Israel Labor Party,israel_labor_party,,,Knesset,14,,,http://www.knesset.gov.il/mk/images/members/shohat_avraham.jpg,male
fa03030e-03fd-4948-89de-9b5f05f3d0eb,Avraham Stern,Avraham Stern,,,,National Religious Party,national_religious_party,,,Knesset,14,,1997-05-12,http://www.knesset.gov.il/mk/images/members/stern_avraham.jpg,male
38819a35-339f-4131-8efd-aa4ce4ad4314,Avraham Yechezkel,Avraham Yechezkel,,,,Israel Labor Party,israel_labor_party,,,Knesset,14,,,http://www.knesset.gov.il/mk/images/members/yehezkel_avraham.jpg,male
df92227c-98d2-47dd-af68-6641d03e060d,Azmi Bishara,Azmi Bishara,,,,National Democratic Assembly,national_democratic_assembly,,,Knesset,14,,,http://www.knesset.gov.il/mk/images/members/bishara_azmi.jpg,male
5c71707a-04d9-4866-acd3-2a07af857b31,Benjamin Netanyahu,Benjamin Netanyahu,,,,Likud,likud,,,Knesset,14,,,http://www.knesset.gov.il/mk/images/members/netanyahu_bibi.jpg,male
1a49f644-2bef-4241-aab1-4557cb07826b,Benyamin Elon,Benyamin Elon,,,,Moledet,moledet,,,Knesset,14,,,http://www.knesset.gov.il/mk/images/members/elon_beni.jpg,male
e885815f-63e6-441f-bd5d-29c0da3e7403,Binyamin (Fouad) Ben-Eliezer,Binyamin (Fouad) Ben-Eliezer,,,,Israel Labor Party,israel_labor_party,,,Knesset,14,,,http://www.knesset.gov.il/mk/images/members/beneliezer_binyamin.jpg,male
51dbb007-85b0-4ef1-9dcd-eeb1f4e44904,Chaim Oron,Chaim Oron,,,,Meretz,meretz,,,Knesset,14,,,http://www.knesset.gov.il/mk/images/members/oron_chaim.jpg,male
809681fb-ea36-4ecc-83d3-cbf0d91c7ba3,Dalia Itzik,Dalia Itzik,,,,Israel Labor Party,israel_labor_party,,,Knesset,14,,,http://www.knesset.gov.il/mk/images/members/itzik_dalia.jpg,female
f708bc54-9941-4fbc-8d1d-a678fa47369a,Dan Meridor,Dan Meridor,,,,Israel in the Center,israel_in_the_center,,,Knesset,14,,,http://www.knesset.gov.il/mk/images/members/meridor_dan.jpg,male
670c4383-2e03-4a03-b6b1-0e2584476c6d,Dan Tichon,Dan Tichon,,,,Likud,likud,,,Knesset,14,,,http://www.knesset.gov.il/mk/images/members/tichon_dan.jpg,male
458ad426-3fe6-4cd7-9a23-d8eb6c03f010,David Azoulay,David Azoulay,,,,Shas,shas,,,Knesset,14,,,http://www.knesset.gov.il/mk/images/members/azoulay_david.jpg,male
2d756dd5-be74-45bd-bb5d-3ac5a35130b4,David Levy,David Levy,,,,Gesher,gesher,,,Knesset,14,,,http://www.knesset.gov.il/mk/images/members/levi_david.jpg,male
399fa6b6-9559-477d-9858-88809b8c5801,David Libai,David Libai,,,,Israel Labor Party,israel_labor_party,,,Knesset,14,,1996-10-15,http://www.knesset.gov.il/mk/images/members/libai_david.jpg,male
4d45d6d9-6d1d-445e-9215-265dd2cdfad8,David Magen (Monsonego),David Magen (Monsonego),,,,Israel in the Center,israel_in_the_center,,,Knesset,14,,,http://www.knesset.gov.il/mk/images/members/magen_david.jpg,male
4bd7466b-3b78-443b-b0b9-3d3f5a0623cf,David Re`em,David Re`em,,,,Herut - National Movement,herut_-_national_movement,,,Knesset,14,,,http://www.knesset.gov.il/mk/images/members/reem_david.jpg,male
0e36b781-89ed-417a-bf26-70387a9a9e98,David Tal,David Tal,,,,Shas,shas,,,Knesset,14,,,http://www.knesset.gov.il/mk/images/members/tal_david.jpg,male
c64697d0-ed61-4b82-80e4-aa9ac7792dd1,David Zucker,David Zucker,,,,Single MK - David Zucker,single_mk_-_david_zucker,,,Knesset,14,,,http://www.knesset.gov.il/mk/images/members/zuker_david.jpg,male
5959e390-2955-46ef-8143-fe201878cb36,Doron Shmueli,Doron Shmueli,,,,Likud,likud,,,Knesset,14,1998-11-30,,http://www.knesset.gov.il/mk/images/members/shmueli_doron.jpg,male
b5d6706b-a44b-41af-b8c9-dc0ca27d526a,Efi Oshaya,Efi Oshaya,,,,Israel Labor Party,israel_labor_party,,,Knesset,14,,,http://www.knesset.gov.il/mk/images/members/oshaya_efi.jpg,male
ebdf6c25-beb2-4b7f-bf43-61254916b3fa,Ehud Barak,Ehud Barak,,,,Israel Labor Party,israel_labor_party,,,Knesset,14,,,http://www.knesset.gov.il/mk/images/members/barak_ehud.jpg,male
f381c3fe-87c2-4266-802c-1e42b9d747be,Ehud Olmert,Ehud Olmert,,,,Likud Gesher Tzomet,likud_gesher_tzomet,,,Knesset,14,,1998-11-18,http://www.knesset.gov.il/mk/images/members/olmert_ehud.jpg,male
7746ac76-0e39-48a5-8d97-6c3f8eb6315d,Eitan Cabel,Eitan Cabel,,,,Israel Labor Party,israel_labor_party,,,Knesset,14,1996-10-15,,http://www.knesset.gov.il/mk/images/members/cabel_eitan.jpg,male
79b5c853-11b4-46a7-a5dd-427ad6c8b782,Eli Ben-Menachem,Eli Ben-Menachem,,,,Israel Labor Party,israel_labor_party,,,Knesset,14,,,http://www.knesset.gov.il/mk/images/members/benmenachem_eli.jpg,male
56e2d571-8f09-4d18-8673-7818949fed31,Eliahu Ben Elissar,Eliahu Ben Elissar,,,,Likud Gesher Tzomet,likud_gesher_tzomet,,,Knesset,14,,1996-09-01,http://www.knesset.gov.il/mk/images/members/benelisar_eli.jpg,male
162761cf-38ed-4626-bdf4-e1832509b6a1,Eliahu Gabbay,Eliahu Gabbay,,,,National Religious Party,national_religious_party,,,Knesset,14,1998-01-20,,http://www.knesset.gov.il/mk/images/members/gabai_eli.jpg,male
544aa90d-285c-4b72-b256-5afd9d73d059,Elie Goldschmidt,Elie Goldschmidt,,,,Israel Labor Party,israel_labor_party,,,Knesset,14,,,http://www.knesset.gov.il/mk/images/members/goldshmidt_eli.jpg,male
78669121-9fbd-497f-b7eb-c4b4e8d2a800,Eliezer Sandberg,Eliezer Sandberg,,,,Shinui - Center Party,shinui_-_center_party,,,Knesset,14,,,http://www.knesset.gov.il/mk/images/members/zandberg_eliezer.jpg,male
c68428f4-0df9-4bb6-9888-41aef36d8210,Eliyahu Yishai,Eliyahu Yishai,,,,Shas,shas,,,Knesset,14,,,http://www.knesset.gov.il/mk/images/members/yishai_eli.jpg,male
c9389ee5-6a22-4eb5-a9e1-b7125247c1fe,Emanuel Zisman,Emanuel Zisman,,,,Single MK - Emanuel Zisman,single_mk_-_emanuel_zisman,,,Knesset,14,,,http://www.knesset.gov.il/mk/images/members/zisman_emanuel.jpg,male
d07b0cf5-2c0d-4957-98cc-813dc8eb57a5,Ephraim Sneh,Ephraim Sneh,,,,Israel Labor Party,israel_labor_party,,,Knesset,14,,,http://www.knesset.gov.il/mk/images/members/sneh_efraim.jpg,male
934078fe-d368-4084-87a8-c3544d392e5a,Gideon Ezra,Gideon Ezra,,,,Likud,likud,,,Knesset,14,,,http://www.knesset.gov.il/mk/images/members/ezra_gidon.jpg,male
ff6435fb-02bf-4f8e-8ce6-a910e795a6fb,Hagai Meirom,Hagai Meirom,,,,Israel in the Center,israel_in_the_center,,,Knesset,14,,,http://www.knesset.gov.il/mk/images/members/marom_hagai.jpg,male
78e56f00-e229-4100-8c8a-08d30e5d63a2,Haim Dayan,Haim Dayan,,,,Tzomet,tzomet,,,Knesset,14,,,http://www.knesset.gov.il/mk/images/members/dayan_chaim.jpg,male
57b4afb8-1d88-415b-9d4b-a079f172f1c9,Haim Ramon,Haim Ramon,,,,Israel Labor Party,israel_labor_party,,,Knesset,14,,,http://www.knesset.gov.il/mk/images/members/ramon_haim.jpg,male
7162d047-d762-4629-a5e4-6cba571629c0,Hanan Porat,Hanan Porat,,,,Tekuma,tekuma,,,Knesset,14,,,http://www.knesset.gov.il/mk/images/members/porat_hanan.jpg,male
476d2413-b087-4686-950e-450fd0e78bf4,Hashem Mahameed,Hashem Mahameed,,,,National Democratic Assembly,national_democratic_assembly,,,Knesset,14,,,http://www.knesset.gov.il/mk/images/members/mahamed_hashem.jpg,male
30b04473-35ea-40d2-9f48-3061d05b0493,Itzchak Mordechay,Itzchak Mordechay,,,,Israel in the Center,israel_in_the_center,,,Knesset,14,,,http://www.knesset.gov.il/mk/images/members/mordechai_yizhak.jpg,male
cd1034e6-5c78-43f1-9069-19aeab117928,Joshua Matza,Joshua Matza,,,,Likud,likud,,,Knesset,14,,,http://www.knesset.gov.il/mk/images/members/maza_yehoshua.jpg,male
b426aa3c-1b7a-4a1a-be89-33d6c30fad4e,Limor Livnat,Limor Livnat,,,,Likud,likud,,,Knesset,14,,,http://www.knesset.gov.il/mk/images/members/livnat_limor.jpg,female
c7636e97-f0ab-473a-94f5-9f35627e8913,Marina Solodkin,Marina Solodkin,,,,Yisrael Be`aliyah,yisrael_be`aliyah,,,Knesset,14,,,http://www.knesset.gov.il/mk/images/members/solodkin_marina.jpg,female
2335d5a3-27a8-4271-8059-b151d67df06f,Maxim Levy,Maxim Levy,,,,Gesher,gesher,,,Knesset,14,,,http://www.knesset.gov.il/mk/images/members/levi_maxim.jpg,male
669963e2-9483-4105-971a-8b64afdaade8,Meir Porush,Meir Porush,,,,Agudat Yisrael,agudat_yisrael,,,Knesset,14,,,http://www.knesset.gov.il/mk/images/members/porush_meir.jpg,male
8259bb3f-71ca-4bb4-b8cd-b11dfebdc2cf,Meir Sheetrit,Meir Sheetrit,,,,Likud,likud,,,Knesset,14,,,http://www.knesset.gov.il/mk/images/members/shitrit_meir.jpg,male
85b95f2c-c032-445e-b1a1-65500a20255f,Micha Goldman,Micha Goldman,,,,Israel Labor Party,israel_labor_party,,,Knesset,14,,,http://www.knesset.gov.il/mk/images/members/goldman_micha.jpg,male
5d40964c-b0f4-4076-bbe4-dd8d44898679,Michael Eitan,Michael Eitan,,,,Likud,likud,,,Knesset,14,,,http://www.knesset.gov.il/mk/images/members/eitan_michael.jpg,male
14a800fd-2444-4565-9a80-20975af40ab2,Michael Kleiner,Michael Kleiner,,,,Herut - National Movement,herut_-_national_movement,,,Knesset,14,,,http://www.knesset.gov.il/mk/images/members/kleiner_michael.jpg,male
4086ebe6-f957-40f8-a4e4-dc9943f795d0,Michael Nudelman,Michael Nudelman,,,,Aliah - For a Renewed Israel,aliah_-_for_a_renewed_israel,,,Knesset,14,,,http://www.knesset.gov.il/mk/images/members/nudelman_michael.jpg,male
a5b4c8d3-847e-4984-b2e1-a545abb3a70b,Moshe Gafni,Moshe Gafni,,,,United Torah Judaism,united_torah_judaism,,,Knesset,14,,1998-10-23,http://www.knesset.gov.il/mk/images/members/gafni_moshe.jpg,male
0cfd516d-79ae-4f40-85ef-2f0eecb22aa6,Moshe Katsav,Moshe Katsav,,,,Likud,likud,,,Knesset,14,,,http://www.knesset.gov.il/mk/images/members/katzav_moshe.jpg,male
c435c446-6030-47ef-8d07-1aa567bb7f2e,Moshe Peled,Moshe Peled,,,,Moledet,moledet,,,Knesset,14,,,http://www.knesset.gov.il/mk/images/members/peled_moshe.jpg,male
2a147d97-2408-452e-a1f3-de0dfaa65127,Moshe Shahal,Moshe Shahal,,,,Israel Labor Party,israel_labor_party,,,Knesset,14,,1998-03-20,http://www.knesset.gov.il/mk/images/members/shahal_moshe.jpg,male
639f25e0-bf05-4b41-ad1b-de030ad5421c,Naomi Blumenthal,Naomi Blumenthal,,,,Likud,likud,,,Knesset,14,,,http://www.knesset.gov.il/mk/images/members/blumental_naomi.jpg,female
f5bfe428-7840-41c1-971e-9a16ed978628,Naomi Chazan,Naomi Chazan,,,,Meretz,meretz,,,Knesset,14,,,http://www.knesset.gov.il/mk/images/members/hazan_naomi.jpg,female
1e18d418-b85b-46ae-b10c-a2e9396640bc,Natan Sharansky,Natan Sharansky,,,,Yisrael Be`aliyah,yisrael_be`aliyah,,,Knesset,14,,,http://www.knesset.gov.il/mk/images/members/sharansky_natan.jpg,male
44518ee2-bba0-457e-8a82-ab37ed40350f,Nawaf Mazalha,Nawaf Mazalha,,,,Israel Labor Party,israel_labor_party,,,Knesset,14,,,http://www.knesset.gov.il/mk/images/members/masalcha_nawef.jpg,male
f4cb7194-bae9-4766-874b-5e41e83c99b8,Nissan Slomiansky,Nissan Slomiansky,,,,National Religious Party,national_religious_party,,,Knesset,14,1997-05-12,,http://www.knesset.gov.il/mk/images/members/slomiansky_nisan.jpg,male
69d1ec80-36bd-4356-add4-c0cff3c7918c,Nissim Dahan,Nissim Dahan,,,,Shas,shas,,,Knesset,14,,,http://www.knesset.gov.il/mk/images/members/dahan_nissim.jpg,male
6930c6f4-d4ec-4da2-9160-5a47e70be6a2,Nissim Zvili,Nissim Zvili,,,,Israel in the Center,israel_in_the_center,,,Knesset,14,,,http://www.knesset.gov.il/mk/images/members/zvili_nissim.jpg,male
dc1cc874-5da9-4094-9bc3-ea6ca3fdfb6d,Ophir Pines-Paz,Ophir Pines-Paz,,,,Israel Labor Party,israel_labor_party,,,Knesset,14,,,http://www.knesset.gov.il/mk/images/members/pinespaz_ofir.jpg,male
40d88050-7244-4046-81d7-d2c170de51a4,Ori Orr,Ori Orr,,,,Israel Labor Party,israel_labor_party,,,Knesset,14,,,http://www.knesset.gov.il/mk/images/members/or_uri.jpg,male
1fa2a9b1-8ee6-4c24-843b-a7ce5d4a21f9,Pini Badash,Pini Badash,,,,Likud Gesher Tzomet,likud_gesher_tzomet,,,Knesset,14,,1998-11-30,http://www.knesset.gov.il/mk/images/members/badash_pini.jpg,male
b1f8244b-042a-44ee-a409-77cfab1243e7,Ra`anan Cohen,Ra`anan Cohen,,,,Israel Labor Party,israel_labor_party,,,Knesset,14,,,http://www.knesset.gov.il/mk/images/members/cohen_raanan.jpg,male
a841aadb-19b3-4dd2-a597-197796148e5b,Rafael Eitan,Rafael Eitan,,,,Tzomet,tzomet,,,Knesset,14,,,http://www.knesset.gov.il/mk/images/members/eitan_refael.jpg,male
68443f6d-4eb7-420e-980f-fe5803836ae0,Rafi Elul,Rafi Elul,,,,Israel Labor Party,israel_labor_party,,,Knesset,14,,,http://www.knesset.gov.il/mk/images/members/elul_refael.jpg,male
25a64e1e-5b92-48f6-b7a3-09b812c055db,Rafik Haj Yahia,Rafik Haj Yahia,,,,Am Ehad,am_ehad,,,Knesset,14,1998-03-20,,http://www.knesset.gov.il/mk/images/members/rafik_haj.jpg,male
c5ded33b-8215-4410-9088-86903eebf233,Ran Cohen,Ran Cohen,,,,Meretz,meretz,,,Knesset,14,,,http://www.knesset.gov.il/mk/images/members/cohen_ran.jpg,male
3cd3729f-8cd9-4abf-a0b8-b5bddb0bfde2,Raphael Edery,Raphael Edery,,,,Israel Labor Party,israel_labor_party,,,Knesset,14,,,http://www.knesset.gov.il/mk/images/members/edri_refael.jpg,male
4e6bb2ad-52f3-4739-bcaa-9c07c9629b99,Raphael Pinchasi,Raphael Pinchasi,,,,Shas,shas,,,Knesset,14,,,http://www.knesset.gov.il/mk/images/members/pinhasi_refael.jpg,male
cc4519ae-05da-464f-a497-287ac7a57f99,Rechavam Ze`evi,Rechavam Ze`evi,,,,Moledet,moledet,,,Knesset,14,,,http://www.knesset.gov.il/mk/images/members/zeevi_rehavam.jpg,male
3e1d57fc-ade9-4462-be46-946e7764c8ff,Reuven Rivlin,Reuven Rivlin,,,,Likud,likud,,,Knesset,14,1996-09-01,,http://www.knesset.gov.il/mk/images/members/rivlin_rubi.jpg,male
b9e75f63-1c94-420b-bb60-82e47c5172d3,Roman Bronfman,Roman Bronfman,,,,Yisrael Be`aliyah,yisrael_be`aliyah,,,Knesset,14,,,http://www.knesset.gov.il/mk/images/members/bronfman_roman.jpg,male
d0d530ac-7485-4bca-a8d3-d8cc7086dc55,Saleh Saleem,Saleh Saleem,,,,Hadash,hadash,,,Knesset,14,,,http://www.knesset.gov.il/mk/images/members/salach_salim.jpg,male
3a7643e0-d955-4a62-a0ef-71366d1e66fb,Saleh Tarif,Saleh Tarif,,,,Israel Labor Party,israel_labor_party,,,Knesset,14,,,http://www.knesset.gov.il/mk/images/members/tarif_salah.jpg,male
e1b37fe9-8546-4341-a9bf-6b0a8146439a,Shalom Simhon,Shalom Simhon,,,,Israel Labor Party,israel_labor_party,,,Knesset,14,,,http://www.knesset.gov.il/mk/images/members/simhon_shalom.jpg,male
b4fac19d-d47a-4c12-bbef-ea465b68158c,Shaul Amor,Shaul Amor,,,,Likud,likud,,,Knesset,14,,,http://www.knesset.gov.il/mk/images/members/amor_shaul.jpg,male
34be9ce9-964b-47e6-9c4d-1173f460ad84,Shaul Yahalom,Shaul Yahalom,,,,National Religious Party,national_religious_party,,,Knesset,14,,,http://www.knesset.gov.il/mk/images/members/yahalom_shaul.jpg,male
b921f00f-a8e5-45ba-9c5f-fa5b473dfc8a,Shevach Weiss,Shevach Weiss,,,,Israel Labor Party,israel_labor_party,,,Knesset,14,,,http://www.knesset.gov.il/mk/images/members/weiss_shevah.jpg,male
ac4ee627-3936-4926-bb88-a506a0a4fb83,Shimon Peres,Shimon Peres,,,,Israel Labor Party,israel_labor_party,,,Knesset,14,,,http://www.knesset.gov.il/mk/images/members/peres_shimon.jpg,male
e825ccef-ccd8-4b8a-835d-a4654e5c5caa,Shlomo Ben-Ami,Shlomo Ben-Ami,,,,Israel Labor Party,israel_labor_party,,,Knesset,14,,,http://www.knesset.gov.il/mk/images/members/benami_shlomo.jpg,male
ba52528e-6e4f-4cec-a364-9ca043f18185,Shlomo Benizri,Shlomo Benizri,,,,Shas,shas,,,Knesset,14,,,http://www.knesset.gov.il/mk/images/members/benizri_shlomo.jpg,male
cb0c80df-1651-4360-af53-23b1661335cc,Shmaryahu Ben-Zur,Shmaryahu Ben-Zur,,,,National Religious Party,national_religious_party,,,Knesset,14,,,http://www.knesset.gov.il/mk/images/members/benzur_shmaryahu.jpg,male
ae428942-6489-4d2f-92dc-2988728b6fc6,Shmuel Halpert,Shmuel Halpert,,,,Agudat Yisrael,agudat_yisrael,,,Knesset,14,,,http://www.knesset.gov.il/mk/images/members/halpert_shmuel.jpg,male
b97bb24c-8aa7-4688-9ebd-73848a11be7f,Silvan Shalom,Silvan Shalom,,,,Likud,likud,,,Knesset,14,,,http://www.knesset.gov.il/mk/images/members/shalom_silvan.jpg,male
984e0009-7ef4-4c0e-9fa6-7b78ad39c763,Sofa Landver,Sofa Landver,,,,Israel Labor Party,israel_labor_party,,,Knesset,14,,,http://www.knesset.gov.il/mk/images/members/landver_sofa.jpg,female
b0d91488-41bb-4227-a6b2-348c6b192f67,Talab El-Sana,Talab El-Sana,,,,Mada-Ra`am,mada-ra`am,,,Knesset,14,,,http://www.knesset.gov.il/mk/images/members/elsana_taleb.jpg,male
954bb7c3-4234-4876-8371-1861f4617416,Tamar Gozansky,Tamar Gozansky,,,,Hadash,hadash,,,Knesset,14,,,http://www.knesset.gov.il/mk/images/members/gozansky_tamar.jpg,female
b9e211ec-a357-4310-90bd-6383b2260fe1,Tawfik Khatib,Tawfik Khatib,,,,Mada-Ra`am,mada-ra`am,,,Knesset,14,,,http://www.knesset.gov.il/mk/images/members/hateeb_taufik.jpg,male
1583c28b-1b23-442a-8814-93f2a065d1fa,Tzachi Hanegbi,Tzachi Hanegbi,,,,Likud,likud,,,Knesset,14,,,http://www.knesset.gov.il/mk/images/members/hanegbi_tzahi.jpg,male
1ab50f3e-77c0-49c9-a7da-f5e98037d557,Uzi Baram,Uzi Baram,,,,Israel Labor Party,israel_labor_party,,,Knesset,14,,,http://www.knesset.gov.il/mk/images/members/baram_uzi.jpg,male
7d323139-d911-42cb-a28b-166469a59ac2,Uzi Landau,Uzi Landau,,,,Likud,likud,,,Knesset,14,,,http://www.knesset.gov.il/mk/images/members/landau_uzi.jpg,male
ae125e33-9cd8-451e-815a-748a74891fdb,Walid Sadik,Walid Sadik,,,,Meretz,meretz,,,Knesset,14,,,http://www.knesset.gov.il/mk/images/members/walid_haj.jpg,male
a123b87b-ecba-4ec9-8d46-b6248d0770b6,Yael Dayan,Yael Dayan,,,,Israel Labor Party,israel_labor_party,,,Knesset,14,,,http://www.knesset.gov.il/mk/images/members/dayan_yael.jpg,female
58775062-56f6-474e-8265-8ac129849287,Yehuda Lancry,Yehuda Lancry,,,,Gesher,gesher,,,Knesset,14,,,http://www.knesset.gov.il/mk/images/members/lancry_yehuda.jpg,male
37d30442-8568-45bd-9db5-bd71104c747e,Yehudah Harel,Yehudah Harel,,,,The Third Way,the_third_way,,,Knesset,14,,,http://www.knesset.gov.il/mk/images/members/harel_yehuda.jpg,male
d4477229-47a8-4cdb-8302-2ad74c2ac7b1,Yigal Bibi,Yigal Bibi,,,,National Religious Party,national_religious_party,,,Knesset,14,,,http://www.knesset.gov.il/mk/images/members/bibi_yigal.jpg,male
0097d7e9-19c2-4a7f-a259-07e4701538ce,Yisrael Katz,Yisrael Katz,,,,Likud,likud,,,Knesset,14,1998-11-18,,http://www.knesset.gov.il/mk/images/members/katz_yisrael.jpg,male
afe7f685-e436-4ea9-b60c-860435a2b1de,Yitzhak Cohen,Yitzhak Cohen,,,,Shas,shas,,,Knesset,14,,,http://www.knesset.gov.il/mk/images/members/cohen_yitzhak.jpg,male
462ba60e-c05e-475d-a497-242d538efd99,Yitzhak Levy,Yitzhak Levy,,,,National Religious Party,national_religious_party,,,Knesset,14,,,http://www.knesset.gov.il/mk/images/members/levi_yitzhak.jpg,male
4da044ac-12eb-485e-9da3-70584c6cdf9c,Yitzhak Vaknin,Yitzhak Vaknin,,,,Shas,shas,,,Knesset,14,,,http://www.knesset.gov.il/mk/images/members/vaknin_yizhak.jpg,male
a5e9d3ba-0b45-48bd-9f42-e88a6c58fb0c,Yona Yahav,Yona Yahav,,,,Israel Labor Party,israel_labor_party,,,Knesset,14,,,http://www.knesset.gov.il/mk/images/members/yahav_yonah.jpg,male
ab42c3b5-a080-4f07-9072-e081d90501a1,Yossi Beilin,Yossi Beilin,,,,Israel Labor Party,israel_labor_party,,,Knesset,14,,,http://www.knesset.gov.il/mk/images/members/beilin_yosef.jpg,male
dee9ebf9-9cf4-49ae-8475-36fd3ff0897a,Yossi Katz,Yossi Katz,,,,Israel Labor Party,israel_labor_party,,,Knesset,14,,,http://www.knesset.gov.il/mk/images/members/katz_yossi.jpg,male
4b3b4b07-170c-4fd9-9453-a80f0e468e3d,Yossi Sarid,Yossi Sarid,,,,Meretz,meretz,,,Knesset,14,,,http://www.knesset.gov.il/mk/images/members/sarid_yossi.jpg,male
44b96f47-4811-496f-9cac-6b7e30272851,Yuli-Yoel Edelstein,Yuli-Yoel Edelstein,,,,Yisrael Be`aliyah,yisrael_be`aliyah,,,Knesset,14,,,http://www.knesset.gov.il/mk/images/members/edelstein_yoel.jpg,male
09ed12ec-5ba7-4326-af6b-4863c07c89ff,Yuri Shtern,Yuri Shtern,,,,Aliah - For a Renewed Israel,aliah_-_for_a_renewed_israel,,,Knesset,14,,,http://www.knesset.gov.il/mk/images/members/stern_yuri.jpg,male
30608fa3-9888-488e-89dc-4979bf53594f,Ze`ev Binyamin Begin,Ze`ev Binyamin Begin,,,,Herut - National Movement,herut_-_national_movement,,,Knesset,14,,,http://www.knesset.gov.il/mk/images/members/begin_beni.jpg,male
030fde55-5e2a-4152-a0d8-780954eda301,Ze`ev Boim,Ze`ev Boim,,,,Likud,likud,,,Knesset,14,,,http://www.knesset.gov.il/mk/images/members/boim_zev.jpg,male
6164f37d-b268-4c97-8b05-a26d5a35b287,Zevulon Hammer,Zevulon Hammer,,,,National Religious Party,national_religious_party,,,Knesset,14,,1998-01-20,http://www.knesset.gov.il/mk/images/members/hammer_zevulun.jpg,male
98a54a39-7d38-47ad-90af-5f82f0e5fb91,Zvi Hendel,Zvi Hendel,,,,Tekuma,tekuma,,,Knesset,14,,,http://www.knesset.gov.il/mk/images/members/hendel_zvi.jpg,male
95883244-19e7-496c-84af-2391c53e5992,Zvi Weinberg,Zvi Weinberg,,,,Yisrael Be`aliyah,yisrael_be`aliyah,,,Knesset,14,,,http://www.knesset.gov.il/mk/images/members/weinberg_zvi.jpg,male
