id,name__es,name,wikipedia__es,name__en,wikipedia__en,gender,birth_date,given_name,identifier__VIAF,image,death_date,family_name,identifier__freebase
Q16146067,,Rocío Abreu Artiñano,"",Rocío Abreu Artiñano,Rocío Abreu Artiñano,female,1974-05-29,Rocío,,,,,
Q16190609,,Hugo Jarquín,"",Hugo Jarquín,Hugo Jarquín,male,1966-06-01,Hugo,,,,,
Q16143384,Rafael Acosta Croda,Rafael Acosta Croda,Rafael Acosta Croda,Rafael Acosta Croda,Rafael Acosta Croda,male,1957-05-27,Rafael,,,,,
Q16196079,,Blanca Jiménez Castillo,"",Blanca Jiménez Castillo,Blanca Jiménez Castillo,female,1965-09-26,Blanca,,,,,
Q16146526,,Miguel Ángel Aguayo,"",Miguel Ángel Aguayo,Miguel Ángel Aguayo,male,1951-08-20,Miguel,,,,,
Q16223183,,María Teresa Jiménez Esquivel,"",María Teresa Jiménez Esquivel,María Teresa Jiménez Esquivel,female,1984-05-25,María,,,,,
Q16146538,,Claudia Elena Aguila,"",Claudia Elena Aguila,Claudia Elena Aguila,female,1972-10-29,Claudia,,,,,
Q16186732,,Víctor Manuel Jorrín,"",Víctor Manuel Jorrín,Víctor Manuel Jorrín,male,1955-01-13,Victor,,,,,
Q16147435,,Marcos Aguilar Vega,"",Marcos Aguilar Vega,Marcos Aguilar Vega,male,1972-07-05,Marcos,,,,,
Q5664630,Aleida Alavez Ruiz,Aleida Alavez Ruiz,Aleida Alavez Ruiz,Aleida Alavez Ruiz,Aleida Alavez Ruiz,female,1974-01-10,Aleida,,,,,
Q16215868,,Raymundo King,"",Raymundo King,Raymundo King,male,1976-12-18,Raymundo,,,,,
Q16149263,,Leobardo Alcalá,"",Leobardo Alcalá,Leobardo Alcalá,male,1960-08-28,,,,,,
Q1406714,Fernando Larrazábal Bretón,Fernando Larrazábal Bretón,"",Fernando Larrazábal Bretón,Fernando Larrazábal Bretón,male,1962-08-11,Fernando,,,,,
Q16146233,,Edilberto Algredo Jaramillo,"",Edilberto Algredo Jaramillo,Edilberto Algredo Jaramillo,male,1957-02-13,,,,,,
Q8963888,Gerardo Liceaga Arteaga,Gerardo Liceaga Arteaga,Gerardo Liceaga Arteaga,Gerardo Liceaga Arteaga,Gerardo Liceaga Arteaga,male,1960-10-03,Gerardo,,,,,
Q16146549,,Isabel Allende Cano,"",Isabel Allende Cano,Isabel Allende Cano,female,1983-06-29,Isabel,,,,,
Q15111343,José Alejandro Llanas,José Alejandro Llanas,José Alejandro Llanas Alba,José Alejandro Llanas,José Alejandro Llanas,male,1978-06-24,José,,,,,
Q16146590,,Felipe de Jesús Almaguer,"",Felipe de Jesús Almaguer,Felipe de Jesús Almaguer,male,1974-02-21,Felipe,,,,,
Q16218625,,Jaime Chris López,"",Jaime Chris López,Jaime Chris López,male,1979-09-17,Jaime,,,,,
Q16146705,,Humberto Alonso Morelli,"",Humberto Alonso Morelli,Humberto Alonso Morelli,male,1971-11-26,Humberto,,,,,
Q5938355,José Arturo López Cándido,José Arturo López Cándido,José Arturo López Cándido,José Arturo López Cándido,José Arturo López Cándido,male,1952-12-20,José,,,,,
Q16146888,,Brenda María Alvarado Sánchez,"",Brenda María Alvarado Sánchez,Brenda María Alvarado Sánchez,female,1970-02-16,Brenda,,,,,
Q16214055,,José Martín López Cisneros,"",José Martín López Cisneros,José Martín López Cisneros,male,1972-11-11,José,,,,,
Q16147223,,María de Lourdes Amaya,"",María de Lourdes Amaya,María de Lourdes Amaya,female,1980-02-11,María,,,,,
Q16194659,,Leticia López Landero,"",Leticia López Landero,Leticia López Landero,female,1962-07-07,Leticia,,,,,
Q16144531,,Carlos Fernando Angulo Parra,"",Carlos Fernando Angulo Parra,Carlos Fernando Angulo Parra,male,1950-09-11,Carlos,,,,,
Q16145455,,Tomás López Landero,"",Tomás López Landero,Tomás López Landero,male,1950-03-14,Tomás,,,,,
Q16146579,,Carol Antonio Altamirano,"",Carol Antonio Altamirano,Carol Antonio Altamirano,male,1963-12-13,Carol,,,,,
Q16217424,,Adriana López Moreno,"",Adriana López Moreno,Adriana López Moreno,female,1978-01-28,Adriana,,,,,
Q16147432,,Salvador Arellano Guzmán,"",Salvador Arellano Guzmán,Salvador Arellano Guzmán,male,1957-08-30,Salvador,,,,,
Q16213395,Alejandra López Noriega,Alejandra López Noriega,Alejandra López Noriega,Alejandra López Noriega,Alejandra López Noriega,female,1970-01-05,Alejandra,,,,,
Q16146032,,Alma Arroyo Ruiz,"",Alma Arroyo Ruiz,Alma Arroyo Ruiz,female,1975-11-27,Alma,,,,,
Q16215400,María Angélica Magaña Zepeda,María Angélica Magaña Zepeda,"",María Angélica Magaña Zepeda,María Angélica Magaña Zepeda,female,1975-10-05,María,,,,,
Q16146386,,Antonio Astiazarán,"",Antonio Astiazarán,Antonio Astiazarán,male,1971-07-13,Antonio,,,,,
Q16196576,,Fernando Alfredo Maldonado,"",Fernando Alfredo Maldonado,Fernando Alfredo Maldonado,male,1966-01-08,Fernando,,,,,
Q16146425,,Ricardo Astudillo Suárez,"",Ricardo Astudillo Suárez,Ricardo Astudillo Suárez,male,1975-06-26,Ricardo,,,,,
Q16190775,,José Valentín Maldonado Salgado,"",José Valentín Maldonado Salgado,José Valentín Maldonado Salgado,male,1980-02-14,José,,,,,
Q16144557,,Kamel Athie Flores,"",Kamel Athie Flores,Kamel Athie Flores,male,1950-02-28,,,,,,
Q16186781,,José Manzur Quiroga,"",José Manzur Quiroga,José Manzur Quiroga,male,1955-01-25,José,,,,,
Q7515707,Silvano Aureoles Conejo,Silvano Aureoles Conejo,Silvano Aureoles Conejo,Silvano Aureoles Conejo,Silvano Aureoles Conejo,male,1965-08-23,Silvano,,,,,
Q16196581,,José Luis Márquez Martínez,"",José Luis Márquez Martínez,José Luis Márquez Martínez,male,1966-06-21,José,,,,,
Q16147614,,Xavier Azuara Zúñiga,"",Xavier Azuara Zúñiga,Xavier Azuara Zúñiga,male,1979-09-16,Xavier,,,,,
Q16194182,,Silvia Márquez Velasco,"",Silvia Márquez Velasco,Silvia Márquez Velasco,female,1961-08-23,Silvia,,,,,
Q16146024,,Darío Badillo Ramírez,"",Darío Badillo Ramírez,Darío Badillo Ramírez,male,1959-12-10,Darío,,,,,
Q16212075,,Esther Angélica Martínez,"",Esther Angélica Martínez,Esther Angélica Martínez,female,1970-12-07,Esther,169289452,,,,
Q6117631,Salvador Barajas del Toro,Salvador Barajas del Toro,Salvador Barajas del Toro,Salvador Barajas del Toro,Salvador Barajas del Toro,male,1972-05-08,Salvador,,,,,
Q16241944,,María Elia Cabañas,"",María Elia Cabañas,María Elia Cabañas,female,,María,,,,,
Q16147052,,Marco Antonio Barba Mariscal,"",Marco Antonio Barba Mariscal,Marco Antonio Barba Mariscal,male,1970-05-24,Marco,,,,,
Q16214075,,Juan Luis Martínez Martínez,"",Juan Luis Martínez Martínez,Juan Luis Martínez Martínez,male,1972-06-26,Juan,,,,,
Q16147224,,Delvim Fabiola Bárcenas,"",Delvim Fabiola Bárcenas,Delvim Fabiola Bárcenas,female,1977-01-16,,,,,,
Q5675721,"Andrés Eloy Martínez Rojas,","Andrés Eloy Martínez Rojas,","",Andrés Eloy Martínez,Andrés Eloy Martínez,male,1963-06-23,Andrés,,,,,
Q16193947,,Petra Barrera Barrera,"",Petra Barrera Barrera,Petra Barrera Barrera,female,1961-04-29,Petra,,,,,
Q16196588,,Ángel Abel Mavil,"",Ángel Abel Mavil,Ángel Abel Mavil,male,1966-07-30,Ángel,,,,,
Q16215732,,Fernando Charleston,"",Fernando Charleston,Fernando Charleston,male,1976-10-13,Fernando,,,,,
Q16197234,,Rodimiro Barrera Estrada,"",Rodimiro Barrera Estrada,Rodimiro Barrera Estrada,male,1968-03-20,,,,,,
Q16215422,,Ricardo Medina Fierro,"",Ricardo Medina Fierro,Ricardo Medina Fierro,male,1975-08-05,Ricardo,,,,,
Q15640590,Gilberto Hirata Chico,Gilberto Hirata Chico,Gilberto Hirata Chico,Gilberto Hirata,Gilberto Hirata,male,1953-01-17,Gilberto,,,,,
Q16204690,,Laura Barrera Fortoul,"",Laura Barrera Fortoul,Laura Barrera Fortoul,female,1976-05-10,Laura,,,,,
Q16190818,,Marcos Rosendo Medina Filigrana,"",Marcos Rosendo Medina Filigrana,Marcos Rosendo Medina Filigrana,male,1970-10-06,Marcos,,,,,
Q16190119,,Agustín Barrios Gómez,"",Agustín Barrios Gómez,Agustín Barrios Gómez,male,1971-03-18,Agustín,,,,,
Q16200396,,Lorena Méndez Denis,"",Lorena Méndez Denis,Lorena Méndez Denis,female,1968-11-06,Lorena,,,,,
Q16204837,,Noé Barrueta,"",Noé Barrueta,Noé Barrueta,male,1971-12-27,Noé,,,,,
Q15122091,Mario Rafael Méndez Martínez,Mario Rafael Méndez Martínez,"",Mario Rafael Méndez Martínez,Mario Rafael Méndez Martínez,male,1957-05-31,Mario,,,,,
Q16197535,,Alliet Mariana Bautista,"",Alliet Mariana Bautista,Alliet Mariana Bautista,female,1968-01-19,,,,,,
Q16187202,,María Leticia Mendoza Curiel,"",María Leticia Mendoza Curiel,María Leticia Mendoza Curiel,female,1956-12-10,María,,,,,
Q16185245,,Gloria Bautista Cuevas,"",Gloria Bautista Cuevas,Gloria Bautista Cuevas,female,1953-03-16,Gloria,,,,,
Q16200402,,Sonia Catalina Mercado,"",Sonia Catalina Mercado,Sonia Catalina Mercado,female,1968-10-23,Sonia,,,,,
Q16114032,,Víctor Manuel Bautista López,"",Víctor Manuel Bautista López,Víctor Manuel Bautista López,male,1947-06-09,Victor,,,,,
Q16190830,,María del Rosario Merlín,"",María del Rosario Merlín,María del Rosario Merlín,female,1964-11-01,María,,,,,
Q16195419,,Óscar Bautista Villegas,"",Óscar Bautista Villegas,Óscar Bautista Villegas,male,1964-02-06,Óscar,,,,,
Q6002129,Martha Lucía Mícher Camarena,Martha Lucía Mícher Camarena,Martha Lucía Mícher Camarena,Martha Lucía Mícher,Martha Lucía Mícher,female,1954-02-11,Martha,,,,,
Q16190135,,José Alberto Benavides,"",José Alberto Benavides,José Alberto Benavides,male,1970-11-27,José,,,,,
Q16213662,,Emilse Miranda Munive,"",Emilse Miranda Munive,Emilse Miranda Munive,female,1971-06-14,,,,,,
Q16199015,Sue Ellen Bernal Bolnik,Sue Ellen Bernal Bolnik,Sue Ellen Bernal Bolnik,Sue Ellen Bernal,Sue Ellen Bernal,female,1982-09-25,Sue,,,,,
Q16190838,,Marino Miranda Salgado,"",Marino Miranda Salgado,Marino Miranda Salgado,male,1962-02-28,Marino,,,,,
Q16187217,,José Alejandro Montano,"",José Alejandro Montano,José Alejandro Montano,male,1956-11-26,José,,,,,
Q16190172,,Silvano Blanco Deaquino,"",Silvano Blanco Deaquino,Silvano Blanco Deaquino,male,1962-02-10,Silvano,,,,,
Q16194211,,Abraham Montes Alvarado,"",Abraham Montes Alvarado,Abraham Montes Alvarado,male,1961-03-16,Abraham,,,,,
Q16190181,,Claudia Elizabeth Bojórquez,"",Claudia Elizabeth Bojórquez,Claudia Elizabeth Bojórquez,female,1970-10-19,Claudia,,,,,
Q5930460,Jesús Morales Flores,Jesús Morales Flores,Jesús Morales Flores,Jesús Morales Flores,Jesús Morales Flores,male,1946-07-19,Jesús,,,,,
Q16213875,,Adolfo Bonilla Gómez,"",Adolfo Bonilla Gómez,Adolfo Bonilla Gómez,male,1972-01-07,Adolfo,,,,,
Q16190856,,Carlos Augusto Morales López,"",Carlos Augusto Morales López,Carlos Augusto Morales López,male,1977-04-05,Carlos,,,,,
Q16199744,,Omar Antonio Borboa,"",Omar Antonio Borboa,Omar Antonio Borboa,male,1980-08-24,Omar,,,,,
Q16214099,,José Isidro Moreno Árcega,"",José Isidro Moreno Árcega,José Isidro Moreno Árcega,male,1972-02-19,José,,,,,
Q16190202,,Tomás Brito Lara,"",Tomás Brito Lara,Tomás Brito Lara,male,1958-01-11,Tomás,,,,,
Q16193258,,José Pilar Moreno,"",José Pilar Moreno,José Pilar Moreno,male,1959-10-12,José,,,,,
Q16195928,,Benito Caballero Garza,"",Benito Caballero Garza,Benito Caballero Garza,male,1965-09-24,Benito,,,,,
Q16190859,,Israel Moreno Rivera,"",Israel Moreno Rivera,Israel Moreno Rivera,male,1975-03-17,Israel,,,,,
Q16195445,,Marco Antonio Calzada,"",Marco Antonio Calzada,Marco Antonio Calzada,male,1964-01-17,Marco,,,,,
Q16193760,,Dulce María Muñíz,"",Dulce María Muñíz,Dulce María Muñíz,female,1960-01-30,Dulce,,,,,
Q16186998,,Felipe Arturo Camarena,"",Felipe Arturo Camarena,Felipe Arturo Camarena,male,1956-02-05,Felipe,,,,,
Q16122010,,José Luis Muñoz Soria,"",José Luis Muñoz Soria,José Luis Muñoz Soria,male,1948-08-10,José,,,,,
Q16188900,,Lisandro Campos Córdova,"",Lisandro Campos Córdova,Lisandro Campos Córdova,male,1957-06-27,Lisandro,,,,,
Q16187227,,Luis Alfredo Murguía,"",Luis Alfredo Murguía,Luis Alfredo Murguía,male,1956-11-22,Luis,,,,,
Q16190235,,Alejandro Carbajal González,"",Alejandro Carbajal González,Alejandro Carbajal González,male,1972-03-23,Alejandro,,,,,
Q16186807,,Víctor Reymundo Nájera,"",Víctor Reymundo Nájera,Víctor Reymundo Nájera,male,1955-07-04,Victor,,,,,
Q16195451,,Juan Manuel Carbajal Hernández,"",Juan Manuel Carbajal Hernández,Juan Manuel Carbajal Hernández,male,1964-03-04,Juan,,,,,
Q16189416,,Héctor Narcia Álvarez,"",Héctor Narcia Álvarez,Héctor Narcia Álvarez,male,1957-12-16,Héctor,,,,,
Q5833206,Enrique Cárdenas del Avellano,Enrique Cárdenas del Avellano,Enrique Cárdenas del Avellano,Enrique Cárdenas,Enrique Cárdenas,male,1957-09-04,Enrique,,,,,
Q16194226,,José Everardo Nava,"",José Everardo Nava,José Everardo Nava,male,1961-01-04,José,,,,,
Q16201848,,Gabriel de Jesús Cárdenas,"",Gabriel de Jesús Cárdenas,Gabriel de Jesús Cárdenas,male,1987-06-27,Gabriel,,,,,
Q16190913,,Joaquina Navarrete Contreras,"",Joaquina Navarrete Contreras,Joaquina Navarrete Contreras,female,1966-08-03,,,,,,
Q6093372,Purificación Carpinteyro,Purificación Carpinteyro,Purificación Carpinteyro,Purificación Carpinteyro Calderón,Purificación Carpinteyro Calderón,female,1961-05-01,,310665613,https://upload.wikimedia.org/wikipedia/commons/0/04/Purificación_Carpinteyro.jpg,,,
Q16193268,,María Concepción Navarrete,"",María Concepción Navarrete,María Concepción Navarrete,female,1959-07-05,María,,,,,
Q16202094,Angelina Carreño Mijares,Angelina Carreño Mijares,Angelina Carreño Mijares,Angelina Carreño Mijares,Angelina Carreño Mijares,female,1981-12-25,Angelina,,,,,
Q16200557,,César Reynaldo Navarro,"",César Reynaldo Navarro,César Reynaldo Navarro,male,1968-06-09,César,,,,,
Q16192643,,Genaro Carreño Muro,"",Genaro Carreño Muro,Genaro Carreño Muro,male,1958-07-27,Genaro,,,,,
Q16215027,,Ossiel Niaves López,"",Ossiel Niaves López,Ossiel Niaves López,male,1974-11-02,,,,,,
Q16213369,,Verónica Carreón Cervantes,"",Verónica Carreón Cervantes,Verónica Carreón Cervantes,female,1970-07-03,Verónica,,,,,
Q16215456,,Homero Niño de Rivera,"",Homero Niño de Rivera,Homero Niño de Rivera,male,1975-03-23,Homero,,,,,
Q16114270,,Mario Miguel Carrillo Huerta,"",Mario Miguel Carrillo Huerta,Mario Miguel Carrillo Huerta,male,1967-06-04,Mario,,,,,
Q16218701,,Ernesto Núñez Aguilar,"",Ernesto Núñez Aguilar,Ernesto Núñez Aguilar,male,1979-02-28,Ernesto,,,,,
Q16186608,,Minerva Castillo Rodríguez,"",Minerva Castillo Rodríguez,Minerva Castillo Rodríguez,female,1955-10-26,Minerva,,,,,
Q16223322,,Gloria Elizabeth Núñez Sánchez,"",Gloria Elizabeth Núñez Sánchez,Gloria Elizabeth Núñez Sánchez,female,1984-03-20,Gloria,,,,,
Q16215726,,Liliana Castillo Terreros,"",Liliana Castillo Terreros,Liliana Castillo Terreros,female,1976-09-28,Liliana,,,,,
Q16216654,,Julio César Lorenzini,"",Julio César Lorenzini,Julio César Lorenzini,male,1977-10-02,Julio,,,,,
Q16217519,,Williams Ochoa,"",Williams Ochoa,Williams Ochoa,male,1978-06-06,,,,,,
Q16193044,,Benjamín Castillo Valdez,"",Benjamín Castillo Valdez,Benjamín Castillo Valdez,male,1959-03-30,Benjamín,,,,,
Q5941545,José Luis Oliveros Usabiaga (Chelis),José Luis Oliveros Usabiaga (Chelis),José Luis Oliveros Usabiaga (Chelis),José Luis Oliveros Usabiaga,José Luis Oliveros Usabiaga,male,1983-05-08,José,,,,,
Q16214778,,Sergio Armando Chávez Davalos,"",Sergio Armando Chávez Davalos,Sergio Armando Chávez Davalos,male,1974-10-31,Sergio,,,,,
Q16213407,,Luis Olvera Correa,"",Luis Olvera Correa,Luis Olvera Correa,male,1970-01-28,Luis,,,,,
Q16190306,,Armando Contreras Ceballos,"",Armando Contreras Ceballos,Armando Contreras Ceballos,male,1962-03-29,Armando,,,,,
Q16199233,,Luis Armando Córdova Díaz,"",Luis Armando Córdova Díaz,Luis Armando Córdova Díaz,male,1968-12-30,Luis,,,,,
Q16186819,,Javier Orihuela García,"",Javier Orihuela García,Javier Orihuela García,male,1955-06-23,Javier,87964794,,,,
Q16195014,,Alberto Coronado Quintanilla,"",Alberto Coronado Quintanilla,Alberto Coronado Quintanilla,male,1963-12-03,Alberto,,,,,
Q16200663,,Marcelina Orta Coronado,"",Marcelina Orta Coronado,Marcelina Orta Coronado,female,1968-08-11,,,,,,
Q16185298,,José Francisco Coronato Rodríguez,"",José Francisco Coronato Rodríguez,José Francisco Coronato Rodríguez,male,1953-12-04,José,,,,,
Q16195722,,Salvador Ortíz García,"",Salvador Ortíz García,Salvador Ortíz García,male,1964-11-28,Salvador,,,,,
Q16195954,,Francisca Elena Corrales,"",Francisca Elena Corrales,Francisca Elena Corrales,female,1965-05-19,Francisca,,,,,
Q16215468,,María Isabel Ortíz Mantilla,"",María Isabel Ortíz Mantilla,María Isabel Ortíz Mantilla,female,1975-09-03,María,,,,,
Q16186201,,Arturo Cruz Ramírez,"",Arturo Cruz Ramírez,Arturo Cruz Ramírez,male,1952-12-15,Arturo,,,,,
Q16213690,,Máximo Othón Zayas,"",Máximo Othón Zayas,Máximo Othón Zayas,male,1971-05-15,Máximo,,,,,
Q16190336,Fernando Cuéllar Reyes,Fernando Cuéllar Reyes,"",Fernando Cuéllar Reyes,Fernando Cuéllar Reyes,male,1963-09-22,Fernando,,,,,
Q16196200,,Jesús Oviedo Herrera,"",Jesús Oviedo Herrera,Jesús Oviedo Herrera,male,1965-06-11,Jesús,,,,,
Q16187033,,Alberto Curi Naime,"",Alberto Curi Naime,Alberto Curi Naime,male,1956-08-23,Alberto,,,,,
Q16200684,,Germán Pacheco Díaz,"",Germán Pacheco Díaz,Germán Pacheco Díaz,male,1968-03-16,Germán,,,,,
Q16193067,,Mario Alberto Dávila Delgado,"",Mario Alberto Dávila Delgado,Mario Alberto Dávila Delgado,male,1959-12-26,Mario,,,,,
Q16137131,,Román Padilla Fierro,"",Román Padilla Fierro,Román Padilla Fierro,male,1949-01-12,Román,,,,,
Q16202418,,Enrique De Castro Palomino,"",Enrique De Castro Palomino,Enrique De Castro Palomino,male,1982-06-19,Enrique,,,,,
Q16149925,,Cesario Padilla Navarro,"",Cesario Padilla Navarro,Cesario Padilla Navarro,male,1951-04-25,,,,,,
Q16186827,,María Pariente Gavito,"",María Pariente Gavito,María Pariente Gavito,female,1955-12-01,María,,,,,
Q16216000,,Raúl Paz Alonzo,"",Raúl Paz Alonzo,Raúl Paz Alonzo,male,1976-02-21,Raúl,,,,,
Q16187255,,Zita Beatriz Pazzi,"",Zita Beatriz Pazzi,Zita Beatriz Pazzi,female,1956-04-12,Zita,,,,,
Q16191144,,Sebastián De la Rosa Peláez,"",Sebastián De la Rosa Peláez,Sebastián De la Rosa Peláez,male,1963-01-20,Sebastián,,,,,
Q16206533,,Francisco Pelayo Covarrubias,"",Francisco Pelayo Covarrubias,Francisco Pelayo Covarrubias,male,1969-11-08,Francisco,,,,,
Q16191429,,Jorge Federico De la Vega Membrillo,"",Jorge Federico De la Vega Membrillo,Jorge Federico De la Vega Membrillo,male,1959-04-23,Jorge,,,,,
Q16195740,,Gerardo Peña Avilés,"",Gerardo Peña Avilés,Gerardo Peña Avilés,male,1964-09-27,Gerardo,,,,,
Q16216717,,Patricia Peña Recio,"",Patricia Peña Recio,Patricia Peña Recio,female,1977-12-28,Patricia,,,,,
Q16213464,,Joaquín Caballero Rosiñol,"",Joaquín Caballero Rosiñol,Joaquín Caballero Rosiñol,male,1971-05-10,Joaquín,,,,,
Q16148425,Juan Manuel Diez Francos,Juan Manuel Diez Francos,Juan Manuel Diez Francos,Juan Manuel Diez Francos,Juan Manuel Diez Francos,male,1951-12-15,Juan,,,,,
Q16206550,,Hugo Mauricio Pérez Anzueto,"",Hugo Mauricio Pérez Anzueto,Hugo Mauricio Pérez Anzueto,male,1969-12-30,Hugo,,,,,
Q16222329,,Paulina Alejandra Del Moral,"",Paulina Alejandra Del Moral,Paulina Alejandra Del Moral,female,1983-08-22,Paulina,,,,,
Q16194256,,José Noel Pérez de Alba,"",José Noel Pérez de Alba,José Noel Pérez de Alba,male,1961-09-21,José,,,,,
Q16213930,,Claudia Delgadillo González,"",Claudia Delgadillo González,Claudia Delgadillo González,female,1972-07-24,Claudia,,,,,
Q16204869,,Rosa Elba Pérez,"",Rosa Elba Pérez,Rosa Elba Pérez,female,1968-09-30,Rosa,,,,,
Q16192681,,Antonio de Jesús Díaz,"",Antonio de Jesús Díaz,Antonio de Jesús Díaz,male,1958-01-14,Antonio,,,,,
Q16218727,,David Pérez Tejada,"",David Pérez Tejada,David Pérez Tejada,male,1979-11-19,David,,,,,
Q16145023,,Víctor Emanuel Díaz Palacios,"",Víctor Emanuel Díaz Palacios,Víctor Emanuel Díaz Palacios,male,1950-11-22,Victor,,,,,
Q16195750,,Norma Ponce Orozco,"",Norma Ponce Orozco,Norma Ponce Orozco,female,1964-10-01,Norma,,,,,
Q16215237,,Alberto Díaz Trujillo,"",Alberto Díaz Trujillo,Alberto Díaz Trujillo,male,1975-11-07,Alberto,,,,,
Q16193802,,Vicario Portillo Martínez,"",Vicario Portillo Martínez,Vicario Portillo Martínez,male,1960-11-06,,,,,,
Q16190364,,Eva Diego Cruz,"",Eva Diego Cruz,Eva Diego Cruz,female,1975-05-02,Eva,,,,,
Q15144679,Humberto Armando Prieto Herrera,Humberto Armando Prieto Herrera,Humberto Armando Prieto Herrera,Humberto Prieto Herrera,Humberto Prieto Herrera,male,1985-08-06,Humberto,,,,,
Q16188994,,José Enrique Doger Guerrero,"",José Enrique Doger Guerrero,José Enrique Doger Guerrero,male,1957-08-19,José,,,,,
Q16197181,,Eduardo Quian Alcocer,"",Eduardo Quian Alcocer,Eduardo Quian Alcocer,male,1967-12-01,Eduardo,,,,,
Q16213496,,Pedro Ignacio Domínguez,"",Pedro Ignacio Domínguez,Pedro Ignacio Domínguez,male,1971-09-09,Pedro,,,,,
Q16194758,,Socorro Quintana León,"",Socorro Quintana León,Socorro Quintana León,female,1962-12-23,Socorro,,,,,
Q16195987,,José Ignacio Duarte Murillo,"",José Ignacio Duarte Murillo,José Ignacio Duarte Murillo,male,1965-09-09,José,,,,,
Q16150059,,Esther Quintana Salinas,"",Esther Quintana Salinas,Esther Quintana Salinas,female,1951-07-01,Esther,,,,,
Q16190381,,Catalino Duarte Ortuño,"",Catalino Duarte Ortuño,Catalino Duarte Ortuño,male,1970-03-23,,,,,,
Q16191081,,Karen Quiroga Anguiano,"",Karen Quiroga Anguiano,Karen Quiroga Anguiano,female,1980-01-19,Karen,,,,,
Q16106929,Irma Elizondo Ramírez,Irma Elizondo Ramírez,Irma Elizondo Ramírez,Irma Elizondo Ramírez,Irma Elizondo Ramírez,female,1945-11-21,Irma,,,2014-08-04,,
Q5945029,José Rangel Espinosa,José Rangel Espinosa,José Rangel Espinosa,José Rangel Espinosa,José Rangel Espinosa,male,1956-03-19,José,,,,,
Q16193569,,José Rubén Escajeda,"",José Rubén Escajeda,José Rubén Escajeda,male,1960-03-11,José,,,,,
Q16194765,,Alejandro Rangel Segovia,"",Alejandro Rangel Segovia,Alejandro Rangel Segovia,male,1962-08-29,Alejandro,,,,,
Q16190395,,Luis Ángel Espinoza Cházaro,"",Luis Ángel Espinoza Cházaro,Luis Ángel Espinoza Cházaro,male,1974-05-07,Luis,,,,,
Q16206802,,José Enrique Reina Lizárraga,"",José Enrique Reina Lizárraga,José Enrique Reina Lizárraga,male,1969-08-12,José,,,,,
Q16185330,,José Luis Esquivel Zalpa,"",José Luis Esquivel Zalpa,José Luis Esquivel Zalpa,male,1953-11-15,José,,,,,
Q16217576,,Tanya Rellstab Carreto,"",Tanya Rellstab Carreto,Tanya Rellstab Carreto,female,1978-06-26,Tanya,,,,,
Q16196928,,Faustino Félix Chávez,"",Faustino Félix Chávez,Faustino Félix Chávez,male,1967-10-21,Faustino,,,,,
Q16206808,,Roberto Carlos Reyes Gámiz,"",Roberto Carlos Reyes Gámiz,Roberto Carlos Reyes Gámiz,male,1969-09-25,Roberto,,,,,
Q16213950,,Francisco Javier Fernández Clamont,"",Francisco Javier Fernández Clamont,Francisco Javier Fernández Clamont,male,1972-04-10,Francisco,,,,,
Q16216040,,Ernesto Alfonso Robledo,"",Ernesto Alfonso Robledo,Ernesto Alfonso Robledo,male,1976-06-06,Ernesto,,,,,
Q16196461,,Julio César Flemate,"",Julio César Flemate,Julio César Flemate,male,1966-09-26,Julio,,,,,
Q16214153,,Mayra Karina Robles Aguirre,"",Mayra Karina Robles Aguirre,Mayra Karina Robles Aguirre,female,1972-09-07,Mayra,,,,,
Q16190423,,Uriel Flores Aguayo,"",Uriel Flores Aguayo,Uriel Flores Aguayo,male,1959-05-06,Uriel,,,,,
Q16193826,,Juan Manuel Rocha Piedra,"",Juan Manuel Rocha Piedra,Juan Manuel Rocha Piedra,male,1960-06-27,Juan,,,,,
Q16189058,,José Luis Cruz Flores Gómez,"",José Luis Cruz Flores Gómez,José Luis Cruz Flores Gómez,male,1957-05-03,José,,,,,
Q16106429,,Francisco Tomás Rodríguez Montero,"",Francisco Tomás Rodríguez Montero,Francisco Tomás Rodríguez Montero,male,1943-11-05,Francisco,,,,,
Q16187072,,José Luis Flores Méndez,"",José Luis Flores Méndez,José Luis Flores Méndez,male,1956-04-28,José,,,,,
Q16221142,,Diego Rodríguez Vallejo,"",Diego Rodríguez Vallejo,Diego Rodríguez Vallejo,male,1980-11-15,Diego,,,,,
Q16190420,,Guadalupe Flores Salazar,"",Guadalupe Flores Salazar,Guadalupe Flores Salazar,female,1971-11-03,Guadalupe,,,,,
Q16196674,,José Antonio Rojo García,"",José Antonio Rojo García,José Antonio Rojo García,male,1966-02-14,José,,,,,
Q16215261,,Víctor Oswaldo Fuentes Solís,"",Víctor Oswaldo Fuentes Solís,Víctor Oswaldo Fuentes Solís,male,1975-05-27,Victor,,,,,
Q16187288,,Jesús Tolentino Román,"",Jesús Tolentino Román,Jesús Tolentino Román,male,1956-09-10,Jesús,,,,,
Q16195540,Adriana Fuentes Téllez,Adriana Fuentes Téllez,Adriana Fuentes Téllez,Adriana Fuentes Téllez,Adriana Fuentes Téllez,female,1964-03-05,Adriana,,,,,
Q6112158,Rosa Elia Romero Guzmán,Rosa Elia Romero Guzmán,Rosa Elia Romero Guzmán,Rosa Elia Romero Guzmán,Rosa Elia Romero Guzmán,female,1973-05-14,Rosa,,,,,
Q16215267,,David Galindo Delgado,"",David Galindo Delgado,David Galindo Delgado,male,1975-12-07,David,,,,,
Q16193830,,Salvador Romero Valencia,"",Salvador Romero Valencia,Salvador Romero Valencia,male,1960-10-30,Salvador,,,,,
Q16185355,,Marina Garay Cabada,"",Marina Garay Cabada,Marina Garay Cabada,female,1953-12-06,Marina,,,,,
Q16216746,,Bárbara Romo Fonseca,"",Bárbara Romo Fonseca,Bárbara Romo Fonseca,female,1977-11-05,Bárbara,,,,,
Q16199374,,José Guadalupe García Ramírez,"",José Guadalupe García Ramírez,José Guadalupe García Ramírez,male,1968-12-09,José,,,,,
Q16191148,,Lizbeth Rosas Montero,"",Lizbeth Rosas Montero,Lizbeth Rosas Montero,female,1974-03-09,,,,,,
Q15303988,Antonio García Conejo,Antonio García Conejo,Antonio García Conejo,Antonio García Conejo,Antonio García Conejo,male,1971-09-05,Antonio,,,,,
Q16145714,,Blas Ramón Rubio Lara,"",Blas Ramón Rubio Lara,Blas Ramón Rubio Lara,male,1950-12-13,Blas,,,,,
Q16195073,,Héctor García García,"",Héctor García García,Héctor García García,male,1963-05-03,Héctor,,,,,
Q16186872,Genaro Ruiz Arriaga,Genaro Ruiz Arriaga,"",Genaro Ruiz Arriaga,Genaro Ruiz Arriaga,male,1955-07-01,Gennaro,,,,Ruiz,
Q16213521,Carlos Alberto García González,Carlos Alberto García González,Carlos Alberto García González,Carlos Alberto García González,Carlos Alberto García González,male,1971-07-08,Carlos,,,,,
Q16214417,,Josefina García Hernández,"",Josefina García Hernández,Josefina García Hernández,female,1973-12-25,Josefina,,,,,
Q5791520,Cristina Ruiz Sandoval,Cristina Ruiz Sandoval,Cristina Ruiz Sandoval,Cristina Ruiz Sandoval,Cristina Ruiz Sandoval,female,1972-10-23,Cristina,,,,,
Q16189269,,María García Olmedo,"",María García Olmedo,María García Olmedo,female,1957-04-30,María,,,,,
Q15148611,Mauricio Sahuí Rivero,Mauricio Sahuí Rivero,Mauricio Sahuí Rivero,Mauricio Sahui Rivero,Mauricio Sahui Rivero,male,1976-02-08,Mauricio,,,,,
Q16199382,,María García Romero,"",María García Romero,María García Romero,female,1968-10-31,María,,,,,
Q16191179,,Jessica Salazar Trejo,"",Jessica Salazar Trejo,Jessica Salazar Trejo,female,1991-05-30,Jessica,,,,,
Q16120979,,María Esther Garza Moreno,"",María Esther Garza Moreno,María Esther Garza Moreno,female,1948-07-23,María,,,,,
Q16194307,Graciela Saldaña Fraire,Graciela Saldaña Fraire,Graciela Saldaña Fraire,Graciela Saldaña Fraire,Graciela Saldaña Fraire,female,1961-02-04,Graciela,,,,,
Q16186248,,Juan Manuel Gastélum,"",Juan Manuel Gastélum,Juan Manuel Gastélum,male,1954-10-31,Juan,,,,,
Q16191189,,Jorge Salgado Parra,"",Jorge Salgado Parra,Jorge Salgado Parra,male,1979-10-28,Jorge,,,,,
Q5878279,Gerardo Gaudiano Rovirosa,Gerardo Gaudiano Rovirosa,Gerardo Gaudiano Rovirosa,Gerardo Gaudiano Rovirosa,Gerardo Gaudiano Rovirosa,male,1981-01-10,Gerardo,,,,,
Q16213752,,Abel Salgado Peña,"",Abel Salgado Peña,Abel Salgado Peña,male,1971-09-07,Abel,,,,,
Q16195543,,Celia Isabel Gauna Ruiz,"",Celia Isabel Gauna Ruiz,Celia Isabel Gauna Ruiz,female,1964-11-19,Celia,,,,,
Q16107496,Glafiro Salinas Mendiola,Glafiro Salinas Mendiola,Glafiro Salinas Mendiola,Glafiro Salinas Mendiola,Glafiro Salinas Mendiola,male,1946-05-31,,,,,,
Q16195550,,Raúl Gómez Ramírez,"",Raúl Gómez Ramírez,Raúl Gómez Ramírez,male,1964-05-29,Raúl,,,2014-12-10,,
Q16196684,,Miguel Sámano Peralta,"",Miguel Sámano Peralta,Miguel Sámano Peralta,male,1966-05-23,Miguel,,,,,
Q16194554,,Blanca Estela Gómez Carmona,"",Blanca Estela Gómez Carmona,Blanca Estela Gómez Carmona,female,1962-05-16,Blanca,,,,,
Q16213755,,Leopoldo Sánchez Cruz,"",Leopoldo Sánchez Cruz,Leopoldo Sánchez Cruz,male,1971-07-22,Leopoldo,,,,,
Q16220929,,Luis Gómez Gómez,"",Luis Gómez Gómez,Luis Gómez Gómez,male,1980-08-10,Luis,,,,,
Q16213009,,Carlos Sánchez Romero,"",Carlos Sánchez Romero,Carlos Sánchez Romero,male,1970-11-05,Carlos,,,,,
Q16211243,,Pedro Gómez Gómez,"",Pedro Gómez Gómez,Pedro Gómez Gómez,male,1970-01-28,Pedro,,,,,
Q16150242,,María Guadalupe Sánchez Santiago,"",María Guadalupe Sánchez Santiago,María Guadalupe Sánchez Santiago,female,1951-09-07,María,,,,,
Q16196024,Gabriel Gómez Michel,Gabriel Gómez Michel,Gabriel Gómez Michel,Gabriel Gómez Michel,Gabriel Gómez Michel,male,1965-03-24,Gabriel,,,2014-09-23,,
Q16191203,,Hugo Sandoval Martínez,"",Hugo Sandoval Martínez,Hugo Sandoval Martínez,male,1962-12-25,Hugo,,,,,
Q5665530,Alejandro Sánchez Camacho,Alejandro Sánchez Camacho,Alejandro Sánchez Camacho,Alejandro Sánchez Camacho,Alejandro Sánchez Camacho,male,1960-08-26,Alejandro,,,,,
Q16214426,,Roy Argel Gómez Olguín,"",Roy Argel Gómez Olguín,Roy Argel Gómez Olguín,male,1973-10-24,Roy,,,,,
Q16191209,,Antonio Sansores Sastré,"",Antonio Sansores Sastré,Antonio Sansores Sastré,male,1964-01-07,Antonio,,,,,
Q16193121,,José Ángel González Serna,"",José Ángel González Serna,José Ángel González Serna,male,1959-08-12,José,,,,,
Q16192924,,María Fernanda Schroeder,"",María Fernanda Schroeder,María Fernanda Schroeder,female,1958-09-09,María,,,,,
Q16186685,,Valentín González Bautista,"",Valentín González Bautista,Valentín González Bautista,male,1955-11-03,Valentín,,,,,
Q16213636,,Víctor Serralde Martínez,"",Víctor Serralde Martínez,Víctor Serralde Martínez,male,1971-01-01,Victor,,,,,
Q16214427,,Cristina González Cruz,"",Cristina González Cruz,Cristina González Cruz,female,1973-07-25,Cristina,,,,,
Q16189521,,William Renán Sosa Altamira,"",William Renán Sosa Altamira,William Renán Sosa Altamira,male,1957-04-21,William,,,,,
Q16216569,,Eligio González Farías,"",Eligio González Farías,Eligio González Farías,male,1977-07-22,Eligio,,,,,
Q16107515,,José Soto Martínez,"",José Soto Martínez,José Soto Martínez,male,1946-03-15,José,,,,,
Q16194084,,Cecilia González Gómez,"",Cecilia González Gómez,Cecilia González Gómez,female,1961-05-28,Cecilia,,,,,
Q9012790,Jorge Francisco Sotomayor Chávez,Jorge Francisco Sotomayor Chávez,Jorge Francisco Sotomayor Chávez,Jorge Francisco Sotomayor,Jorge Francisco Sotomayor,male,1980-08-05,Jorge,,,,,
Q5920110,Irazema González,Irazema González,Irazema González,Irazema González Martínez,Irazema González Martínez,female,1974-04-19,,,,,,
Q16193893,,Rebeca Terán Guevara,"",Rebeca Terán Guevara,Rebeca Terán Guevara,female,1960-03-07,Rebeca,,,,,
Q16218506,,Rafael González Reséndiz,"",Rafael González Reséndiz,Rafael González Reséndiz,male,1979-03-26,Rafael,,,,,
Q16193392,,Jorge Terán Juárez,"",Jorge Terán Juárez,Jorge Terán Juárez,male,1959-02-18,Jorge,,,,,
Q16213970,,Marco Antonio González Valdez,"",Marco Antonio González Valdez,Marco Antonio González Valdez,male,1972-10-24,Marco,,,,,
Q16196739,,Marcelo Torres Cofiño,"",Marcelo Torres Cofiño,Marcelo Torres Cofiño,male,1966-07-08,Marcelo,,,,,
Q16187087,,Francisco González Vargas,"",Francisco González Vargas,Francisco González Vargas,male,1956-09-02,Francisco,,,,,
Q7159849,Pedro Pablo Treviño Villarreal,Pedro Pablo Treviño Villarreal,Pedro Pablo Treviño Villarreal,Pedro Pablo Treviño Villarreal,Pedro Pablo Treviño Villarreal,male,1972-06-13,Pedro,,https://upload.wikimedia.org/wikipedia/commons/d/df/Pedro_Pablo_Trevino_Villarreal.jpg,,,
Q16194556,,Néstor Octavio Gordillo Castillo,"",Néstor Octavio Gordillo Castillo,Néstor Octavio Gordillo Castillo,male,1962-02-26,Néstor,,,,,
Q16218887,,Aurora Ugalde,"",Aurora Ugalde,Aurora Ugalde,female,1979-10-17,Aurora,,,,,
Q16187092,,Francisco Grajales Palacios,"",Francisco Grajales Palacios,Francisco Grajales Palacios,male,1956-08-18,Francisco,,,,,
Q16217677,Jesús Antonio Valdés Palazuelos,Jesús Antonio Valdés Palazuelos,"",Jesús Antonio Valdés Palazuelos,Jesús Antonio Valdés Palazuelos,male,1978-12-13,Jesús,,,,,
Q16196493,,Rosalba Gualito Castañeda,"",Rosalba Gualito Castañeda,Rosalba Gualito Castañeda,female,1966-09-19,Rosalba,,,,,
Q16217678,,Aída Valencia,"",Aída Valencia,Aída Valencia,female,1978-01-31,,,,,,
Q16189553,,Elizabeth Vargas Martín,"",Elizabeth Vargas Martín,Elizabeth Vargas Martín,female,1957-05-21,Elizabeth,,,,,
Q16194092,,Judit Magdalena Guerrero,"",Judit Magdalena Guerrero,Judit Magdalena Guerrero,female,1961-04-04,Judit,,,,,
Q16232009,,Laura Guadalupe Vargas Vargas,"",Laura Guadalupe Vargas Vargas,Laura Guadalupe Vargas Vargas,female,1987-12-10,Laura,,,,,
Q16196036,,Javier Filiberto Guevara,"",Javier Filiberto Guevara,Javier Filiberto Guevara,male,1965-12-03,Javier,,,,,
Q16222519,,Ponciano Vázquez Parissi,"",Ponciano Vázquez Parissi,Ponciano Vázquez Parissi,male,1983-10-29,,,,,,
Q16211341,,Mario Francisco Guillén Guillén,"",Mario Francisco Guillén Guillén,Mario Francisco Guillén Guillén,male,1970-10-04,Mario,,,,,
Q16216731,,Oscar Eduardo Ramírez Aguilar,"",Oscar Eduardo Ramírez Aguilar,Oscar Eduardo Ramírez Aguilar,male,1977-10-13,Oscar,,,,,
Q16221662,,Regina Vázquez Saut,"",Regina Vázquez Saut,Regina Vázquez Saut,female,1981-09-11,Regina,,,,,
Q16199494,,Samuel Gurrión Matías,"",Samuel Gurrión Matías,Samuel Gurrión Matías,male,1968-01-03,Samuel,,,,,
Q16189556,,José Humberto Vega Vázquez,"",José Humberto Vega Vázquez,José Humberto Vega Vázquez,male,1957-11-03,José,,,,,
Q16148791,,Harvey Gutiérrez Álvarez,"",Harvey Gutiérrez Álvarez,Harvey Gutiérrez Álvarez,male,1951-06-03,Harvey,,,,,
Q16194379,,Marco Alonso Vela,"",Marco Alonso Vela,Marco Alonso Vela,male,1961-10-10,Marco,,,,,
Q16194570,,Héctor Humberto Gutiérrez,"",Héctor Humberto Gutiérrez,Héctor Humberto Gutiérrez,male,1962-11-02,Héctor,,,,,
Q16213826,,Víctor Hugo Velasco Orozco,"",Víctor Hugo Velasco Orozco,Víctor Hugo Velasco Orozco,male,1971-11-17,Victor,,,,,
Q16193612,,Delfina Guzmán Díaz,"",Delfina Guzmán Díaz,Delfina Guzmán Díaz,female,1960-11-13,Delfina,,,,,
Q16224023,,María Guadalupe Velázquez Díaz,"",María Guadalupe Velázquez Díaz,María Guadalupe Velázquez Díaz,female,1985-04-29,María,,,,,
Q16195584,,Martín Alonso Heredia,"",Martín Alonso Heredia,Martín Alonso Heredia,male,1964-01-09,Martín,,,,,
Q16189557,,Mirna Velázquez López,"",Mirna Velázquez López,Mirna Velázquez López,female,1957-12-06,Mirna,,,,,
Q16196740,Sergio Torres Félix,Sergio Torres Félix,Sergio Torres Félix,Sergio Torres Félix,Sergio Torres Félix,male,1966-06-05,Sergio,,,,,
Q16194585,,Gaudencio Hernández Burgos,"",Gaudencio Hernández Burgos,Gaudencio Hernández Burgos,male,1962-06-19,Gaudencio,,,,,
Q16213322,,Diana Velázquez Ramírez,"",Diana Velázquez Ramírez,Diana Velázquez Ramírez,female,1970-06-13,Diana,,,,,
Q16196058,,Noé Hernández González,"",Noé Hernández González,Noé Hernández González,male,1965-05-31,Noé,,,,,
Q16195850,,Amílcar Villafuerte Trujillo,"",Amílcar Villafuerte Trujillo,Amílcar Villafuerte Trujillo,male,1964-01-31,,,,,,
Q16217335,,Adriana Hernández Íñiguez,"",Adriana Hernández Íñiguez,Adriana Hernández Íñiguez,female,1978-07-20,Adriana,,,,,
Q5878421,Gerardo Villanueva Albarrán,Gerardo Villanueva Albarrán,Gerardo Villanueva Albarrán,Gerardo Villanueva Albarrán,Gerardo Villanueva Albarrán,male,1972-09-18,Gerardo,,https://upload.wikimedia.org/wikipedia/commons/9/96/Gerardovillanueva.jpg,,,
Q16194111,,Mirna Esmeralda Hernández,"",Mirna Esmeralda Hernández,Mirna Esmeralda Hernández,female,1961-08-03,Mirna,,,,,
Q16221666,,Ricardo Villarreal García,"",Ricardo Villarreal García,Ricardo Villarreal García,male,1981-04-12,Ricardo,,,,,
Q16199553,,Gerardo Xavier Hernández,"",Gerardo Xavier Hernández,Gerardo Xavier Hernández,male,1968-10-29,Gerardo,,,,,
Q16196319,,Alma Marina Vitela,"",Alma Marina Vitela,Alma Marina Vitela,female,1965-12-26,Alma,,,,,
Q2888955,Jorge Herrera Delgado,Jorge Herrera Delgado,Jorge Herrera Delgado,Jorge Herrera Delgado,Jorge Herrera Delgado,male,1961-08-16,Jorge,,,2014-11-24,,
Q16213859,,Darío Zacarías Capuchino,"",Darío Zacarías Capuchino,Darío Zacarías Capuchino,male,1971-08-14,Darío,,,,,
Q16190571,,Manuel Rafael Huerta,"",Manuel Rafael Huerta,Manuel Rafael Huerta,male,1960-07-12,Manuel,,,,,
Q16194415,,Fernando Zamora Morales,"",Fernando Zamora Morales,Fernando Zamora Morales,male,1961-05-30,Fernando,,,,,
Q16186710,,José Antonio Hurtado Gallegos,"",José Antonio Hurtado Gallegos,José Antonio Hurtado Gallegos,male,1955-06-13,José,,,,,
Q16191526,,Fernando Zárate Salgado,"",Fernando Zárate Salgado,Fernando Zárate Salgado,male,1979-08-16,Fernando,,,,,
Q16144304,,Alfonso Inzunza Montoya,"",Alfonso Inzunza Montoya,Alfonso Inzunza Montoya,male,1949-11-14,Alfonso,,,,,
Q19948854,Damián Zepeda Vidales,Damián Zepeda Vidales,Damián Zepeda Vidales,Damián Zepeda Vidales,Damián Zepeda Vidales,male,1978-11-17,Damián,,,,,
Q16190606,,Jhonatan Jardines Fraire,"",Jhonatan Jardines Fraire,Jhonatan Jardines Fraire,male,1980-10-23,,,,,,
Q16207706,,Francisco Zepeda González,"",Francisco Zepeda González,Francisco Zepeda González,male,1969-10-04,Francisco,,,,,
Q16105261,,Carlos Humberto Aceves,"",Carlos Humberto Aceves,Carlos Humberto Aceves,male,1940-11-05,Carlos,,,,,
Q16190739,,Roberto López Suárez,"",Roberto López Suárez,Roberto López Suárez,male,1972-09-09,Roberto,,,,,
Q16146189,,Rubén Acosta Montoya,"",Rubén Acosta Montoya,Rubén Acosta Montoya,male,1973-12-02,Rubén,,,,,
Q16205932,,Javier López Zavala,"",Javier López Zavala,Javier López Zavala,male,1969-01-09,Javier,,,,,
Q16146176,,Brasil Acosta Peña,"",Brasil Acosta Peña,Brasil Acosta Peña,male,1970-06-21,,,,,,
Q16214497,,Patricia Lugo Barriga,"",Patricia Lugo Barriga,Patricia Lugo Barriga,female,1973-11-08,Patricia,,,,,
Q16146246,,Juan Pablo Adame,"",Juan Pablo Adame,Juan Pablo Adame,male,1985-09-12,Juan,,,,,
Q16190747,,Roxana Luna Porquillo,"",Roxana Luna Porquillo,Roxana Luna Porquillo,female,1981-03-24,Roxana,,,,,
Q16146542,,Aurora Aguilar Rodríguez,"",Aurora Aguilar Rodríguez,Aurora Aguilar Rodríguez,female,1967-06-15,Aurora,,,,,
Q16105991,,Raúl Macías Sandoval,"",Raúl Macías Sandoval,Raúl Macías Sandoval,male,1942-09-22,Raúl,,,,,
Q16146555,,Lilia Aguilar Gil,"",Lilia Aguilar Gil,Lilia Aguilar Gil,female,1977-08-17,Lilia,,,,,
Q5703388,Arely Madrid Tovilla,Arely Madrid Tovilla,Arely Madrid Tovilla,Areli Madrid Tovilla,Areli Madrid Tovilla,female,1952-02-18,,,,,,
Q15156389,Luisa María Alcalde Luján,Luisa María Alcalde Luján,Luisa María Alcalde Luján,Luisa María Alcalde Luján,Luisa María Alcalde Luján,female,1987-08-24,Luisa,,,,,
Q16221887,,Víctor Manuel Manríquez,"",Víctor Manuel Manríquez,Víctor Manuel Manríquez,male,1982-04-17,Victor,,,,,
Q6107974,Ricardo Aldana Prieto,Ricardo Aldana Prieto,Ricardo Aldana Prieto,Luis Ricardo Aldana,Luis Ricardo Aldana,male,1954-05-03,Ricardo,,,,,
Q16223781,,Laura Martel Cantú,"",Laura Martel Cantú,Laura Martel Cantú,female,1985-05-05,Laura,,,,,
Q5846799,Miguel Alonso Raya,Miguel Alonso Raya,Miguel Alonso Raya,Miguel Alonso Raya,Miguel Alonso Raya,male,1954-08-28,Miguel,,,,,
Q16190791,,María Martínez Santillán,"",María Martínez Santillán,María Martínez Santillán,female,1963-07-08,María,,,,,
Q16146941,,Martha Berenice Álvarez Tovar,"",Martha Berenice Álvarez Tovar,Martha Berenice Álvarez Tovar,female,1975-12-24,Martha,,,,,
Q16222314,,Gabriela Medrano Galindo,"",Gabriela Medrano Galindo,Gabriela Medrano Galindo,female,1983-06-27,Gabriela,,,,,
Q2894271,Ricardo Anaya Cortés,Ricardo Anaya Cortés,Ricardo Anaya Cortés,Ricardo Anaya Cortés,Ricardo Anaya Cortés,male,1979-02-25,Ricardo,,,,,
Q6108337,Ricardo Mejía Berdeja,Ricardo Mejía Berdeja,Ricardo Mejía Berdeja,Ricardo Mejía Berdeja,Ricardo Mejía Berdeja,male,1968-06-26,Ricardo,,,,,
Q16144498,,Alfredo Anaya Gudiño,"",Alfredo Anaya Gudiño,Alfredo Anaya Gudiño,male,1950-11-08,Alfredo,,,,,
Q16190821,,Julisa Mejía Guardado,"",Julisa Mejía Guardado,Julisa Mejía Guardado,female,1960-10-16,,,,,,
Q16190824,,Angélica Melchor Vásquez,"",Angélica Melchor Vásquez,Angélica Melchor Vásquez,female,1980-04-12,Angélica,,,,,
Q5888283,Guillermo Anaya Llamas,Guillermo Anaya Llamas,Guillermo Anaya Llamas,José Guillermo Anaya Llamas,José Guillermo Anaya Llamas,male,1968-07-02,José,,,,,
Q5935606,Jorge Mendoza Garza,Jorge Mendoza Garza,Jorge Mendoza Garza,Jorge Mendoza Garza,Jorge Mendoza Garza,male,1951-09-01,Jorge,,,,,
Q5992337,Manuel Añorve Baños,Manuel Añorve Baños,Manuel Añorve Baños,Manuel Añorve Baños,Manuel Añorve Baños,male,1957-05-15,Manuel,,,,,
Q16212228,,Rafael Alejandro Micalco,"",Rafael Alejandro Micalco,Rafael Alejandro Micalco,male,1970-01-21,Rafael,,,,,
Q16147721,Juan Jesús Aquino Calvo,Juan Jesús Aquino Calvo,"",Juan Jesús Aquino Calvo,Juan Jesús Aquino Calvo,male,1975-08-27,Juan,,,,,
Q16190844,,María Guadalupe Moctezuma,"",María Guadalupe Moctezuma,María Guadalupe Moctezuma,female,1983-06-08,María,,,,,
Q16147132,,Elsa Patricia Araujo,"",Elsa Patricia Araujo,Elsa Patricia Araujo,female,1960-01-30,Elsa,,,,,
Q5851029,Teresa de Jesús Mojica Morga,Teresa de Jesús Mojica Morga,Teresa de Jesús Mojica Morga,Teresa Mojica,Teresa Mojica,female,1963-10-03,Teresa,,,,,
Q16147511,,Consuelo Argüelles Loya,"",Consuelo Argüelles Loya,Consuelo Argüelles Loya,female,1977-01-19,Consuelo,,,,,
Q6003878,María Guadalupe Mondragón González,María Guadalupe Mondragón González,María Guadalupe Mondragón González,María Guadalupe Mondragón,María Guadalupe Mondragón,female,1958-11-07,María,,,,,
Q16150221,,Luis Manuel Arias Pallares,"",Luis Manuel Arias Pallares,Luis Manuel Arias Pallares,male,1978-10-20,Luis,,,,,
Q5865160,Francisco Arroyo Vieyra,Francisco Arroyo Vieyra,Francisco Arroyo Vieyra,Francisco Arroyo Vieyra,Francisco Arroyo Vieyra,male,1959-04-16,Francisco,,,,,
Q16190850,Ramón Montalvo Hernández,Ramón Montalvo Hernández,Ramón Montalvo Hernández,Ramón Montalvo Hernández,Ramón Montalvo Hernández,male,1974-07-29,Ramón,,,,,
Q5946622,José Ángel Ávila Pérez,José Ángel Ávila Pérez,José Ángel Ávila Pérez,José Ángel Ávila Pérez,José Ángel Ávila Pérez,male,1956-10-07,José,,,,,
Q6152748,Trinidad Morales Vargas,Trinidad Morales Vargas,Trinidad Morales Vargas,Trinidad Morales Vargas,Trinidad Morales Vargas,male,1957-06-16,Trinidad,,,,,
Q5460225,Flor Ayala,Flor Ayala,Flor Ayala,Flor Ayala,Flor Ayala,female,1972-04-22,Flor,,,,,
Q5665275,Alejandro Moreno Cárdenas,Alejandro Moreno Cárdenas,Alejandro Moreno Cárdenas,Alejandro Moreno Cárdenas,Alejandro Moreno Cárdenas,male,1975-04-25,Alejandro,,,,,
Q16190131,,Fernando Belaunzarán,"",Fernando Belaunzarán,Fernando Belaunzarán,male,1970-01-03,Fernando,,,,,
Q16190863,Julio César Moreno Rivera,Julio César Moreno Rivera,Julio César Moreno Rivera,Julio César Moreno Rivera,Julio César Moreno Rivera,male,1973-02-02,Julio,,,,,
Q2355497,Manlio Fabio Beltrones,Manlio Fabio Beltrones,Manlio Fabio Beltrones,Manlio Fabio Beltrones Rivera,Manlio Fabio Beltrones,male,1952-08-30,Manlio,122222072,,,,/m/03m6lp4
Q16223820,,Tania Morgan Navarrete,"",Tania Morgan Navarrete,Tania Morgan Navarrete,female,1985-08-12,Tania,,,,,
Q5804242,Marco Antonio Bernal,Marco Antonio Bernal,Marco Antonio Bernal Gutiérrez,Marco Antonio Bernal,Marco Antonio Bernal,male,1953-11-30,Marco,,,,,
Q16190886,,Gisela Mota Ocampo,"",Gisela Mota Ocampo,Gisela Mota Ocampo,female,1982-03-13,Gisela,,,,,
Q16190187,,Juana Bonilla Jaime,"",Juana Bonilla Jaime,Juana Bonilla Jaime,female,1961-05-16,Juana,,,,,
Q16144704,,Jaime Bonilla Valdez,"",Jaime Bonilla Valdez,Jaime Bonilla Valdez,male,1950-06-09,Jaime,,,,,
Q16145573,,Juan Carlos Muñoz Márquez,"",Juan Carlos Muñoz Márquez,Juan Carlos Muñoz Márquez,male,1950-04-30,Juan,,,,,
Q16190190,,Teresita de Jesús Borges,"",Teresita de Jesús Borges,Teresita de Jesús Borges,female,1965-08-17,Teresita,,,,,
Q16208284,,Heberto Neblina,"",Heberto Neblina,Heberto Neblina,male,1969-02-17,,,,,,
Q16186990,,José Alfredo Botello,"",José Alfredo Botello,José Alfredo Botello,male,1956-12-07,José,,,,,
Q16190933,,Yesenia Nolasco Ramírez,"",Yesenia Nolasco Ramírez,Yesenia Nolasco Ramírez,female,1982-08-22,,,,,,
Q15241452,Fernando Bribiesca,Fernando Bribiesca,Fernando Bribiesca Sahagún,Fernando Bribiesca Sahagún,Fernando Bribiesca Sahagún,male,1981-08-16,Fernando,,,,,
Q16193272,,Magdalena Núñez Monreal,"",Magdalena Núñez Monreal,Magdalena Núñez Monreal,female,1959-01-13,Magdalena,,,,,
Q6299090,Juan Bueno Torio,Juan Bueno Torio,Juan Bueno Torio,Juan Bueno Torio,Juan Bueno Torio,male,1953-01-01,Juan,,https://upload.wikimedia.org/wikipedia/commons/a/ae/Juan_Bueno_Torio_01.JPG,,,
Q4795351,Arnoldo Ochoa González,Arnoldo Ochoa González,Arnoldo Ochoa González,Arnoldo Ochoa González,Arnoldo Ochoa González,male,1951-01-27,Arnoldo,,,,,
Q16193985,,José Angelino Caamal,"",José Angelino Caamal,José Angelino Caamal,male,1961-02-14,José,,,,,
Q6037076,Nabor Ochoa López,Nabor Ochoa López,Nabor Ochoa López,Nabor Ochoa López,Nabor Ochoa López,male,1960-07-12,Nabor,,,,,
Q5865517,Francisco Cáceres de la Fuente,Francisco Cáceres de la Fuente,Francisco Cáceres de la Fuente,Juan Francisco Cáceres,Juan Francisco Cáceres,male,1962-10-26,Francisco,,,,,
Q16185510,,Cristina Olvera Barrios,"",Cristina Olvera Barrios,Cristina Olvera Barrios,female,1953-07-24,Cristina,,,,,
Q16213465,,Leticia Calderón Ramírez,"",Leticia Calderón Ramírez,Leticia Calderón Ramírez,female,1971-08-01,Leticia,,,,,
Q5658088,Adolfo Orive Bellinger,Adolfo Orive Bellinger,Adolfo Orive Bellinger,Adolfo Orive Bellinger,Adolfo Orive Bellinger,male,1940-08-13,Adolfo,,,,,
Q6113181,Rubén Camarillo Ortega,Rubén Camarillo Ortega,Rubén Camarillo Ortega,Rubén Camarillo Ortega,Rubén Camarillo Ortega,male,1961-11-13,Rubén,,,,,
Q5928068,Javier Orozco Gómez,Javier Orozco Gómez,Javier Orozco Gómez,Javier Orozco Gómez,Javier Orozco Gómez,male,1964-11-18,Javier,,,,,
Q16196635,Guadalupe Ortega Pacheco,Guadalupe Ortega Pacheco,"",Guadalupe Ortega Pacheco,Guadalupe Ortega Pacheco,female,1966-04-29,Guadalupe,,,,,
Q6108068,Ricardo Cantú,Ricardo Cantú,Ricardo Cantú Garza,Ricardo Cantú Garza,Ricardo Cantú Garza,male,1953-05-23,Ricardo,,,,,
Q16186821,,Loretta Ortíz Ahlf,"",Loretta Ortíz Ahlf,Loretta Ortíz Ahlf,female,1955-02-24,Loretta,,,,,
Q5829897,Eloy Cantú Segovia,Eloy Cantú Segovia,Eloy Cantú Segovia,Eloy Cantú Segovia,Eloy Cantú Segovia,male,1952-09-24,Eloy,,,,,
Q6108393,Ricardo Pacheco Rodríguez,Ricardo Pacheco Rodríguez,Ricardo Pacheco Rodríguez,Ricardo Pacheco Rodríguez,Ricardo Pacheco Rodríguez,male,1963-09-18,Ricardo,,,,,
Q16195453,,Miriam Cárdenas Cantú,"",Miriam Cárdenas Cantú,Miriam Cárdenas Cantú,female,1964-10-08,Miriam,,,,,
Q16206521,,Carla Padilla Ramos,"",Carla Padilla Ramos,Carla Padilla Ramos,female,1969-05-06,Carla,,,,,
Q16216503,,Carlos Humberto Castaños,"",Carlos Humberto Castaños,Carlos Humberto Castaños,male,1977-04-14,Carlos,,,,,
Q16215997,,Leslie Pantoja Hernández,"",Leslie Pantoja Hernández,Leslie Pantoja Hernández,female,1976-08-25,Leslie,,,,,
Q16216504,,Carlos Octavio Castellanos,"",Carlos Octavio Castellanos,Carlos Octavio Castellanos,male,1977-05-26,Carlos,,,,,
Q16242962,,Raciel López Salazar,"",Raciel López Salazar,Raciel López Salazar,male,,,,,,,
Q16216715,,Flor Pedraza Aguilera,"",Flor Pedraza Aguilera,Flor Pedraza Aguilera,female,1977-08-21,Flor,,,,,
Q16190252,,Ángel Cedillo Hernández,"",Ángel Cedillo Hernández,Ángel Cedillo Hernández,male,1960-10-01,Ángel,,,,,
Q16204591,,Carmen Pérez Camarena,"",Carmen Pérez Camarena,Carmen Pérez Camarena,female,1968-10-08,Carmen,,,,,
Q16151159,,María Sanjuana Cerda Franco,"",María Sanjuana Cerda Franco,María Sanjuana Cerda Franco,female,1951-04-22,María,,,,,
Q16186422,,Elvia María Pérez,"",Elvia María Pérez,Elvia María Pérez,female,1954-01-30,Elvia,,,,,
Q16151656,,María Ceseñas Chapa,"",María Ceseñas Chapa,María Ceseñas Chapa,female,1952-01-02,María,,,,,
Q16191035,,Pedro Porras Pérez,"",Pedro Porras Pérez,Pedro Porras Pérez,male,1959-08-01,Pedro,,,,,
Q16196863,,Sergio Augusto Chan Lugo,"",Sergio Augusto Chan Lugo,Sergio Augusto Chan Lugo,male,1967-08-16,Sergio,,,,,
Q16191040,,Domitilo Posadas Hernández,"",Domitilo Posadas Hernández,Domitilo Posadas Hernández,male,1958-05-12,,,,,,
Q16193512,,Rodrigo Chávez Contreras,"",Rodrigo Chávez Contreras,Rodrigo Chávez Contreras,male,1960-01-01,Rodrigo,,,,,
Q5475632,Martí Batres Guadarrama,Martí Batres Guadarrama,Martí Batres Guadarrama,Martí Batres,Martí Batres,male,1967-01-26,Martí,103026166,https://upload.wikimedia.org/wikipedia/commons/1/1a/Martí_Batres_Guadarrama.JPG,,,
Q16185537,,Lourdes Quiñones Canales,"",Lourdes Quiñones Canales,Lourdes Quiñones Canales,female,1953-02-11,Lourdes,,,,,
Q16190312,,Yazmín Copete,"",Yazmín Copete,Yazmín Copete,female,1964-08-05,,,,,,
Q16194272,,María Ramírez Diez,"",María Ramírez Diez,María Ramírez Diez,female,1961-12-08,María,,,,,
Q16196881,,Martha Córdova Bernal,"",Martha Córdova Bernal,Martha Córdova Bernal,female,1967-02-24,Martha,,,,,
Q16206746,,Luis Miguel Ramírez Romero,"",Luis Miguel Ramírez Romero,Luis Miguel Ramírez Romero,male,1969-09-29,Luis,,,,,
Q16193056,,Soraya Córdova,"",Soraya Córdova,Soraya Córdova,female,1959-06-29,Soraya,,,,,
Q16193322,,Patricia Retamoza,"",Patricia Retamoza,Patricia Retamoza,female,1959-03-31,Patricia,,,,,
Q16195476,,María Corona Nakamura,"",María Corona Nakamura,María Corona Nakamura,female,1964-02-03,María,,,,,
Q16222415,,Carla Reyes Montiel,"",Carla Reyes Montiel,Carla Reyes Montiel,female,1983-02-02,Carla,,,,,
Q10888878,Max Cortázar Lara,Max Cortázar Lara,"",Maximiliano Cortázar,Maximiliano Cortázar,male,1966-11-02,Max,,,,,
Q16200923,,Rocío Reza Gallegos,"",Rocío Reza Gallegos,Rocío Reza Gallegos,female,1968-04-19,Rocío,,,,,
Q16213913,,Isaías Cortés Berumen,"",Isaías Cortés Berumen,Isaías Cortés Berumen,male,1972-10-14,,,,,,
Q5399354,Alicia Ricalde Magaña,Alicia Ricalde Magaña,Alicia Ricalde Magaña,Alicia Ricalde Magaña,Alicia Ricalde Magaña,female,1965-11-10,Alicia,,,,,
Q5406856,,Eufrosina Cruz,"",Eufrosina Cruz,Eufrosina Cruz,female,1979-01-01,Eufrosina,,,,Cruz,
Q16151944,,Sonia Rincón Chanona,"",Sonia Rincón Chanona,Sonia Rincón Chanona,female,1952-11-10,Sonia,,,,,
Q16213482,,Maricruz Cruz Morales,"",Maricruz Cruz Morales,Maricruz Cruz Morales,female,1971-05-02,,,,,,
Q16213727,,Alfredo Rivadeneyra Hernández,"",Alfredo Rivadeneyra Hernández,Alfredo Rivadeneyra Hernández,male,1971-06-08,Alfredo,,,,,
Q16198383,,Antonio Cuéllar Steffan,"",Antonio Cuéllar Steffan,Antonio Cuéllar Steffan,male,1968-05-10,Antonio,,,,,
Q16212862,,Erick Rivera Villanueva,"",Erick Rivera Villanueva,Erick Rivera Villanueva,male,1970-01-14,Erick,,,,,
Q16190338,,Mario Alejandro Cuevas Mena,"",Mario Alejandro Cuevas Mena,Mario Alejandro Cuevas Mena,male,1972-05-16,Mario,,,,,
Q16122469,,Héctor Roblero Gordillo,"",Héctor Roblero Gordillo,Héctor Roblero Gordillo,male,1948-04-28,Héctor,,,,,
Q16213738,,Andrés de la Rosa Anaya,"",Andrés de la Rosa Anaya,Andrés de la Rosa Anaya,male,1971-05-08,Andrés,,,,,
Q16194295,,José Alberto Rodríguez Calderón,"",José Alberto Rodríguez Calderón,José Alberto Rodríguez Calderón,male,1961-10-23,José,,,,,
Q7733036,Jesús Murillo Karam,Jesús Murillo Karam,Jesús Murillo Karam,Jesús Murillo Karam,Jesús Murillo Karam,male,1948-03-02,Jesús,,,,,/m/02qjcbp
Q16120664,,Jorge del Ángel Acosta,"",Jorge del Ángel Acosta,Jorge del Ángel Acosta,male,1948-06-28,Jorge,,,,,
Q5695097,Fernando Rodríguez Doval,Fernando Rodríguez Doval,Fernando Rodríguez Doval,Fernando Rodríguez Doval,Fernando Rodríguez Doval,male,1980-04-29,Fernando,,,,,
Q6110490,Rodolfo Dorador,Rodolfo Dorador,Rodolfo Dorador,Rodolfo Dorador,Rodolfo Dorador,male,1969-02-13,Rodolfo,,,,,
Q16192905,,Leonor Romero Sevilla,"",Leonor Romero Sevilla,Leonor Romero Sevilla,female,1958-09-07,Leonor,,,,,
Q4722024,Alfonso Durazo,Alfonso Durazo,"",Alfonso Durazo,Alfonso Durazo,male,1954-07-11,Alfonso,39159969,,,,
Q16231520,,María Fernanda Romero Lozano,"",María Fernanda Romero Lozano,María Fernanda Romero Lozano,female,1986-04-15,María,,,,,
Q4801730,Arturo Escobar y Vega,Arturo Escobar y Vega,Arturo Escobar y Vega,Arturo Escobar y Vega,Arturo Escobar y Vega,male,1970-04-23,Arturo,,,,,
Q16192907,Jorge Rosiñol Abreu,Jorge Rosiñol Abreu,Jorge Rosiñol Abreu,Jorge Rosiñol Abreu,Jorge Rosiñol Abreu,male,1958-09-18,Jorge,,https://upload.wikimedia.org/wikipedia/commons/2/24/Jorge_Rosiñol_Abreu.jpg,,,
Q16195530,,Rubén Félix Hays,"",Rubén Félix Hays,Rubén Félix Hays,male,1964-03-15,Rubén,,,,,
Q16196677,,Adán David Ruíz,"",Adán David Ruíz,Adán David Ruiz,male,1966-02-01,Adán,,,,,
Q16221729,,Enrique Flores Flores,"",Enrique Flores Flores,Enrique Flores Flores,male,1982-11-18,Enrique,,,,,
Q16195306,,Verónica Sada Pérez,"",Verónica Sada Pérez,Verónica Sada Pérez,female,1963-08-31,Verónica,,,,,
Q16151254,,Patricio Flores Sandoval,"",Patricio Flores Sandoval,Patricio Flores Sandoval,male,1951-09-01,Patricio,,,,,
Q15279158,Margarita Saldaña Hernández,Margarita Saldaña Hernández,Margarita Saldaña Hernández,Margarita Saldaña Hernández,Margarita Saldaña Hernández,female,1964-02-19,Margarita,,https://upload.wikimedia.org/wikipedia/commons/1/1f/Margarita_Saldana_Hernández.jpg,,,
Q16190426,,Juan Manuel Fócil Pérez,"",Juan Manuel Fócil Pérez,Juan Manuel Fócil Pérez,male,1963-06-12,Juan,,,,,
Q16196683,,Fernando Salgado Delgado,"",Fernando Salgado Delgado,Fernando Salgado Delgado,male,1966-11-26,Fernando,,,,,
Q16223124,,René Fujiwara,"",René Fujiwara,René Fujiwara,male,1984-04-07,René,,,,,
Q16215530,,José Arturo Salinas Garza,"",José Arturo Salinas Garza,José Arturo Salinas Garza,male,1975-04-11,José,,,,,
Q16215265,,Erika Funes Velázquez,"",Erika Funes Velázquez,Erika Funes Velázquez,female,1975-10-16,Erika,,,,,
Q5846280,Javier Salinas Narváez,Javier Salinas Narváez,Javier Salinas Narváez,Javier Salinas Narváez,Javier Salinas Narváez,male,1965-11-22,Javier,,,,,
Q5894858,Heriberto M. Galindo Quiñones,Heriberto M. Galindo Quiñones,Heriberto M. Galindo Quiñones,Heriberto Galindo Quiñones,Heriberto Galindo Quiñones,male,1951-03-20,Heriberto,,,,,
Q16191193,,Josefina Salinas Pérez,"",Josefina Salinas Pérez,Josefina Salinas Pérez,female,1965-09-03,Josefina,,,,,
Q16106631,,Raúl Santos Galván Villanueva,"",Raúl Santos Galván Villanueva,Raúl Santos Galván Villanueva,male,1944-12-01,Raúl,,,,,
Q9066352,Ramón Antonio Sampayo Ortiz,Ramón Antonio Sampayo Ortiz,Ramón Antonio Sampayo Ortiz,Ramón Sampayo Ortíz,Ramón Sampayo Ortíz,male,1957-08-31,Ramón,,,,,
Q5977552,Lizbeth Gamboa Song,Lizbeth Gamboa Song,Lizbeth Gamboa Song,Lizbeth Gamboa Song,Lizbeth Gamboa Song,female,1981-03-31,,,,,,
Q16189491,,Juan Ignacio Samperio,"",Juan Ignacio Samperio,Juan Ignacio Samperio,male,1957-10-04,Juan,,,,,
Q16220920,,Mónica García de la Fuente,"",Mónica García de la Fuente,Mónica García de la Fuente,female,1980-07-10,Mónica,,,,,
Q12181749,Mario Sánchez Ruiz,Mario Sánchez Ruiz,Mario Sánchez Ruiz,Mario Sánchez Ruiz,Mario Sánchez Ruiz,male,1961-11-17,Mario,,,,,
Q16186677,,María de las Nieves García,"",María de las Nieves García,María de las Nieves García,female,1955-04-05,María,,,,,
Q16191201,Guillermo Sánchez Torres,Guillermo Sánchez Torres,"",Guillermo Sánchez Torres,Guillermo Sánchez Torres,male,1959-06-25,Guillermo,,,,,
Q16191237,,Rosendo Serrano Toledo,"",Rosendo Serrano Toledo,Rosendo Serrano Toledo,male,1959-05-20,,,,,,
Q16190459,,Verónica García Reyes,"",Verónica García Reyes,Verónica García Reyes,female,1977-08-23,Verónica,,,,,
Q16214847,,Mariana García Rojas,"",Mariana García Rojas,Mariana García Rojas,female,1974-10-29,Mariana,,,,,
Q16196292,,Dora Talamante Lemas,"",Dora Talamante Lemas,Dora Talamante Lemas,female,1965-01-07,Dora,,,,,
Q16148680,,Lucila Garfias,"",Lucila Garfias,Lucila Garfias,female,1951-12-01,,,,,,
Q16191329,,Margarita Tapia Fonllem,"",Margarita Tapia Fonllem,Margarita Tapia Fonllem,female,1959-04-11,Margarita,,,,,
Q16191382,,Araceli Torres Flores,"",Araceli Torres Flores,Araceli Torres Flores,female,1960-10-17,Araceli,,,,,
Q16190462,,Marcelo Garza Ruvalcaba,"",Marcelo Garza Ruvalcaba,Marcelo Garza Ruvalcaba,male,1983-09-08,Marcelo,,,,,
Q7820523,Tomás Torres Mercado,Tomás Torres Mercado,Tomás Torres Mercado,Tomás Torres Mercado,Tomás Torres Mercado,male,,Tomás,,,,,
Q16221305,,Merilyn Gómez Pozos,"",Merilyn Gómez Pozos,Merilyn Gómez Pozos,female,1981-12-11,,,,,,
Q16191390,,Crystal Tovar Aragón,"",Crystal Tovar Aragón,Crystal Tovar Aragón,female,1990-01-23,Crystal,,,,,
Q16186253,,Amira Griselda Gómez,"",Amira Griselda Gómez,Amira Griselda Gómez,female,1954-08-21,Amira,,,,,
Q5940656,José Isabel Trejo Reyes,José Isabel Trejo Reyes,José Isabel Trejo Reyes,José Isabel Trejo,José Isabel Trejo,male,1959-04-09,José,,,,,
Q6039583,Nelly González Aguilar,Nelly González Aguilar,Nelly González Aguilar,Nelly González Aguilar,Nelly González Aguilar,female,1977-04-07,Nelly,,,,,
Q6165742,Javier Treviño,Javier Treviño,"",Javier Treviño,Javier Treviño,male,1960-12-11,Javier,,,,,
Q16190498,,Rodrigo González Barrios,"",Rodrigo González Barrios,Rodrigo González Barrios,male,1958-03-12,Rodrigo,,,,,
Q16193411,,María Urciel Castañeda,"",María Urciel Castañeda,María Urciel Castañeda,female,1959-10-09,María,,,,,
Q5658341,Adriana González Carrillo,Adriana González Carrillo,Adriana González Carrillo,Adriana González Carrillo,Adriana González Carrillo,female,1975-03-16,Adriana,,,,,
Q16196747,,Juan Carlos Uribe Padilla,"",Juan Carlos Uribe Padilla,Juan Carlos Uribe Padilla,male,1966-12-31,Juan,,,,,
Q16196481,,Federico González Luna,"",Federico González Luna,Federico González Luna,male,1966-06-03,Federico,,,,,
Q16194849,,Simón Valanci,"",Simón Valanci,Simón Valanci,male,1962-01-05,Simón,,,,,
Q16190495,,Alfa González Magallanes,"",Alfa González Magallanes,Alfa González Magallanes,female,1981-05-28,Alfa,,,,,
Q15379224,Cinthya Valladares Couoh,Cinthya Valladares Couoh,"",Cinthya Valladares Couoh,Cinthya Valladares Couoh,female,,,,,,,
Q16193122,,Víctor Rafael González,"",Víctor Rafael González,Víctor Rafael González,male,1959-05-23,Victor,,,,,
Q15379222,José Luis Valle Magaña,José Luis Valle Magaña,"",José Luis Valle Magaña,José Luis Valle Magaña,male,1959-09-26,José,,,,,
Q5940123,José González Morfín,José González Morfín,José González Morfín,José González Morfin,José González Morfin,male,1954-07-25,José,,,,,
Q15379214,Lorenia Valles Sampedro,Lorenia Valles Sampedro,"",Lorenia Valles Sampedro,Lorenia Valles Sampedro,female,1976-12-18,,,,,,
Q16196954,,Luis Antonio González Roldán,"",Luis Antonio González Roldán,Luis Antonio González Roldán,male,1967-02-26,Luis,,,,,
Q15379205,Nelly Vargas,Nelly Vargas,"",Nelly Vargas,Nelly Vargas,female,1959-08-13,Nelly,,,,,
Q16193611,,Martha Gutiérrez Manrique,"",Martha Gutiérrez Manrique,Martha Gutiérrez Manrique,female,1960-01-28,Martha,,,,,
Q16196591,,Nuvia Mayorga Delgado,"",Nuvia Mayorga Delgado,Nuvia Mayorga Delgado,female,1966-01-31,,,,,,
Q15379197,Martín Vásquez Villanueva,Martín Vásquez Villanueva,"",Martín Vásquez Villanueva,Martín Vásquez Villanueva,male,1965-09-07,Martín,,,,,
Q16148967,,María de Jesús Huerta,"",María de Jesús Huerta,María de Jesús Huerta,female,1951-02-03,María,,,,,
Q16217344,,Zuleyma Huidobro,"",Zuleyma Huidobro,Zuleyma Huidobro,female,1978-06-30,,,,,,
Q15379189,Jorge Villalobos Seañez,Jorge Villalobos Seañez,"",Jorge Villalobos Seañez,Jorge Villalobos Seañez,male,1978-07-19,Jorge,,,,,
Q16196522,,Raquel Jiménez Cerrillo,"",Raquel Jiménez Cerrillo,Raquel Jiménez Cerrillo,female,1966-01-21,Raquel,,,,,
Q5680996,Luis Alberto Villarreal García,Luis Alberto Villarreal García,Luis Alberto Villarreal García,Luis Alberto Villarreal,Luis Alberto Villarreal,male,1974-11-11,Luis,,,,,
Q16190627,,Verónica Juárez Piña,"",Verónica Juárez Piña,Verónica Juárez Piña,female,1971-09-28,Verónica,,,,,
Q15379178,Blanca María Villaseñor,Blanca María Villaseñor,"",Blanca María Villaseñor,Blanca María Villaseñor,female,1963-09-28,Blanca,,,,,
Q16215881,,Karina Labastida Sotelo,"",Karina Labastida Sotelo,Karina Labastida Sotelo,female,1976-01-12,Karina,,,,,
Q15379174,María Villaseñor Vargas,María Villaseñor Vargas,"",María Villaseñor Vargas,María Villaseñor Vargas,female,1960-11-23,María,,,,,
Q16107392,,José Antonio León Mendivil,"",José Antonio León Mendivil,José Antonio León Mendivil,male,1946-04-17,José,,,,,
Q15379167,Martha Vital,Martha Vital,"",Martha Vital,Martha Vital,female,1963-09-20,Martha,,,,,
Q16193215,,Margarita Licea González,"",Margarita Licea González,Margarita Licea González,female,1959-02-28,Margarita,,,,,
Q15379160,Beatriz Yamamoto Cázarez,Beatriz Yamamoto Cázarez,"",Beatriz Yamamoto Cázarez,Beatriz Yamamoto Cázarez,female,1950-05-16,Beatriz,,,,,
Q16190734,,Roberto López González,"",Roberto López González,Roberto López González,male,1958-06-07,Roberto,53904331,,,,
Q15379157,Elizabeth Yáñez Robles,Elizabeth Yáñez Robles,"",Elizabeth Yáñez Robles,Elizabeth Yáñez Robles,female,1945-09-29,Elizabeth,,,,,
Q16205939,,Raudel López López,"",Raudel López López,Raudel López López,male,1969-12-17,,,,,,
Q15379151,Alfredo Zamora García,Alfredo Zamora García,"",Alfredo Zamora García,Alfredo Zamora García,male,1963-03-28,Alfredo,,,,,
Q16194169,,Roberto López Rosado,"",Roberto López Rosado,Roberto López Rosado,male,1961-02-16,Roberto,,,,,
Q16190731,,Gabriel López Rosado,"",Gabriel López Rosado,Gabriel López Rosado,male,,Gabriel,,,,,
Q15256243,María Carmen López Segura,María Carmen López Segura,María Carmen López Segura,María Carmen López Segura,María Carmen López Segura,female,1946-03-30,María,,,,,
Q6003708,María Elvia Amaya Araujo,María Elvia Amaya Araujo,María Elvia Amaya Araujo,María Elvia Amaya Araujo,María Elvia Amaya Araujo,female,1954-02-27,María,,https://upload.wikimedia.org/wikipedia/commons/4/43/Maria_Elvia_Amaya_de_Hank.jpg,2012-09-08,,
