id,name,sort_name,email,twitter,facebook,group,group_id,area_id,area,chamber,term,start_date,end_date,image,gender
244372b2-8287-4e66-8abb-733ee623cf1b,"Acosta Alcaráz, Edgar","Acosta Alcaráz, Edgar",edgaracosta@diputados.gov.py,,,PLRA,PLRA,area/central,Central,Chamber of Deputies,2013,,,http://www.diputados.gov.py/fotos/cv/P271.jpg,
1163c944-badf-4250-afd9-ce807ee2899f,"Acosta de Vázquez, Perla Teresa Beatriz","Acosta de Vázquez, Perla Teresa Beatriz",perladevazquez@diputados.gov.py,,,IND,IND,area/san_pedro,San Pedro,Chamber of Deputies,2013,,,http://www.diputados.gov.py/fotos/cv/P230.jpg,
9f08536f-f639-4463-b3e0-243a402f0fbf,"Adorno Mazacotte, José Domingo","Adorno Mazacotte, José Domingo",joseadorno@diputados.gov.py,,,ANR,ANR,area/alto_paraguay,Alto Paraguay,Chamber of Deputies,2013,,,http://www.diputados.gov.py/fotos/cv/P221.jpg,
985f1e6c-6937-465e-b7d6-2532385948fd,"Alliana Rodríguez, Hércules Pedro Lorenzo","Alliana Rodríguez, Hércules Pedro Lorenzo",pedroalliana@diputados.gov.py,,,ANR,ANR,area/Ñeembucú,Ñeembucú,Chamber of Deputies,2013,,,http://www.diputados.gov.py/fotos/cv/P238.jpg,
23bbff63-2023-4040-b9bc-fbc8c96fff8d,"Alvarenga Martínez, Eusebio","Alvarenga Martínez, Eusebio",eusebioalvarenga@diputados.gov.py,,,PLRA,PLRA,area/guairá,Guairá,Chamber of Deputies,2013,,,http://www.diputados.gov.py/fotos/cv/P269.jpg,
1ad0a353-fc72-47f1-a032-a31b6a73c470,"Amarilla Guirland, Dionisio Oswaldo","Amarilla Guirland, Dionisio Oswaldo",dionisioamarilla@diputados.gov.py,,,PLRA,PLRA,area/central,Central,Chamber of Deputies,2013,,,http://www.diputados.gov.py/fotos/cv/P264.jpg,
d9f1c40e-668d-4cc6-9432-152eaacfe1e3,"Avalos Mariño, Jorge Ramón","Avalos Mariño, Jorge Ramón",jravalos@diputados.gov.py,,,PLRA,PLRA,area/paraguarí,Paraguarí,Chamber of Deputies,2013,,,http://www.diputados.gov.py/fotos/cv/P235.jpg,
74f5a0f1-2331-4bd2-bc75-a335474a1729,"Barrios Monges, Clemente Ramón","Barrios Monges, Clemente Ramón",crbarrios@diputados.gov.py,,,ANR,ANR,area/paraguarí,Paraguarí,Chamber of Deputies,2013,,,http://www.diputados.gov.py/fotos/cv/P240.jpg,
082633c3-d0f8-4dd1-b7ac-114f9fae57bf,"Baruja Fernández, Jorge Ignacio","Baruja Fernández, Jorge Ignacio",jorgebaruja@diputados.gov.py,,,ANR,ANR,area/paraguarí,Paraguarí,Chamber of Deputies,2013,,,http://www.diputados.gov.py/fotos/cv/P208.jpg,
3c064d9a-24ed-4fef-9d79-aa52b7ee83b1,"Bogado Tatter, Juan Félix","Bogado Tatter, Juan Félix",jfbogado@diputados.gov.py,,,PLRA,PLRA,area/capital,Capital,Chamber of Deputies,2013,,,http://www.diputados.gov.py/fotos/cv/P275.jpg,
8611e4c5-aba0-4c1d-b22c-51e1e77fd268,"Britos Espínola, Pedro David","Britos Espínola, Pedro David",pedrobritos@diputados.gov.py,,,ANR,ANR,area/guairá,Guairá,Chamber of Deputies,2013,,,http://www.diputados.gov.py/fotos/cv/P228.jpg,
9be75c54-3b45-42f2-9014-3d79172353a6,"Buzarquis Cáceres, Enrique Antonio C.","Buzarquis Cáceres, Enrique Antonio C.",antoniobuzarquis@diputados.gov.py,,,PLRA,PLRA,area/caaguazú,Caaguazú,Chamber of Deputies,2013,,,http://www.diputados.gov.py/fotos/cv/P274.jpg,
87dbd0db-eace-4084-bbc1-70d9b2739ea1,"Cabral González, Elio","Cabral González, Elio",ecabralg@diputados.gov.py,,,ANR,ANR,area/alto_paraná,Alto Paraná,Chamber of Deputies,2013,,,http://www.diputados.gov.py/fotos/cv/P239.jpg,
a57fd95b-8a9d-4553-aae8-8013458cbefa,"Cardozo, Antonio Gustavo","Cardozo, Antonio Gustavo",gustavocardozo@diputados.gov.py,,,PLRA,PLRA,area/alto_paraná,Alto Paraná,Chamber of Deputies,2013,,,http://www.diputados.gov.py/fotos/cv/P279.jpg,
debc705e-c8fd-498f-a4b5-22a2c7ef4f07,"Carísimo Ocampo, Horacio Victor","Carísimo Ocampo, Horacio Victor",horaciocarisimo@diputados.gov.py,,,PLRA,PLRA,area/itapúa,Itapúa,Chamber of Deputies,2013,,,http://www.diputados.gov.py/fotos/cv/P249.jpg,
c15be64b-fb2f-4b71-8f35-73c7efaf9558,"Carísimo Sosa, María Nimia","Carísimo Sosa, María Nimia",mariacarisimo@diputados.gov.py,,,PLRA,PLRA,area/central,Central,Chamber of Deputies,2013,,,http://www.diputados.gov.py/fotos/cv/P246.jpg,
761f1fd2-70e9-40ce-bd48-ba729aa2c2ad,"Casco Arce, Maria Rocio","Casco Arce, Maria Rocio",rociocasco@diputados.gov.py,,,AP,AP,area/central,Central,Chamber of Deputies,2013,,,http://www.diputados.gov.py/fotos/cv/P217.jpg,
0b051d0a-7c85-453d-a0b0-110bc11f1231,"Casco Ayala, Alsimio","Casco Ayala, Alsimio",toticasco@diputados.gov.py,,,ANR,ANR,area/concepción,Concepción,Chamber of Deputies,2013,,,http://www.diputados.gov.py/fotos/cv/P209.jpg,
4bb0ee4e-022d-4c89-bfc9-4355f1787fb4,"Cáceres González, Mario Duilio","Cáceres González, Mario Duilio",mcaceres@diputados.gov.py,,,ANR,ANR,area/itapúa,Itapúa,Chamber of Deputies,2013,,,http://www.diputados.gov.py/fotos/cv/P211.jpg,
a358b09d-b4bf-4154-b45e-ceaa710d1e50,"Del Puerto Silva, Miguel Angel","Del Puerto Silva, Miguel Angel",mdelpuerto@diputados.gov.py,,,ANR,ANR,area/caaguazú,Caaguazú,Chamber of Deputies,2013,,,http://www.diputados.gov.py/fotos/cv/P261.jpg,
28708326-23b3-4a55-897a-14ffe9bb88b4,"Duarte Jiménez, Ramón","Duarte Jiménez, Ramón",ramonduarte@hotmail.com,,,FG,FG,area/itapúa,Itapúa,Chamber of Deputies,2013,,,http://www.diputados.gov.py/fotos/cv/P284.jpg,
c5006871-95b5-44a9-acba-bd16ca463b2a,"Durand Espínola, Dany Edgar Xavier","Durand Espínola, Dany Edgar Xavier",danydurand@diputados.gov.py,,,ANR,ANR,area/capital,Capital,Chamber of Deputies,2013,,,http://www.diputados.gov.py/fotos/cv/P203.jpg,
3553f5b8-a531-45bf-9593-27f3e5417271,"Duré Arguello, Pedro Milciades","Duré Arguello, Pedro Milciades",pedrodure@diputados.gov.py,,,PLRA,PLRA,area/cordillera,Cordillera,Chamber of Deputies,2013,,,http://www.diputados.gov.py/fotos/cv/P266.jpg,
583ff53b-ba6b-45b0-8033-d7cff02e6671,"D´Ecclesiis Giménez, Freddy Tadeo","D´Ecclesiis Giménez, Freddy Tadeo",fdecclesiis@diputados.gov.py,,,ANR,ANR,area/san_pedro,San Pedro,Chamber of Deputies,2013,,,http://www.diputados.gov.py/fotos/cv/P210.jpg,
781068e1-2b38-4432-a854-b6630a40e60d,"Ferreira de López, Olga Beatriz","Ferreira de López, Olga Beatriz",obferreira@diputados.gov.py,,,IND,IND,area/capital,Capital,Chamber of Deputies,2013,,,http://www.diputados.gov.py/fotos/cv/P257.jpg,
92eee13c-b978-4258-ac68-29519ba134f2,"Ferrer Miranda, Nestor Fabián","Ferrer Miranda, Nestor Fabián",nestorferrer@diputados.gov.py,,,ANR,ANR,area/central,Central,Chamber of Deputies,2013,,,http://www.diputados.gov.py/fotos/cv/P223.jpg,
473539d7-7901-408d-bfc5-6f00cbdfcea0,"Florentín Cabral, Agustín Amado","Florentín Cabral, Agustín Amado",aflorentin@diputados.gov.py,,,PLRA,PLRA,area/cordillera,Cordillera,Chamber of Deputies,2013,,,http://www.diputados.gov.py/fotos/cv/P259.jpg,
2d06b37a-8c4a-42ab-a51c-1cdda5c01330,"González Drakeford, Victor Oscar","González Drakeford, Victor Oscar",vogonzalez@diputados.gov.py,,,PLRA,PLRA,area/alto_paraná,Alto Paraná,Chamber of Deputies,2013,,,http://www.diputados.gov.py/fotos/cv/P251.jpg,
22712155-5245-442b-86c2-584e001977ab,"González Escobar, Ricardo","González Escobar, Ricardo",ricardogonzalez@diputados.gov.py,,,PEN,PEN,area/central,Central,Chamber of Deputies,2013,,,http://www.diputados.gov.py/fotos/cv/P268.jpg,
4570d0d8-7431-4bbb-bd19-3c163658ca74,"González Ortíz, Asa Javier","González Ortíz, Asa Javier",asagonzalez@diputados.gov.py,,,PLRA,PLRA,area/misiones,Misiones,Chamber of Deputies,2013,,,http://www.diputados.gov.py/fotos/cv/P281.jpg,
50a25af2-cc11-4531-96b9-7c44676805b8,"González Segovia, Víctor Luís","González Segovia, Víctor Luís",vlgonzalez@diputados.gov.py,,,ANR,ANR,area/cordillera,Cordillera,Chamber of Deputies,2013,,,http://www.diputados.gov.py/fotos/cv/P227.jpg,
126e666b-c5a2-4fb1-9c6c-322cb291b76f,"Harms Céspedes, Walter Enrique","Harms Céspedes, Walter Enrique",walterharms@diputados.gov.py,,,ANR,ANR,area/itapúa,Itapúa,Chamber of Deputies,2013,,,http://www.diputados.gov.py/fotos/cv/P253.jpg,
f55cb874-a6bc-4424-bbc8-9b121de0509d,"Ibañez Benítez, José María","Ibañez Benítez, José María",jmibanez@diputados.gov.py,,,ANR,ANR,area/central,Central,Chamber of Deputies,2013,,,http://www.diputados.gov.py/fotos/cv/P215.jpg,
3c41e48f-6cbd-4473-b3b7-db5ea89aceb9,"Kennedy Bogado, Celso","Kennedy Bogado, Celso",celsokennedy@diputados.gov.py,,,PLRA,PLRA,area/caaguazú,Caaguazú,Chamber of Deputies,2013,,,http://www.diputados.gov.py/fotos/cv/P267.jpg,
5170b260-8b17-4420-af0b-9e1e3c933748,"Larré Del Puerto, Luis Alberto","Larré Del Puerto, Luis Alberto",luislarre@diputados.gov.py,,,ANR,ANR,area/itapúa,Itapúa,Chamber of Deputies,2013,,,http://www.diputados.gov.py/fotos/cv/P225.jpg,
b5df0ec2-5707-4e88-9b33-994c3b7f0381,"Ledesma Narváez, José Gregorio","Ledesma Narváez, José Gregorio",joseledesma@diputados.gov.py,,,PLRA,PLRA,area/san_pedro,San Pedro,Chamber of Deputies,2013,,,http://www.diputados.gov.py/fotos/cv/P280.jpg,
3aecaa8d-7804-4826-9611-3ff88acb0e04,"Lesme Delgado, Héctor Lucio","Lesme Delgado, Héctor Lucio",hlezme@diputados.gov.py,,,PLRA,PLRA,area/central,Central,Chamber of Deputies,2013,,,http://www.diputados.gov.py/fotos/cv/P277.jpg,
7fb13d97-700e-40f1-8ceb-fb1195d7d383,"Lezcano Paredes, Marcial","Lezcano Paredes, Marcial",marciallezcano@diputados.gov.py,,,ANR,ANR,area/amambay,Amambay,Chamber of Deputies,2013,,,http://www.diputados.gov.py/fotos/cv/P231.jpg,
aff0be8c-dfe3-4709-ad38-e23228a25c1e,"Maggi Rolón, Carlos Manuel","Maggi Rolón, Carlos Manuel",carlosmaggi@diputados.gov.py,,,ANR,ANR,area/san_pedro,San Pedro,Chamber of Deputies,2013,,,http://www.diputados.gov.py/fotos/cv/P206.jpg,
8917a32b-9ff6-4fae-a8a5-5aedf5e985c8,"Maldonado Duarte, Celso","Maldonado Duarte, Celso",celsomaldonado@diputados.gov.py,,,PLRA,PLRA,area/central,Central,Chamber of Deputies,2013,,,http://www.diputados.gov.py/fotos/cv/P234.jpg,
a857574d-209f-4a61-ade5-0b5f2fc4c9b1,"Medina de Paredes, Del Pilar Eva","Medina de Paredes, Del Pilar Eva",delpilarmedinadeparedes@diputados.gov.py,,,ANR,ANR,area/central,Central,Chamber of Deputies,2013,,,http://www.diputados.gov.py/fotos/cv/P226.jpg,
bee7b565-4528-4110-999b-025279ecaeed,"Mendoza Díaz, Mirta Ramona","Mendoza Díaz, Mirta Ramona",mrmendoza@diputados.gov.py,,,PLRA,PLRA,area/concepción,Concepción,Chamber of Deputies,2013,,,http://www.diputados.gov.py/fotos/cv/P247.jpg,
a3641df7-8f19-42f9-900e-53a26f42e8bb,"Morel Alfonzo, Purificación","Morel Alfonzo, Purificación",lelimorel@diputados.gov.py,,,ANR,ANR,area/canindeyú,Canindeyú,Chamber of Deputies,2013,,,http://www.diputados.gov.py/fotos/cv/P232.jpg,
d1131520-5209-40df-a1c8-3b130f759093,"Nicora López Moreira, Fernando Javier","Nicora López Moreira, Fernando Javier",fernandonicora@diputados.gov.py,,,PLRA,PLRA,area/presidente_hayes,Presidente Hayes,Chamber of Deputies,2013,,,http://www.diputados.gov.py/fotos/cv/P286.jpg,
e4a113f4-183c-41e6-bbb4-1046936a09e3,"Nuñez Gimenez, Oscar Venancio","Nuñez Gimenez, Oscar Venancio",oscarvnunez@diputados.gov.py,,,ANR,ANR,area/presidente_hayes,Presidente Hayes,Chamber of Deputies,2013,,,http://www.diputados.gov.py/fotos/cv/P241.jpg,
c542e77f-0378-49c5-ae0a-a7b4407fa005,"Nuñez Salinas, Carlos Alberto","Nuñez Salinas, Carlos Alberto",canusa@diputados.gov.py,,,ANR,ANR,area/central,Central,Chamber of Deputies,2013,,,http://www.diputados.gov.py/fotos/cv/P218.jpg,
79ee9cc0-cac3-42be-b6b0-e124b5ee4574,"Ortellado Zorrilla, Félix Fernando","Ortellado Zorrilla, Félix Fernando",fortellado@diputado.gov.py,,,ANR,ANR,area/guairá,Guairá,Chamber of Deputies,2013,,,http://www.diputados.gov.py/fotos/cv/P224.jpg,
9c1a358f-5949-43c6-82b7-6b2d9a68275e,"Ortiz Riveros, Edgar Isaac","Ortiz Riveros, Edgar Isaac",edagarortiz@diputados.gov.py,,,PLRA,PLRA,area/itapúa,Itapúa,Chamber of Deputies,2013,,,http://www.diputados.gov.py/fotos/cv/P248.jpg,
252345c2-d9e9-4c7d-ada0-faf764bfc464,"Ovelar Benitez, Eber Osvaldo","Ovelar Benitez, Eber Osvaldo",eovelar@diputados.gov.py,,,ANR,ANR,area/caaguazú,Caaguazú,Chamber of Deputies,2013,,,http://www.diputados.gov.py/fotos/cv/P282.jpg,
0f6c5231-f262-460f-a7ee-c9c51adc1d01,"Oviedo Melgarejo, Fabiola Elvira","Oviedo Melgarejo, Fabiola Elvira",foviedo@diputados.gov.py,,,ANR,ANR,area/capital,Capital,Chamber of Deputies,2013,,,http://www.diputados.gov.py/fotos/cv/P287.jpg,
210ce74e-8b18-4ca8-9b44-2d9a20f8b05b,"Oviedo Verdún, César Ariel","Oviedo Verdún, César Ariel",arieloviedo@diputados.gov.py,,,ANR,ANR,area/central,Central,Chamber of Deputies,2013,,,http://www.diputados.gov.py/fotos/cv/P258.jpg,
3ac46baa-f353-41ea-a74e-dd90ac6be73a,"Penayo Ortega, Atilio","Penayo Ortega, Atilio",apenayo@diputados.gov.py,,,ANR,ANR,area/central,Central,Chamber of Deputies,2013,,,http://www.diputados.gov.py/fotos/cv/P207.jpg,
ac683167-9df0-407d-8395-0d1582e7624a,"Pereira Thalmann, Enrique Javier","Pereira Thalmann, Enrique Javier",enriquepereira@diputados.gov.py,,,ANR,ANR,area/central,Central,Chamber of Deputies,2013,,,http://www.diputados.gov.py/fotos/cv/P242.jpg,
614f769c-c058-48e4-9f2a-340b8129e16e,"Portillo Verón, Carlos Antonio","Portillo Verón, Carlos Antonio",carlosportillo@diputados.gov.py,,,PLRA,PLRA,area/alto_paraná,Alto Paraná,Chamber of Deputies,2013,,,http://www.diputados.gov.py/fotos/cv/P272.jpg,
0300285b-ff59-4e75-bf4d-14b5f0572cd8,"Quintana López, Concepción","Quintana López, Concepción",concepcionquintana@diputados.gov.py,,,ANR,ANR,area/alto_paraná,Alto Paraná,Chamber of Deputies,2013,,,http://www.diputados.gov.py/fotos/cv/P229.jpg,
d915eb56-098c-4272-b6f2-0d98b46128b4,"Ramírez Brizuela, Juan Bartolomé","Ramírez Brizuela, Juan Bartolomé",jbramirez@diputados.gov.py,,,PLRA,PLRA,area/amambay,Amambay,Chamber of Deputies,2013,,,http://www.diputados.gov.py/fotos/cv/P262.jpg,
14ef5064-7e91-43da-99f8-b013fe628d5d,"Retamozo Ortíz, Andrés","Retamozo Ortíz, Andrés",aretamozo@diputados.gov.py,,,ANR,ANR,area/alto_paraná,Alto Paraná,Chamber of Deputies,2013,,,http://www.diputados.gov.py/fotos/cv/P205.jpg,
e2a454ef-197b-463e-95ae-e36a0da37824,"Rivas Benítez, Tomás Fidelino","Rivas Benítez, Tomás Fidelino",trivas@diputados.gov.py,,,ANR,ANR,area/paraguarí,Paraguarí,Chamber of Deputies,2013,,,http://www.diputados.gov.py/fotos/cv/P244.jpg,
610e4915-7084-4be8-a1f8-96ee3980495a,"Rodriguez Arias, Pablino Acasio","Rodriguez Arias, Pablino Acasio",pablinorodriguez@diputados.gov.py,,,ANR,ANR,area/misiones,Misiones,Chamber of Deputies,2013,,,http://www.diputados.gov.py/fotos/cv/P216.jpg,
578147c2-e023-43c4-954d-a8f66589be8c,"Rodríguez Carámbula, Karina Andrea","Rodríguez Carámbula, Karina Andrea",karinarodriguez@diputados.gov.py,,,AP,AP,area/capital,Capital,Chamber of Deputies,2013,,,http://www.diputados.gov.py/fotos/cv/P222.jpg,
4cdf1ac5-1d92-44ab-b4fe-6bf836d17608,"Rojas Meza, Miguel Tadeo","Rojas Meza, Miguel Tadeo",tadeorojas@diputados.gov.py,,,ANR,ANR,area/central,Central,Chamber of Deputies,2013,,,http://www.diputados.gov.py/fotos/cv/P233.jpg,
762954eb-7dff-4730-9680-648c71acb228,"Rojas Salvioni, Nazario Tomás","Rojas Salvioni, Nazario Tomás",nrojas@diputados.gov.py,,,ANR,ANR,area/cordillera,Cordillera,Chamber of Deputies,2013,,,http://www.diputados.gov.py/fotos/cv/P250.jpg,
c4e8ad92-8cc4-4dc2-b8ea-eaaa7072f560,"Rojas Sosa, Sergio","Rojas Sosa, Sergio",sergiorojas@diputados.gov.py,,,PLRA,PLRA,area/central,Central,Chamber of Deputies,2013,,,http://www.diputados.gov.py/fotos/cv/P273.jpg,
151f2cab-ee84-413e-bfa2-37cc02bbeb8b,"Rojas Villalba, Olimpio","Rojas Villalba, Olimpio",olimpiorojas@diputados.gov.py,,,PLRA,PLRA,area/caazapá,Caazapá,Chamber of Deputies,2013,,,http://www.diputados.gov.py/fotos/cv/P270.jpg,
3d858b09-c998-48b6-8ee4-cfbb035f2dd0,"Romero Roa, Ramón","Romero Roa, Ramón",ramonromero@diputados.gov.py,,,ANR,ANR,area/alto_paraná,Alto Paraná,Chamber of Deputies,2013,,,http://www.diputados.gov.py/fotos/cv/P237.jpg,
f6848b41-4153-4af3-be78-1eff0e1fc931,"Rubín Godoy, Hugo Leandro","Rubín Godoy, Hugo Leandro",hugorubin@diputados.gov.py,,,PEN,PEN,area/central,Central,Chamber of Deputies,2013,,,http://www.diputados.gov.py/fotos/cv/P263.jpg,
6d6c2353-5efe-4b2d-92f9-0788cc613902,"Ríos Bogado, Julio Javier","Ríos Bogado, Julio Javier",jrios@diputados.gov.py,,,ANR,ANR,area/capital,Capital,Chamber of Deputies,2013,,,http://www.diputados.gov.py/fotos/cv/P214.jpg,
ac6207a1-fddf-4357-a49d-12254826094b,"Ríos Ojeda, Víctor","Ríos Ojeda, Víctor",vrios@diputados.gov.py,,,PLRA,PLRA,area/Ñeembucú,Ñeembucú,Chamber of Deputies,2013,,,http://www.diputados.gov.py/fotos/cv/P243.jpg,
a778d5f0-3db8-4580-9fd4-c8429250ad56,"Salinas Montanía, Salustiano","Salinas Montanía, Salustiano",sasa@diputados.gov.py,,,PLRA,PLRA,area/central,Central,Chamber of Deputies,2013,,,http://www.diputados.gov.py/fotos/cv/P245.jpg,
30a047c4-6ff9-44bb-89b5-fc573157fc9b,"Sawatzky Sawatzky, Cornelius","Sawatzky Sawatzky, Cornelius",corneliussawatzky@diputados.gov.py,,,ANR,ANR,area/boquerón,Boquerón,Chamber of Deputies,2013,,,http://www.diputados.gov.py/fotos/cv/P255.jpg,
e51cca4f-126b-485a-97f4-5dab70a96a4e,"Soto Estigarribia, Mario Walberto","Soto Estigarribia, Mario Walberto",mwsoto@diputados.gov.py,,,ANR,ANR,area/caaguazú,Caaguazú,Chamber of Deputies,2013,,,http://www.diputados.gov.py/fotos/cv/P219.jpg,
f695c67b-3d75-4668-925b-289cc4873354,"Sánchez de Da Silva, Esmérita","Sánchez de Da Silva, Esmérita",esmeritasanchez@diputados.gov.py,,,PLRA,PLRA,area/caaguazú,Caaguazú,Chamber of Deputies,2013,,,http://www.diputados.gov.py/fotos/cv/P278.jpg,
f1125464-85a7-44f1-aafa-df554667b117,"Tarragó Díaz, Cynthia Elizabeth","Tarragó Díaz, Cynthia Elizabeth",cynthiatarrago@diputados.gov.py,,,ANR,ANR,area/capital,Capital,Chamber of Deputies,2013,,,http://www.diputados.gov.py/fotos/cv/P202.jpg,
e892a77b-70b1-4af4-8810-f23a53ca9df6,"Troche Alvarez, Celso","Troche Alvarez, Celso",ctroche@diputados.gov.py,,,ANR,ANR,area/caazapá,Caazapá,Chamber of Deputies,2013,,,http://www.diputados.gov.py/fotos/cv/P220.jpg,
22ecd5d7-69e1-4e52-9cba-0e821df340d1,"Tuma Bogado, Oscar Luís","Tuma Bogado, Oscar Luís",tuma@diputados.gov.py,,,ANR,ANR,area/capital,Capital,Chamber of Deputies,2013,,,http://www.diputados.gov.py/fotos/cv/P260.jpg,
79ba003f-3528-4054-9fb5-c6ce0eff781c,"Vargas de Caballero, Blanca Marina","Vargas de Caballero, Blanca Marina",blancavargas@diputados.gov.py,,,ANR,ANR,area/alto_paraná,Alto Paraná,Chamber of Deputies,2013,,,http://www.diputados.gov.py/fotos/cv/P254.jpg,
2543f266-3bff-458b-9487-6ce32d7d43ef,"Velázquez Moreno, Hugo Adalberto","Velázquez Moreno, Hugo Adalberto",hvelazquez@diputados.gov.py,,,ANR,ANR,area/central,Central,Chamber of Deputies,2013,,,http://www.diputados.gov.py/fotos/cv/P213.jpg,
3549a9b2-e180-497f-a9d3-10f666619e42,"Vera Bejarano, Pastor Alberto","Vera Bejarano, Pastor Alberto",pvbejarano@diputados.gov.py,,,PLRA,PLRA,area/san_pedro,San Pedro,Chamber of Deputies,2013,,,http://www.diputados.gov.py/fotos/cv/P276.jpg,
c46bf1f8-2712-4c1b-87a0-8f850b96f087,"Villalba Cardozo, Bernardo","Villalba Cardozo, Bernardo",bernardovc@diputados.gov.py,,,ANR,ANR,area/concepción,Concepción,Chamber of Deputies,2013,,,http://www.diputados.gov.py/fotos/cv/P212.jpg,
8836cdce-9f2d-4c8b-8cb7-52a27ff89ac2,"Villalba López, María Cristina","Villalba López, María Cristina",cristinavillalba@diputados.gov.py,,,ANR,ANR,area/canindeyú,Canindeyú,Chamber of Deputies,2013,,,http://www.diputados.gov.py/fotos/cv/P236.jpg,
