id,name,group,area,area_id,term,source,sort_name,image,birth_date,email,start_date,end_date
2,Adam Luminiţa-Pachel,PSD,OLT,30,2012,http://www.cdep.ro/pls/parlam/structura2015.mp?idm=2&cam=2&leg=2012&idl=2,Luminiţa-Pachel ADAM,http://www.cdep.ro/parlamentari/l2012/Adam_Luminita_Pachel.jpg,1966-02-22,luminita.adam@cdep.ro,,
3,Adăscăliţei Constantin,PSD,IAŞI,24,2012,http://www.cdep.ro/pls/parlam/structura2015.mp?idm=3&cam=2&leg=2012&idl=2,Constantin ADĂSCĂLIŢEI,http://www.cdep.ro/parlamentari/l2012/Adascalitei_Constantin.jpg,1967-09-18,"",,
4,Alexe Costel,PNL,IAŞI,24,2012,http://www.cdep.ro/pls/parlam/structura2015.mp?idm=4&cam=2&leg=2012&idl=2,Costel ALEXE,http://www.cdep.ro/parlamentari/l2012/Alexe_Costel.jpg,1983-08-20,costel.alexe@cdep.ro,,
5,Alexe Florin-Alexandru,PNL,BUCUREŞTI,42,2012,http://www.cdep.ro/pls/parlam/structura2015.mp?idm=5&cam=2&leg=2012&idl=2,Florin-Alexandru ALEXE,http://www.cdep.ro/parlamentari/l2012/Alexe_Florin_Alexandru.jpg,1979-08-30,florin.alexe@cdep.roflorin.alexe@pnl.ro,,
6,Almăjanu Marin,PNL,TELEORMAN,36,2012,http://www.cdep.ro/pls/parlam/structura2015.mp?idm=6&cam=2&leg=2012&idl=2,Marin ALMĂJANU,http://www.cdep.ro/parlamentari/l2012/Almajanu_Marin.jpg,1960-06-30,marin.almajanu@cdep.ro,,
7,Amet Varol,Minoritati,,"",2012,http://www.cdep.ro/pls/parlam/structura2015.mp?idm=7&cam=2&leg=2012&idl=2,Varol AMET,http://www.cdep.ro/parlamentari/l2012/Amet%20_Varol.jpg,1972-12-09,"",,
8,Anastase Roberta Alma,PNL,PRAHOVA,31,2012,http://www.cdep.ro/pls/parlam/structura2015.mp?idm=8&cam=2&leg=2012&idl=2,Roberta Alma ANASTASE,http://www.cdep.ro/parlamentari/l2012/Anastase_Roberta.jpg,1976-03-27,roberta.anastase.cdep@gmail.comcabinetparlamentar@yahoo.com,,
9,Andea Petru,PSD,TIMIŞ,37,2012,http://www.cdep.ro/pls/parlam/structura2015.mp?idm=9&cam=2&leg=2012&idl=2,Petru ANDEA,http://www.cdep.ro/parlamentari/l2012/Andea_Petru.jpg,1949-11-28,petru_andea@cdep.ropetru_andea@yahoo.com,,
10,Andronache Gabriel,PNL,BRAŞOV,8,2012,http://www.cdep.ro/pls/parlam/structura2015.mp?idm=10&cam=2&leg=2012&idl=2,Gabriel ANDRONACHE,http://www.cdep.ro/parlamentari/l2012/Andronache_Gabriel.jpg,1974-09-22,gabriel.andronache@cdep.ro,,
11,Anghel Gabriela-Lola,ND,PRAHOVA,31,2012,http://www.cdep.ro/pls/parlam/structura2015.mp?idm=11&cam=2&leg=2012&idl=2,Gabriela-Lola ANGHEL,http://www.cdep.ro/parlamentari/l2012/Anghel_Gabriela_Lola.jpg,1973-04-16,gabriela_anghel@cdep.rogabriela_anghel@agm.ro,,
12,Antal István,UDMR,HARGHITA,21,2012,http://www.cdep.ro/pls/parlam/structura2015.mp?idm=12&cam=2&leg=2012&idl=2,ANTAL István,http://www.cdep.ro/parlamentari/l2012/Antal_Istvan.jpg,1948-06-23,ai@cdep.roantal.office@yahoo.com,,
13,Anton Marin,PSD,GIURGIU,19,2012,http://www.cdep.ro/pls/parlam/structura2015.mp?idm=13&cam=2&leg=2012&idl=2,Marin ANTON,http://www.cdep.ro/parlamentari/l2012/Anton_Marin.jpg,1960-05-08,marin.anton@cdep.ro,,
14,Anuşca Roxana-Florentina,PNL,BOTOŞANI,7,2012,http://www.cdep.ro/pls/parlam/structura2015.mp?idm=14&cam=2&leg=2012&idl=2,Roxana-Florentina ANUŞCA,http://www.cdep.ro/parlamentari/l2012/Anusca_Roxana.jpg,1976-04-14,roxana.florentina@cdep.roroxana.cdep@yahoo.com,,
15,Ardeleanu Sanda-Maria,PNL,SUCEAVA,35,2012,http://www.cdep.ro/pls/parlam/structura2015.mp?idm=15&cam=2&leg=2012&idl=2,Sanda-Maria ARDELEANU,http://www.cdep.ro/parlamentari/l2012/Ardeleanu_Sanda_Maria.jpg,1954-08-10,sanda.ardeleanu@cdep.rosanda_ard@yahoo.com,,
16,Arsene Ionel,PSD,NEAMŢ,29,2012,http://www.cdep.ro/pls/parlam/structura2015.mp?idm=16&cam=2&leg=2012&idl=2,Ionel ARSENE,http://www.cdep.ro/parlamentari/l2012/Arsene_Ionel.jpg,1972-09-11,ionel.arsene@gmail.com,,
17,Avram Constantin,ALDE,BACĂU,4,2012,http://www.cdep.ro/pls/parlam/structura2015.mp?idm=17&cam=2&leg=2012&idl=2,Constantin AVRAM,http://www.cdep.ro/parlamentari/l2012/Avram_Constantin.jpg,1954-06-10,"",,
18,Avram Marian,PNL,TULCEA,38,2012,http://www.cdep.ro/pls/parlam/structura2015.mp?idm=18&cam=2&leg=2012&idl=2,Marian AVRAM,http://www.cdep.ro/parlamentari/l2012/Avram_Marian.jpg,1967-08-14,marian.avram@cdep.ro,,
19,Axente Ioan,PSD,SIBIU,34,2012,http://www.cdep.ro/pls/parlam/structura2015.mp?idm=19&cam=2&leg=2012&idl=2,Ioan AXENTE,http://www.cdep.ro/parlamentari/l2012/Axente_Ioan.jpg,1956-11-04,"",,
20,Babuş Radu,PSD,CONSTANŢA,14,2012,http://www.cdep.ro/pls/parlam/structura2015.mp?idm=20&cam=2&leg=2012&idl=2,Radu BABUŞ,http://www.cdep.ro/parlamentari/l2012/Babus_Radu.jpg,1978-11-18,radu.babus@cdep.ro,,
21,Balan Ioan,PNL,SUCEAVA,35,2012,http://www.cdep.ro/pls/parlam/structura2015.mp?idm=21&cam=2&leg=2012&idl=2,Ioan BALANquaestor of the Chamber of Deputies,http://www.cdep.ro/parlamentari/l2012/Balan_Ioan.jpg,1967-01-22,ioan.balan@cdep.roioan@balan.ro,,
22,Baltă Mihai,PSD,BOTOŞANI,7,2012,http://www.cdep.ro/pls/parlam/structura2015.mp?idm=22&cam=2&leg=2012&idl=2,Mihai BALTĂ,http://www.cdep.ro/parlamentari/l2012/Balta_Mihai.jpg,1948-10-04,"",,
23,Băişanu Ştefan-Alexandru,PNL,SUCEAVA,35,2012,http://www.cdep.ro/pls/parlam/structura2015.mp?idm=23&cam=2&leg=2012&idl=2,Ştefan-Alexandru BĂIŞANU,http://www.cdep.ro/parlamentari/l2012/Baisanu_Stefan_Alexandru.jpg,1968-01-03,stefan.baisanu@cdep.robaisanu@yahoo.com,,
24,Bălan Ion,PSD,TULCEA,38,2012,http://www.cdep.ro/pls/parlam/structura2015.mp?idm=24&cam=2&leg=2012&idl=2,Ion BĂLAN,http://www.cdep.ro/parlamentari/l2012/Balan_Ion.jpg,1954-04-19,nalba.srl@gmail.com,,
25,Bănicioiu Nicolae,PSD,BUCUREŞTI,42,2012,http://www.cdep.ro/pls/parlam/structura2015.mp?idm=25&cam=2&leg=2012&idl=2,Nicolae BĂNICIOIU,http://www.cdep.ro/parlamentari/l2012/Banicioiu_Nicolae.jpg,1979-03-26,nbanicioiu@cdep.ro,,
26,Bărbulescu Daniel-Ionuţ,PSD,OLT,30,2012,http://www.cdep.ro/pls/parlam/structura2015.mp?idm=26&cam=2&leg=2012&idl=2,Daniel-Ionuţ BĂRBULESCU,http://www.cdep.ro/parlamentari/l2012/Barbulescu_Daniel_Ionut.jpg,1981-08-17,daniel.barbulescu@cdep.robarbulescu_dan@yahoo.com,,
28,Bejinariu Eugen,PSD,SUCEAVA,35,2012,http://www.cdep.ro/pls/parlam/structura2015.mp?idm=28&cam=2&leg=2012&idl=2,Eugen BEJINARIU,http://www.cdep.ro/parlamentari/l2012/Bejinariu_Eugen.jpg,1959-01-28,eugen.bejinariu@cdep.ro,,
29,Benga Ioan,PSD,CARAŞ-SEVERIN,11,2012,http://www.cdep.ro/pls/parlam/structura2015.mp?idm=29&cam=2&leg=2012&idl=2,Ioan BENGA,http://www.cdep.ro/parlamentari/l2012/Benga_Ioan.jpg,1954-09-03,benga_ioan@yahoo.combenga_ioan2@yahoo.com,,
30,Berci Vasile,PNL,MARAMUREŞ,26,2012,http://www.cdep.ro/pls/parlam/structura2015.mp?idm=30&cam=2&leg=2012&idl=2,Vasile BERCI,http://www.cdep.ro/parlamentari/l2012/Berci_Vasile.jpg,1946-02-16,vasile.berci@cdep.robercivasile@ymail.com,,
31,Birchall Ana,PSD,VASLUI,39,2012,http://www.cdep.ro/pls/parlam/structura2015.mp?idm=31&cam=2&leg=2012&idl=2,Ana BIRCHALL,http://www.cdep.ro/parlamentari/l2012/Birchall_Ana.jpg,1973-08-30,deputatzorleni@gmail.comana.birchall@cdep.ro,,
417,Bîrsăşteanu Florică,PSD,TIMIŞ,37,2012,http://www.cdep.ro/pls/parlam/structura2015.mp?idm=417&cam=2&leg=2012&idl=2,Florică BÎRSĂŞTEANU,http://www.cdep.ro/img/judete/judet36.jpg,1959-05-20,florinbirsasteanu@cdep.rocolegiul3psd@yahoo.com,2014-06-11,
32,Blăjuţ Viorel-Ionel,ND,IAŞI,24,2012,http://www.cdep.ro/pls/parlam/structura2015.mp?idm=32&cam=2&leg=2012&idl=2,Viorel-Ionel BLĂJUŢ,http://www.cdep.ro/parlamentari/l2012/Blajut_Viorel_Ionel.jpg,1973-05-13,office@viorelblajut.ro,,
33,Blănariu Valentin,PSD,CARAŞ-SEVERIN,11,2012,http://www.cdep.ro/pls/parlam/structura2015.mp?idm=33&cam=2&leg=2012&idl=2,Valentin BLĂNARIU,http://www.cdep.ro/parlamentari/l2012/Blanariu_Valentin.jpg,1967-05-26,vali.blanariu@cdep.ro,,
35,Boboc Valentin Gabriel,PSD,TELEORMAN,36,2012,http://www.cdep.ro/pls/parlam/structura2015.mp?idm=35&cam=2&leg=2012&idl=2,Valentin Gabriel BOBOC,http://www.cdep.ro/parlamentari/l2012/Boboc_Valentin_Gabriel.jpg,1966-03-24,boboc.valentin@cdep.robbcvalentin@gmail.com,,
36,Bode Lucian Nicolae,PNL,SĂLAJ,33,2012,http://www.cdep.ro/pls/parlam/structura2015.mp?idm=36&cam=2&leg=2012&idl=2,Lucian Nicolae BODE,http://www.cdep.ro/parlamentari/l2012/Bode_Lucian_Nicolae.jpg,1974-10-27,lucian.bode@cdep.ro,,
37,Bogdan Gheorghe-Dănuţ,PSD,BIHOR,5,2012,http://www.cdep.ro/pls/parlam/structura2015.mp?idm=37&cam=2&leg=2012&idl=2,Gheorghe-Dănuţ BOGDAN,http://www.cdep.ro/parlamentari/l2012/Bogdan_Gheorghe_Danut.jpg,1968-07-21,bogdan.danut@yahoo.com,,
38,Bogdănici Camelia-Margareta,PSD,IAŞI,24,2012,http://www.cdep.ro/pls/parlam/structura2015.mp?idm=38&cam=2&leg=2012&idl=2,Camelia-Margareta BOGDĂNICI,http://www.cdep.ro/parlamentari/l2012/Bogdanici_Camelia_Margareta.jpg,1959-04-12,camelia.bogdanici@cdep.ro,,
39,Boghicevici Claudia,PNL,ARAD,2,2012,http://www.cdep.ro/pls/parlam/structura2015.mp?idm=39&cam=2&leg=2012&idl=2,Claudia BOGHICEVICI,http://www.cdep.ro/parlamentari/l2012/Boghicevici_Claudia.jpg,1975-10-11,claudia.boghicevici@cdep.rocabinet.boghicevici@yahoo.com,,
40,Bónis István,UDMR,MARAMUREŞ,26,2012,http://www.cdep.ro/pls/parlam/structura2015.mp?idm=40&cam=2&leg=2012&idl=2,BÓNIS István,http://www.cdep.ro/parlamentari/l2012/Bonis_Istvan.jpg,1951-05-01,bonis_istvan@yahoo.com,,
41,Borbély László,UDMR,MUREŞ,28,2012,http://www.cdep.ro/pls/parlam/structura2015.mp?idm=41&cam=2&leg=2012&idl=2,BORBÉLY László,http://www.cdep.ro/parlamentari/l2012/Borbely_Laszlo.jpg,1954-03-26,laszlo.borbely@cdep.ro,,
42,Bordeianu Dan,PSD,VASLUI,39,2012,http://www.cdep.ro/pls/parlam/structura2015.mp?idm=42&cam=2&leg=2012&idl=2,Dan BORDEIANU,http://www.cdep.ro/parlamentari/l2012/Bordeianu_Dan.jpg,1967-05-09,dan.bordeianu@cdep.ro,,
44,Bucur Constantin-Alin,PSD,TELEORMAN,36,2012,http://www.cdep.ro/pls/parlam/structura2015.mp?idm=44&cam=2&leg=2012&idl=2,Constantin-Alin BUCUR,http://www.cdep.ro/parlamentari/l2012/Bucur_Constantin_Alin.jpg,1980-12-11,alin.bucur@cdep.roalinconstantinbucur@gmail.com,,
45,Bucura-Oprescu Simona,PSD,ARGEŞ,3,2012,http://www.cdep.ro/pls/parlam/structura2015.mp?idm=45&cam=2&leg=2012&idl=2,Simona BUCURA-OPRESCU,http://www.cdep.ro/parlamentari/l2012/Bucura_Oprescu_Simona.jpg,1980-04-02,simona.bucuraoprescu@cdep.ro,,
46,Budurescu Daniel-Stamate,PNL,BUCUREŞTI,42,2012,http://www.cdep.ro/pls/parlam/structura2015.mp?idm=46&cam=2&leg=2012&idl=2,Daniel-Stamate BUDURESCU,http://www.cdep.ro/parlamentari/l2012/Budurescu_Daniel_Stamate.jpg,1950-10-21,daniel.budurescu@cdep.ro,,
47,Buican Cristian,PNL,VÂLCEA,40,2012,http://www.cdep.ro/pls/parlam/structura2015.mp?idm=47&cam=2&leg=2012&idl=2,Cristian BUICANsecretary of the Chamber of Deputies,http://www.cdep.ro/parlamentari/l2012/Buican_Cristian.jpg,1966-09-16,cristian.buican@cdep.ro,,
48,Buicu Corneliu-Florin,PSD,MUREŞ,28,2012,http://www.cdep.ro/pls/parlam/structura2015.mp?idm=48&cam=2&leg=2012&idl=2,Corneliu-Florin BUICU,http://www.cdep.ro/parlamentari/l2012/Buicu_Corneliu_Florin.jpg,1970-11-22,"",,
49,Burlacu Ştefan,ND,ILFOV,25,2012,http://www.cdep.ro/pls/parlam/structura2015.mp?idm=49&cam=2&leg=2012&idl=2,Ştefan BURLACU,http://www.cdep.ro/parlamentari/l2012/Burlacu_Stefan.jpg,1967-07-29,stafan.burlacu@cdep.roburlacustefan@yahoo.com,,
50,Calimente Mihăiţă,PNL,ARAD,2,2012,http://www.cdep.ro/pls/parlam/structura2015.mp?idm=50&cam=2&leg=2012&idl=2,Mihăiţă CALIMENTE,http://www.cdep.ro/parlamentari/l2012/Calimente_Mihaita.jpg,1952-09-22,calimente@cdep.ro,,
51,Caloianu Mario-Ernest,PSD,IALOMIŢA,23,2012,http://www.cdep.ro/pls/parlam/structura2015.mp?idm=51&cam=2&leg=2012&idl=2,Mario-Ernest CALOIANU,http://www.cdep.ro/parlamentari/l2012/Caloianu_Mario_Ernest.jpg,1975-11-09,mario.caloianu@cdep.ro,,
52,Calotă Florică Ică,ALDE,TELEORMAN,36,2012,http://www.cdep.ro/pls/parlam/structura2015.mp?idm=52&cam=2&leg=2012&idl=2,Florică Ică CALOTĂ,http://www.cdep.ro/parlamentari/l2012/Calota_Florica_Ica.jpg,1964-04-25,florica.calota@cdep.ro,,
53,Canacheu Costică,PNL,BUCUREŞTI,42,2012,http://www.cdep.ro/pls/parlam/structura2015.mp?idm=53&cam=2&leg=2012&idl=2,Costică CANACHEU,http://www.cdep.ro/parlamentari/l2012/Canacheu_Costica.jpg,1958-10-15,canacheu@cdep.ro,,
54,Cazan Mircea-Vasile,PNL,SIBIU,34,2012,http://www.cdep.ro/pls/parlam/structura2015.mp?idm=54&cam=2&leg=2012&idl=2,Mircea-Vasile CAZAN,http://www.cdep.ro/parlamentari/l2012/Cazan_Mircea_Vasile.jpg,1962-06-01,mircea.cazan@cdep.ro,,
55,Călin Ion,PSD,DOLJ,17,2012,http://www.cdep.ro/pls/parlam/structura2015.mp?idm=55&cam=2&leg=2012&idl=2,Ion CĂLIN,http://www.cdep.ro/parlamentari/l2012/Calin_Ion.jpg,1951-04-21,ion.calin@cdep.ro,,
56,Căprar Dorel-Gheorghe,PSD,ARAD,2,2012,http://www.cdep.ro/pls/parlam/structura2015.mp?idm=56&cam=2&leg=2012&idl=2,Dorel-Gheorghe CĂPRAR,http://www.cdep.ro/parlamentari/l2012/Caprar_Dorel_Gheorghe.jpg,1974-08-06,dorel.caprar@cdep.ro,,
57,Cătăniciu Steluţa-Gustica,ALDE,CLUJ,13,2012,http://www.cdep.ro/pls/parlam/structura2015.mp?idm=57&cam=2&leg=2012&idl=2,Steluţa-Gustica CĂTĂNICIUquaestor of the Chamber of Deputies,http://www.cdep.ro/parlamentari/l2012/Catanicioiu_Steluta_Gustica.jpg,1963-02-19,steluta.cataniciu@cdep.ro,,
58,Cernea Remus-Florinel,non-attached,CONSTANŢA,14,2012,http://www.cdep.ro/pls/parlam/structura2015.mp?idm=58&cam=2&leg=2012&idl=2,Remus-Florinel CERNEA,http://www.cdep.ro/parlamentari/l2012/Cernea_Remus_Florinel.jpg,1974-06-25,remus.cernea@cdep.roremuscernea.ro@gmail.com,,
59,Chebac Eugen,PSD,GALAŢI,18,2012,http://www.cdep.ro/pls/parlam/structura2015.mp?idm=59&cam=2&leg=2012&idl=2,Eugen CHEBAC,http://www.cdep.ro/parlamentari/l2012/Chebac_Eugen.jpg,1951-07-22,eugen.chebac@cdep.ro,,
60,Cherecheş Florica,PNL,BIHOR,5,2012,http://www.cdep.ro/pls/parlam/structura2015.mp?idm=60&cam=2&leg=2012&idl=2,Florica CHERECHEŞ,http://www.cdep.ro/parlamentari/l2012/Chereches_Florica.jpg,1960-01-31,florica.chereches@cdep.ro,,
61,Chiriţă Dumitru,PSD,BUCUREŞTI,42,2012,http://www.cdep.ro/pls/parlam/structura2015.mp?idm=61&cam=2&leg=2012&idl=2,Dumitru CHIRIŢĂ,http://www.cdep.ro/parlamentari/l2012/Chirita_Dumitru.jpg,1963-04-07,dumitru.chirita@cdep.rodeputatchirita@gmail.com,,
62,Chirteş Ioan-Cristian,PNL,MUREŞ,28,2012,http://www.cdep.ro/pls/parlam/structura2015.mp?idm=62&cam=2&leg=2012&idl=2,Ioan-Cristian CHIRTEŞ,http://www.cdep.ro/parlamentari/l2012/Chirtes_Ioan_Cristian.jpg,1972-02-09,ioan.chirtes@cdep.rocristichirtes@yahoo.com,,
63,Chirvăsuţă Laurenţiu,PSD,GALAŢI,18,2012,http://www.cdep.ro/pls/parlam/structura2015.mp?idm=63&cam=2&leg=2012&idl=2,Laurenţiu CHIRVĂSUŢĂsecretary of the Chamber of Deputies,http://www.cdep.ro/parlamentari/l2012/Chirvasuta_Laurentiu.jpg,1965-01-05,laurentiu_chirvasuta@yahoo.com,,
64,Chiţoiu Daniel,ALDE,GIURGIU,19,2012,http://www.cdep.ro/pls/parlam/structura2015.mp?idm=64&cam=2&leg=2012&idl=2,Daniel CHIŢOIU,http://www.cdep.ro/parlamentari/l2012/ChitoiuDaniel.jpg,1967-07-11,daniel.chitoiu@cdep.ro,,
65,Cioată Cezar,ALDE,SUCEAVA,35,2012,http://www.cdep.ro/pls/parlam/structura2015.mp?idm=65&cam=2&leg=2012&idl=2,Cezar CIOATĂ,http://www.cdep.ro/parlamentari/l2012/Cioata_Cezar.jpg,1976-10-12,cezar.cioata@cdep.rocezar_cioata@yahoo.com,,
67,Ciobanu Liliana,ND,GIURGIU,19,2012,http://www.cdep.ro/pls/parlam/structura2015.mp?idm=67&cam=2&leg=2012&idl=2,Liliana CIOBANU,http://www.cdep.ro/parlamentari/l2012/Ciobanu_Liliana.jpg,1969-04-17,liliana.ciobanu@cdep.ro,,
68,Ciocan Dan,PSD,OLT,30,2012,http://www.cdep.ro/pls/parlam/structura2015.mp?idm=68&cam=2&leg=2012&idl=2,Dan CIOCAN,http://www.cdep.ro/parlamentari/l2012/Ciocan_Dan.jpg,1960-02-15,dan.ciocan@cdep.rodanciocan1960@gmail.com,,
69,Ciofu Tamara-Dorina,PSD,BOTOŞANI,7,2012,http://www.cdep.ro/pls/parlam/structura2015.mp?idm=69&cam=2&leg=2012&idl=2,Tamara-Dorina CIOFU,http://www.cdep.ro/parlamentari/l2012/Ciofu_Tamara.jpg,1957-12-30,"",,
70,Ciolacu Ion-Marcel,PSD,BUZĂU,10,2012,http://www.cdep.ro/pls/parlam/structura2015.mp?idm=70&cam=2&leg=2012&idl=2,Ion-Marcel CIOLACUsecretary of the Chamber of Deputies,http://www.cdep.ro/parlamentari/l2012/Ciolacu_Ion_Marcel.jpg,1967-11-28,ionmarcelciolacu@gmail.com,,
71,Ciubotaru Lucian-Manuel,PNL,BACĂU,4,2012,http://www.cdep.ro/pls/parlam/structura2015.mp?idm=71&cam=2&leg=2012&idl=2,Lucian-Manuel CIUBOTARU,http://www.cdep.ro/parlamentari/l2012/Ciubotaru_Lucian_Manuel.jpg,1969-06-17,lucian.ciubotaru@cdep.rolucian_win@yahoo.com,,
72,Ciucă Liviu-Bogdan,ALDE,GALAŢI,18,2012,http://www.cdep.ro/pls/parlam/structura2015.mp?idm=72&cam=2&leg=2012&idl=2,Liviu-Bogdan CIUCĂ,http://www.cdep.ro/parlamentari/l2012/Ciuca_Liviu_Bogdan.jpg,1968-10-13,bogdan.ciuca@cdep.ro,,
73,Ciuhodaru Tudor,PSD,VASLUI,39,2012,http://www.cdep.ro/pls/parlam/structura2015.mp?idm=73&cam=2&leg=2012&idl=2,Tudor CIUHODARU,http://www.cdep.ro/parlamentari/l2012/Ciuhodaru_Tudor.jpg,1969-01-16,tudorciuhodaru@yahoo.co.uk,,
74,Ciurariu Florin,PNL,VASLUI,39,2012,http://www.cdep.ro/pls/parlam/structura2015.mp?idm=74&cam=2&leg=2012&idl=2,Florin CIURARIU,http://www.cdep.ro/parlamentari/l2012/Ciurariu_Florin.jpg,1971-04-03,florin.ciurariu@cdep.ro,,
75,Cocei Erland,PNL,BUZĂU,10,2012,http://www.cdep.ro/pls/parlam/structura2015.mp?idm=75&cam=2&leg=2012&idl=2,Erland COCEI,http://www.cdep.ro/parlamentari/l2012/Cocei_Erland.jpg,1970-03-13,erland.cocei@cdep.roandi.cocei@yahoo.com,,
76,Codîrlă Liviu,PSD,TULCEA,38,2012,http://www.cdep.ro/pls/parlam/structura2015.mp?idm=76&cam=2&leg=2012&idl=2,Liviu CODÎRLĂ,http://www.cdep.ro/parlamentari/l2012/Codirla_Liviu.jpg,1968-01-25,liviucodirla@yahoo.com,,
78,Comşa Cornel-George,non-attached,ALBA,1,2012,http://www.cdep.ro/pls/parlam/structura2015.mp?idm=78&cam=2&leg=2012&idl=2,Cornel-George COMŞA,http://www.cdep.ro/parlamentari/l2012/Comsa_Cornel_George.jpg,1977-05-05,cornel.comsa@cdep.ro,,
79,Condurăţeanu Andrei-Răzvan,non-attached,CONSTANŢA,14,2012,http://www.cdep.ro/pls/parlam/structura2015.mp?idm=79&cam=2&leg=2012&idl=2,Andrei-Răzvan CONDURĂŢEANU,http://www.cdep.ro/parlamentari/l2012/Condurateanu_Andrei_Razvan.jpg,1970-07-11,razvan.condurateanu@cdep.ro,,
80,Constantin Daniel,ALDE,ARGEŞ,3,2012,http://www.cdep.ro/pls/parlam/structura2015.mp?idm=80&cam=2&leg=2012&idl=2,Daniel CONSTANTIN,http://www.cdep.ro/parlamentari/l2012/Constantin_Daniel.jpg,1978-06-26,daniel.constantin@cdep.ro,,
81,Cosma Vlad-Alexandru,PSD,PRAHOVA,31,2012,http://www.cdep.ro/pls/parlam/structura2015.mp?idm=81&cam=2&leg=2012&idl=2,Vlad-Alexandru COSMA,http://www.cdep.ro/parlamentari/l2012/Cosma_Vlad_Alexandru.jpg,1983-02-08,tsdprahova@yahoo.com,,
82,Costin Gheorghe,PNL,BIHOR,5,2012,http://www.cdep.ro/pls/parlam/structura2015.mp?idm=82&cam=2&leg=2012&idl=2,Gheorghe COSTIN,http://www.cdep.ro/parlamentari/l2012/Costin_Gheorghe.jpg,1954-08-08,gheorghe.costin@cdep.ro,,
83,Covaci Dorel,PSD,TIMIŞ,37,2012,http://www.cdep.ro/pls/parlam/structura2015.mp?idm=83&cam=2&leg=2012&idl=2,Dorel COVACI,http://www.cdep.ro/parlamentari/l2012/Covaci_Dorel.jpg,1950-09-20,dorel.covaci@cdep.rodorel.covaci50@yahoo.com,,
84,Cozmanciuc Corneliu-Mugurel,PNL,IAŞI,24,2012,http://www.cdep.ro/pls/parlam/structura2015.mp?idm=84&cam=2&leg=2012&idl=2,Corneliu-Mugurel COZMANCIUC,http://www.cdep.ro/parlamentari/l2012/Cozmanciuc_Corneliu_Mugurel.jpg,1978-05-09,corneliu.cozmanciuc@cdep.romugurcozmanciuc@gmail.comcontact@mugurcozmanciuc.ro,,
85,Crăciunescu Grigore,PNL,IAŞI,24,2012,http://www.cdep.ro/pls/parlam/structura2015.mp?idm=85&cam=2&leg=2012&idl=2,Grigore CRĂCIUNESCU,http://www.cdep.ro/parlamentari/l2012/Craciunescu_Grigore.jpg,1948-09-30,grigore.craciunescu@cdep.ro,,
86,Cristea Aurelia,PSD,CLUJ,13,2012,http://www.cdep.ro/pls/parlam/structura2015.mp?idm=86&cam=2&leg=2012&idl=2,Aurelia CRISTEA,http://www.cdep.ro/parlamentari/l2012/Cristea_Aurelia.jpg,1968-04-24,deputat@aureliacristea.ro,,
87,Cristea Victor,PSD,VASLUI,39,2012,http://www.cdep.ro/pls/parlam/structura2015.mp?idm=87&cam=2&leg=2012&idl=2,Victor CRISTEA,http://www.cdep.ro/parlamentari/l2012/Cristea_Victor.jpg,1949-07-01,victor.cristea@cdep.ro,,
88,Cristian Horia,PNL,TIMIŞ,37,2012,http://www.cdep.ro/pls/parlam/structura2015.mp?idm=88&cam=2&leg=2012&idl=2,Horia CRISTIAN,http://www.cdep.ro/parlamentari/l2012/Cristian_Horia.jpg,1963-08-31,horia.cristian@cdep.ro,,
89,Cseke Attila-Zoltán,UDMR,BIHOR,5,2012,http://www.cdep.ro/pls/parlam/structura2015.mp?idm=89&cam=2&leg=2012&idl=2,CSEKE Attila-Zoltán,http://www.cdep.ro/parlamentari/l2012/Cseke_Attila_Zoltan.jpg,1973-06-09,"",,
91,Cupă Ion,ALDE,GORJ,20,2012,http://www.cdep.ro/pls/parlam/structura2015.mp?idm=91&cam=2&leg=2012&idl=2,Ion CUPĂ,http://www.cdep.ro/parlamentari/l2012/Cupa_Ion.jpg,1968-08-17,ion.cupa@cdep.roion.cupa@gmail.com,,
92,Cupşa Ioan,PNL,BIHOR,5,2012,http://www.cdep.ro/pls/parlam/structura2015.mp?idm=92&cam=2&leg=2012&idl=2,Ioan CUPŞA,http://www.cdep.ro/parlamentari/l2012/Cupsa_Ioan.jpg,1965-09-25,ioan.cupsa@cdep.rocupsa@cmpartners.ro,,
93,Daea Petre,PSD,MEHEDINŢI,27,2012,http://www.cdep.ro/pls/parlam/structura2015.mp?idm=93&cam=2&leg=2012&idl=2,Petre DAEA,http://www.cdep.ro/parlamentari/l2012/Daea_Petre.jpg,1949-11-02,"",,
94,Dalca Ştefan-Petru,PSD,ARAD,2,2012,http://www.cdep.ro/pls/parlam/structura2015.mp?idm=94&cam=2&leg=2012&idl=2,Ştefan-Petru DALCA,http://www.cdep.ro/parlamentari/l2012/Dalca_Stefan_Petru.jpg,1969-09-11,stefan.dalca@cdep.rodalca.stefan@yahoo.com,,
95,Dascălu Constantin,PNL,DOLJ,17,2012,http://www.cdep.ro/pls/parlam/structura2015.mp?idm=95&cam=2&leg=2012&idl=2,Constantin DASCĂLU,http://www.cdep.ro/parlamentari/l2012/Dascalu_Constantin.jpg,1950-03-23,constantin.dascalu@cdep.ro,,
96,Deaconu Mihai,ND,ARGEŞ,3,2012,http://www.cdep.ro/pls/parlam/structura2015.mp?idm=96&cam=2&leg=2012&idl=2,Mihai DEACONU,http://www.cdep.ro/parlamentari/l2012/Deaconu_Mihai.jpg,1960-05-16,mihai.deaconu@cdep.romihai.deaconu60@yahoo.com,,
97,Delureanu Virgil,PSD,OLT,30,2012,http://www.cdep.ro/pls/parlam/structura2015.mp?idm=97&cam=2&leg=2012&idl=2,Virgil DELUREANU,http://www.cdep.ro/parlamentari/l2012/Delureanu_Virgil.jpg,1963-05-30,"",,
98,Diaconu Adrian-Nicolae,PSD,TIMIŞ,37,2012,http://www.cdep.ro/pls/parlam/structura2015.mp?idm=98&cam=2&leg=2012&idl=2,Adrian-Nicolae DIACONU,http://www.cdep.ro/parlamentari/l2012/Diaconu_Adrian_Nicolae.jpg,1966-11-26,adrian.diaconu@cdep.ro,,
99,Diaconu Mihai-Bogdan,non-attached,BUCUREŞTI,42,2012,http://www.cdep.ro/pls/parlam/structura2015.mp?idm=99&cam=2&leg=2012&idl=2,Mihai-Bogdan DIACONU,http://www.cdep.ro/parlamentari/l2012/Diaconu_Bogdan.jpg,1979-10-09,bogdan.diaconu@cdep.rocontact@bogdandiaconu.ro,,
100,Dima Toader,PSD,VASLUI,39,2012,http://www.cdep.ro/pls/parlam/structura2015.mp?idm=100&cam=2&leg=2012&idl=2,Toader DIMA,http://www.cdep.ro/parlamentari/l2012/Dima_Toader.jpg,1951-02-25,toader.dima@cdep.ro,,
102,Dîrzu Ioan,PSD,ALBA,1,2012,http://www.cdep.ro/pls/parlam/structura2015.mp?idm=102&cam=2&leg=2012&idl=2,Ioan DÎRZU,http://www.cdep.ro/parlamentari/l2012/Dirzu_Ioan.jpg,1967-02-01,ioan.dirzu@cdep.roioan.dirzu@yahoo.com,,
103,Doboş Anton,PNL,IAŞI,24,2012,http://www.cdep.ro/pls/parlam/structura2015.mp?idm=103&cam=2&leg=2012&idl=2,Anton DOBOŞ,http://www.cdep.ro/parlamentari/l2012/Dobos_Anton.jpg,1961-05-19,anton.dobos@cdep.ro,,
104,Dobre Mircea-Titus,PSD,CONSTANŢA,14,2012,http://www.cdep.ro/pls/parlam/structura2015.mp?idm=104&cam=2&leg=2012&idl=2,Mircea-Titus DOBRE,http://www.cdep.ro/parlamentari/l2012/Dobre_Mircea_Titus.jpg,1978-12-20,"",,
105,Dobre Victor Paul,PNL,GALAŢI,18,2012,http://www.cdep.ro/pls/parlam/structura2015.mp?idm=105&cam=2&leg=2012&idl=2,Victor Paul DOBRE,http://www.cdep.ro/parlamentari/l2012/Dobre_Victor.jpg,1952-02-11,victor.dobre@cdep.ro,,
106,Dobrinescu Traian,PNL,VÂLCEA,40,2012,http://www.cdep.ro/pls/parlam/structura2015.mp?idm=106&cam=2&leg=2012&idl=2,Traian DOBRINESCU,http://www.cdep.ro/parlamentari/l2012/Dobrinescu_Traian.jpg,1949-05-23,traian.dobrinescu@cdep.rotraian_dobrinescu@yahoo.com,,
107,Dolha Mircea,PNL,MARAMUREŞ,26,2012,http://www.cdep.ro/pls/parlam/structura2015.mp?idm=107&cam=2&leg=2012&idl=2,Mircea DOLHA,http://www.cdep.ro/parlamentari/l2012/Dolha_Mircea.jpg,1969-05-24,mircea.dolha@cdep.ro,,
108,Dolha Nechita-Stelian,PNL,BISTRIŢA-NĂSĂUD,6,2012,http://www.cdep.ro/pls/parlam/structura2015.mp?idm=108&cam=2&leg=2012&idl=2,Nechita-Stelian DOLHA,http://www.cdep.ro/parlamentari/l2012/Dolha_Nechita_Stelian.jpg,1970-04-19,stelian.dolha@cdep.rodolha.stelian@gmail.com,,
109,Dolineaschi Andrei,PSD,BOTOŞANI,7,2012,http://www.cdep.ro/pls/parlam/structura2015.mp?idm=109&cam=2&leg=2012&idl=2,Andrei DOLINEASCHI,http://www.cdep.ro/parlamentari/l2012/Dolineaschi_Andrei.jpg,1975-06-21,andrei.dolineaschi@cdep.ro,,
110,Donţu Mihai-Aurel,PNL,BRAŞOV,8,2012,http://www.cdep.ro/pls/parlam/structura2015.mp?idm=110&cam=2&leg=2012&idl=2,Mihai-Aurel DONŢU,http://www.cdep.ro/parlamentari/l2012/Dontu_Mihai_Aurel.jpg,1973-03-12,mihai.dontu@cdep.rodontzum@yahoo.com,,
111,Dragnea Nicolae-Liviu,PSD,TELEORMAN,36,2012,http://www.cdep.ro/pls/parlam/structura2015.mp?idm=111&cam=2&leg=2012&idl=2,Nicolae-Liviu DRAGNEA,http://www.cdep.ro/parlamentari/l2012/Dragnea_Liviu_Nicolae.jpg,1962-10-28,dragnea.liviu@gmail.com,,
112,Dragomir Gheorghe,PNL,CONSTANŢA,14,2012,http://www.cdep.ro/pls/parlam/structura2015.mp?idm=112&cam=2&leg=2012&idl=2,Gheorghe DRAGOMIR,http://www.cdep.ro/parlamentari/l2012/Dragomir_Gheorghe.jpg,1963-01-12,gheorghedragomir@cdep.ro,,
113,Dragomir Maria,non-attached,CĂLĂRAŞI,12,2012,http://www.cdep.ro/pls/parlam/structura2015.mp?idm=113&cam=2&leg=2012&idl=2,Maria DRAGOMIR,http://www.cdep.ro/parlamentari/l2012/Dragomir_Maria.jpg,1957-09-02,maria.dragomir@cdep.rototalchim@yahoo.com,,
114,Dragomir Viorel Marian,PSD,BRĂILA,9,2012,http://www.cdep.ro/pls/parlam/structura2015.mp?idm=114&cam=2&leg=2012&idl=2,Viorel Marian DRAGOMIR,http://www.cdep.ro/parlamentari/l2012/Dragomir_Viorel_Marian.jpg,1975-06-16,dragomir.viorelmarian@yahoo.com,,
115,Drăghici Mircea-Gheorghe,PSD,ARGEŞ,3,2012,http://www.cdep.ro/pls/parlam/structura2015.mp?idm=115&cam=2&leg=2012&idl=2,Mircea-Gheorghe DRĂGHICIquaestor of the Chamber of Deputies,http://www.cdep.ro/parlamentari/l2012/Draghici_Mircea_Gheorghe.jpg,1966-04-08,mircea.draghici@cdep.ro,,
116,Drăghici Sonia-Maria,PSD,BIHOR,5,2012,http://www.cdep.ro/pls/parlam/structura2015.mp?idm=116&cam=2&leg=2012&idl=2,Sonia-Maria DRĂGHICI,http://www.cdep.ro/parlamentari/l2012/Draghici_Sonia_Maria.jpg,1956-07-25,maria.draghici@cdep.ro,,
117,Drăguşanu Vasile-Cătălin,ALDE,NEAMŢ,29,2012,http://www.cdep.ro/pls/parlam/structura2015.mp?idm=117&cam=2&leg=2012&idl=2,Vasile-Cătălin DRĂGUŞANU,http://www.cdep.ro/parlamentari/l2012/Dragusanu_Vasile_Catalin.jpg,1979-06-05,catalin.dragusanu@cdep.rocatalindragusanu@gmail.com,,
118,Dumbrăvanu Paul,PNL,PRAHOVA,31,2012,http://www.cdep.ro/pls/parlam/structura2015.mp?idm=118&cam=2&leg=2012&idl=2,Paul DUMBRĂVANU,http://www.cdep.ro/parlamentari/l2012/Dumbravanu_Paul.jpg,1979-10-02,paul.dumbravanu@cdep.ropaul@dumbravanu.ro,,
119,Dumitrache Ileana Cristina,PSD,CONSTANŢA,14,2012,http://www.cdep.ro/pls/parlam/structura2015.mp?idm=119&cam=2&leg=2012&idl=2,Ileana Cristina DUMITRACHE,http://www.cdep.ro/parlamentari/l2012/Dumitrache_Ileana_Cristina.jpg,1982-12-01,cristina.dumitrache@cdep.rodumitrache_ic@yahoo.com,,
120,Dumitru Georgică,ALDE,DÂMBOVIŢA,16,2012,http://www.cdep.ro/pls/parlam/structura2015.mp?idm=120&cam=2&leg=2012&idl=2,Georgică DUMITRU,http://www.cdep.ro/parlamentari/l2012/Dumitru_Georgica.jpg,1964-03-31,georgica.dumitru@cdep.ro,,
121,Dumitru Ioana-Jenica,PSD,ARGEŞ,3,2012,http://www.cdep.ro/pls/parlam/structura2015.mp?idm=121&cam=2&leg=2012&idl=2,Ioana-Jenica DUMITRU,http://www.cdep.ro/parlamentari/l2012/Dumitru_Ioana_Jenica.jpg,1970-08-01,ioana.dumitru@cdep.ro,,
122,Dumitru Ovidiu-Ioan,PNL,BUCUREŞTI,42,2012,http://www.cdep.ro/pls/parlam/structura2015.mp?idm=122&cam=2&leg=2012&idl=2,Ovidiu-Ioan DUMITRU,http://www.cdep.ro/parlamentari/l2012/Dumitru_Ovidiu_Ioan.jpg,1980-10-29,ovidiuioan.dumitru@cdep.rooffice@ovidiuioandumitru.ro,,
123,Duşa Mircea,PSD,HARGHITA,21,2012,http://www.cdep.ro/pls/parlam/structura2015.mp?idm=123&cam=2&leg=2012&idl=2,Mircea DUŞA,http://www.cdep.ro/parlamentari/l2012/Dusa_Mircea.jpg,1955-04-01,dusa_mircea@cdep.ro,,
124,Emacu Gheorghe,PSD,IAŞI,24,2012,http://www.cdep.ro/pls/parlam/structura2015.mp?idm=124&cam=2&leg=2012&idl=2,Gheorghe EMACU,http://www.cdep.ro/parlamentari/l2012/Emacu_Gheorghe.jpg,1958-10-13,gheorghe.emacu@cdep.ro,,
125,Enache Marian,PSD,NEAMŢ,29,2012,http://www.cdep.ro/pls/parlam/structura2015.mp?idm=125&cam=2&leg=2012&idl=2,Marian ENACHE,http://www.cdep.ro/parlamentari/l2012/Enache_Marian.jpg,1954-05-05,marian.enache@cdep.ro,,
126,Enea Constantin-Cosmin,PSD,DOLJ,17,2012,http://www.cdep.ro/pls/parlam/structura2015.mp?idm=126&cam=2&leg=2012&idl=2,Constantin-Cosmin ENEA,http://www.cdep.ro/parlamentari/l2012/Enea_Constantin_Cosmin.jpg,1979-10-14,cosmin.enea@cdep.rocosminenea@yahoo.com,,
127,Eparu Ion,PSD,PRAHOVA,31,2012,http://www.cdep.ro/pls/parlam/structura2015.mp?idm=127&cam=2&leg=2012&idl=2,Ion EPARU,http://www.cdep.ro/parlamentari/l2012/Eparu_Ion.jpg,1952-06-06,"",,
128,Erdei Dolóczki István,UDMR,SATU-MARE,32,2012,http://www.cdep.ro/pls/parlam/structura2015.mp?idm=128&cam=2&leg=2012&idl=2,ERDEI DOLÓCZKI István,http://www.cdep.ro/parlamentari/l2012/Erdei_Doloczi_Istvan.jpg,1955-05-01,erdeiistvan55@yahoo.com,,
129,Fejér László-Ődőn,UDMR,COVASNA,15,2012,http://www.cdep.ro/pls/parlam/structura2015.mp?idm=129&cam=2&leg=2012&idl=2,FEJÉR László-Ődőn,http://www.cdep.ro/parlamentari/l2012/Fejer_Laszlo_Odon.jpg,1961-11-11,office.dep@fejerlaszlo.ro,,
130,Fenechiu Cătălin-Daniel,ND,BUCUREŞTI,42,2012,http://www.cdep.ro/pls/parlam/structura2015.mp?idm=130&cam=2&leg=2012&idl=2,Cătălin-Daniel FENECHIU,http://www.cdep.ro/parlamentari/l2012/Fenechiu_Catalin_Daniel.jpg,1969-11-20,daniel.fenechiu@cdep.ro,,
132,Firczak Gheorghe,Minoritati,,"",2012,http://www.cdep.ro/pls/parlam/structura2015.mp?idm=132&cam=2&leg=2012&idl=2,Gheorghe FIRCZAK,http://www.cdep.ro/parlamentari/l2012/Firczak_Gheorghe.jpg,1955-06-10,gheorghe.firczak@cdep.ro,,
133,Florea Damian,ALDE,BUCUREŞTI,42,2012,http://www.cdep.ro/pls/parlam/structura2015.mp?idm=133&cam=2&leg=2012&idl=2,Damian FLOREA,http://www.cdep.ro/parlamentari/l2012/Florea_Damian.jpg,1965-07-12,damian.florea@cdep.ro,,
134,Florea Daniel,PSD,CĂLĂRAŞI,12,2012,http://www.cdep.ro/pls/parlam/structura2015.mp?idm=134&cam=2&leg=2012&idl=2,Daniel FLOREA,http://www.cdep.ro/parlamentari/l2012/Florea_Daniel.jpg,1972-09-19,danielflorea72@yahoo.comdaniel.florea@scaflorea.ro,,
135,Fonta Nuţu,PSD,MARAMUREŞ,26,2012,http://www.cdep.ro/pls/parlam/structura2015.mp?idm=135&cam=2&leg=2012&idl=2,Nuţu FONTA,http://www.cdep.ro/parlamentari/l2012/Fonta_Nutu.jpg,1963-08-27,nutu.fonta@cdep.rofontanutu@yahoo.com,,
136,Frăticiu Gheorghe,PSD,SIBIU,34,2012,http://www.cdep.ro/pls/parlam/structura2015.mp?idm=136&cam=2&leg=2012&idl=2,Gheorghe FRĂTICIU,http://www.cdep.ro/parlamentari/l2012/Fraticiu_Gheorghe.jpg,1958-12-06,fraticiugheorghe@yahoo.com,,
137,Galan Constantin,ALDE,SUCEAVA,35,2012,http://www.cdep.ro/pls/parlam/structura2015.mp?idm=137&cam=2&leg=2012&idl=2,Constantin GALAN,http://www.cdep.ro/parlamentari/l2012/Galan_Constantin.jpg,1956-12-17,constantin.galan@cdep.ro,,
138,Ganţ Ovidiu Victor,Minoritati,,"",2012,http://www.cdep.ro/pls/parlam/structura2015.mp?idm=138&cam=2&leg=2012&idl=2,Ovidiu Victor GANŢ,http://www.cdep.ro/parlamentari/l2012/Gant_Ovidiu_Victor.jpg,1966-08-18,ovidiu.gant@cdep.ro,,
139,Gavrilescu Graţiela Leocadia,ALDE,PRAHOVA,31,2012,http://www.cdep.ro/pls/parlam/structura2015.mp?idm=139&cam=2&leg=2012&idl=2,Graţiela Leocadia GAVRILESCU,http://www.cdep.ro/parlamentari/l2012/Gavrilescu_Gratiela_Leocadia.jpg,1966-06-24,gratiela.gavrilescu@cdep.ro,,
140,Găină Mihăiţă,PSD,IALOMIŢA,23,2012,http://www.cdep.ro/pls/parlam/structura2015.mp?idm=140&cam=2&leg=2012&idl=2,Mihăiţă GĂINĂ,http://www.cdep.ro/parlamentari/l2012/Gaina_Mihaita.jpg,1961-09-17,"",,
141,Geantă Florian Daniel,PSD,BUCUREŞTI,42,2012,http://www.cdep.ro/pls/parlam/structura2015.mp?idm=141&cam=2&leg=2012&idl=2,Florian Daniel GEANTĂ,http://www.cdep.ro/parlamentari/l2012/Geanta_Florian_Daniel.jpg,1969-08-24,daniel.geanta@cdep.ro,,
142,Gerea Andrei Dominic,ALDE,ARGEŞ,3,2012,http://www.cdep.ro/pls/parlam/structura2015.mp?idm=142&cam=2&leg=2012&idl=2,Andrei Dominic GEREA,http://www.cdep.ro/parlamentari/l2012/Gerea_Andrei_Dominic.jpg,1968-09-08,andrei.gerea@cdep.ro,,
415,Gheorghe Andrei Daniel,PNL,ILFOV,25,2012,http://www.cdep.ro/pls/parlam/structura2015.mp?idm=415&cam=2&leg=2012&idl=2,Andrei Daniel GHEORGHE,http://www.cdep.ro/parlamentari/l2012/Gheorghe_Andrei_Daniel.jpg,1985-07-27,daniel.gheorghe@cdep.ro,2014-06-11,
143,Gheorghe Florin,PSD,CONSTANŢA,14,2012,http://www.cdep.ro/pls/parlam/structura2015.mp?idm=143&cam=2&leg=2012&idl=2,Florin GHEORGHE,http://www.cdep.ro/parlamentari/l2012/Gheorghe_Florin.jpg,1978-12-15,floringheorghe@cdep.ro1.floringheorghe@gmail.com,,
144,Gheorghe Tinel,PNL,IALOMIŢA,23,2012,http://www.cdep.ro/pls/parlam/structura2015.mp?idm=144&cam=2&leg=2012&idl=2,Tinel GHEORGHE,http://www.cdep.ro/parlamentari/l2012/Gheorghe_Tinel.jpg,1964-01-22,tinel.gheorghe@cdep.ro,,
145,Ghera Giureci-Slobodan,Minoritati,,"",2012,http://www.cdep.ro/pls/parlam/structura2015.mp?idm=145&cam=2&leg=2012&idl=2,Giureci-Slobodan GHERA,http://www.cdep.ro/parlamentari/l2012/Ghera_Giureci_Slobodan.jpg,1979-04-15,slobodan.ghera@cdep.rogs.ghera@gmail.com,,
146,Ghiţă Sebastian-Aurelian,PSD,PRAHOVA,31,2012,http://www.cdep.ro/pls/parlam/structura2015.mp?idm=146&cam=2&leg=2012&idl=2,Sebastian-Aurelian GHIŢĂ,http://www.cdep.ro/parlamentari/l2012/Ghita_Sebastian.jpg,1978-11-10,sebastian1978.ghita@gmail.com,,
147,Ghiveciu Marian,PSD,BUZĂU,10,2012,http://www.cdep.ro/pls/parlam/structura2015.mp?idm=147&cam=2&leg=2012&idl=2,Marian GHIVECIU,http://www.cdep.ro/parlamentari/l2012/Ghiveciu_Marian.jpg,1969-04-15,marian.ghiveciu@cdep.romarian_ghiveciu@yahoo.com,,
148,Gireadă Dumitru-Verginel,PNL,BOTOŞANI,7,2012,http://www.cdep.ro/pls/parlam/structura2015.mp?idm=148&cam=2&leg=2012&idl=2,Dumitru-Verginel GIREADĂ,http://www.cdep.ro/parlamentari/l2012/Gireada_Dumitru_Verginel.jpg,1968-10-03,verginel.gireada@cdep.roverginel.gireada@gmail.com,,
150,Gliga Vasile Ghiorghe,PSD,MUREŞ,28,2012,http://www.cdep.ro/pls/parlam/structura2015.mp?idm=150&cam=2&leg=2012&idl=2,Vasile Ghiorghe GLIGA,http://www.cdep.ro/parlamentari/l2012/Gliga_Vasile_Ghiorghe.jpg,1959-04-03,vasile.gliga@cdep.ro,,
151,Gorghiu Alina-Ştefania,PNL,BUCUREŞTI,42,2012,http://www.cdep.ro/pls/parlam/structura2015.mp?idm=151&cam=2&leg=2012&idl=2,Alina-Ştefania GORGHIU,http://www.cdep.ro/parlamentari/l2012/Gorghiu_Alina_Stefania.jpg,1978-09-16,alina.gorghiu@cdep.ro,,
152,Grama Horia,PSD,COVASNA,15,2012,http://www.cdep.ro/pls/parlam/structura2015.mp?idm=152&cam=2&leg=2012&idl=2,Horia GRAMA,http://www.cdep.ro/parlamentari/l2012/Grama_Horia.jpg,1962-02-28,horia.grama@cdep.ro,,
154,Grecea Maria,PNL,BRAŞOV,8,2012,http://www.cdep.ro/pls/parlam/structura2015.mp?idm=154&cam=2&leg=2012&idl=2,Maria GRECEA,http://www.cdep.ro/parlamentari/l2012/Grecea_Maria.jpg,1974-02-27,bv59mar@yahoo.com,,
155,Grindeanu Sorin Mihai,PSD,TIMIŞ,37,2012,http://www.cdep.ro/pls/parlam/structura2015.mp?idm=155&cam=2&leg=2012&idl=2,Sorin Mihai GRINDEANU,http://www.cdep.ro/parlamentari/l2012/Grindeanu_Sorin_Mihai.jpg,1973-12-05,sorin.grindeanu@cdep.ro,,
157,Gudu Vasile,PNL,TULCEA,38,2012,http://www.cdep.ro/pls/parlam/structura2015.mp?idm=157&cam=2&leg=2012&idl=2,Vasile GUDU,http://www.cdep.ro/parlamentari/l2012/Gudu_Vasile.jpg,1954-03-04,vasile.gudu@cdep.rovasilegudu@yahoo.com,,
158,Gunia Dragoş-Ionel,PNL,PRAHOVA,31,2012,http://www.cdep.ro/pls/parlam/structura2015.mp?idm=158&cam=2&leg=2012&idl=2,Dragoş-Ionel GUNIA,http://www.cdep.ro/parlamentari/l2012/Gunia_Dragos_Ionel.jpg,1977-07-19,gunia@cdep.rocontact@gunia.ro,,
159,Guran Virgil,PNL,PRAHOVA,31,2012,http://www.cdep.ro/pls/parlam/structura2015.mp?idm=159&cam=2&leg=2012&idl=2,Virgil GURAN,http://www.cdep.ro/parlamentari/l2012/Guran_Virgil.jpg,1965-05-12,virgil.guran@cdep.roguranvirgil@yahoo.com,,
160,Gurzău Adrian,non-attached,CLUJ,13,2012,http://www.cdep.ro/pls/parlam/structura2015.mp?idm=160&cam=2&leg=2012&idl=2,Adrian GURZĂU,http://www.cdep.ro/parlamentari/l2012/Gurzau_Adrian.jpg,1977-04-20,adrian.gurzau@cdep.rocontact@adriangurzau.ro,,
161,Gust Băloşin Florentin,non-attached,DOLJ,17,2012,http://www.cdep.ro/pls/parlam/structura2015.mp?idm=161&cam=2&leg=2012&idl=2,Florentin GUST BĂLOŞIN,http://www.cdep.ro/parlamentari/l2012/Gust_Balosin.jpg,1979-04-15,florentin.gust@cdep.roflorentin.gust@yahoo.com,,
162,Gvozdenovici Slavomir,Minoritati,,"",2012,http://www.cdep.ro/pls/parlam/structura2015.mp?idm=162&cam=2&leg=2012&idl=2,Slavomir GVOZDENOVICI,http://www.cdep.ro/parlamentari/l2012/Gvozdenovici_Slavomir.jpg,1953-03-10,slavomirgvozdenovici@yahoo.com,,
163,Harbuz Liviu,PSD,NEAMŢ,29,2012,http://www.cdep.ro/pls/parlam/structura2015.mp?idm=163&cam=2&leg=2012&idl=2,Liviu HARBUZ,http://www.cdep.ro/parlamentari/l2012/Harbuz_Liviu.jpg,1962-06-18,liviu.harbuz@cdep.roliviu.harbuz@cmvro.roliviuharbuz@yahoo.com,,
164,Hărău Eleonora-Carmen,PNL,HUNEDOARA,22,2012,http://www.cdep.ro/pls/parlam/structura2015.mp?idm=164&cam=2&leg=2012&idl=2,Eleonora-Carmen HĂRĂU,http://www.cdep.ro/parlamentari/l2012/Harau_Eleonora_Carmen.jpg,1960-11-04,carmen.harau@cdep.ro,,
166,Holban Titi,PSD,BUZĂU,10,2012,http://www.cdep.ro/pls/parlam/structura2015.mp?idm=166&cam=2&leg=2012&idl=2,Titi HOLBAN,http://www.cdep.ro/parlamentari/l2012/Holban_Titi.jpg,1964-11-10,titi.holban@cdep.rotitiholban@yahoo.com,,
167,Horga Vasile,PNL,DÂMBOVIŢA,16,2012,http://www.cdep.ro/pls/parlam/structura2015.mp?idm=167&cam=2&leg=2012&idl=2,Vasile HORGA,http://www.cdep.ro/parlamentari/l2012/Horga_Vasile.jpg,1954-03-03,vasile.horga@cdep.rohorga.vasile@gmail.com,,
169,Hulea Ioan,PSD,BIHOR,5,2012,http://www.cdep.ro/pls/parlam/structura2015.mp?idm=169&cam=2&leg=2012&idl=2,Ioan HULEA,http://www.cdep.ro/parlamentari/l2012/Hulea_Ioan.jpg,1957-08-13,globaleuroest_consulting@yahoo.com,,
171,Iacoban Sorin-Avram,PSD,IAŞI,24,2012,http://www.cdep.ro/pls/parlam/structura2015.mp?idm=171&cam=2&leg=2012&idl=2,Sorin-Avram IACOBAN,http://www.cdep.ro/parlamentari/l2012/Iacoban_Sorin_Avram.jpg,1969-10-15,sorin.iacoban@cdep.roiacoban.sorin@gmail.com,,
172,Ialomiţianu Gheorghe,PNL,BRAŞOV,8,2012,http://www.cdep.ro/pls/parlam/structura2015.mp?idm=172&cam=2&leg=2012&idl=2,Gheorghe IALOMIŢIANU,http://www.cdep.ro/parlamentari/l2012/Ialomitianu_Gheorghe.jpg,1959-09-14,gheorghe.ialomitianu@cdep.ro,,
173,Iancu Iulian,PSD,BACĂU,4,2012,http://www.cdep.ro/pls/parlam/structura2015.mp?idm=173&cam=2&leg=2012&idl=2,Iulian IANCU,http://www.cdep.ro/parlamentari/l2012/Iancu_Iulian.jpg,1960-10-06,iancu.iulian@cdep.ro,,
174,Iane Daniel,PNL,DOLJ,17,2012,http://www.cdep.ro/pls/parlam/structura2015.mp?idm=174&cam=2&leg=2012&idl=2,Daniel IANE,http://www.cdep.ro/parlamentari/l2012/Iane_Daniel.jpg,1967-06-20,daniel.iane@cdep.rodaniel.iane@yahoo.com,,
175,Iane Ovidiu-Cristian,PSD,SUCEAVA,35,2012,http://www.cdep.ro/pls/parlam/structura2015.mp?idm=175&cam=2&leg=2012&idl=2,Ovidiu-Cristian IANE,http://www.cdep.ro/parlamentari/l2012/Iane_Ovidiu_Cristian.jpg,1970-10-12,ovidiu.iane@cdep.ro,,
176,Ibram Iusein,Minoritati,,"",2012,http://www.cdep.ro/pls/parlam/structura2015.mp?idm=176&cam=2&leg=2012&idl=2,Iusein IBRAM,http://www.cdep.ro/parlamentari/l2012/Ibram_Iusein.jpg,1953-07-06,ibram.iusein@cdep.ro,,
177,Ignat Miron,Minoritati,,"",2012,http://www.cdep.ro/pls/parlam/structura2015.mp?idm=177&cam=2&leg=2012&idl=2,Miron IGNAT,http://www.cdep.ro/parlamentari/l2012/Ignat_Miron.jpg,1941-08-24,chestor.ig.mir@cdep.ro,,
178,Iliuţă Vasile,PNL,CĂLĂRAŞI,12,2012,http://www.cdep.ro/pls/parlam/structura2015.mp?idm=178&cam=2&leg=2012&idl=2,Vasile ILIUŢĂ,http://www.cdep.ro/parlamentari/l2012/Iliuta_Vasile.jpg,1968-05-04,vasile.iliuta@cdep.rodeputat.iliuta@gmail.com,,
179,Intotero Natalia-Elena,PSD,HUNEDOARA,22,2012,http://www.cdep.ro/pls/parlam/structura2015.mp?idm=179&cam=2&leg=2012&idl=2,Natalia-Elena INTOTERO,http://www.cdep.ro/parlamentari/l2012/Intotero_Natalia_Elena.jpg,1976-01-14,nataliacjhd@yahoo.com,,
180,Ionescu Aurelian,ALDE,IALOMIŢA,23,2012,http://www.cdep.ro/pls/parlam/structura2015.mp?idm=180&cam=2&leg=2012&idl=2,Aurelian IONESCU,http://www.cdep.ro/parlamentari/l2012/Ionescu_Aurelian.jpg,1977-10-17,aurelian.ionescu@cdep.roaurelian.ionescu@xnet.ro,,
181,Ionescu George,PNL,PRAHOVA,31,2012,http://www.cdep.ro/pls/parlam/structura2015.mp?idm=181&cam=2&leg=2012&idl=2,George IONESCU,http://www.cdep.ro/parlamentari/l2012/Ionescu_George.jpg,1968-03-31,george.ionescu@cdep.rogeorgeionescu.pdlph@yahoo.com,,
182,Iordache Florin,PSD,OLT,30,2012,http://www.cdep.ro/pls/parlam/structura2015.mp?idm=182&cam=2&leg=2012&idl=2,Florin IORDACHEvice-chairman of the Chamber of Deputies,http://www.cdep.ro/parlamentari/l2012/Iordache_Florin.jpg,1960-12-14,fiordache@cdep.ro,,
183,Irimie Vicenţiu-Mircea,ALDE,CLUJ,13,2012,http://www.cdep.ro/pls/parlam/structura2015.mp?idm=183&cam=2&leg=2012&idl=2,Vicenţiu-Mircea IRIMIE,http://www.cdep.ro/parlamentari/l2012/Irimie_Vicentiu_Mircea.jpg,1967-06-21,mircea.vicentiu@gmail.com,,
184,Iriza Scarlat,non-attached,GORJ,20,2012,http://www.cdep.ro/pls/parlam/structura2015.mp?idm=184&cam=2&leg=2012&idl=2,Scarlat IRIZA,http://www.cdep.ro/parlamentari/l2012/Iriza_Scarlat.jpg,1955-09-03,scarlat.iriza@hidroelectrica.ro,,
185,Ispir Raluca-Cristina,PNL,BUCUREŞTI,42,2012,http://www.cdep.ro/pls/parlam/structura2015.mp?idm=185&cam=2&leg=2012&idl=2,Raluca-Cristina ISPIR,http://www.cdep.ro/parlamentari/l2012/Ispir_Raluca_Cristina.jpg,1978-12-22,raluca.ispir@cdep.ro,,
186,Itu Cornel,PSD,CLUJ,13,2012,http://www.cdep.ro/pls/parlam/structura2015.mp?idm=186&cam=2&leg=2012&idl=2,Cornel ITU,http://www.cdep.ro/parlamentari/l2012/Itu_Cornel.jpg,1955-10-17,cornel.itu@cdep.ropsddej@yahoo.com,,
187,Kelemen Atilla-Béla-László,UDMR,MUREŞ,28,2012,http://www.cdep.ro/pls/parlam/structura2015.mp?idm=187&cam=2&leg=2012&idl=2,KELEMEN Atilla-Béla-László,http://www.cdep.ro/parlamentari/l2012/Kelemen_Attila_Bella_Laszlo.jpg,1948-05-04,equi_can@cdep.ro,,
188,Kelemen Hunor,UDMR,HARGHITA,21,2012,http://www.cdep.ro/pls/parlam/structura2015.mp?idm=188&cam=2&leg=2012&idl=2,KELEMEN Hunor,http://www.cdep.ro/parlamentari/l2012/Kelemen_Hunor.jpg,1967-10-18,kelemenhunor@cdep.rokelemenhunor@rmdsz.ro,,
189,Kerekes Károly,UDMR,MUREŞ,28,2012,http://www.cdep.ro/pls/parlam/structura2015.mp?idm=189&cam=2&leg=2012&idl=2,KEREKES Károly,http://www.cdep.ro/parlamentari/l2012/Kerekes_Karoly.jpg,1947-12-14,kerekes@cdep.ro,,
190,Kereskényi Gábor,UDMR,SATU-MARE,32,2012,http://www.cdep.ro/pls/parlam/structura2015.mp?idm=190&cam=2&leg=2012&idl=2,KERESKÉNYI Gábor,http://www.cdep.ro/parlamentari/l2012/Kereskenyi_Gabor.jpg,1980-01-29,kereskenyi.gabor@cdep.rokereskenyi_gabor@yahoo.com,,
191,Khraibani Camelia,PSD,GORJ,20,2012,http://www.cdep.ro/pls/parlam/structura2015.mp?idm=191&cam=2&leg=2012&idl=2,Camelia KHRAIBANI,http://www.cdep.ro/parlamentari/l2012/Khraibani_Camelia.jpg,1961-09-23,ckhraibani@yahoo.com,,
192,Korodi Attila,UDMR,HARGHITA,21,2012,http://www.cdep.ro/pls/parlam/structura2015.mp?idm=192&cam=2&leg=2012&idl=2,KORODI Attila,http://www.cdep.ro/parlamentari/l2012/Korodi_Attila.jpg,1977-06-23,attila.korodi@cdep.ro,,
193,Laza-Matiuţa Liviu,PNL,BIHOR,5,2012,http://www.cdep.ro/pls/parlam/structura2015.mp?idm=193&cam=2&leg=2012&idl=2,Liviu LAZA-MATIUŢA,http://www.cdep.ro/parlamentari/l2012/Laza_Matiuta_Liviu.jpg,1964-06-10,lazamliviu@cdep.rolazamliviu@yahoo.ro,,
194,Longher Ghervazen,Minoritati,,"",2012,http://www.cdep.ro/pls/parlam/structura2015.mp?idm=194&cam=2&leg=2012&idl=2,Ghervazen LONGHER,http://www.cdep.ro/parlamentari/l2012/Longher_Ghervazen.jpg,1972-01-03,ghervazen.longher@cdep.ro,,
195,Lubanovici Mircea,PNL,DIASPORA,43,2012,http://www.cdep.ro/pls/parlam/structura2015.mp?idm=195&cam=2&leg=2012&idl=2,Mircea LUBANOVICI,http://www.cdep.ro/parlamentari/l2012/Lubanovici_Mircea.jpg,1958-07-20,mircea.lubanovici@cdep.romircea.lubanovici@gmail.com,,
196,Lupu Mihai,PNL,CONSTANŢA,14,2012,http://www.cdep.ro/pls/parlam/structura2015.mp?idm=196&cam=2&leg=2012&idl=2,Mihai LUPU,http://www.cdep.ro/parlamentari/l2012/Lupu_Mihai.jpg,1962-10-26,mihai.lupu@cdep.ro,,
197,Man Mircea,PNL,MARAMUREŞ,26,2012,http://www.cdep.ro/pls/parlam/structura2015.mp?idm=197&cam=2&leg=2012&idl=2,Mircea MAN,http://www.cdep.ro/parlamentari/l2012/Man_Mircea.jpg,1962-11-26,"",,
198,Manda Iulian Claudiu,PSD,DOLJ,17,2012,http://www.cdep.ro/pls/parlam/structura2015.mp?idm=198&cam=2&leg=2012&idl=2,Iulian Claudiu MANDA,http://www.cdep.ro/parlamentari/l2012/Manda_Claudiu.jpg,1975-12-20,claudiumanda@cdep.ro,,
199,Manea Victor-Gheorghe,PNL,CONSTANŢA,14,2012,http://www.cdep.ro/pls/parlam/structura2015.mp?idm=199&cam=2&leg=2012&idl=2,Victor-Gheorghe MANEA,http://www.cdep.ro/parlamentari/l2012/Manea_Victor_Gheorghe.jpg,1967-09-01,victor.manea@cdep.ro,,
200,Manolache Marius,PSD,MEHEDINŢI,27,2012,http://www.cdep.ro/pls/parlam/structura2015.mp?idm=200&cam=2&leg=2012&idl=2,Marius MANOLACHE,http://www.cdep.ro/parlamentari/l2012/Manolache_Marius.jpg,1968-05-05,manolache.marius@cdep.roavmanolachemarius@yahoo.com,,
201,Manolescu Oana,Minoritati,,"",2012,http://www.cdep.ro/pls/parlam/structura2015.mp?idm=201&cam=2&leg=2012&idl=2,Oana MANOLESCU,http://www.cdep.ro/parlamentari/l2012/Manolescu_Oana.jpg,1941-05-26,omanol@cdep.roalbfriend2001@yahoo.com,,
202,Marcoci Vlad,PSD,NEAMŢ,29,2012,http://www.cdep.ro/pls/parlam/structura2015.mp?idm=202&cam=2&leg=2012&idl=2,Vlad MARCOCI,http://www.cdep.ro/parlamentari/l2012/Marcoci_Vlad.jpg,1968-02-01,vlad_marcoci@yahoo.com,,
204,Marcu Viorica,PNL,BACĂU,4,2012,http://www.cdep.ro/pls/parlam/structura2015.mp?idm=204&cam=2&leg=2012&idl=2,Viorica MARCU,http://www.cdep.ro/parlamentari/l2012/Marcu_Viorica.jpg,1955-08-20,viorica.marcu@cdep.ro,,
205,Marian Ion Cristinel,ND,VÂLCEA,40,2012,http://www.cdep.ro/pls/parlam/structura2015.mp?idm=205&cam=2&leg=2012&idl=2,Ion Cristinel MARIAN,http://www.cdep.ro/parlamentari/l2012/Marian_Ion_Cristinel.jpg,1968-12-02,cristinel.marian@cdep.rocristi.marian@aaps-company.comcrismar1968@yahoo.com,,
414,Marica Petru-Sorin,PSD,HUNEDOARA,22,2012,http://www.cdep.ro/pls/parlam/structura2015.mp?idm=414&cam=2&leg=2012&idl=2,Petru-Sorin MARICA,http://www.cdep.ro/img/judete/judet22.jpg,1963-08-23,"",2014-06-11,
206,Marin Gheorghe,PSD,ARGEŞ,3,2012,http://www.cdep.ro/pls/parlam/structura2015.mp?idm=206&cam=2&leg=2012&idl=2,Gheorghe MARIN,http://www.cdep.ro/parlamentari/l2012/Marin_Gheorghe.jpg,1952-10-01,marin.gheorghe@cdep.ro,,
413,Marin Laura,PSD,GALAŢI,18,2012,http://www.cdep.ro/pls/parlam/structura2015.mp?idm=413&cam=2&leg=2012&idl=2,Laura MARIN,http://www.cdep.ro/parlamentari/l2012/MarinLaura.jpg,1969-08-20,laura.marin@cdep.ro,2014-06-11,
208,Marocico Ion,Minoritati,,"",2012,http://www.cdep.ro/pls/parlam/structura2015.mp?idm=208&cam=2&leg=2012&idl=2,Ion MAROCICO,http://www.cdep.ro/parlamentari/l2012/Marocico_Ion.jpg,1974-12-20,marocico.ion@cdep.roivan_marocico@yahoo.com,,
209,Martin Eduard-Stelian,PSD,CONSTANŢA,14,2012,http://www.cdep.ro/pls/parlam/structura2015.mp?idm=209&cam=2&leg=2012&idl=2,Eduard-Stelian MARTIN,http://www.cdep.ro/parlamentari/l2012/Martin_Eduard_Stelian.jpg,1973-12-13,eduard.martin@cdep.roeduardmartin1973@gmail.com,,
210,Márton Árpád-Francisc,UDMR,COVASNA,15,2012,http://www.cdep.ro/pls/parlam/structura2015.mp?idm=210&cam=2&leg=2012&idl=2,MÁRTON Árpád-Francisc,http://www.cdep.ro/parlamentari/l2012/Marton_Arpad_Francisc.jpg,1955-03-25,marton@cdep.ro,,
211,Máté András-Levente,UDMR,CLUJ,13,2012,http://www.cdep.ro/pls/parlam/structura2015.mp?idm=211&cam=2&leg=2012&idl=2,MÁTÉ András-Levente,http://www.cdep.ro/parlamentari/l2012/Mate_Andras.jpg,1974-01-26,mateandras@cdep.ro,,
212,Matei Călin-Vasile-Andrei,PSD,MARAMUREŞ,26,2012,http://www.cdep.ro/pls/parlam/structura2015.mp?idm=212&cam=2&leg=2012&idl=2,Călin-Vasile-Andrei MATEI,http://www.cdep.ro/parlamentari/l2012/Matei_Calin_Vasile_Andrei.jpg,1966-04-07,calinmatei_bm@yahoo.com,,
213,Mazilu Constantin,PSD,VÂLCEA,40,2012,http://www.cdep.ro/pls/parlam/structura2015.mp?idm=213&cam=2&leg=2012&idl=2,Constantin MAZILU,http://www.cdep.ro/parlamentari/l2012/Mazilu_Constantin.jpg,1966-01-30,constantin.mazilu@cdep.rodan_mazilu@yahoo.com,,
214,Măduţa Flavius-Luigi,PSD,ARAD,2,2012,http://www.cdep.ro/pls/parlam/structura2015.mp?idm=214&cam=2&leg=2012&idl=2,Flavius-Luigi MĂDUŢA,http://www.cdep.ro/parlamentari/l2012/Maduta_Flavius_Luigi.jpg,1971-02-24,flavius.maduta@cdep.roflavius_maduta24@yahoo.com,,
215,Melinte Ion,PSD,BACĂU,4,2012,http://www.cdep.ro/pls/parlam/structura2015.mp?idm=215&cam=2&leg=2012&idl=2,Ion MELINTE,http://www.cdep.ro/parlamentari/l2012/Melinte_Ion.jpg,1959-06-22,"",,
216,Merka Adrian-Miroslav,Minoritati,,"",2012,http://www.cdep.ro/pls/parlam/structura2015.mp?idm=216&cam=2&leg=2012&idl=2,Adrian-Miroslav MERKA,http://www.cdep.ro/parlamentari/l2012/Merka_Adrian_Miroslav.jpg,1976-06-06,adrian.merka@cdep.roadrian_miroslav@yahoo.com,,
217,Mihai Aurelian,PNL,DIASPORA,43,2012,http://www.cdep.ro/pls/parlam/structura2015.mp?idm=217&cam=2&leg=2012&idl=2,Aurelian MIHAI,http://www.cdep.ro/parlamentari/l2012/Mihai_Aurelian.jpg,1975-11-24,aurelian.mihai@cdep.roaurelianmihai.madrid@gmail.com,,
218,Mihăilă Ioan,PSD,BUCUREŞTI,42,2012,http://www.cdep.ro/pls/parlam/structura2015.mp?idm=218&cam=2&leg=2012&idl=2,Ioan MIHĂILĂ,http://www.cdep.ro/parlamentari/l2012/Mihaila_Ioan.jpg,1976-05-11,ioanmihaila@cdep.ro,,
219,Mihăilescu Ion-Bogdan,PSD,BUCUREŞTI,42,2012,http://www.cdep.ro/pls/parlam/structura2015.mp?idm=219&cam=2&leg=2012&idl=2,Ion-Bogdan MIHĂILESCU,http://www.cdep.ro/parlamentari/l2012/Mihailescu_Ion_Bogdan.jpg,1978-04-03,bogdan.mihailescu@cdep.ro,,
220,Militaru Lucian,PNL,TELEORMAN,36,2012,http://www.cdep.ro/pls/parlam/structura2015.mp?idm=220&cam=2&leg=2012&idl=2,Lucian MILITARU,http://www.cdep.ro/parlamentari/l2012/Militaru_Lucian.jpg,1962-03-04,lucian.militaru@cdep.ro,,
221,Mincă Liliana,PSD,BOTOŞANI,7,2012,http://www.cdep.ro/pls/parlam/structura2015.mp?idm=221&cam=2&leg=2012&idl=2,Liliana MINCĂ,http://www.cdep.ro/parlamentari/l2012/Minca_Liliana.jpg,1969-05-11,liliana.minca@cdep.rolilianamincadeputat@yahoo.com,,
222,Mircovici Niculae,Minoritati,,"",2012,http://www.cdep.ro/pls/parlam/structura2015.mp?idm=222&cam=2&leg=2012&idl=2,Niculae MIRCOVICIsecretary of the Chamber of Deputies,http://www.cdep.ro/parlamentari/l2012/Mircovici_Niculae.jpg,1950-10-01,niculae_mircovici @yahoo.com,,
223,Mironescu Răzvan Horia,PNL,BUCUREŞTI,42,2012,http://www.cdep.ro/pls/parlam/structura2015.mp?idm=223&cam=2&leg=2012&idl=2,Răzvan Horia MIRONESCU,http://www.cdep.ro/parlamentari/l2012/Mironescu_Razvan_Horia.jpg,1967-11-13,razvan.mironescu@cdep.ro,,
224,Mitrea Manuela,PSD,CONSTANŢA,14,2012,http://www.cdep.ro/pls/parlam/structura2015.mp?idm=224&cam=2&leg=2012&idl=2,Manuela MITREA,http://www.cdep.ro/parlamentari/l2012/Mitrea_Manuela.jpg,1963-11-28,manuela.mitrea@cdep.romanuelamitrea@yahoo.com,,
226,Mîrza Gavril,PSD,SUCEAVA,35,2012,http://www.cdep.ro/pls/parlam/structura2015.mp?idm=226&cam=2&leg=2012&idl=2,Gavril MÎRZA,http://www.cdep.ro/parlamentari/l2012/Mirza_Gavril.jpg,1948-07-27,gavril_mirza@senat.ro,,
227,Mocanu Adrian,PSD,BUZĂU,10,2012,http://www.cdep.ro/pls/parlam/structura2015.mp?idm=227&cam=2&leg=2012&idl=2,Adrian MOCANU,http://www.cdep.ro/parlamentari/l2012/Mocanu_Adrian.jpg,1983-05-12,adrian.mocanu@cdep.rodeputatmocanuadrian@yahoo.com,,
229,Mocioalcă Ion,PSD,CARAŞ-SEVERIN,11,2012,http://www.cdep.ro/pls/parlam/structura2015.mp?idm=229&cam=2&leg=2012&idl=2,Ion MOCIOALCĂ,http://www.cdep.ro/parlamentari/l2012/Mocioaca_Ion.jpg,1958-01-01,ion.mocioalca@cdep.ro,,
230,Mocioi Niculina,PNL,GORJ,20,2012,http://www.cdep.ro/pls/parlam/structura2015.mp?idm=230&cam=2&leg=2012&idl=2,Niculina MOCIOI,http://www.cdep.ro/parlamentari/l2012/Mocioi_Niculina.jpg,1979-05-10,niculina.mocioi@cdep.ronicoletamocioi@yahoo.com,,
231,Moisii Constantin,PSD,NEAMŢ,29,2012,http://www.cdep.ro/pls/parlam/structura2015.mp?idm=231&cam=2&leg=2012&idl=2,Constantin MOISII,http://www.cdep.ro/parlamentari/l2012/Moisii_Constantin.jpg,1952-11-30,"",,
232,Moldovan Carmen Ileana,PSD,DÂMBOVIŢA,16,2012,http://www.cdep.ro/pls/parlam/structura2015.mp?idm=232&cam=2&leg=2012&idl=2,Carmen Ileana MOLDOVAN,http://www.cdep.ro/parlamentari/l2012/Moldovan_Carmen_Ileana.jpg,1970-05-14,carmen.moldovan@cdep.rocaspasia@gmail.com,,
233,Moldovan Ioan,ALDE,CLUJ,13,2012,http://www.cdep.ro/pls/parlam/structura2015.mp?idm=233&cam=2&leg=2012&idl=2,Ioan MOLDOVAN,http://www.cdep.ro/parlamentari/l2012/Moldovan_Ioan.jpg,1951-01-26,"",,
234,Moldovan Iosif,UDMR,HARGHITA,21,2012,http://www.cdep.ro/pls/parlam/structura2015.mp?idm=234&cam=2&leg=2012&idl=2,MOLDOVAN Iosif,http://www.cdep.ro/parlamentari/l2012/Moldovan_Iosif.jpg,1976-04-21,"",,
235,Molnar Zsolt,UDMR,TIMIŞ,37,2012,http://www.cdep.ro/pls/parlam/structura2015.mp?idm=235&cam=2&leg=2012&idl=2,MOLNAR Zsolt,http://www.cdep.ro/parlamentari/l2012/Molnar_Zsolt.jpg,1983-08-23,molnar.zsolt@udmr.ro,,
236,Motreanu Dan-Ştefan,PNL,CĂLĂRAŞI,12,2012,http://www.cdep.ro/pls/parlam/structura2015.mp?idm=236&cam=2&leg=2012&idl=2,Dan-Ştefan MOTREANUvice-chairman of the Chamber of Deputies,http://www.cdep.ro/parlamentari/l2012/Motreanu_Dan_Stefan.jpg,1970-09-11,dan.motreanu@cdep.ro,,
237,Moţ Constantin-Stelian-Emil,PSD,OLT,30,2012,http://www.cdep.ro/pls/parlam/structura2015.mp?idm=237&cam=2&leg=2012&idl=2,Constantin-Stelian-Emil MOŢ,http://www.cdep.ro/parlamentari/l2012/Mot_Constantin_Stelian_Emil.jpg,1981-04-23,motini2000@yahoo.com,,
238,Movilă Petru,non-attached,IAŞI,24,2012,http://www.cdep.ro/pls/parlam/structura2015.mp?idm=238&cam=2&leg=2012&idl=2,Petru MOVILĂ,http://www.cdep.ro/parlamentari/l2012/Movila_Petru.jpg,1967-10-26,petru.movila@cdep.romovila.petru@yahoo.com,,
239,Muntean Mircia,PSD,HUNEDOARA,22,2012,http://www.cdep.ro/pls/parlam/structura2015.mp?idm=239&cam=2&leg=2012&idl=2,Mircia MUNTEAN,http://www.cdep.ro/parlamentari/l2012/Muntean_Mircia.jpg,1963-04-28,"",,
240,Munteanu Ioan,PSD,NEAMŢ,29,2012,http://www.cdep.ro/pls/parlam/structura2015.mp?idm=240&cam=2&leg=2012&idl=2,Ioan MUNTEANU,http://www.cdep.ro/parlamentari/l2012/Munteanu_Ioan.jpg,1949-08-07,ioan.munteanu@cdep.roana29bis@yahoo.com,,
241,Murgu Neagu,PSD,VRANCEA,41,2012,http://www.cdep.ro/pls/parlam/structura2015.mp?idm=241&cam=2&leg=2012&idl=2,Neagu MURGU,http://www.cdep.ro/parlamentari/l2012/Murgu_Neagu.jpg,1962-08-01,neagu.murgu@cdep.roneagu.murgu@gmail.com,,
242,Nassar Rodica,PSD,BUCUREŞTI,42,2012,http://www.cdep.ro/pls/parlam/structura2015.mp?idm=242&cam=2&leg=2012&idl=2,Rodica NASSARvice-chairman of the Chamber of Deputies,http://www.cdep.ro/parlamentari/l2012/Nassar_Rodica.jpg,1957-06-25,rodica_nassar@cdep.rorodicanassar@yahoo.com,,
243,Nazare Alexandru,PNL,BRĂILA,9,2012,http://www.cdep.ro/pls/parlam/structura2015.mp?idm=243&cam=2&leg=2012&idl=2,Alexandru NAZARE,http://www.cdep.ro/parlamentari/l2012/Nazare_Alexandru%20.jpg,1980-06-25,alexandru.nazare@cdep.ro,,
244,Neacşu Marian,PSD,IALOMIŢA,23,2012,http://www.cdep.ro/pls/parlam/structura2015.mp?idm=244&cam=2&leg=2012&idl=2,Marian NEACŞU,http://www.cdep.ro/parlamentari/l2012/NeacsuMarian.jpg,1964-05-27,marian.neacsu@cdep.ro,,
246,Necula Cosmin,PSD,BACĂU,4,2012,http://www.cdep.ro/pls/parlam/structura2015.mp?idm=246&cam=2&leg=2012&idl=2,Cosmin NECULA,http://www.cdep.ro/parlamentari/l2012/Necula_Cosmin.jpg,1978-08-13,neculacosmin@gmail.com,,
247,Negruţ Clement,non-attached,ALBA,1,2012,http://www.cdep.ro/pls/parlam/structura2015.mp?idm=247&cam=2&leg=2012&idl=2,Clement NEGRUŢ,http://www.cdep.ro/parlamentari/l2012/Negrut_Clement.jpg,1964-11-07,clement.negrut@cdep.ro,,
248,Negruţ Cornelia,ALDE,MARAMUREŞ,26,2012,http://www.cdep.ro/pls/parlam/structura2015.mp?idm=248&cam=2&leg=2012&idl=2,Cornelia NEGRUŢ,http://www.cdep.ro/parlamentari/l2012/Negrut_Cornelia.jpg,1961-05-10,cornelia.negrut@cdep.ronelinegrut@yahoo.com,,
251,Nica Nicolae-Ciprian,PSD,VRANCEA,41,2012,http://www.cdep.ro/pls/parlam/structura2015.mp?idm=251&cam=2&leg=2012&idl=2,Nicolae-Ciprian NICA,http://www.cdep.ro/parlamentari/l2012/Nica_Ciprian.jpg,1958-10-26,ciprian.nica@cdep.rocipriannica2007@gmail.com,,
252,Nichita Cristina,PSD,IAŞI,24,2012,http://www.cdep.ro/pls/parlam/structura2015.mp?idm=252&cam=2&leg=2012&idl=2,Cristina NICHITA,http://www.cdep.ro/parlamentari/l2012/Nichita_Cristina.jpg,1965-12-18,cristina.nichita@cdep.rodeputat.cristinanichita@yahoo.com,,
253,Nicoară Romeo Florin,PNL,BUCUREŞTI,42,2012,http://www.cdep.ro/pls/parlam/structura2015.mp?idm=253&cam=2&leg=2012&idl=2,Romeo Florin NICOARĂ,http://www.cdep.ro/parlamentari/l2012/Nicoara_Romeo_Florin.jpg,1972-11-12,"",,
254,Nicolae Alexandri,PNL,PRAHOVA,31,2012,http://www.cdep.ro/pls/parlam/structura2015.mp?idm=254&cam=2&leg=2012&idl=2,Alexandri NICOLAE,http://www.cdep.ro/parlamentari/l2012/Nicolae_Alexandri.jpg,1967-09-28,alexandri.nicolae@cdep.ronicolaealexandri@gmail.com,,
255,Nicolae Florian,PNL,GIURGIU,19,2012,http://www.cdep.ro/pls/parlam/structura2015.mp?idm=255&cam=2&leg=2012&idl=2,Florian NICOLAE,http://www.cdep.ro/parlamentari/l2012/Nicolae_Florian.jpg,1960-12-14,florian.nicolae@cdep.rocontact@nicolaeflorian.ro,,
256,Nicolăescu Gheorghe-Eugen,PNL,BUCUREŞTI,42,2012,http://www.cdep.ro/pls/parlam/structura2015.mp?idm=256&cam=2&leg=2012&idl=2,Gheorghe-Eugen NICOLĂESCU,http://www.cdep.ro/parlamentari/l2012/Nicolaescu_Gheorghe_Eugen.jpg,1955-08-02,eugen.nicolaescu@cdep.ro,,
258,Nicolicea Eugen,PSD,BUZĂU,10,2012,http://www.cdep.ro/pls/parlam/structura2015.mp?idm=258&cam=2&leg=2012&idl=2,Eugen NICOLICEA,http://www.cdep.ro/parlamentari/l2012/Nicolicea_Eugen.jpg,1956-06-06,enicolicea@cdep.roliderunpr@cdep.ro,,
259,Niculae Aurel,PSD,CĂLĂRAŞI,12,2012,http://www.cdep.ro/pls/parlam/structura2015.mp?idm=259&cam=2&leg=2012&idl=2,Aurel NICULAE,http://www.cdep.ro/parlamentari/l2012/Niculae_Aurel.jpg,1957-09-19,aurel.niculae@ymail.com,,
260,Niculescu Dumitru,PSD,OLT,30,2012,http://www.cdep.ro/pls/parlam/structura2015.mp?idm=260&cam=2&leg=2012&idl=2,Dumitru NICULESCU,http://www.cdep.ro/parlamentari/l2012/Niculescu_Dumitru.jpg,1962-10-22,dumitru.niculescu@cdep.ro,,
261,Niculescu Duvăz Bogdan Nicolae,PSD,ARGEŞ,3,2012,http://www.cdep.ro/pls/parlam/structura2015.mp?idm=261&cam=2&leg=2012&idl=2,Bogdan Nicolae NICULESCU DUVĂZ,http://www.cdep.ro/parlamentari/l2012/Niculescu_Duvaz.jpg,1948-12-14,bduvaz@cdep.ro,,
263,Nistor Gheorghe-Vlad,PNL,BUCUREŞTI,42,2012,http://www.cdep.ro/pls/parlam/structura2015.mp?idm=263&cam=2&leg=2012&idl=2,Gheorghe-Vlad NISTOR,http://www.cdep.ro/parlamentari/l2012/Nistor_Gheorghe_Vlad.jpg,1954-07-25,vlad.nistor@cdep.ro,,
264,Nistor Laurenţiu,PSD,HUNEDOARA,22,2012,http://www.cdep.ro/pls/parlam/structura2015.mp?idm=264&cam=2&leg=2012&idl=2,Laurenţiu NISTOR,http://www.cdep.ro/parlamentari/l2012/Nistor_Laurentiu.jpg,1951-06-29,laurentiu.nistor@cdep.rolaurentiu.nistor@gmail.com,,
265,Nistor Marioara,PSD,BRĂILA,9,2012,http://www.cdep.ro/pls/parlam/structura2015.mp?idm=265&cam=2&leg=2012&idl=2,Marioara NISTOR,http://www.cdep.ro/parlamentari/l2012/Nistor_Marioara.jpg,1955-01-13,mariananistordep@gmail.com,,
266,Niţă Constantin,PSD,BRAŞOV,8,2012,http://www.cdep.ro/pls/parlam/structura2015.mp?idm=266&cam=2&leg=2012&idl=2,Constantin NIŢĂ,http://www.cdep.ro/parlamentari/l2012/Nita_Constantin.jpg,1955-11-27,nitac@cdep.ro,,
267,Niţă Emil,PSD,BRAŞOV,8,2012,http://www.cdep.ro/pls/parlam/structura2015.mp?idm=267&cam=2&leg=2012&idl=2,Emil NIŢĂ,http://www.cdep.ro/parlamentari/l2012/Nita_Emil.jpg,1956-01-15,nitaemil01@yahoo.com,,
268,Nosa Iuliu,PSD,SĂLAJ,33,2012,http://www.cdep.ro/pls/parlam/structura2015.mp?idm=268&cam=2&leg=2012&idl=2,Iuliu NOSA,http://www.cdep.ro/parlamentari/l2012/Nosa_Iuliu.jpg,1956-09-25,iuliu.nosa@cdep.roiuliunosa@yahoo.com,,
269,Oajdea Daniel Vasile,ND,IAŞI,24,2012,http://www.cdep.ro/pls/parlam/structura2015.mp?idm=269&cam=2&leg=2012&idl=2,Daniel Vasile OAJDEA,http://www.cdep.ro/parlamentari/l2012/Oajdea_Daniel_Vasile.jpg,1969-06-11,daniel.oajdea@cdep.ro,,
271,Oltean Ioan,PNL,BISTRIŢA-NĂSĂUD,6,2012,http://www.cdep.ro/pls/parlam/structura2015.mp?idm=271&cam=2&leg=2012&idl=2,Ioan OLTEAN,http://www.cdep.ro/parlamentari/l2012/Oltean_Ioan.jpg,1953-04-20,ioan.oltean@cdep.ro,,
272,Orban Ludovic,PNL,BUCUREŞTI,42,2012,http://www.cdep.ro/pls/parlam/structura2015.mp?idm=272&cam=2&leg=2012&idl=2,Ludovic ORBAN,http://www.cdep.ro/parlamentari/l2012/Orban_Ludovic.jpg,1963-05-25,ludovic.orban@cdep.ro,,
273,Oros Nechita-Adrian,PNL,CLUJ,13,2012,http://www.cdep.ro/pls/parlam/structura2015.mp?idm=273&cam=2&leg=2012&idl=2,Nechita-Adrian OROS,http://www.cdep.ro/parlamentari/l2012/Oros_Nechita_Adrian.jpg,1965-07-09,adrian.oros@cdep.ro,,
274,Palaşcă Viorel,ALDE,MEHEDINŢI,27,2012,http://www.cdep.ro/pls/parlam/structura2015.mp?idm=274&cam=2&leg=2012&idl=2,Viorel PALAŞCĂ,http://www.cdep.ro/parlamentari/l2012/Palasca_Viorel.jpg,1962-08-24,viorel.palasca@cdep.ro,,
275,Palăr Ionel,PNL,BACĂU,4,2012,http://www.cdep.ro/pls/parlam/structura2015.mp?idm=275&cam=2&leg=2012&idl=2,Ionel PALĂRquaestor of the Chamber of Deputies,http://www.cdep.ro/parlamentari/l2012/Palar_Ionel.jpg,1972-08-16,ionel.palar@cdep.ro,,
276,Paleologu Theodor,PNL,BUCUREŞTI,42,2012,http://www.cdep.ro/pls/parlam/structura2015.mp?idm=276&cam=2&leg=2012&idl=2,Theodor PALEOLOGU,http://www.cdep.ro/parlamentari/l2012/Paleologu_Theodor.jpg,1973-07-15,theodor.paleologu@cdep.ropaleolot@yahoo.com,,
277,Pambuccian Varujan,Minoritati,,"",2012,http://www.cdep.ro/pls/parlam/structura2015.mp?idm=277&cam=2&leg=2012&idl=2,Varujan PAMBUCCIAN,http://www.cdep.ro/parlamentari/l2012/Pambuccian_Varujan.jpg,1959-04-25,varujan@cdep.ro,,
278,Pană Adriana-Doina,PSD,BISTRIŢA-NĂSĂUD,6,2012,http://www.cdep.ro/pls/parlam/structura2015.mp?idm=278&cam=2&leg=2012&idl=2,Adriana-Doina PANĂ,http://www.cdep.ro/parlamentari/l2012/Pana_Adriana_Doina.jpg,1957-05-16,pana_doina@yahoo.com,,
279,Pardău Dumitru,PNL,SUCEAVA,35,2012,http://www.cdep.ro/pls/parlam/structura2015.mp?idm=279&cam=2&leg=2012&idl=2,Dumitru PARDĂU,http://www.cdep.ro/parlamentari/l2012/Pardau_Dumitru.jpg,1962-06-19,dumitru.pardau@cdep.ro,,
280,Paul Maria-Andreea,PNL,SATU-MARE,32,2012,http://www.cdep.ro/pls/parlam/structura2015.mp?idm=280&cam=2&leg=2012&idl=2,Maria-Andreea PAUL,http://www.cdep.ro/parlamentari/l2012/Paul_Maria_Andreea.jpg,1978-09-10,deputatandreeapaul@gmail.com,,
281,Păun Nicolae,Minoritati,,"",2012,http://www.cdep.ro/pls/parlam/structura2015.mp?idm=281&cam=2&leg=2012&idl=2,Nicolae PĂUN,http://www.cdep.ro/parlamentari/l2012/Paun_Nicolae.jpg,1964-11-09,npaun@cdep.ro,,
282,Pârgaru Ion,PSD,DÂMBOVIŢA,16,2012,http://www.cdep.ro/pls/parlam/structura2015.mp?idm=282&cam=2&leg=2012&idl=2,Ion PÂRGARU,http://www.cdep.ro/parlamentari/l2012/Pargaru_Ion.jpg,1948-07-18,ion.pargaru@cdep.ropargaruion@yahoo.com,,
283,Pâslaru Florin-Costin,PSD,GALAŢI,18,2012,http://www.cdep.ro/pls/parlam/structura2015.mp?idm=283&cam=2&leg=2012&idl=2,Florin-Costin PÂSLARU,http://www.cdep.ro/parlamentari/l2012/Paslaru_Florin_Costin.jpg,1959-09-05,paslaru.florin@cdep.ropaslaru@galati.astral.ro,,
284,Peia Ninel,PSD,ILFOV,25,2012,http://www.cdep.ro/pls/parlam/structura2015.mp?idm=284&cam=2&leg=2012&idl=2,Ninel PEIA,http://www.cdep.ro/parlamentari/l2012/Peia_Ninel.jpg,1969-10-07,ninel.peia@cdep.ro,,
286,Petrea Dorin Silviu,PSD,BRĂILA,9,2012,http://www.cdep.ro/pls/parlam/structura2015.mp?idm=286&cam=2&leg=2012&idl=2,Dorin Silviu PETREA,http://www.cdep.ro/parlamentari/l2012/Petrea_Dorin_Silviu.jpg,1978-02-02,dorin.petrea@cdep.ro,,
287,Petrescu Petre,non-attached,DOLJ,17,2012,http://www.cdep.ro/pls/parlam/structura2015.mp?idm=287&cam=2&leg=2012&idl=2,Petre PETRESCU,http://www.cdep.ro/parlamentari/l2012/Petrescu_Petre.jpg,1956-06-29,petre.petrescu@cdep.ro,,
288,Petric Octavian,PSD,SATU-MARE,32,2012,http://www.cdep.ro/pls/parlam/structura2015.mp?idm=288&cam=2&leg=2012&idl=2,Octavian PETRIC,http://www.cdep.ro/parlamentari/l2012/Petric-Octavian.jpg,1961-10-01,"",,
289,Pistru-Popa Eusebiu-Manea,PNL,ARAD,2,2012,http://www.cdep.ro/pls/parlam/structura2015.mp?idm=289&cam=2&leg=2012&idl=2,Eusebiu-Manea PISTRU-POPA,http://www.cdep.ro/parlamentari/l2012/Pistru_Popa_Eusebiu_Manea.jpg,1966-05-25,eusebiu.pistru@cdep.roeusebiu_pistru@yahoo.com,,
290,Plumb Rovana,PSD,DÂMBOVIŢA,16,2012,http://www.cdep.ro/pls/parlam/structura2015.mp?idm=290&cam=2&leg=2012&idl=2,Rovana PLUMB,http://www.cdep.ro/parlamentari/l2012/Plumb_Rovana.jpg,1960-06-22,rovana.plumb@cdep.ro,,
291,Pocora Cristina-Ancuţa,PNL,IALOMIŢA,23,2012,http://www.cdep.ro/pls/parlam/structura2015.mp?idm=291&cam=2&leg=2012&idl=2,Cristina-Ancuţa POCORA,http://www.cdep.ro/parlamentari/l2012/Pocora_Cristina_Ancuta.jpg,1979-04-05,cristina.pocora@cdep.ro,,
292,Podaşcă Gabriela-Maria,PSD,BUCUREŞTI,42,2012,http://www.cdep.ro/pls/parlam/structura2015.mp?idm=292&cam=2&leg=2012&idl=2,Gabriela-Maria PODAŞCĂ,http://www.cdep.ro/parlamentari/l2012/Podasca_Gabriela_Maria.jpg,1985-05-03,gabriela.podasca@cdep.ro,,
293,Ponta Victor-Viorel,PSD,GORJ,20,2012,http://www.cdep.ro/pls/parlam/structura2015.mp?idm=293&cam=2&leg=2012&idl=2,Victor-Viorel PONTA,http://www.cdep.ro/parlamentari/l2012/Ponta_Victor.jpg,1972-09-20,v.ponta@cdep.ro,,
294,Pop Georgian,PSD,BUCUREŞTI,42,2012,http://www.cdep.ro/pls/parlam/structura2015.mp?idm=294&cam=2&leg=2012&idl=2,Georgian POP,http://www.cdep.ro/parlamentari/l2012/Pop_Georgian.jpg,1975-06-13,gpop@cdep.ro,,
295,Popa Octavian-Marius,PNL,TULCEA,38,2012,http://www.cdep.ro/pls/parlam/structura2015.mp?idm=295&cam=2&leg=2012&idl=2,Octavian-Marius POPA,http://www.cdep.ro/parlamentari/l2012/Popa_Octavian_Marius.jpg,1960-08-04,marius.popa@cdep.ropopaoctavianmarius@yahoo.com,,
296,Popa Radu Mihai,ND,DÂMBOVIŢA,16,2012,http://www.cdep.ro/pls/parlam/structura2015.mp?idm=296&cam=2&leg=2012&idl=2,Radu Mihai POPA,http://www.cdep.ro/parlamentari/l2012/Popa_Radu_Mihai.jpg,1976-11-16,radu.popa@cdep.ro,,
297,Popeangă Vasile,PSD,GORJ,20,2012,http://www.cdep.ro/pls/parlam/structura2015.mp?idm=297&cam=2&leg=2012&idl=2,Vasile POPEANGĂ,http://www.cdep.ro/parlamentari/l2012/Popeanga_Vasile.jpg,1948-03-05,vasile.popeanga@cdep.rovasile_popeanga@yahoo.com,,
298,Popescu Dan-Cristian,PNL,BUCUREŞTI,42,2012,http://www.cdep.ro/pls/parlam/structura2015.mp?idm=298&cam=2&leg=2012&idl=2,Dan-Cristian POPESCU,http://www.cdep.ro/parlamentari/l2012/Popescu_Dan_Cristian.jpg,1975-12-31,dancristian.popescu@cdep.rocontact@dancristianpopescu.ro,,
299,Popescu Dumitru-Iulian,PSD,BUCUREŞTI,42,2012,http://www.cdep.ro/pls/parlam/structura2015.mp?idm=299&cam=2&leg=2012&idl=2,Dumitru-Iulian POPESCU,http://www.cdep.ro/parlamentari/l2012/Popescu_Dumitru_Iulian.jpg,1962-06-19,iulian.popescu@cdep.rocontact@popescuiulian.ro,,
300,Popescu Florin Aurelian,non-attached,DÂMBOVIŢA,16,2012,http://www.cdep.ro/pls/parlam/structura2015.mp?idm=300&cam=2&leg=2012&idl=2,Florin Aurelian POPESCU,http://www.cdep.ro/parlamentari/l2012/Popescu_Florin_Aurelian.jpg,1968-06-29,"",,
301,Popoviciu Alin Augustin Florin,PNL,TIMIŞ,37,2012,http://www.cdep.ro/pls/parlam/structura2015.mp?idm=301&cam=2&leg=2012&idl=2,Alin Augustin Florin POPOVICIU,http://www.cdep.ro/parlamentari/l2012/Popoviciu_Alin.jpg,1973-01-23,alin.popoviciu@cdep.roalin.fischer@sportsgames.ro,,
302,Potor Călin,PSD,ALBA,1,2012,http://www.cdep.ro/pls/parlam/structura2015.mp?idm=302&cam=2&leg=2012&idl=2,Călin POTOR,http://www.cdep.ro/parlamentari/l2012/Potor_Calin.jpg,1959-11-12,calin.potor@cdep.ro,,
303,Preda Cezar-Florin,PNL,BUZĂU,10,2012,http://www.cdep.ro/pls/parlam/structura2015.mp?idm=303&cam=2&leg=2012&idl=2,Cezar-Florin PREDA,http://www.cdep.ro/parlamentari/l2012/Preda_Cezar.jpg,1959-04-27,cezar.preda@cdep.ro,,
304,Puşcaş Iacob,PSD,SIBIU,34,2012,http://www.cdep.ro/pls/parlam/structura2015.mp?idm=304&cam=2&leg=2012&idl=2,Iacob PUŞCAŞ,http://www.cdep.ro/parlamentari/l2012/Puscas_Iacob.jpg,1977-01-18,iacob.puscas@cdep.roiacobpuscas@yahoo.com,,
305,Raeţchi Ovidiu Alexandru,PNL,DIASPORA,43,2012,http://www.cdep.ro/pls/parlam/structura2015.mp?idm=305&cam=2&leg=2012&idl=2,Ovidiu Alexandru RAEŢCHI,http://www.cdep.ro/parlamentari/l2012/Raetchi_Ovidiu_Alexandru.jpg,1979-09-15,raetchi@cdep.roechipa@ovidiuraetchi.rodeputat@ovidiuraetchi.ro,,
306,Răducanu Ion,PSD,TIMIŞ,37,2012,http://www.cdep.ro/pls/parlam/structura2015.mp?idm=306&cam=2&leg=2012&idl=2,Ion RĂDUCANU,http://www.cdep.ro/parlamentari/l2012/Raducanu_Ion.jpg,1949-06-24,ion.raducanu@cdep.rocontact@ion-raducanu.ro,,
307,Rădulescu Cătălin-Marian,PSD,ARGEŞ,3,2012,http://www.cdep.ro/pls/parlam/structura2015.mp?idm=307&cam=2&leg=2012&idl=2,Cătălin-Marian RĂDULESCU,http://www.cdep.ro/parlamentari/l2012/Radulescu_Catalin_Marian.jpg,1962-08-02,cabinetparlamentarcmr@yahoo.com,,
308,Rădulescu Constantin,PSD,VÂLCEA,40,2012,http://www.cdep.ro/pls/parlam/structura2015.mp?idm=308&cam=2&leg=2012&idl=2,Constantin RĂDULESCU,http://www.cdep.ro/parlamentari/l2012/Radulescu_Constantin.jpg,1976-01-17,constantin.radulescu@cdep.rodeputatconstantinradulescu@yahoo.comcosti@constantinradulescu.ro,,
309,Rădulescu Romeo,non-attached,VÂLCEA,40,2012,http://www.cdep.ro/pls/parlam/structura2015.mp?idm=309&cam=2&leg=2012&idl=2,Romeo RĂDULESCU,http://www.cdep.ro/parlamentari/l2012/Radulescu_Romeo.jpg,1972-11-29,romeo.radulescu@cdep.roromeo.radulescu29@gmail.com,,
310,Răţoi Neculai,PSD,IAŞI,24,2012,http://www.cdep.ro/pls/parlam/structura2015.mp?idm=310&cam=2&leg=2012&idl=2,Neculai RĂŢOI,http://www.cdep.ro/parlamentari/l2012/Ratoi_Neculai.jpg,1939-03-15,neculai.ratoi@cdep.ro,,
311,Resmeriţă Cornel-Cristian,PSD,HUNEDOARA,22,2012,http://www.cdep.ro/pls/parlam/structura2015.mp?idm=311&cam=2&leg=2012&idl=2,Cornel-Cristian RESMERIŢĂ,http://www.cdep.ro/parlamentari/l2012/Resmerita_Cornel.jpg,1980-01-26,cristian.resmerita@cdep.ro,,
312,Rizea Cristian,PSD,BRĂILA,9,2012,http://www.cdep.ro/pls/parlam/structura2015.mp?idm=312&cam=2&leg=2012&idl=2,Cristian RIZEA,http://www.cdep.ro/parlamentari/l2012/Rizea_Cristian.jpg,1969-04-12,cristian.rizea@cdep.ro,,
313,Roman Cristian-Constantin,PNL,BOTOŞANI,7,2012,http://www.cdep.ro/pls/parlam/structura2015.mp?idm=313&cam=2&leg=2012&idl=2,Cristian-Constantin ROMAN,http://www.cdep.ro/parlamentari/l2012/Roman_Cristian_Constantin.jpg,1965-07-02,"",,
314,Roman Gheorghe,PNL,SIBIU,34,2012,http://www.cdep.ro/pls/parlam/structura2015.mp?idm=314&cam=2&leg=2012&idl=2,Gheorghe ROMAN,http://www.cdep.ro/parlamentari/l2012/Roman_Gheorghe.jpg,1972-02-06,gheorghe.roman@cdep.ro,,
315,Roman Ioan Sorin,PSD,BIHOR,5,2012,http://www.cdep.ro/pls/parlam/structura2015.mp?idm=315&cam=2&leg=2012&idl=2,Ioan Sorin ROMAN,http://www.cdep.ro/parlamentari/l2012/Roman_Ioan.jpg,1970-07-03,sorin.roman@cdep.roroman_ioan2006@yahoo.com,,
317,Roman Victor,PSD,VRANCEA,41,2012,http://www.cdep.ro/pls/parlam/structura2015.mp?idm=317&cam=2&leg=2012&idl=2,Victor ROMAN,http://www.cdep.ro/parlamentari/l2012/Roman_Victor.jpg,1959-11-01,victor.roman@cdep.rovictor_roman59@yahoo.com,,
318,Roşca Lucreţia,PSD,GALAŢI,18,2012,http://www.cdep.ro/pls/parlam/structura2015.mp?idm=318&cam=2&leg=2012&idl=2,Lucreţia ROŞCA,http://www.cdep.ro/parlamentari/l2012/Rosca_Lucretia.jpg,1958-08-27,lucretia.rosca@cdep.ro,,
319,Roşca Mircea,PNL,PRAHOVA,31,2012,http://www.cdep.ro/pls/parlam/structura2015.mp?idm=319&cam=2&leg=2012&idl=2,Mircea ROŞCA,http://www.cdep.ro/parlamentari/l2012/Rosca_Mircea.jpg,1974-02-25,mircea.rosca@cdep.ro,,
320,Rotaru Răzvan,ND,GORJ,20,2012,http://www.cdep.ro/pls/parlam/structura2015.mp?idm=320&cam=2&leg=2012&idl=2,Răzvan ROTARU,http://www.cdep.ro/parlamentari/l2012/Rotaru_Razvan.jpg,1977-07-03,razvan.rotaru@cdep.ro,,
321,Rusu Valentin,PNL,CARAŞ-SEVERIN,11,2012,http://www.cdep.ro/pls/parlam/structura2015.mp?idm=321&cam=2&leg=2012&idl=2,Valentin RUSU,http://www.cdep.ro/parlamentari/l2012/Rusu_Valentin.jpg,1970-03-04,valentin.rusu@cdep.rorusuvalentyn@yahoo.com,,
323,Sava Andrei-Valentin,PSD,PRAHOVA,31,2012,http://www.cdep.ro/pls/parlam/structura2015.mp?idm=323&cam=2&leg=2012&idl=2,Andrei-Valentin SAVA,http://www.cdep.ro/parlamentari/l2012/SavaAndreiValentin.jpg,1981-03-27,andrei.sava@cdep.ro,,
324,Sămărtinean Cornel-Mircea,PNL,TIMIŞ,37,2012,http://www.cdep.ro/pls/parlam/structura2015.mp?idm=324&cam=2&leg=2012&idl=2,Cornel-Mircea SĂMĂRTINEAN,http://www.cdep.ro/parlamentari/l2012/SamartineanCornelMircea.jpg,1967-12-02,cornelsamartinean@yahoo.com,,
325,Săpunaru Nini,PNL,VRANCEA,41,2012,http://www.cdep.ro/pls/parlam/structura2015.mp?idm=325&cam=2&leg=2012&idl=2,Nini SĂPUNARU,http://www.cdep.ro/parlamentari/l2012/SapunaruNini.jpg,1963-06-02,nini.sapunaru@cdep.ropnl.vrancea@yahoo.comsapunaru@nini-sapunaru.ro,,
326,Săvoiu Ionuţ-Cristian,PSD,DÂMBOVIŢA,16,2012,http://www.cdep.ro/pls/parlam/structura2015.mp?idm=326&cam=2&leg=2012&idl=2,Ionuţ-Cristian SĂVOIU,http://www.cdep.ro/parlamentari/l2012/SavoiuIonutCristian.jpg,1968-10-08,ionut.savoiu@cdep.roicsavoiu@gmail.com,,
327,Scarlat George,PNL,GALAŢI,18,2012,http://www.cdep.ro/pls/parlam/structura2015.mp?idm=327&cam=2&leg=2012&idl=2,George SCARLAT,http://www.cdep.ro/parlamentari/l2012/ScarlatGeorge.jpg,1979-05-05,george.scarlat@cdep.ro,,
328,Schelean Valeria-Diana,PNL,CARAŞ-SEVERIN,11,2012,http://www.cdep.ro/pls/parlam/structura2015.mp?idm=328&cam=2&leg=2012&idl=2,Valeria-Diana SCHELEAN,http://www.cdep.ro/parlamentari/l2012/ScheleanValeriaDiana.jpg,1981-03-24,valeriaschelean@yahoo.com,,
330,Secară Florin Mihail,PNL,VRANCEA,41,2012,http://www.cdep.ro/pls/parlam/structura2015.mp?idm=330&cam=2&leg=2012&idl=2,Florin Mihail SECARĂ,http://www.cdep.ro/parlamentari/l2012/SecaraFlorinMihail.jpg,1970-08-11,florin.secara@cdep.ro,,
331,Sefer Cristian-George,PSD,MUREŞ,28,2012,http://www.cdep.ro/pls/parlam/structura2015.mp?idm=331&cam=2&leg=2012&idl=2,Cristian-George SEFER,http://www.cdep.ro/parlamentari/l2012/Sefer_Cristian_George.jpg,1970-03-17,cristian.sefer@cdep.ro,,
332,Seres Dénes,UDMR,SĂLAJ,33,2012,http://www.cdep.ro/pls/parlam/structura2015.mp?idm=332&cam=2&leg=2012&idl=2,SERES Dénes,http://www.cdep.ro/parlamentari/l2012/Seres_Denes.jpg,1953-07-21,denes.seres@cdep.roszilagy@rmdsz.roseresdenes@gmail.com,,
416,Silaghi Ovidiu Ioan,ALDE,SATU-MARE,32,2012,http://www.cdep.ro/pls/parlam/structura2015.mp?idm=416&cam=2&leg=2012&idl=2,Ovidiu Ioan SILAGHI,http://www.cdep.ro/img/judete/judet31.jpg,1962-12-12,"",2014-06-11,
334,Simedru Dan Coriolan,PNL,ALBA,1,2012,http://www.cdep.ro/pls/parlam/structura2015.mp?idm=334&cam=2&leg=2012&idl=2,Dan Coriolan SIMEDRU,http://www.cdep.ro/parlamentari/l2012/SimedruDanCoriolan.jpg,1962-02-25,dan.simedru@cdep.rodansimedru@yahoo.com,,
335,Simionescu Adrian Constantin,PSD,TELEORMAN,36,2012,http://www.cdep.ro/pls/parlam/structura2015.mp?idm=335&cam=2&leg=2012&idl=2,Adrian Constantin SIMIONESCU,http://www.cdep.ro/parlamentari/l2012/SimionescuAdrian.jpg,1965-06-25,deputat.simionescu@gmail.com,,
336,Smarandache Miron Alexandru,PSD,BACĂU,4,2012,http://www.cdep.ro/pls/parlam/structura2015.mp?idm=336&cam=2&leg=2012&idl=2,Miron Alexandru SMARANDACHE,http://www.cdep.ro/parlamentari/l2012/SmarandacheMironAlexandru.jpg,1960-03-17,miron.smarandache@cdep.rodirectorptfd@gmail.com,,
337,Solomon Adrian,PSD,VASLUI,39,2012,http://www.cdep.ro/pls/parlam/structura2015.mp?idm=337&cam=2&leg=2012&idl=2,Adrian SOLOMON,http://www.cdep.ro/parlamentari/l2012/Solomon_Adrian.jpg,1977-09-20,adrian.solomon@cdep.roadrian.solomon@psd-barlad.roadrian_solomon@yahoo.com,,
338,Stan Ioan,PSD,SUCEAVA,35,2012,http://www.cdep.ro/pls/parlam/structura2015.mp?idm=338&cam=2&leg=2012&idl=2,Ioan STAN,http://www.cdep.ro/parlamentari/l2012/StanIoan.jpg,1956-03-03,ioan.stan@cdep.ro,,
339,Stan Ion,PSD,DÂMBOVIŢA,16,2012,http://www.cdep.ro/pls/parlam/structura2015.mp?idm=339&cam=2&leg=2012&idl=2,Ion STAN,http://www.cdep.ro/parlamentari/l2012/StanIon.jpg,1955-08-13,ion.stan@cdep.ro,,
340,Stanciu Anghel,PSD,IAŞI,24,2012,http://www.cdep.ro/pls/parlam/structura2015.mp?idm=340&cam=2&leg=2012&idl=2,Anghel STANCIU,http://www.cdep.ro/parlamentari/l2012/Stanciu_Anghel.jpg,1949-08-15,astanciu@cdep.rocpanghel.stanciu@yahoo.comanghel.stanciu@yahoo.com,,
341,Stanciu Zisu,PSD,DÂMBOVIŢA,16,2012,http://www.cdep.ro/pls/parlam/structura2015.mp?idm=341&cam=2&leg=2012&idl=2,Zisu STANCIU,http://www.cdep.ro/parlamentari/l2012/Stanciu_Zisu.jpg,1960-12-28,zisu.stanciu@cdep.ro,,
342,Stancu Ionel,Minoritati,,"",2012,http://www.cdep.ro/pls/parlam/structura2015.mp?idm=342&cam=2&leg=2012&idl=2,Ionel STANCU,http://www.cdep.ro/parlamentari/l2012/StancuIonel.jpg,1978-10-15,"",,
343,Stativă Irinel Ioan,PSD,VASLUI,39,2012,http://www.cdep.ro/pls/parlam/structura2015.mp?idm=343&cam=2&leg=2012&idl=2,Irinel Ioan STATIVĂ,http://www.cdep.ro/parlamentari/l2012/StativaIrinelIoan.jpg,1973-01-05,"",,
344,Stănescu Alexandru,PSD,OLT,30,2012,http://www.cdep.ro/pls/parlam/structura2015.mp?idm=344&cam=2&leg=2012&idl=2,Alexandru STĂNESCU,http://www.cdep.ro/parlamentari/l2012/StanescuAlexandru.jpg,1961-12-06,alexandru.stanescu@cdep.rosstanescu2008@yahoo.com,,
346,Steriu Valeriu-Andrei,PSD,CĂLĂRAŞI,12,2012,http://www.cdep.ro/pls/parlam/structura2015.mp?idm=346&cam=2&leg=2012&idl=2,Valeriu-Andrei STERIU,http://www.cdep.ro/parlamentari/l2012/SteriuValeriuAndrei.jpg,1965-09-24,valeriusteriu@cdep.rounpr@cdep.ro,,
347,Stoica Mihaela,non-attached,NEAMŢ,29,2012,http://www.cdep.ro/pls/parlam/structura2015.mp?idm=347&cam=2&leg=2012&idl=2,Mihaela STOICA,http://www.cdep.ro/parlamentari/l2012/StoicaMihaela.jpg,1967-07-06,mihaela.stoica@cdep.rocontact@mihaelastoica.ro,,
349,Stragea Sorin Constantin,PSD,TIMIŞ,37,2012,http://www.cdep.ro/pls/parlam/structura2015.mp?idm=349&cam=2&leg=2012&idl=2,Sorin Constantin STRAGEA,http://www.cdep.ro/parlamentari/l2012/StrageaSorinConstantin.jpg,1955-08-05,sorin.stragea@cdep.rosorinstragea@yahoo.com,,
350,Stroe Ionuţ-Marian,PNL,DOLJ,17,2012,http://www.cdep.ro/pls/parlam/structura2015.mp?idm=350&cam=2&leg=2012&idl=2,Ionuţ-Marian STROE,http://www.cdep.ro/parlamentari/l2012/StroeIonutMarian.jpg,1979-09-23,ionut.stroe@cdep.ro,,
351,Stroe Radu,PSD,ILFOV,25,2012,http://www.cdep.ro/pls/parlam/structura2015.mp?idm=351&cam=2&leg=2012&idl=2,Radu STROE,http://www.cdep.ro/parlamentari/l2012/StroeRadu.jpg,1949-08-31,radu.stroe@cdep.ro,,
352,Sturzu Mihai-Răzvan,PSD,BUCUREŞTI,42,2012,http://www.cdep.ro/pls/parlam/structura2015.mp?idm=352&cam=2&leg=2012&idl=2,Mihai-Răzvan STURZU,http://www.cdep.ro/parlamentari/l2012/SturzuMihaiRazvan.jpg,1979-10-03,mihai.sturzu@cdep.romihai.sturzu@gmail.com,,
353,Suciu Vasile-Daniel,PSD,BISTRIŢA-NĂSĂUD,6,2012,http://www.cdep.ro/pls/parlam/structura2015.mp?idm=353&cam=2&leg=2012&idl=2,Vasile-Daniel SUCIU,http://www.cdep.ro/parlamentari/l2012/SuciuVasileDaniel.jpg,1980-11-07,daniel.suciu@cdep.rosms_237@yahoo.com,,
354,Surdu Raluca,PNL,CĂLĂRAŞI,12,2012,http://www.cdep.ro/pls/parlam/structura2015.mp?idm=354&cam=2&leg=2012&idl=2,Raluca SURDU,http://www.cdep.ro/parlamentari/l2012/SurduRaluca.jpg,1978-04-05,raluca.surdu@cdep.ro,,
355,Surugiu Iulian-Radu,PNL,SUCEAVA,35,2012,http://www.cdep.ro/pls/parlam/structura2015.mp?idm=355&cam=2&leg=2012&idl=2,Iulian-Radu SURUGIU,http://www.cdep.ro/parlamentari/l2012/SurugiuIulianRadu.jpg,1984-07-10,radu.surugiu@cdep.roradu.surugiu@gmail.com,,
356,Szabó Ödön,UDMR,BIHOR,5,2012,http://www.cdep.ro/pls/parlam/structura2015.mp?idm=356&cam=2&leg=2012&idl=2,SZABÓ Ödön,http://www.cdep.ro/parlamentari/l2012/SzaboOdon.jpg,1975-07-04,"",,
357,Şcheau Ion,PNL,ARAD,2,2012,http://www.cdep.ro/pls/parlam/structura2015.mp?idm=357&cam=2&leg=2012&idl=2,Ion ŞCHEAU,http://www.cdep.ro/parlamentari/l2012/ScheauIon.jpg,1974-02-27,"",,
358,Şimon Gheorghe,PSD,MARAMUREŞ,26,2012,http://www.cdep.ro/pls/parlam/structura2015.mp?idm=358&cam=2&leg=2012&idl=2,Gheorghe ŞIMON,http://www.cdep.ro/parlamentari/l2012/Simon_Gheorghe.jpg,1961-01-01,gheorghe.simon@cdep.ro,,
359,Şoptică Costel,PNL,BOTOŞANI,7,2012,http://www.cdep.ro/pls/parlam/structura2015.mp?idm=359&cam=2&leg=2012&idl=2,Costel ŞOPTICĂ,http://www.cdep.ro/parlamentari/l2012/SopticaCostel.jpg,1967-02-18,costel.soptica@cdep.rocostel.soptica@yahoo.com,,
360,Şova Lucian,PSD,BACĂU,4,2012,http://www.cdep.ro/pls/parlam/structura2015.mp?idm=360&cam=2&leg=2012&idl=2,Lucian ŞOVA,http://www.cdep.ro/parlamentari/l2012/SovaLucian.jpg,1960-05-31,lucian.sova@cdep.ro,,
361,Ştefan Viorel,PSD,GALAŢI,18,2012,http://www.cdep.ro/pls/parlam/structura2015.mp?idm=361&cam=2&leg=2012&idl=2,Viorel ŞTEFAN,http://www.cdep.ro/parlamentari/l2012/StefanViorel.jpg,1954-07-26,viorel.stefan@cdep.ro,,
362,Ştefănescu Elena Cătălina,PSD,TELEORMAN,36,2012,http://www.cdep.ro/pls/parlam/structura2015.mp?idm=362&cam=2&leg=2012&idl=2,Elena Cătălina ŞTEFĂNESCU,http://www.cdep.ro/parlamentari/l2012/Stefanescu_Catalina.jpg,1988-08-28,catalina.stefanescu@cdep.ro,,
363,Ştirbu Gigel-Sorinel,PNL,OLT,30,2012,http://www.cdep.ro/pls/parlam/structura2015.mp?idm=363&cam=2&leg=2012&idl=2,Gigel-Sorinel ŞTIRBU,http://www.cdep.ro/parlamentari/l2012/StirbuGigelSorinel.jpg,1971-09-12,gigel.stirbu@cdep.ro,,
364,Tabugan Ion,PSD,CARAŞ-SEVERIN,11,2012,http://www.cdep.ro/pls/parlam/structura2015.mp?idm=364&cam=2&leg=2012&idl=2,Ion TABUGAN,http://www.cdep.ro/parlamentari/l2012/TabuganIon.jpg,1960-04-01,ion.tabugan@cdep.rotabugani@yahoo.com,,
365,Taloş Gheorghe-Mirel,ALDE,SĂLAJ,33,2012,http://www.cdep.ro/pls/parlam/structura2015.mp?idm=365&cam=2&leg=2012&idl=2,Gheorghe-Mirel TALOŞ,http://www.cdep.ro/parlamentari/l2012/TalosGheorghe.jpg,1973-12-03,mirel.talos@cdep.ro,,
366,Tararache Mihai,PNL,CONSTANŢA,14,2012,http://www.cdep.ro/pls/parlam/structura2015.mp?idm=366&cam=2&leg=2012&idl=2,Mihai TARARACHE,http://www.cdep.ro/parlamentari/l2012/TararacheMihai.jpg,1980-03-30,mihai.tararache@cdep.ro,,
367,Tămâian Ioan,PNL,SIBIU,34,2012,http://www.cdep.ro/pls/parlam/structura2015.mp?idm=367&cam=2&leg=2012&idl=2,Ioan TĂMÂIAN,http://www.cdep.ro/parlamentari/l2012/TamaianIoan.jpg,1954-06-23,ioan.tamaian@cdep.rooffice@tamaian.ro,,
368,Tănase Răzvan-Ionuţ,ND,PRAHOVA,31,2012,http://www.cdep.ro/pls/parlam/structura2015.mp?idm=368&cam=2&leg=2012&idl=2,Răzvan-Ionuţ TĂNASE,http://www.cdep.ro/parlamentari/l2012/TanaseRazvanIonut.jpg,1979-03-07,tanase.razvan@cdep.ro,,
369,Tănăsescu Claudiu-Andrei,ALDE,BUCUREŞTI,42,2012,http://www.cdep.ro/pls/parlam/structura2015.mp?idm=369&cam=2&leg=2012&idl=2,Claudiu-Andrei TĂNĂSESCU,http://www.cdep.ro/parlamentari/l2012/TanasescuClaudiuAndrei.jpg,1970-02-11,andrei.tanasescu@cdep.ro,,
370,Tătaru Florin-Cristian,PSD,MARAMUREŞ,26,2012,http://www.cdep.ro/pls/parlam/structura2015.mp?idm=370&cam=2&leg=2012&idl=2,Florin-Cristian TĂTARU,http://www.cdep.ro/parlamentari/l2012/Tataru_Florin-Cristian.jpg,1967-12-05,"",,
371,Teju Sorin,ALDE,PRAHOVA,31,2012,http://www.cdep.ro/pls/parlam/structura2015.mp?idm=371&cam=2&leg=2012&idl=2,Sorin TEJU,http://www.cdep.ro/parlamentari/l2012/TejuSorin.jpg,1965-04-04,sorinteju@cdep.ro,,
372,Teodorescu Cătălin-Florin,PNL,ARGEŞ,3,2012,http://www.cdep.ro/pls/parlam/structura2015.mp?idm=372&cam=2&leg=2012&idl=2,Cătălin-Florin TEODORESCU,http://www.cdep.ro/parlamentari/l2012/TeodorescuCatalinFlorin.jpg,1965-04-07,catalin.teodorescu@cdep.roteoc65@gmail.com,,
373,Teodorescu Ioan Viorel,PSD,GIURGIU,19,2012,http://www.cdep.ro/pls/parlam/structura2015.mp?idm=373&cam=2&leg=2012&idl=2,Ioan Viorel TEODORESCU,http://www.cdep.ro/parlamentari/l2012/TeodorescuIoanViorel.jpg,1958-04-08,ioan.teodorescu@cdep.roteodorescuioanviorel@gmail.com,,
374,Thuma Hubert Petru Ştefan,PNL,ILFOV,25,2012,http://www.cdep.ro/pls/parlam/structura2015.mp?idm=374&cam=2&leg=2012&idl=2,Hubert Petru Ştefan THUMA,http://www.cdep.ro/parlamentari/l2012/ThumaHubert.jpg,1973-11-02,hubert.thuma@cdep.rohubert.thuma@gmail.com,,
375,Tiuch Cătălin,PSD,TIMIŞ,37,2012,http://www.cdep.ro/pls/parlam/structura2015.mp?idm=375&cam=2&leg=2012&idl=2,Cătălin TIUCH,http://www.cdep.ro/parlamentari/l2012/TiuchCatalin.jpg,1978-11-01,catalin.tiuch@cdep.rocatalintiuch@gmail.com,,
376,Tîlvăr Angel,PSD,VRANCEA,41,2012,http://www.cdep.ro/pls/parlam/structura2015.mp?idm=376&cam=2&leg=2012&idl=2,Angel TÎLVĂR,http://www.cdep.ro/parlamentari/l2012/TilvarAngel.jpg,1962-02-11,angel.tilvar@cdep.ro,,
377,Toader Mircea-Nicu,PNL,GALAŢI,18,2012,http://www.cdep.ro/pls/parlam/structura2015.mp?idm=377&cam=2&leg=2012&idl=2,Mircea-Nicu TOADER,http://www.cdep.ro/parlamentari/l2012/ToaderMirceaNicu.jpg,1948-01-23,mircea.toader@cdep.ropersonal@mirceatoader.ro,,
378,Tocuţ Dan-Laurenţiu,ALDE,CARAŞ-SEVERIN,11,2012,http://www.cdep.ro/pls/parlam/structura2015.mp?idm=378&cam=2&leg=2012&idl=2,Dan-Laurenţiu TOCUŢ,http://www.cdep.ro/parlamentari/l2012/TocutDanLaurentiu.jpg,1959-10-01,dan.tocut@cdep.rotocut@xnet.rodantocut@yahoo.com,,
379,Tomac Eugen,non-attached,DIASPORA,43,2012,http://www.cdep.ro/pls/parlam/structura2015.mp?idm=379&cam=2&leg=2012&idl=2,Eugen TOMAC,http://www.cdep.ro/parlamentari/l2012/TomacEugen.jpg,1981-06-27,eugen.tomac@cdep.ro,,
380,Traicu Rodin,PSD,MEHEDINŢI,27,2012,http://www.cdep.ro/pls/parlam/structura2015.mp?idm=380&cam=2&leg=2012&idl=2,Rodin TRAICU,http://www.cdep.ro/parlamentari/l2012/TraicuRodin.jpg,1956-10-04,rodin.traicu@cdep.ro,,
381,Tudorache Daniel,PSD,BUCUREŞTI,42,2012,http://www.cdep.ro/pls/parlam/structura2015.mp?idm=381&cam=2&leg=2012&idl=2,Daniel TUDORACHE,http://www.cdep.ro/parlamentari/l2012/TudoracheDaniel.jpg,1964-02-27,"",,
382,Tudorie Violeta,PSD,BUCUREŞTI,42,2012,http://www.cdep.ro/pls/parlam/structura2015.mp?idm=382&cam=2&leg=2012&idl=2,Violeta TUDORIE,http://www.cdep.ro/parlamentari/l2012/TudorieVioleta.jpg,1970-12-25,"",,
383,Tudose Mihai,PSD,BRĂILA,9,2012,http://www.cdep.ro/pls/parlam/structura2015.mp?idm=383&cam=2&leg=2012&idl=2,Mihai TUDOSE,http://www.cdep.ro/parlamentari/l2012/TudoseMihai.jpg,1967-03-06,mihai.tudose@cdep.ro,,
384,Turcan Raluca,PNL,SIBIU,34,2012,http://www.cdep.ro/pls/parlam/structura2015.mp?idm=384&cam=2&leg=2012&idl=2,Raluca TURCAN,http://www.cdep.ro/parlamentari/l2012/TurcanRaluca.jpg,1976-04-02,raluca.turcan@cdep.ro,,
385,Tuşa Adriana Diana,PNL,BUCUREŞTI,42,2012,http://www.cdep.ro/pls/parlam/structura2015.mp?idm=385&cam=2&leg=2012&idl=2,Adriana Diana TUŞA,http://www.cdep.ro/parlamentari/l2012/TusaAdrianaDiana.jpg,1978-06-22,diana.tusa@cdep.rodeputat@dianatusa.ro,,
386,Ţigăeru Roşca Laurenţiu,PSD,VRANCEA,41,2012,http://www.cdep.ro/pls/parlam/structura2015.mp?idm=386&cam=2&leg=2012&idl=2,Laurenţiu ŢIGĂERU ROŞCA,http://www.cdep.ro/parlamentari/l2012/Tigaeru_Rosca_Laurentiu.jpg,1970-02-27,laurentiu.tigaeru@cdep.rolaurentiu@tigaeru.ro,,
387,Ţîmpău Radu Bogdan,PNL,HUNEDOARA,22,2012,http://www.cdep.ro/pls/parlam/structura2015.mp?idm=387&cam=2&leg=2012&idl=2,Radu Bogdan ŢÎMPĂU,http://www.cdep.ro/parlamentari/l2012/TimpauRaduBogdan.jpg,1977-07-28,radu.timpau@cdep.ro,,
388,Udrea Elena Gabriela,non-attached,NEAMŢ,29,2012,http://www.cdep.ro/pls/parlam/structura2015.mp?idm=388&cam=2&leg=2012&idl=2,Elena Gabriela UDREA,http://www.cdep.ro/parlamentari/l2012/Udrea-Elena-Gabriela.jpg,1973-12-26,elena.udrea@cdep.ro,,
389,Udrişte Gheorghe,PNL,BUCUREŞTI,42,2012,http://www.cdep.ro/pls/parlam/structura2015.mp?idm=389&cam=2&leg=2012&idl=2,Gheorghe UDRIŞTE,http://www.cdep.ro/parlamentari/l2012/UdristeGheorghe.jpg,1947-10-06,gheorghe.udriste@cdep.rogudriste@yahoo.com,,
390,Uioreanu Elena-Ramona,PNL,CLUJ,13,2012,http://www.cdep.ro/pls/parlam/structura2015.mp?idm=390&cam=2&leg=2012&idl=2,Elena-Ramona UIOREANU,http://www.cdep.ro/parlamentari/l2012/UiroreanuElenaRamon.jpg,1975-02-22,elena.uioreanu@cdep.ro,,
391,Urcan Ionaş-Florin,PNL,MUREŞ,28,2012,http://www.cdep.ro/pls/parlam/structura2015.mp?idm=391&cam=2&leg=2012&idl=2,Ionaş-Florin URCAN,http://www.cdep.ro/parlamentari/l2012/UrcanIonasFlorin.jpg,1974-12-19,urcanflorin@cdep.rourcanflorin@yahoo.com,,
392,Uricec Eugen Constantin,PSD,SUCEAVA,35,2012,http://www.cdep.ro/pls/parlam/structura2015.mp?idm=392&cam=2&leg=2012&idl=2,Eugen Constantin URICEC,http://www.cdep.ro/parlamentari/l2012/Uricec_Eugen_Constantin.jpg,1958-05-10,eugen.uricec@cdep.ro,,
393,Ursărescu Dorinel,ALDE,NEAMŢ,29,2012,http://www.cdep.ro/pls/parlam/structura2015.mp?idm=393&cam=2&leg=2012&idl=2,Dorinel URSĂRESCU,http://www.cdep.ro/parlamentari/l2012/UrsarescuDorinel.jpg,1962-01-29,dorinel.ursarescu@cdep.ro,,
394,Vainer Aurel,Minoritati,,"",2012,http://www.cdep.ro/pls/parlam/structura2015.mp?idm=394&cam=2&leg=2012&idl=2,Aurel VAINER,http://www.cdep.ro/parlamentari/l2012/Vainer_Aurel.jpg,1932-01-10,aurel.vainer@cdep.ro,,
395,Varga Lucia-Ana,PNL,BIHOR,5,2012,http://www.cdep.ro/pls/parlam/structura2015.mp?idm=395&cam=2&leg=2012&idl=2,Lucia-Ana VARGA,http://www.cdep.ro/parlamentari/l2012/VargaLuciaAna.jpg,1967-02-03,lucia.varga@cdep.ro,,
396,Varga Vasile,PNL,BRĂILA,9,2012,http://www.cdep.ro/pls/parlam/structura2015.mp?idm=396&cam=2&leg=2012&idl=2,Vasile VARGA,http://www.cdep.ro/parlamentari/l2012/VargaVasile.jpg,1955-01-03,vasile.varga@cdep.ro,,
398,Vasilică Radu Costin,PSD,ARGEŞ,3,2012,http://www.cdep.ro/pls/parlam/structura2015.mp?idm=398&cam=2&leg=2012&idl=2,Radu Costin VASILICĂ,http://www.cdep.ro/parlamentari/l2012/VasilicaRaduCostin.jpg,1976-06-02,radu.vasilica@cdep.ro,,
399,Vizitiu Sergiu-Constantin,PSD,VASLUI,39,2012,http://www.cdep.ro/pls/parlam/structura2015.mp?idm=399&cam=2&leg=2012&idl=2,Sergiu-Constantin VIZITIU,http://www.cdep.ro/parlamentari/l2012/VizitiuSergiu.jpg,1977-06-03,sergiu.vizitiu@cdep.roconsergiu@gmail.com,,
400,Vladu Iulian,PNL,DÂMBOVIŢA,16,2012,http://www.cdep.ro/pls/parlam/structura2015.mp?idm=400&cam=2&leg=2012&idl=2,Iulian VLADU,http://www.cdep.ro/parlamentari/l2012/Vladu_Iulian.jpg,1961-04-01,iulian.vladu@cdep.rocabinetparlamentar_vi@yahoo.com,,
401,Vlase Petru Gabriel,PSD,BACĂU,4,2012,http://www.cdep.ro/pls/parlam/structura2015.mp?idm=401&cam=2&leg=2012&idl=2,Petru Gabriel VLASEvice-chairman of the Chamber of Deputies,http://www.cdep.ro/parlamentari/l2012/Vlase_Petru_Gabriel.jpg,1971-04-03,gabriel.vlase@cdep.ro,,
403,Voicu Mădălin-Ştefan,PSD,CONSTANŢA,14,2012,http://www.cdep.ro/pls/parlam/structura2015.mp?idm=403&cam=2&leg=2012&idl=2,Mădălin-Ştefan VOICU,http://www.cdep.ro/parlamentari/l2012/Voicu_Madalin.jpg,1952-07-10,madalin.voicu@cdep.ro,,
404,Voicu Mihai Alexandru,PNL,DOLJ,17,2012,http://www.cdep.ro/pls/parlam/structura2015.mp?idm=404&cam=2&leg=2012&idl=2,Mihai Alexandru VOICU,http://www.cdep.ro/parlamentari/l2012/Voicu_Mihai_Alexandru.jpg,1968-09-16,mihai.voicu@cdep.ro,,
405,Vreme Valerian,PSD,BACĂU,4,2012,http://www.cdep.ro/pls/parlam/structura2015.mp?idm=405&cam=2&leg=2012&idl=2,Valerian VREME,http://www.cdep.ro/parlamentari/l2012/Vreme_Valerian.jpg,1963-07-13,valerian.vreme@cdep.ro,,
406,Vulpescu Ioan,PSD,BUCUREŞTI,42,2012,http://www.cdep.ro/pls/parlam/structura2015.mp?idm=406&cam=2&leg=2012&idl=2,Ioan VULPESCU,http://www.cdep.ro/parlamentari/l2012/VulpescuIoan.jpg,1976-06-17,"",,
407,Weber Mihai,PSD,GORJ,20,2012,http://www.cdep.ro/pls/parlam/structura2015.mp?idm=407&cam=2&leg=2012&idl=2,Mihai WEBER,http://www.cdep.ro/parlamentari/l2012/Weber_Mihai.jpg,1964-11-18,mihaiweber@gmail.com,,
408,Zaharcu Neviser,PSD,TULCEA,38,2012,http://www.cdep.ro/pls/parlam/structura2015.mp?idm=408&cam=2&leg=2012&idl=2,Neviser ZAHARCU,http://www.cdep.ro/parlamentari/l2012/Zaharcu_Neviser.jpg,1952-01-21,neviserzaharcu@yahoo.com,,
409,Zamfir Daniel-Cătălin,PNL,BRAŞOV,8,2012,http://www.cdep.ro/pls/parlam/structura2015.mp?idm=409&cam=2&leg=2012&idl=2,Daniel-Cătălin ZAMFIR,http://www.cdep.ro/parlamentari/l2012/Zamfir_Daniel_Catalin.jpg,1967-03-10,danielzamfir@cdep.ro,,
410,Zgonea Valeriu Ştefan,PSD,DOLJ,17,2012,http://www.cdep.ro/pls/parlam/structura2015.mp?idm=410&cam=2&leg=2012&idl=2,Valeriu Ştefan ZGONEAPresident of the Chamber of Deputies,http://www.cdep.ro/parlamentari/l2012/Zgonea_Valeriu.jpg,1967-09-03,zgonea@cdep.rocabinet.presedinte@cdep.ro,,
411,Zisopol Dragoş Gabriel,Minoritati,,"",2012,http://www.cdep.ro/pls/parlam/structura2015.mp?idm=411&cam=2&leg=2012&idl=2,Dragoş Gabriel ZISOPOL,http://www.cdep.ro/parlamentari/l2012/Zisopol_Dragos_Gabriel.jpg,1967-11-12,gabriel.zisopol@cdep.ro,,
412,Zlati Radu,PNL,CLUJ,13,2012,http://www.cdep.ro/pls/parlam/structura2015.mp?idm=412&cam=2&leg=2012&idl=2,Radu ZLATI,http://www.cdep.ro/parlamentari/l2012/Zlati_Radu.jpg,1960-05-28,radu.zlati@cdep.roraduzlati.deputat@gmail.com,,
322,Ruşanu Dan Radu,PNL,HUNEDOARA,22,2012,http://www.cdep.ro/pls/parlam/structura2015.mp?idm=322&cam=2&leg=2012&idl=2,Dan Radu RUŞANU,http://www.cdep.ro/parlamentari/l2012/Rusanu_Dan_Radu.jpg,1950-05-25,"",,2013-04-29
27,Becali George,PNL,BUCUREŞTI,42,2012,http://www.cdep.ro/pls/parlam/structura2015.mp?idm=27&cam=2&leg=2012&idl=2,George BECALI,http://www.cdep.ro/parlamentari/l2012/Becali_George.jpg,1958-06-25,"",,2013-05-20
245,Nechita Aurel,PSD,GALAŢI,18,2012,http://www.cdep.ro/pls/parlam/structura2015.mp?idm=245&cam=2&leg=2012&idl=2,Aurel NECHITA,http://www.cdep.ro/parlamentari/l2012/Nechita_Aurel.jpg,1951-04-14,"",,2013-06-04
165,Hellvig Eduard Raul,PNL,ILFOV,25,2012,http://www.cdep.ro/pls/parlam/structura2015.mp?idm=165&cam=2&leg=2012&idl=2,Eduard Raul HELLVIG,http://www.cdep.ro/parlamentari/l2012/Hellvig_Eduard_Raul.jpg,1974-10-27,"",,2013-09-03
333,Silaghi Ovidiu Ioan,PNL,SATU-MARE,32,2012,http://www.cdep.ro/pls/parlam/structura2015.mp?idm=333&cam=2&leg=2012&idl=2,Ovidiu Ioan SILAGHI,http://www.cdep.ro/parlamentari/l2012/Silaghi_Ovidiu_Ioan.jpg,1962-12-12,"",,2013-09-03
348,Stoica Ştefan-Bucur,PDL,DOLJ,17,2012,http://www.cdep.ro/pls/parlam/structura2015.mp?idm=348&cam=2&leg=2012&idl=2,Ştefan-Bucur STOICA,http://www.cdep.ro/parlamentari/l2012/Stoica_Stefan_Bucur.jpg,1977-07-29,"",,2013-10-15
397,Vasilescu Nicolae,PSD,DOLJ,17,2012,http://www.cdep.ro/pls/parlam/structura2015.mp?idm=397&cam=2&leg=2012&idl=2,Nicolae VASILESCU,http://www.cdep.ro/parlamentari/l2012/Nicolae_Vasilescu.jpg,1967-08-15,"",,2013-12-10
131,Fenechiu Relu,PNL,IAŞI,24,2012,http://www.cdep.ro/pls/parlam/structura2015.mp?idm=131&cam=2&leg=2012&idl=2,Relu FENECHIU,http://www.cdep.ro/parlamentari/l2012/Fenechiu_Relu.jpg,1965-07-03,"",,2014-01-30
156,Grosaru Mircea,Minoritati,,"",2012,http://www.cdep.ro/pls/parlam/structura2015.mp?idm=156&cam=2&leg=2012&idl=2,Mircea GROSARU,http://www.cdep.ro/parlamentari/l2012/Grosaru_Mircea.jpg,"","",,2014-02-03
249,Neţoiu Gheorghe,PSD,DOLJ,17,2012,http://www.cdep.ro/pls/parlam/structura2015.mp?idm=249&cam=2&leg=2012&idl=2,Gheorghe NEŢOIU,http://www.cdep.ro/parlamentari/l2012/Netoiu_Gheorghe.jpg,1959-08-01,"",,2014-03-04
34,Bleotu Vasile,PSD,VÂLCEA,40,2012,http://www.cdep.ro/pls/parlam/structura2015.mp?idm=34&cam=2&leg=2012&idl=2,Vasile BLEOTU,http://www.cdep.ro/parlamentari/l2012/Bleotu_Vasile.jpg,1954-04-02,"",,2014-03-11
153,Grapini Maria,ALDE,TIMIŞ,37,2012,http://www.cdep.ro/pls/parlam/structura2015.mp?idm=153&cam=2&leg=2012&idl=2,Maria GRAPINI,http://www.cdep.ro/parlamentari/l2012/Grapini_Maria.jpg,1954-11-07,"",,2014-03-25
77,Coman Gheorghe,ALDE,BUZĂU,10,2012,http://www.cdep.ro/pls/parlam/structura2015.mp?idm=77&cam=2&leg=2012&idl=2,Gheorghe COMAN,http://www.cdep.ro/parlamentari/l2012/Coman_Gheorghe.jpg,1969-05-05,"",,2014-04-28
149,Giurescu Dinu,ALDE,BUCUREŞTI,42,2012,http://www.cdep.ro/pls/parlam/structura2015.mp?idm=149&cam=2&leg=2012&idl=2,Dinu GIURESCU,http://www.cdep.ro/parlamentari/l2012/Giurescu_Dinu.jpg,1927-02-15,"",,2014-05-12
285,Petrache Adrian-Alin,PSD,BUCUREŞTI,42,2012,http://www.cdep.ro/pls/parlam/structura2015.mp?idm=285&cam=2&leg=2012&idl=2,Adrian-Alin PETRACHE,http://www.cdep.ro/parlamentari/l2012/Petrache_Adrian_Alin.jpg,1976-10-29,"",,2014-06-11
250,Nica Dan,PSD,GALAŢI,18,2012,http://www.cdep.ro/pls/parlam/structura2015.mp?idm=250&cam=2&leg=2012&idl=2,Dan NICA,http://www.cdep.ro/parlamentari/l2012/Nica_Dan.jpg,1960-07-02,"",,2014-06-23
168,Hrebenciuc Viorel,PSD,BACĂU,4,2012,http://www.cdep.ro/pls/parlam/structura2015.mp?idm=168&cam=2&leg=2012&idl=2,Viorel HREBENCIUC,http://www.cdep.ro/parlamentari/l2012/Hrebenciuc_Viorel.jpg,1953-08-07,"",,2014-10-21
329,Scutaru Adrian George,PNL,BUZĂU,10,2012,http://www.cdep.ro/pls/parlam/structura2015.mp?idm=329&cam=2&leg=2012&idl=2,Adrian George SCUTARU,http://www.cdep.ro/parlamentari/l2012/ScutaruAdrianGeorge.jpg,1973-10-24,"",,2014-12-19
1,Adam Ioan,PSD,BRAŞOV,8,2012,http://www.cdep.ro/pls/parlam/structura2015.mp?idm=1&cam=2&leg=2012&idl=2,Ioan ADAM,http://www.cdep.ro/parlamentari/l2012/Adam_Ioan.jpg,1952-12-01,"",,2015-01-19
225,Mitrea Miron Tudor,PSD,VRANCEA,41,2012,http://www.cdep.ro/pls/parlam/structura2015.mp?idm=225&cam=2&leg=2012&idl=2,Miron Tudor MITREA,http://www.cdep.ro/parlamentari/l2012/Mitrea_Miron.jpg,1956-08-08,"",,2015-02-02
316,Roman Petre,PNL,BRAŞOV,8,2012,http://www.cdep.ro/pls/parlam/structura2015.mp?idm=316&cam=2&leg=2012&idl=2,Petre ROMAN,http://www.cdep.ro/img/judete/judet08.jpg,1946-07-22,"",,2015-02-09
203,Marcu Nicu,ALDE,BACĂU,4,2012,http://www.cdep.ro/pls/parlam/structura2015.mp?idm=203&cam=2&leg=2012&idl=2,Nicu MARCU,http://www.cdep.ro/parlamentari/l2012/Marcu_Nicu.jpg,1968-11-21,"",,2015-02-10
170,Iacob Ridzi Monica Maria,PSD,HUNEDOARA,22,2012,http://www.cdep.ro/pls/parlam/structura2015.mp?idm=170&cam=2&leg=2012&idl=2,Monica Maria IACOB RIDZI,http://www.cdep.ro/parlamentari/l2012/Iacob_Ridzi_Monica.jpg,1977-06-30,"",,2015-02-16
262,Niculescu-Mizil Ştefănescu Oana,PSD,BUCUREŞTI,42,2012,http://www.cdep.ro/pls/parlam/structura2015.mp?idm=262&cam=2&leg=2012&idl=2,Oana NICULESCU-MIZIL ŞTEFĂNESCU,http://www.cdep.ro/parlamentari/l2012/Niculescu_Oana.jpg,1975-08-11,"",,2015-03-12
90,Culeţu Dănuţ,PNL,CONSTANŢA,14,2012,http://www.cdep.ro/pls/parlam/structura2015.mp?idm=90&cam=2&leg=2012&idl=2,Dănuţ CULEŢU,http://www.cdep.ro/parlamentari/l2012/Culetu_Danut.jpg,1955-09-16,"",,2015-04-01
101,Diniţă Ion,ALDE,BRAŞOV,8,2012,http://www.cdep.ro/pls/parlam/structura2015.mp?idm=101&cam=2&leg=2012&idl=2,Ion DINIŢĂ,http://www.cdep.ro/parlamentari/l2012/Dinita_Ion.jpg,1962-03-16,"",,2015-04-01
207,Markó Attila-Gabor,UDMR,COVASNA,15,2012,http://www.cdep.ro/pls/parlam/structura2015.mp?idm=207&cam=2&leg=2012&idl=2,MARKÓ Attila-Gabor,http://www.cdep.ro/parlamentari/l2012/Marko_Attila_Gabor.jpg,1968-09-27,"",,2015-04-01
228,Mocanu Vasile,PSD,IAŞI,24,2012,http://www.cdep.ro/pls/parlam/structura2015.mp?idm=228&cam=2&leg=2012&idl=2,Vasile MOCANU,http://www.cdep.ro/parlamentari/l2012/Mocanu_Vasile.jpg,1946-09-27,"",,2015-04-20
345,Stănişoară Mihai,ALDE,MEHEDINŢI,27,2012,http://www.cdep.ro/pls/parlam/structura2015.mp?idm=345&cam=2&leg=2012&idl=2,Mihai STĂNIŞOARĂ,http://www.cdep.ro/parlamentari/l2012/StanisoaraMihai.jpg,1962-06-11,"",,2015-04-29
257,Nicolescu Theodor-Cătălin,PNL,ARGEŞ,3,2012,http://www.cdep.ro/pls/parlam/structura2015.mp?idm=257&cam=2&leg=2012&idl=2,Theodor-Cătălin NICOLESCU,http://www.cdep.ro/parlamentari/l2012/Nicolescu_Theodor_Catalin.jpg,1975-02-03,"",,2015-05-12
43,Bot Octavian,ALDE,BUCUREŞTI,42,2012,http://www.cdep.ro/pls/parlam/structura2015.mp?idm=43&cam=2&leg=2012&idl=2,Octavian BOT,http://www.cdep.ro/parlamentari/l2012/Bot_Octavian.jpg,"","",,2015-07-18
402,Vlădoiu Aurel,PSD,VÂLCEA,40,2012,http://www.cdep.ro/pls/parlam/structura2015.mp?idm=402&cam=2&leg=2012&idl=2,Aurel VLĂDOIU,http://www.cdep.ro/parlamentari/l2012/Vladoiu_Aurel.jpg,"","",,2015-07-27
66,Ciobanu Gheorghe,PSD,TIMIŞ,37,2012,http://www.cdep.ro/pls/parlam/structura2015.mp?idm=66&cam=2&leg=2012&idl=2,Gheorghe CIOBANU,http://www.cdep.ro/parlamentari/l2012/Ciobanu_Gheorghe.jpg,"","",,2015-07-28
270,Ochi Ion,PSD,BRAŞOV,8,2012,http://www.cdep.ro/pls/parlam/structura2015.mp?idm=270&cam=2&leg=2012&idl=2,Ion OCHI,http://www.cdep.ro/parlamentari/l2012/Ochi_Ion.jpg,1964-03-02,"",,2015-09-01
