id,name,sort_name,email,twitter,facebook,group,group_id,area_id,area,chamber,term,start_date,end_date,image,gender
c153ec2d-cc60-4ec5-bf31-dc227e6ee1a0,Adam Vaughan,Adam Vaughan,Adam.Vaughan@parl.gc.ca,TOAdamVaughan,,Liberal,liberal,area/ontario_(trinity—spadina),Ontario (Trinity—Spadina),House of Commons,41,,2014-06-30,http://www.parl.gc.ca/Parliamentarians/Images/OfficialMPPhotos/41/VaughanAdam_Lib.jpg,male
92b394f5-29b2-4b3e-ad98-9e597e5d790c,Alain Giguère,Alain Giguère,Alain.Giguere@parl.gc.ca,,,NDP,ndp,area/quebec_(marc-aurèle-fortin),Quebec (Marc-Aurèle-Fortin),House of Commons,41,,,http://www.parl.gc.ca/Parliamentarians/Images/OfficialMPPhotos/41/GiguèreAlain_NDP.jpg,male
637f2ce6-7de2-47be-99ad-836f6cf427b5,Alex Atamanenko,Alex Atamanenko,alex.atamanenko@parl.gc.ca,,,NDP,ndp,area/british_columbia_(british_columbia_southern_interior),British Columbia (British Columbia Southern Interior),House of Commons,41,,,http://www.parl.gc.ca/Parliamentarians/Images/OfficialMPPhotos/41/AtamanenkoAlex_NDP.jpg,male
b400cf06-ec08-4078-881c-031894a209d0,Alexandre Boulerice,Alexandre Boulerice,Alexandre.Boulerice@parl.gc.ca,alexboulerice,,NDP,ndp,area/quebec_(rosemont—la_petite-patrie),Quebec (Rosemont—La Petite-Patrie),House of Commons,41,,,http://www.parl.gc.ca/Parliamentarians/Images/OfficialMPPhotos/41/BoulericeAlexandre_NPD.jpg,male
ea14ac4e-ba95-4264-b12e-55aea743f1cd,Alexandrine Latendresse,Alexandrine Latendresse,Alexandrine.Latendresse@parl.gc.ca,,,NDP,ndp,area/quebec_(louis-saint-laurent),Quebec (Louis-Saint-Laurent),House of Commons,41,,,http://www.parl.gc.ca/Parliamentarians/Images/OfficialMPPhotos/41/LatendresseAlexandrine_NDP.jpg,female
584f18c5-a872-431e-8075-dc2dcb7f9878,Alice Wong,Alice Wong,alice.wong@parl.gc.ca,,,Conservative,conservative,area/british_columbia_(richmond),British Columbia (Richmond),House of Commons,41,,,http://www.parl.gc.ca/Parliamentarians/Images/OfficialMPPhotos/41/WongAlice_CPC.jpg,female
1717cac5-21d4-48ed-b39e-382dd51aac07,Andrew Cash,Andrew Cash,Andrew.Cash@parl.gc.ca,,,NDP,ndp,area/ontario_(davenport),Ontario (Davenport),House of Commons,41,,,http://www.parl.gc.ca/Parliamentarians/Images/OfficialMPPhotos/41/CashAndrew_NDP.jpg,male
8b152971-c660-4c46-b378-e6428d75af4b,Andrew Saxton,Andrew Saxton,andrew.saxton@parl.gc.ca,,,Conservative,conservative,area/british_columbia_(north_vancouver),British Columbia (North Vancouver),House of Commons,41,,,http://www.parl.gc.ca/Parliamentarians/Images/OfficialMPPhotos/41/SaxtonAndrew_CPC.jpg,male
bb87cc6d-ce62-4413-9cd1-1b8705610d99,Andrew Scheer,Andrew Scheer,andrew.scheer@parl.gc.ca,,,Conservative,conservative,area/saskatchewan_(regina—qu'appelle),Saskatchewan (Regina—Qu'Appelle),House of Commons,41,,,http://www.parl.gc.ca/Parliamentarians/Images/OfficialMPPhotos/41/ScheerAndrew_CPC.jpg,male
b7007740-2b4a-427a-80aa-b34de92ed1b4,André Bellavance,André Bellavance,andre.bellavance@parl.gc.ca,,,Bloc Québécois,bloc_québécois,area/quebec_(richmond—arthabaska),Quebec (Richmond—Arthabaska),House of Commons,41,,,http://www.parl.gc.ca/Parliamentarians/Images/OfficialMPPhotos/41/BellavanceAndré_BQ.jpg,male
941068a7-ec98-40e6-ac7b-71ad2445572f,Anne Minh-Thu Quach,Anne Minh-Thu Quach,AnneMinh-Thu.Quach@parl.gc.ca,AnneMTQuach,,NDP,ndp,area/quebec_(beauharnois—salaberry),Quebec (Beauharnois—Salaberry),House of Commons,41,,,http://www.parl.gc.ca/Parliamentarians/Images/OfficialMPPhotos/41/QuachAnneMinhThu_NDP.jpg,female
38061da2-bce4-4acb-927e-c818ffc8edee,Anne-Marie Day,Anne-Marie Day,Anne-Marie.Day@parl.gc.ca,,,NDP,ndp,area/quebec_(charlesbourg—haute-saint-charles),Quebec (Charlesbourg—Haute-Saint-Charles),House of Commons,41,,,http://www.parl.gc.ca/Parliamentarians/Images/OfficialMPPhotos/41/DayAnneMarie_NDP.jpg,female
5f2ba3da-5180-4bb1-8e7f-ce97f647670b,Annick Papillon,Annick Papillon,Annick.Papillon@parl.gc.ca,,,NDP,ndp,area/quebec_(québec),Quebec (Québec),House of Commons,41,,,http://www.parl.gc.ca/Parliamentarians/Images/OfficialMPPhotos/41/PapillonAnnick_NDP.jpg,female
0f9664bf-5f2f-441a-a527-cc183deb6c21,Arnold Chan,Arnold Chan,Arnold.Chan@parl.gc.ca,ArnoldChanLib,,Liberal,liberal,area/ontario_(scarborough—agincourt),Ontario (Scarborough—Agincourt),House of Commons,41,,2014-06-30,http://www.parl.gc.ca/Parliamentarians/Images/OfficialMPPhotos/41/ChanArnold_Lib.jpg,male
1db7d58f-a05c-41b4-baca-da659ed50487,Bal Gosal,Bal Gosal,Bal.Gosal@parl.gc.ca,,,Conservative,conservative,area/ontario_(bramalea—gore—malton),Ontario (Bramalea—Gore—Malton),House of Commons,41,,,http://www.parl.gc.ca/Parliamentarians/Images/OfficialMPPhotos/41/GosalBal_CPC.jpg,male
59755c39-2954-4708-b206-0dc8b3dbb6d8,Barry Devolin,Barry Devolin,barry.devolin@parl.gc.ca,,,Conservative,conservative,area/ontario_(haliburton—kawartha_lakes—brock),Ontario (Haliburton—Kawartha Lakes—Brock),House of Commons,41,,,http://www.parl.gc.ca/Parliamentarians/Images/OfficialMPPhotos/41/DevolinBarry_CPC.jpg,male
578d055f-cdf9-482d-8b31-fb4fc95e6018,Ben Lobb,Ben Lobb,ben.lobb@parl.gc.ca,voteBenLobb,,Conservative,conservative,area/ontario_(huron—bruce),Ontario (Huron—Bruce),House of Commons,41,,,http://www.parl.gc.ca/Parliamentarians/Images/OfficialMPPhotos/41/LobbBen_CPC.jpg,male
2ca870e4-b315-482a-b184-2bda3706f6e7,Bernard Trottier,Bernard Trottier,Bernard.Trottier@parl.gc.ca,btrottier,,Conservative,conservative,area/ontario_(etobicoke—lakeshore),Ontario (Etobicoke—Lakeshore),House of Commons,41,,,http://www.parl.gc.ca/Parliamentarians/Images/OfficialMPPhotos/41/TrottierBernard_CPC.jpg,male
aea032f1-3c96-4e2e-b693-6963fc676fec,Bernard Valcourt,Bernard Valcourt,Bernard.Valcourt@parl.gc.ca,,,Conservative,conservative,area/new_brunswick_(madawaska—restigouche),New Brunswick (Madawaska—Restigouche),House of Commons,41,,,http://www.parl.gc.ca/Parliamentarians/Images/OfficialMPPhotos/41/ValcourtBernard_CPC.jpg,male
580bfb6f-9c10-4708-8ff8-b1d1417cb46d,Bev Oda,Bev Oda,,,,Conservative,conservative,area/ontario_(durham),Ontario (Durham),House of Commons,41,2012-07-31,,https://upload.wikimedia.org/wikipedia/commons/4/4b/Bev_Oda_UNDP_2010.jpg,female
9daf909d-56d2-4047-85b3-5280d03e7b0d,Bev Shipley,Bev Shipley,bev.shipley@parl.gc.ca,BevShipleyMP,,Conservative,conservative,area/ontario_(lambton—kent—middlesex),Ontario (Lambton—Kent—Middlesex),House of Commons,41,,,http://www.parl.gc.ca/Parliamentarians/Images/OfficialMPPhotos/41/ShipleyBev_CPC.jpg,male
1a4d4673-eea9-497e-9055-4f31c94eac37,Blaine Calkins,Blaine Calkins,blaine.calkins@parl.gc.ca,blainecalkinsmp,,Conservative,conservative,area/alberta_(wetaskiwin),Alberta (Wetaskiwin),House of Commons,41,,,http://www.parl.gc.ca/Parliamentarians/Images/OfficialMPPhotos/41/CalkinsBlaine_CPC.jpg,male
1bba5e47-69cc-4688-ac8c-d1d54202d90a,Blake Richards,Blake Richards,blake.richards@parl.gc.ca,BlakeRichardsMP,,Conservative,conservative,area/alberta_(wild_rose),Alberta (Wild Rose),House of Commons,41,,,http://www.parl.gc.ca/Parliamentarians/Images/OfficialMPPhotos/41/RichardsBlake_CPC.jpg,male
9609844d-c170-4447-b726-1ddc89f6b335,Bob Dechert,Bob Dechert,bob.dechert@parl.gc.ca,,,Conservative,conservative,area/ontario_(mississauga—erindale),Ontario (Mississauga—Erindale),House of Commons,41,,,http://www.parl.gc.ca/Parliamentarians/Images/OfficialMPPhotos/41/DechertBob_CPC.jpg,male
0c5251d6-e60b-4126-9ecc-62f7c50a23fe,Bob Raeh,Bob Raeh,,bobraeMP,,Liberal,liberal,area/ontario_(toronto_centre),Ontario (Toronto Centre),House of Commons,41,2013-07-31,,https://upload.wikimedia.org/wikipedia/commons/6/6f/Bob_Rae.jpg,male
8887d1b3-d7c6-4521-bcf0-9803e166d90d,Bob Zimmer,Bob Zimmer,Bob.Zimmer@parl.gc.ca,bobzimmermp,,Conservative,conservative,area/british_columbia_(prince_george—peace_river),British Columbia (Prince George—Peace River),House of Commons,41,,,http://www.parl.gc.ca/Parliamentarians/Images/OfficialMPPhotos/41/ZimmerBob_CPC.jpg,male
1d765d7b-6de5-4021-b2a4-07b0a8efbee5,Brad Butt,Brad Butt,Brad.Butt@parl.gc.ca,,,Conservative,conservative,area/ontario_(mississauga—streetsville),Ontario (Mississauga—Streetsville),House of Commons,41,,,http://www.parl.gc.ca/Parliamentarians/Images/OfficialMPPhotos/41/ButtBrad_CPC.jpg,male
7e4fb40a-203f-4542-a3c2-3519f1c57c8b,Bradley Trost,Bradley Trost,,,,Conservative,conservative,area/saskatchewan_(saskatoon—humboldt),Saskatchewan (Saskatoon—Humboldt),House of Commons,41,,,,male
09a66bcf-886d-4ba1-a121-2224db68d1d8,Brent Rathgeber,Brent Rathgeber,brent.rathgeber@parl.gc.ca,,,Conservative,conservative,area/alberta_(edmonton—st._albert),Alberta (Edmonton—St. Albert),House of Commons,41,,,http://www.parl.gc.ca/Parliamentarians/Images/OfficialMPPhotos/41/RathgeberBrent_CPC.jpg,male
bb78a184-7b88-4ee2-9368-daeac1a15b0f,Brian Jean,Brian Jean,,,,Conservative,conservative,area/alberta_(fort_mcmurray—athabasca),Alberta (Fort McMurray—Athabasca),House of Commons,41,2014-01-17,,https://upload.wikimedia.org/wikipedia/commons/0/03/Brian_Jean_April_28_2015.jpg,male
4f4cd4bb-ea18-49dd-acb4-35dae1cc69fd,Brian Masse,Brian Masse,brian.masse@parl.gc.ca,BrianMasseMP,,NDP,ndp,area/ontario_(windsor_west),Ontario (Windsor West),House of Commons,41,,,http://www.parl.gc.ca/Parliamentarians/Images/OfficialMPPhotos/41/MasseBrian_NDP.jpg,male
e8d5609a-a459-4e00-b076-b6e7a374ad84,Brian Storseth,Brian Storseth,brian.storseth@parl.gc.ca,,,Conservative,conservative,area/alberta_(westlock—st._paul),Alberta (Westlock—St. Paul),House of Commons,41,,,http://www.parl.gc.ca/Parliamentarians/Images/OfficialMPPhotos/41/StorsethBrian_CPC.jpg,male
69292acd-8be9-4a61-b4a6-584f6ed7fc5f,Bruce Hyer,Bruce Hyer,bruce.hyer@parl.gc.ca,brucehyer,,NDP,ndp,area/ontario_(thunder_bay—superior_north),Ontario (Thunder Bay—Superior North),House of Commons,41,,,http://www.parl.gc.ca/Parliamentarians/Images/OfficialMPPhotos/41/HyerBruce_NDP.jpg,male
2882294b-fabe-4310-807e-359a58ab847e,Bruce Stanton,Bruce Stanton,bruce.stanton@parl.gc.ca,bruce_stanton,,Conservative,conservative,area/ontario_(simcoe_north),Ontario (Simcoe North),House of Commons,41,,,http://www.parl.gc.ca/Parliamentarians/Images/OfficialMPPhotos/41/StantonRonaldBruce_CPC.jpg,male
b21eeba7-d27f-455d-8b9a-d0d1b61b338a,Bryan Hayes,Bryan Hayes,Bryan.Hayes@parl.gc.ca,,,Conservative,conservative,area/ontario_(sault_ste._marie),Ontario (Sault Ste. Marie),House of Commons,41,,,http://www.parl.gc.ca/Parliamentarians/Images/OfficialMPPhotos/41/HayesBryan_CPC.jpg,male
6758991f-559f-4956-aa1a-45e54e1d6683,Candice Bergen,Candice Bergen,candice.bergen@parl.gc.ca,CandiceBergenMP,,Conservative,conservative,area/manitoba_(portage—lisgar),Manitoba (Portage—Lisgar),House of Commons,41,,,http://www.parl.gc.ca/Parliamentarians/Images/OfficialMPPhotos/41/HoeppnerCandice_CPC.jpg,female
48c57b21-9167-43a9-a07b-55126c1b1957,Carol Hughes,Carol Hughes,carol.hughes@parl.gc.ca,CarolHughesMP,,NDP,ndp,area/ontario_(algoma—manitoulin—kapuskasing),Ontario (Algoma—Manitoulin—Kapuskasing),House of Commons,41,,,http://www.parl.gc.ca/Parliamentarians/Images/OfficialMPPhotos/41/HughesCarol_NDP.jpg,female
57d773f2-4ea0-40e0-970b-32d05de0c2fe,Carolyn Bennett,Carolyn Bennett,carolyn.bennett@parl.gc.ca,Carolyn_Bennett,,Liberal,liberal,area/ontario_(st._paul's),Ontario (St. Paul's),House of Commons,41,,,http://www.parl.gc.ca/Parliamentarians/Images/OfficialMPPhotos/41/BennettCarolyn_Lib.jpg,female
20a11df1-6a12-4ead-8c35-8b0add7eaf9d,Cathy McLeod,Cathy McLeod,cathy.mcleod@parl.gc.ca,Cathy_McLeod,,Conservative,conservative,area/british_columbia_(kamloops—thompson—cariboo),British Columbia (Kamloops—Thompson—Cariboo),House of Commons,41,,,http://www.parl.gc.ca/Parliamentarians/Images/OfficialMPPhotos/41/McLeodCathy_CPC.jpg,female
59b0a67d-f042-453e-a2b0-a034008a1e22,Charlie Angus,Charlie Angus,charlie.angus@parl.gc.ca,CharlieAngusNDP,,NDP,ndp,area/ontario_(timmins—james_bay),Ontario (Timmins—James Bay),House of Commons,41,,,http://www.parl.gc.ca/Parliamentarians/Images/OfficialMPPhotos/41/AngusCharlie_NDP.jpg,male
1a03ce44-f95d-4e44-a8ab-c1762febb55c,Charmaine Borg,Charmaine Borg,Charmaine.Borg@parl.gc.ca,cborgNPD,,NDP,ndp,area/quebec_(terrebonne—blainville),Quebec (Terrebonne—Blainville),House of Commons,41,,,http://www.parl.gc.ca/Parliamentarians/Images/OfficialMPPhotos/41/BorgCharmaine_NDP.jpg,female
90895536-54a4-4605-8797-b879726620c2,Cheryl Gallant,Cheryl Gallant,cheryl.gallant@parl.gc.ca,cherylgallant,,Conservative,conservative,area/ontario_(renfrew—nipissing—pembroke),Ontario (Renfrew—Nipissing—Pembroke),House of Commons,41,,,http://www.parl.gc.ca/Parliamentarians/Images/OfficialMPPhotos/41/GallantCheryl_CPC.jpg,female
3799eb24-5903-4517-9541-4bc0dded3602,Chris Alexander,Chris Alexander,Chris.Alexander@parl.gc.ca,,,Conservative,conservative,area/ontario_(ajax—pickering),Ontario (Ajax—Pickering),House of Commons,41,,,http://www.parl.gc.ca/Parliamentarians/Images/OfficialMPPhotos/41/AlexanderChris_CPC.jpg,male
d3889951-f3b1-42cc-a626-df9c620ef24c,Chris Charlton,Chris Charlton,chris.charlton@parl.gc.ca,,,NDP,ndp,area/ontario_(hamilton_mountain),Ontario (Hamilton Mountain),House of Commons,41,,,http://www.parl.gc.ca/Parliamentarians/Images/OfficialMPPhotos/41/CharltonChris_NDP.jpg,female
aa1e92c9-8486-4351-bb69-a1888bcfff7d,Chris Warkentin,Chris Warkentin,chris.warkentin@parl.gc.ca,chriswarkentin,,Conservative,conservative,area/alberta_(peace_river),Alberta (Peace River),House of Commons,41,,,http://www.parl.gc.ca/Parliamentarians/Images/OfficialMPPhotos/41/WarkentinChris_CPC.jpg,male
cf16cb91-d81b-4e91-8374-c89f81a67065,Christian Paradis,Christian Paradis,christian.paradis@parl.gc.ca,,,Conservative,conservative,area/quebec_(mégantic—l'Érable),Quebec (Mégantic—L'Érable),House of Commons,41,,,http://www.parl.gc.ca/Parliamentarians/Images/OfficialMPPhotos/41/ParadisChristian_CPC.jpg,male
9b57c8aa-e814-4759-9e75-2f67de1e3265,Christine Moore,Christine Moore,Christine.Moore@parl.gc.ca,MooreNpd,,NDP,ndp,area/quebec_(abitibi—témiscamingue),Quebec (Abitibi—Témiscamingue),House of Commons,41,,,http://www.parl.gc.ca/Parliamentarians/Images/OfficialMPPhotos/41/MooreChristine_NDP.jpg,female
76dd4a30-b876-4b7d-a87a-278ba6c6c28d,Chrystia Freeland,Chrystia Freeland,Chrystia.Freeland@parl.gc.ca,cafreeland,,Liberal,liberal,area/ontario_(toronto_centre),Ontario (Toronto Centre),House of Commons,41,,2013-11-25,https://upload.wikimedia.org/wikipedia/commons/e/e7/Chrystia_Freeland_-_India_Economic_Summit_2011.jpg,female
d7dc6beb-8f02-4af2-8b32-c7ae3bd874ce,Chungsen Leung,Chungsen Leung,Chungsen.Leung@parl.gc.ca,csleungmp,,Conservative,conservative,area/ontario_(willowdale),Ontario (Willowdale),House of Commons,41,,,http://www.parl.gc.ca/Parliamentarians/Images/OfficialMPPhotos/41/LeungChungsen_CPC.jpg,male
a8afa06b-7719-437f-8a8d-173b0976a1c4,Claude Gravelle,Claude Gravelle,claude.gravelle@parl.gc.ca,,,NDP,ndp,area/ontario_(nickel_belt),Ontario (Nickel Belt),House of Commons,41,,,http://www.parl.gc.ca/Parliamentarians/Images/OfficialMPPhotos/41/GravelleClaude_NDP.jpg,male
f74a3f50-b91f-4e8b-8fd1-5943f1bdbc66,Claude Patry,Claude Patry,Claude.Patry@parl.gc.ca,,,NDP,ndp,area/quebec_(jonquière—alma),Quebec (Jonquière—Alma),House of Commons,41,,,http://www.parl.gc.ca/Parliamentarians/Images/OfficialMPPhotos/41/PatryClaude_NDP.jpg,male
e57ae25e-fb40-4d1f-824d-77b548fc1058,Colin Carrie,Colin Carrie,colin.carrie@parl.gc.ca,ColinCarrie,,Conservative,conservative,area/ontario_(oshawa),Ontario (Oshawa),House of Commons,41,,,http://www.parl.gc.ca/Parliamentarians/Images/OfficialMPPhotos/41/CarrieColin_CPC.jpg,male
76134e9b-4820-4ae2-881e-0c0be412df3d,Colin Mayes,Colin Mayes,colin.mayes@parl.gc.ca,,,Conservative,conservative,area/british_columbia_(okanagan—shuswap),British Columbia (Okanagan—Shuswap),House of Commons,41,,,http://www.parl.gc.ca/Parliamentarians/Images/OfficialMPPhotos/41/MayesColin_CPC.jpg,male
1f5f1a67-57bd-4399-8be4-a547cd256dd6,Corneliu Chisu,Corneliu Chisu,Corneliu.Chisu@parl.gc.ca,,,Conservative,conservative,area/ontario_(pickering—scarborough_east),Ontario (Pickering—Scarborough East),House of Commons,41,,,http://www.parl.gc.ca/Parliamentarians/Images/OfficialMPPhotos/41/ChisuCorneliu_CPC.jpg,male
50f2d6bd-207e-4bba-86f4-2b809e6d0059,Costas Menegakis,Costas Menegakis,Costas.Menegakis@parl.gc.ca,CostasMenegakis,,Conservative,conservative,area/ontario_(richmond_hill),Ontario (Richmond Hill),House of Commons,41,,,http://www.parl.gc.ca/Parliamentarians/Images/OfficialMPPhotos/41/MenegakisCostas_CPC.jpg,male
8b2fc7f7-4d56-4a04-b9b7-e20f911ec684,Craig Scott,Craig Scott,craig.scott@parl.gc.ca,,,NDP,ndp,area/ontario_(toronto—danforth),Ontario (Toronto—Danforth),House of Commons,41,,2012-03-19,http://www.parl.gc.ca/Parliamentarians/Images/OfficialMPPhotos/41/ScottCraig_NPD.jpg,male
e0dc6b21-81e1-4853-ac4a-45004fb42a50,Dan Albas,Dan Albas,Dan.Albas@parl.gc.ca,DanAlbas,,Conservative,conservative,area/british_columbia_(okanagan—coquihalla),British Columbia (Okanagan—Coquihalla),House of Commons,41,,,http://www.parl.gc.ca/Parliamentarians/Images/OfficialMPPhotos/41/AlbasDan_CPC.jpg,male
eb2c1607-b6b4-4cc3-8fdb-83a7af549ed9,Dan Harris,Dan Harris,Dan.Harris@parl.gc.ca,,,NDP,ndp,area/ontario_(scarborough_southwest),Ontario (Scarborough Southwest),House of Commons,41,,,http://www.parl.gc.ca/Parliamentarians/Images/OfficialMPPhotos/41/HarrisDan_NDP.jpg,male
2366c0a9-f15f-4aca-bb93-9a3d6c01049e,Dany Morin,Dany Morin,Dany.Morin@parl.gc.ca,,,NDP,ndp,area/quebec_(chicoutimi—le_fjord),Quebec (Chicoutimi—Le Fjord),House of Commons,41,,,http://www.parl.gc.ca/Parliamentarians/Images/OfficialMPPhotos/41/MorinDany_NDP.jpg,male
5d54a5b9-61b4-4d9a-b6bf-75b8c2b4561d,Daryl Kramp,Daryl Kramp,daryl.kramp@parl.gc.ca,darylkramp,,Conservative,conservative,area/ontario_(prince_edward—hastings),Ontario (Prince Edward—Hastings),House of Commons,41,,,http://www.parl.gc.ca/Parliamentarians/Images/OfficialMPPhotos/41/KrampDaryl_CPC.jpg,male
fe2bf7c2-078c-44f7-9f1f-fe46021b1ca4,Dave MacKenzie,Dave MacKenzie,dave.mackenzie@parl.gc.ca,DaveMacKenzieMP,,Conservative,conservative,area/ontario_(oxford),Ontario (Oxford),House of Commons,41,,,http://www.parl.gc.ca/Parliamentarians/Images/OfficialMPPhotos/41/MacKenzieDave_CPC.jpg,male
1b6329e1-4737-43e7-9968-2e8b56228794,Dave Van Kesteren,Dave Van Kesteren,dave.vankesteren@parl.gc.ca,,,Conservative,conservative,area/ontario_(chatham-kent—essex),Ontario (Chatham-Kent—Essex),House of Commons,41,,,http://www.parl.gc.ca/Parliamentarians/Images/OfficialMPPhotos/41/VanKesterenDavid_CPC.jpg,male
f3eb6590-2e7c-4120-80f5-b1ea25cd245d,David Christopherson,David Christopherson,david.christopherson@parl.gc.ca,DaveChrisMP,,NDP,ndp,area/ontario_(hamilton_centre),Ontario (Hamilton Centre),House of Commons,41,,,http://www.parl.gc.ca/Parliamentarians/Images/OfficialMPPhotos/41/ChristophersonDavid_NDP.jpg,male
ccd8d94a-3564-4408-bd23-ad40283b48fb,David L. Anderson,David L. Anderson,david.anderson@parl.gc.ca,DavidAndersonSK,,Conservative,conservative,area/saskatchewan_(cypress_hills—grasslands),Saskatchewan (Cypress Hills—Grasslands),House of Commons,41,,,http://www.parl.gc.ca/Parliamentarians/Images/OfficialMPPhotos/41/AndersonDavid_CPC.jpg,male
0688cbed-459e-45b6-a7d0-3cebea4913ee,David McGuinty,David McGuinty,david.mcguinty@parl.gc.ca,DavidMcGuinty,,Liberal,liberal,area/ontario_(ottawa_south),Ontario (Ottawa South),House of Commons,41,,,http://www.parl.gc.ca/Parliamentarians/Images/OfficialMPPhotos/41/McGuintyDavidJ_Lib.jpg,male
adad6b66-f08f-44da-b7e1-2e8884eb6d73,David Sweet,David Sweet,david.sweet@parl.gc.ca,DavidSweetMP,,Conservative,conservative,area/ontario_(ancaster—dundas—flamborough—westdale),Ontario (Ancaster—Dundas—Flamborough—Westdale),House of Commons,41,,,http://www.parl.gc.ca/Parliamentarians/Images/OfficialMPPhotos/41/SweetDavid_CPC.jpg,male
0f5c34f8-f5ae-46eb-91a4-7b1b75a3f6b0,David Tilson,David Tilson,david.tilson@parl.gc.ca,davidtilson,,Conservative,conservative,area/ontario_(dufferin—caledon),Ontario (Dufferin—Caledon),House of Commons,41,,,http://www.parl.gc.ca/Parliamentarians/Images/OfficialMPPhotos/41/TilsonDavidAllan_CPC.jpg,male
2deea873-d085-484c-b87b-04751ecc1b28,David Wilks,David Wilks,David.Wilks@parl.gc.ca,DavidJohnWilks,,Conservative,conservative,area/british_columbia_(kootenay—columbia),British Columbia (Kootenay—Columbia),House of Commons,41,,,http://www.parl.gc.ca/Parliamentarians/Images/OfficialMPPhotos/41/WilksDavid_CPC.jpg,male
1c1f62d8-d4b5-4663-addc-1adeff6670a6,David Yurdiga,David Yurdiga,David.Yurdiga@parl.gc.ca,DavidYurdiga,,Conservative,conservative,area/alberta_(fort_mcmurray—athabasca),Alberta (Fort McMurray—Athabasca),House of Commons,41,,2014-06-30,http://www.parl.gc.ca/Parliamentarians/Images/OfficialMPPhotos/41/YurdigaDavid_CPC.jpg,male
6d67a2e9-f9d7-4e26-9e1e-763df82488b3,Dean Allison,Dean Allison,dean.allison@parl.gc.ca,DeanAllisonMP,,Conservative,conservative,area/ontario_(niagara_west—glanbrook),Ontario (Niagara West—Glanbrook),House of Commons,41,,,http://www.parl.gc.ca/Parliamentarians/Images/OfficialMPPhotos/41/AllisonDean_CPC.jpg,male
e539e184-343d-418e-acf6-ecb961ae54dd,Dean Del Mastro,Dean Del Mastro,,,,Conservative,conservative,area/ontario_(peterborough),Ontario (Peterborough),House of Commons,41,2014-11-05,,,male
dfc98917-b92e-4039-a9b9-9c698a2bdefb,Deepak Obhrai,Deepak Obhrai,deepak.obhrai@parl.gc.ca,deepakobhrai,,Conservative,conservative,area/alberta_(calgary_east),Alberta (Calgary East),House of Commons,41,,,http://www.parl.gc.ca/Parliamentarians/Images/OfficialMPPhotos/41/ObhraiDeepak_CPC.jpg,male
38ed7f6a-57bb-4125-9f09-e008dc65ed19,Denis Blanchette,Denis Blanchette,Denis.Blanchette@parl.gc.ca,,,NDP,ndp,area/quebec_(louis-hébert),Quebec (Louis-Hébert),House of Commons,41,,,http://www.parl.gc.ca/Parliamentarians/Images/OfficialMPPhotos/41/BlanchetteDenis_NDP.jpg,male
021ad8b2-57cc-46cd-ad73-f7bfa49830b3,Denis Coderre,Denis Coderre,,,,Liberal,liberal,area/quebec_(bourassa),Quebec (Bourassa),House of Commons,41,2013-06-02,,https://upload.wikimedia.org/wikipedia/commons/1/13/Denis_Coderre_2011.jpg,male
a5ee7fbe-2c98-49e8-9ba9-45fd65de3a0e,Denis Lebel,Denis Lebel,denis.lebel@parl.gc.ca,DenisLebelPCC,,Conservative,conservative,area/quebec_(roberval—lac-saint-jean),Quebec (Roberval—Lac-Saint-Jean),House of Commons,41,,,http://www.parl.gc.ca/Parliamentarians/Images/OfficialMPPhotos/41/LebelDenis_CPC.jpg,male
de49d9f9-a2a8-4294-8eba-bd44a4c4a4be,Denise Savoie,Denise Savoie,,,,NDP,ndp,area/british_columbia_(victoria),British Columbia (Victoria),House of Commons,41,2012-08-23,,https://upload.wikimedia.org/wikipedia/commons/7/79/Denise_Savoie.jpg,female
65c8bc58-bd0e-42fc-874d-ec45fc525ac3,Dennis Bevington,Dennis Bevington,dennis.bevington@parl.gc.ca,,,NDP,ndp,area/the_north_(northwest_territories_(western_arctic_until_2014)),The North (Northwest Territories (Western Arctic until 2014)),House of Commons,41,,,http://www.parl.gc.ca/Parliamentarians/Images/OfficialMPPhotos/41/BevingtonDennisFraser_NDP.jpg,male
16ea758b-85da-4883-83f6-5edbc769207a,Devinder Shory,Devinder Shory,devinder.shory@parl.gc.ca,,,Conservative,conservative,area/alberta_(calgary_northeast),Alberta (Calgary Northeast),House of Commons,41,,,http://www.parl.gc.ca/Parliamentarians/Images/OfficialMPPhotos/41/ShoryDevinder_CPC.jpg,male
d1b097e6-f615-42f4-99c6-b56abb6259c3,Diane Ablonczy,Diane Ablonczy,diane.ablonczy@parl.gc.ca,,,Conservative,conservative,area/alberta_(calgary—nose_hill),Alberta (Calgary—Nose Hill),House of Commons,41,,,http://www.parl.gc.ca/Parliamentarians/Images/OfficialMPPhotos/41/AblonczyDiane_CPC.jpg,female
dc559f0b-305b-46c2-ad25-8301d7826f0f,Diane Finley,Diane Finley,diane.finley@parl.gc.ca,,,Conservative,conservative,area/ontario_(haldimand—norfolk),Ontario (Haldimand—Norfolk),House of Commons,41,,,http://www.parl.gc.ca/Parliamentarians/Images/OfficialMPPhotos/41/FinleyDiane_CPC.jpg,female
2b66cfbe-3461-4575-82d6-e1cd9f8f10e4,Djaouida Sellah,Djaouida Sellah,Djaouida.Sellah@parl.gc.ca,,,NDP,ndp,area/quebec_(saint-bruno—saint-hubert),Quebec (Saint-Bruno—Saint-Hubert),House of Commons,41,,,http://www.parl.gc.ca/Parliamentarians/Images/OfficialMPPhotos/41/SellahDjaouida_NDP.jpg,female
74444c19-73ed-4bff-845f-1581707aeb36,Dominic LeBlanc,Dominic LeBlanc,dominic.leblanc@parl.gc.ca,,,Liberal,liberal,area/new_brunswick_(beauséjour),New Brunswick (Beauséjour),House of Commons,41,,,http://www.parl.gc.ca/Parliamentarians/Images/OfficialMPPhotos/41/LeBlancDominic_Lib.jpg,male
5ddb1530-a67c-4916-8f80-81546e959bc9,Don Davies,Don Davies,don.davies@parl.gc.ca,DonDavies,,NDP,ndp,area/british_columbia_(vancouver_kingsway),British Columbia (Vancouver Kingsway),House of Commons,41,,,http://www.parl.gc.ca/Parliamentarians/Images/OfficialMPPhotos/41/DaviesDon_NDP.jpg,male
6a554683-5cfb-4808-981b-1a16f27aad98,Earl Dreeshen,Earl Dreeshen,earl.dreeshen@parl.gc.ca,earl_dreeshen,,Conservative,conservative,area/alberta_(red_deer),Alberta (Red Deer),House of Commons,41,,,http://www.parl.gc.ca/Parliamentarians/Images/OfficialMPPhotos/41/DreeshenEarl_CPC.jpg,male
37f5e495-f6e4-4cc2-aa26-5ecf77a47ba7,Ed Fast,Ed Fast,ed.fast@parl.gc.ca,HonEdFast,,Conservative,conservative,area/british_columbia_(abbotsford),British Columbia (Abbotsford),House of Commons,41,,,http://www.parl.gc.ca/Parliamentarians/Images/OfficialMPPhotos/41/FastEdward_CPC.jpg,male
6235250b-f7c7-4ac6-bd20-3c343a0f1277,Ed Holder,Ed Holder,ed.holder@parl.gc.ca,,,Conservative,conservative,area/ontario_(london_west),Ontario (London West),House of Commons,41,,,http://www.parl.gc.ca/Parliamentarians/Images/OfficialMPPhotos/41/HolderEd_CPC.jpg,male
8ab9ea01-dde8-4fea-bcfb-c1769baaee1e,Ed Komarnicki,Ed Komarnicki,ed.komarnicki@parl.gc.ca,,,Conservative,conservative,area/saskatchewan_(souris—moose_mountain),Saskatchewan (Souris—Moose Mountain),House of Commons,41,,,http://www.parl.gc.ca/Parliamentarians/Images/OfficialMPPhotos/41/KomarnickiEd_CPC.jpg,male
21f59f22-56cf-4f71-aec4-d2a38bd12882,Elizabeth May,Elizabeth May,Elizabeth.May@parl.gc.ca,ElizabethMay,,Green,green_party,area/british_columbia_(saanich—gulf_islands),British Columbia (Saanich—Gulf Islands),House of Commons,41,,,http://www.parl.gc.ca/Parliamentarians/Images/OfficialMPPhotos/41/MayElizabeth_GP.jpg,female
e6935df0-a2a1-4936-b97d-d4a73d3fac5a,Emmanuel Dubourg,Emmanuel Dubourg,Emmanuel.Dubourg@parl.gc.ca,EmmanuelDubourg,,Liberal,liberal,area/quebec_(bourassa),Quebec (Bourassa),House of Commons,41,,2013-11-25,http://www.parl.gc.ca/Parliamentarians/Images/OfficialMPPhotos/41/DubourgEmmanuel_Lib.jpg,male
6c8482f2-79f1-48f4-af06-22ed47b8aeae,Erin O'Toole,Erin O'Toole,Erin.OToole@parl.gc.ca,ErinOTooleMP,,Conservative,conservative,area/ontario_(durham),Ontario (Durham),House of Commons,41,,2012-11-26,http://www.parl.gc.ca/Parliamentarians/Images/OfficialMPPhotos/41/O'TooleErin_CPC.jpg,male
c66ef461-4e32-45c5-8395-d7c8f5ae2616,Eve Adams,Eve Adams,Eve.Adams@parl.gc.ca,,,Conservative,conservative,area/ontario_(mississauga—brampton_south),Ontario (Mississauga—Brampton South),House of Commons,41,,,http://www.parl.gc.ca/Parliamentarians/Images/OfficialMPPhotos/41/AdamsEve_CPC.jpg,female
53bdb6cc-0fc9-42f5-9504-059fc642be2b,Fin Donnelly,Fin Donnelly,fin.donnelly@parl.gc.ca,FinDonnelly,,NDP,ndp,area/british_columbia_(new_westminster—coquitlam),British Columbia (New Westminster—Coquitlam),House of Commons,41,,,http://www.parl.gc.ca/Parliamentarians/Images/OfficialMPPhotos/41/DonnellyFin_NDP.jpg,male
0119354b-349e-44fe-b3fb-83c4aacf3829,Francine Raynault,Francine Raynault,Francine.Raynault@parl.gc.ca,,,NDP,ndp,area/quebec_(joliette),Quebec (Joliette),House of Commons,41,,,http://www.parl.gc.ca/Parliamentarians/Images/OfficialMPPhotos/41/RaynaultFrancine_NDP.jpg,female
af2f9e5b-4a89-46ec-aaef-01dc71a5f11b,Francis Scarpaleggia,Francis Scarpaleggia,francis.scarpaleggia@parl.gc.ca,ScarpaleggiaLSL,,Liberal,liberal,area/quebec_(lac-saint-louis),Quebec (Lac-Saint-Louis),House of Commons,41,,,http://www.parl.gc.ca/Parliamentarians/Images/OfficialMPPhotos/41/ScarpaleggiaFrancis_Lib.jpg,male
45f553e5-aae0-4fa8-9377-fe0b2a1fa6d6,Frank Valeriote,Frank Valeriote,Frank.valeriote@parl.gc.ca,,,Liberal,liberal,area/ontario_(guelph),Ontario (Guelph),House of Commons,41,,,http://www.parl.gc.ca/Parliamentarians/Images/OfficialMPPhotos/41/ValerioteFrancis_Lib.jpg,male
c916ce48-684f-4afe-90aa-250aadd86410,François Choquette,François Choquette,Francois.Choquette@parl.gc.ca,F_Choquette,,NDP,ndp,area/quebec_(drummond),Quebec (Drummond),House of Commons,41,,,http://www.parl.gc.ca/Parliamentarians/Images/OfficialMPPhotos/41/ChoquetteFrancois_NDP.jpg,male
cbbf1698-de8a-4ab7-ae84-731be1f26449,François Lapointe,François Lapointe,Francois.Lapointe@parl.gc.ca,,,NDP,ndp,area/quebec_(montmagny—l'islet—kamouraska—rivière-du-loup),Quebec (Montmagny—L'Islet—Kamouraska—Rivière-du-Loup),House of Commons,41,,,http://www.parl.gc.ca/Parliamentarians/Images/OfficialMPPhotos/41/LapointeFrançois_CPC.jpg,male
9d3bfb08-ccb9-4381-8f0e-b5c4ed04724e,François Pilon,François Pilon,Francois.Pilon@parl.gc.ca,,,NDP,ndp,area/quebec_(laval—les_Îles),Quebec (Laval—Les Îles),House of Commons,41,,,http://www.parl.gc.ca/Parliamentarians/Images/OfficialMPPhotos/41/PilonFrançois_NDP.jpg,male
615ca38b-805c-4961-95b5-788caef5d94f,Françoise Boivin,Françoise Boivin,Francoise.Boivin@parl.gc.ca,,,NDP,ndp,area/quebec_(gatineau),Quebec (Gatineau),House of Commons,41,,,http://www.parl.gc.ca/Parliamentarians/Images/OfficialMPPhotos/41/BoivinFrancoise_NDP.jpg,female
da12fb9a-671e-4ca0-b7c4-5d9deee98856,Gail Shea,Gail Shea,gail.shea@parl.gc.ca,,,Conservative,conservative,area/prince_edward_island_(egmont),Prince Edward Island (Egmont),House of Commons,41,,,http://www.parl.gc.ca/Parliamentarians/Images/OfficialMPPhotos/41/SheaGailA_CPC.jpg,female
43a5faaa-820b-4e1d-aca2-ddda92f5492d,Garry Breitkreuz,Garry Breitkreuz,garry.breitkreuz@parl.gc.ca,,,Conservative,conservative,area/saskatchewan_(yorkton—melville),Saskatchewan (Yorkton—Melville),House of Commons,41,,,http://www.parl.gc.ca/Parliamentarians/Images/OfficialMPPhotos/41/BreitkreuzGarryW_CPC.jpg,male
02e877fd-6325-4e74-b3ca-24891ee50f59,Gary Goodyear,Gary Goodyear,gary.goodyear@parl.gc.ca,,,Conservative,conservative,area/ontario_(cambridge),Ontario (Cambridge),House of Commons,41,,,http://www.parl.gc.ca/Parliamentarians/Images/OfficialMPPhotos/41/GoodyearGary_CPC.jpg,male
4ad0300b-1c2f-47e8-ba2f-b27b902d8c99,Gary Schellenberger,Gary Schellenberger,gary.schellenberger@parl.gc.ca,,,Conservative,conservative,area/ontario_(perth—wellington),Ontario (Perth—Wellington),House of Commons,41,,,http://www.parl.gc.ca/Parliamentarians/Images/OfficialMPPhotos/41/SchellenbergerGary_CPC.jpg,male
0c885d36-2aa6-4068-8c42-fde8d0c1bcfa,Geoff Regan,Geoff Regan,geoff.regan@parl.gc.ca,geoffregan,,Liberal,liberal,area/nova_scotia_(halifax_west),Nova Scotia (Halifax West),House of Commons,41,,,http://www.parl.gc.ca/Parliamentarians/Images/OfficialMPPhotos/41/ReganGeoff_Lib.jpg,male
8a391fea-5183-49b9-9e39-bd70eb9fe68c,Gerald Keddy,Gerald Keddy,gerald.keddy@parl.gc.ca,,,Conservative,conservative,area/nova_scotia_(south_shore—st._margaret's),Nova Scotia (South Shore—St. Margaret's),House of Commons,41,,,http://www.parl.gc.ca/Parliamentarians/Images/OfficialMPPhotos/41/KeddyGerald_CPC.jpg,male
c859d29f-2a15-4b6d-a9cb-388ff864dcd8,Gerry Byrne,Gerry Byrne,gerry.byrne@parl.gc.ca,,,Liberal,liberal,area/newfoundland_and_labrador_(humber—st._barbe—baie_verte),Newfoundland and Labrador (Humber—St. Barbe—Baie Verte),House of Commons,41,,,http://www.parl.gc.ca/Parliamentarians/Images/OfficialMPPhotos/41/ByrneGerry_Lib.jpg,male
dd11e9c7-523f-4de5-9bb5-86e648d7ac4a,Gerry Ritz,Gerry Ritz,gerry.ritz@parl.gc.ca,GerryRitzMP,,Conservative,conservative,area/saskatchewan_(battlefords—lloydminster),Saskatchewan (Battlefords—Lloydminster),House of Commons,41,,,http://www.parl.gc.ca/Parliamentarians/Images/OfficialMPPhotos/41/RitzGerry_CPC.jpg,male
bdffb2b0-54b8-4542-9f4b-4341c4bd7b8e,Glenn Thibeault,Glenn Thibeault,,,,NDP,ndp,area/ontario_(sudbury),Ontario (Sudbury),House of Commons,41,2015-01-05,,https://upload.wikimedia.org/wikipedia/commons/b/b3/Glenn_Thibeault.jpg,male
33475893-cc35-428c-8e68-d1f137a929d5,Gord Brown,Gord Brown,gord.brown@parl.gc.ca,gordbrown,,Conservative,conservative,area/ontario_(leeds—grenville),Ontario (Leeds—Grenville),House of Commons,41,,,http://www.parl.gc.ca/Parliamentarians/Images/OfficialMPPhotos/41/BrownGordon_CPC.jpg,male
a137332a-6f03-4c74-8e37-7b5007ae080a,Gordon O'Connor,Gordon O'Connor,gordon.oconnor@parl.gc.ca,,,Conservative,conservative,area/ontario_(carleton—mississippi_mills),Ontario (Carleton—Mississippi Mills),House of Commons,41,,,http://www.parl.gc.ca/Parliamentarians/Images/OfficialMPPhotos/41/OConnorGordon_CPC.jpg,male
46df4506-7e55-4947-8606-69c92a5451fd,Greg Kerr,Greg Kerr,greg.kerr@parl.gc.ca,MPGregKerr,,Conservative,conservative,area/nova_scotia_(west_nova),Nova Scotia (West Nova),House of Commons,41,,,http://www.parl.gc.ca/Parliamentarians/Images/OfficialMPPhotos/41/KerrGreg_CPC.jpg,male
e6aa94f2-a4a7-4dec-8ed9-5c3e91a1c824,Greg Rickford,Greg Rickford,greg.rickford@parl.gc.ca,GregRickford,,Conservative,conservative,area/ontario_(kenora),Ontario (Kenora),House of Commons,41,,,http://www.parl.gc.ca/Parliamentarians/Images/OfficialMPPhotos/41/RickfordGreg_CPC.jpg,male
414baac7-3aac-434b-85dc-699948345965,Guy Caron,Guy Caron,Guy.Caron@parl.gc.ca,GuyCaronNPD,,NDP,ndp,area/quebec_(rimouski-neigette—témiscouata—les_basques),Quebec (Rimouski-Neigette—Témiscouata—Les Basques),House of Commons,41,,,http://www.parl.gc.ca/Parliamentarians/Images/OfficialMPPhotos/41/CaronGuy_NDP.jpg,male
289a2182-1c20-4eec-b2fa-e2ea9fb38a9d,Guy Lauzon,Guy Lauzon,guy.lauzon@parl.gc.ca,,,Conservative,conservative,area/ontario_(stormont—dundas—south_glengarry),Ontario (Stormont—Dundas—South Glengarry),House of Commons,41,,,http://www.parl.gc.ca/Parliamentarians/Images/OfficialMPPhotos/41/LauzonGuy_CPC.jpg,male
74c20fa8-843c-49be-ba37-f7b616790b77,Harold Albrecht,Harold Albrecht,harold.albrecht@parl.gc.ca,Albrecht4KitCon,,Conservative,conservative,area/ontario_(kitchener—conestoga),Ontario (Kitchener—Conestoga),House of Commons,41,,,http://www.parl.gc.ca/Parliamentarians/Images/OfficialMPPhotos/41/AlbrechtHarold_CPC.jpg,male
0f81c295-82e0-46b7-b51e-ca4c7d55f68d,Hedy Fry,Hedy Fry,hedy.fry@parl.gc.ca,HedyFry,,Liberal,liberal,area/british_columbia_(vancouver_centre),British Columbia (Vancouver Centre),House of Commons,41,,,http://www.parl.gc.ca/Parliamentarians/Images/OfficialMPPhotos/41/FryHedy__Lib.jpg,female
a71a63c6-0fde-44d8-b26c-67e49bd94c6d,Hoang Mai,Hoang Mai,Hoang.Mai@parl.gc.ca,,,NDP,ndp,area/quebec_(brossard—la_prairie),Quebec (Brossard—La Prairie),House of Commons,41,,,http://www.parl.gc.ca/Parliamentarians/Images/OfficialMPPhotos/41/MaiHoang_NDP.jpg,male
61ad920f-65fd-4a04-84d3-62e9f377175f,Hélène Laverdière,Hélène Laverdière,Helene.Laverdiere@parl.gc.ca,HLaverdiereNPD,,NDP,ndp,area/quebec_(laurier—sainte-marie),Quebec (Laurier—Sainte-Marie),House of Commons,41,,,http://www.parl.gc.ca/Parliamentarians/Images/OfficialMPPhotos/41/LaverdièreHélène_NDP.jpg,female
db19fc63-c2d6-456d-a2b8-08f4f732689a,Hélène LeBlanc,Hélène LeBlanc,Helene.LeBlanc@parl.gc.ca,,,NDP,ndp,area/quebec_(lasalle—Émard),Quebec (LaSalle—Émard),House of Commons,41,,,http://www.parl.gc.ca/Parliamentarians/Images/OfficialMPPhotos/41/LeBlancHélène_NDP.jpg,female
6b72b104-78be-4c4f-bdbf-1766282628c8,Irene Mathyssen,Irene Mathyssen,irene.mathyssen@parl.gc.ca,irenemathyssen,,NDP,ndp,area/ontario_(london—fanshawe),Ontario (London—Fanshawe),House of Commons,41,,,http://www.parl.gc.ca/Parliamentarians/Images/OfficialMPPhotos/41/MathyssenIrene_NDP.jpg,female
d5d73853-78c5-4554-8a6c-ce228b708bdc,Irwin Cotler,Irwin Cotler,irwin.cotler@parl.gc.ca,,,Liberal,liberal,area/quebec_(mount_royal),Quebec (Mount Royal),House of Commons,41,,,http://www.parl.gc.ca/Parliamentarians/Images/OfficialMPPhotos/41/CotlerIrwin_Lib.jpg,male
6faae537-8413-4373-9fda-6dbc6545b89c,Isabelle Morin,Isabelle Morin,Isabelle.Morin@parl.gc.ca,,,NDP,ndp,area/quebec_(notre-dame-de-grâce—lachine),Quebec (Notre-Dame-de-Grâce—Lachine),House of Commons,41,,,http://www.parl.gc.ca/Parliamentarians/Images/OfficialMPPhotos/41/MorinIsabelle_NDP.jpg,female
3534a417-fc07-45b4-b3fd-0891ac4b5351,Jack Harris,Jack Harris,jack.harris@parl.gc.ca,,,NDP,ndp,area/newfoundland_and_labrador_(st._john's_east),Newfoundland and Labrador (St. John's East),House of Commons,41,,,http://www.parl.gc.ca/Parliamentarians/Images/OfficialMPPhotos/41/HarrisJack_NDP.jpg,male
9dee81c4-4216-4f76-b335-98dd8d396012,Jack Laytoni,Jack Laytoni,,jacklayton,,NDP,ndp,area/ontario_(toronto—danforth),Ontario (Toronto—Danforth),House of Commons,41,2011-08-22,,https://upload.wikimedia.org/wikipedia/commons/2/2a/Jack_Layton_-_2011.jpg,male
5f4ad3a8-a70b-474e-b1dc-43f1fb47d05c,Jacques Gourde,Jacques Gourde,jacques.gourde@parl.gc.ca,JacquesGourde,,Conservative,conservative,area/quebec_(lotbinière—chutes-de-la-chaudière),Quebec (Lotbinière—Chutes-de-la-Chaudière),House of Commons,41,,,http://www.parl.gc.ca/Parliamentarians/Images/OfficialMPPhotos/41/GourdeJacques_CPC.jpg,male
49ed13bf-807a-488d-91e8-024a7b5b59f2,James Bezan,James Bezan,james.bezan@parl.gc.ca,jamesbezan,,Conservative,conservative,area/manitoba_(selkirk—interlake),Manitoba (Selkirk—Interlake),House of Commons,41,,,http://www.parl.gc.ca/Parliamentarians/Images/OfficialMPPhotos/41/BezanJames_CPC.jpg,male
19766d21-4f4b-4131-ac47-49623230c584,James Lunney,James Lunney,james.lunney@parl.gc.ca,,,Conservative,conservative,area/british_columbia_(nanaimo—alberni),British Columbia (Nanaimo—Alberni),House of Commons,41,,,http://www.parl.gc.ca/Parliamentarians/Images/OfficialMPPhotos/41/LunneyJamesD_CPC.jpg,male
69da1cb2-f4ca-4c22-a4ee-5db0da8b7f9b,James Moore,James Moore,james.moore@parl.gc.ca,JamesMoore_org,,Conservative,conservative,area/british_columbia_(port_moody—westwood—port_coquitlam),British Columbia (Port Moody—Westwood—Port Coquitlam),House of Commons,41,,,http://www.parl.gc.ca/Parliamentarians/Images/OfficialMPPhotos/41/MooreJames_CPC.jpg,male
2a96bed1-87ec-40da-819c-8ef388c889db,James Rajotte,James Rajotte,james.rajotte@parl.gc.ca,,,Conservative,conservative,area/alberta_(edmonton—leduc),Alberta (Edmonton—Leduc),House of Commons,41,,,http://www.parl.gc.ca/Parliamentarians/Images/OfficialMPPhotos/41/RajotteJames_CPC.jpg,male
bda1359c-6f80-44dd-80d8-48b23586beec,Jamie Nicholls,Jamie Nicholls,Jamie.Nicholls@parl.gc.ca,,,NDP,ndp,area/quebec_(vaudreuil-soulanges),Quebec (Vaudreuil-Soulanges),House of Commons,41,,,http://www.parl.gc.ca/Parliamentarians/Images/OfficialMPPhotos/41/NichollsJamie_NDP.jpg,male
c35d9081-c2e5-4dba-b27c-0394bbf24bee,Jasbir Sandhu,Jasbir Sandhu,Jasbir.Sandhu@parl.gc.ca,,,NDP,ndp,area/british_columbia_(surrey_north),British Columbia (Surrey North),House of Commons,41,,,http://www.parl.gc.ca/Parliamentarians/Images/OfficialMPPhotos/41/SandhuJasbir_NDP.jpg,male
464c26e9-c3a6-4928-b195-24ecefc5fb4c,Jason Kenney,Jason Kenney,jason.kenney@parl.gc.ca,jkenney,,Conservative,conservative,area/alberta_(calgary_southeast),Alberta (Calgary Southeast),House of Commons,41,,,http://www.parl.gc.ca/Parliamentarians/Images/OfficialMPPhotos/41/KenneyJason_CPC.jpg,male
ea1b8f60-057e-41cb-a58f-26ffd53f00fc,Jay Aspin,Jay Aspin,Jay.Aspin@parl.gc.ca,,,Conservative,conservative,area/ontario_(nipissing—timiskaming),Ontario (Nipissing—Timiskaming),House of Commons,41,,,http://www.parl.gc.ca/Parliamentarians/Images/OfficialMPPhotos/41/AspinJay_CPC.jpg,male
699a5ba2-1a79-4d18-bfa3-87606abb9dc2,Jean Crowder,Jean Crowder,jean.crowder@parl.gc.ca,,,NDP,ndp,area/british_columbia_(nanaimo—cowichan),British Columbia (Nanaimo—Cowichan),House of Commons,41,,,http://www.parl.gc.ca/Parliamentarians/Images/OfficialMPPhotos/41/CrowderJean_NDP.jpg,female
917a3630-48e1-4e5f-9cc1-0e08a06373e9,Jean Rousseau,Jean Rousseau,Jean.Rousseau@parl.gc.ca,,,NDP,ndp,area/quebec_(compton—stanstead),Quebec (Compton—Stanstead),House of Commons,41,,,http://www.parl.gc.ca/Parliamentarians/Images/OfficialMPPhotos/41/RousseauJean_NDP.jpg,male
a47c4ff2-541a-42a6-9f56-fd199c298e50,Jean-François Fortin,Jean-François Fortin,Jean-Francois.Fortin@parl.gc.ca,,,Bloc Québécois,bloc_québécois,area/quebec_(haute-gaspésie—la_mitis—matane—matapédia),Quebec (Haute-Gaspésie—La Mitis—Matane—Matapédia),House of Commons,41,,,http://www.parl.gc.ca/Parliamentarians/Images/OfficialMPPhotos/41/FortinJeanFrançois_BQ.jpg,male
55023916-a4cc-477a-99c5-b4c3cb29d7ae,Jean-François Larose,Jean-François Larose,Jean-Francois.Larose@parl.gc.ca,,,NDP,ndp,area/quebec_(repentigny),Quebec (Repentigny),House of Commons,41,,,http://www.parl.gc.ca/Parliamentarians/Images/OfficialMPPhotos/41/LaroseJeanFrançois_NDP.jpg,male
662a75a4-f86c-49c1-a01b-6a9fb99ee17a,Jeff Watson,Jeff Watson,jeff.watson@parl.gc.ca,,,Conservative,conservative,area/ontario_(essex),Ontario (Essex),House of Commons,41,,,http://www.parl.gc.ca/Parliamentarians/Images/OfficialMPPhotos/41/WatsonJeff_CPC.jpg,male
d5dbafd0-a6d2-428c-a846-a584b80e5925,Jim Eglinski,Jim Eglinski,Jim.Eglinski@parl.gc.ca,JimEglinski,,Conservative,conservative,area/alberta_(yellowhead),Alberta (Yellowhead),House of Commons,41,,2014-11-17,http://www.parl.gc.ca/Parliamentarians/Images/OfficialMPPhotos/41/EglinskiJim_CPC.jpg,male
d64126a9-735f-4ec6-94a2-709c47c12688,Jim Flaherty,Jim Flaherty,,,,Conservative,conservative,area/ontario_(whitby—oshawa),Ontario (Whitby—Oshawa),House of Commons,41,2014-04-10,,https://upload.wikimedia.org/wikipedia/commons/a/ac/Jim_Flaherty_2007.JPG,male
9586f81b-d8b3-4f42-9300-95e0317fb63d,Jim Hillyer,Jim Hillyer,Jim.Hillyer@parl.gc.ca,,,Conservative,conservative,area/alberta_(lethbridge),Alberta (Lethbridge),House of Commons,41,,,http://www.parl.gc.ca/Parliamentarians/Images/OfficialMPPhotos/41/HillyerJim_CPC.jpg,male
04f3fc3d-69b4-48c6-bae1-108e866db415,Jim Karygiannis,Jim Karygiannis,,,,Liberal,liberal,area/ontario_(scarborough—agincourt),Ontario (Scarborough—Agincourt),House of Commons,41,2014-04-01,,,male
cf31591e-4b4e-4159-ace2-9d50bc8a1afd,Jinny Sims,Jinny Sims,Jinny.Sims@parl.gc.ca,,,NDP,ndp,area/british_columbia_(newton—north_delta),British Columbia (Newton—North Delta),House of Commons,41,,,http://www.parl.gc.ca/Parliamentarians/Images/OfficialMPPhotos/41/SimsJinny_NDP.jpg,female
2db1d615-ccaa-4b6c-801d-74d35908a298,Joan Crockatt,Joan Crockatt,Joan.Crockatt@parl.gc.ca,,,Conservative,conservative,area/alberta_(calgary_centre),Alberta (Calgary Centre),House of Commons,41,,2012-11-26,http://www.parl.gc.ca/Parliamentarians/Images/OfficialMPPhotos/41/CrockattJoan_CPC.jpg,female
b9dceb9d-3fc3-41cd-b9cd-30ee4002e69b,Joe Comartin,Joe Comartin,joe.comartin@parl.gc.ca,,,NDP,ndp,area/ontario_(windsor—tecumseh),Ontario (Windsor—Tecumseh),House of Commons,41,,,http://www.parl.gc.ca/Parliamentarians/Images/OfficialMPPhotos/41/ComartinJoe_NDP.jpg,male
b0c684de-d5c3-43e6-b00f-507792b28ec9,Joe Daniel,Joe Daniel,Joe.Daniel@parl.gc.ca,,,Conservative,conservative,area/ontario_(don_valley_east),Ontario (Don Valley East),House of Commons,41,,,http://www.parl.gc.ca/Parliamentarians/Images/OfficialMPPhotos/41/DanielJoe_CPC.jpg,male
b329b59a-6fd0-4f20-bb8c-8222e39bec22,Joe Oliver,Joe Oliver,Joe.Oliver@parl.gc.ca,,,Conservative,conservative,area/ontario_(eglinton—lawrence),Ontario (Eglinton—Lawrence),House of Commons,41,,,http://www.parl.gc.ca/Parliamentarians/Images/OfficialMPPhotos/41/OliverJoe_CPC.jpg,male
55b007a0-531c-4dc8-b0a8-88c260dd3d88,Joe Preston,Joe Preston,joe.preston@parl.gc.ca,,,Conservative,conservative,area/ontario_(elgin—middlesex—london),Ontario (Elgin—Middlesex—London),House of Commons,41,,,http://www.parl.gc.ca/Parliamentarians/Images/OfficialMPPhotos/41/PrestonJoe_CPC.jpg,male
9f206322-c4e1-4839-97dc-96904ddd4149,John Baird,John Baird,,,,Conservative,conservative,area/ontario_(ottawa_west—nepean),Ontario (Ottawa West—Nepean),House of Commons,41,2015-03-16,,https://upload.wikimedia.org/wikipedia/commons/7/7b/John_Baird_Minister_of_Foreign_Affairs.jpg,male
eadc659d-2d9e-4e08-91a4-fc9e261da1c5,John Barlow,John Barlow,John.Barlow@parl.gc.ca,JohnBarlowMP,,Conservative,conservative,area/alberta_(macleod),Alberta (Macleod),House of Commons,41,,2014-06-30,http://www.parl.gc.ca/Parliamentarians/Images/OfficialMPPhotos/41/BarlowJohn_CPC.jpg,male
08b6b12d-9d5d-493f-af02-beddf907304d,John Carmichael,John Carmichael,John.Carmichael@parl.gc.ca,,,Conservative,conservative,area/ontario_(don_valley_west),Ontario (Don Valley West),House of Commons,41,,,http://www.parl.gc.ca/Parliamentarians/Images/OfficialMPPhotos/41/CarmichaelJohn_CPC.jpg,male
4c9b6979-867b-40ff-9f42-e0deb219b6d2,John Duncan,John Duncan,john.duncan@parl.gc.ca,,,Conservative,conservative,area/british_columbia_(vancouver_island_north),British Columbia (Vancouver Island North),House of Commons,41,,,http://www.parl.gc.ca/Parliamentarians/Images/OfficialMPPhotos/41/DuncanJohn_CPC.jpg,male
339e3459-c85e-4adc-93ab-ba9c8c20078a,John McCallum,John McCallum,john.mccallum@parl.gc.ca,JohnMcCallumLPC,,Liberal,liberal,area/ontario_(markham—unionville),Ontario (Markham—Unionville),House of Commons,41,,,http://www.parl.gc.ca/Parliamentarians/Images/OfficialMPPhotos/41/McCallumJohn_Lib.jpg,male
deea1cee-13b6-4988-8743-a4cc81090185,John McKay,John McKay,john.mckay@parl.gc.ca,JohnMcKayLib,,Liberal,liberal,area/ontario_(scarborough—guildwood),Ontario (Scarborough—Guildwood),House of Commons,41,,,http://www.parl.gc.ca/Parliamentarians/Images/OfficialMPPhotos/41/McKayJohnNorman_Lib.jpg,male
795c0fde-6d8e-42e9-8d51-6ca689bbc00a,John Rafferty,John Rafferty,john.rafferty@parl.gc.ca,,,NDP,ndp,area/ontario_(thunder_bay—rainy_river),Ontario (Thunder Bay—Rainy River),House of Commons,41,,,http://www.parl.gc.ca/Parliamentarians/Images/OfficialMPPhotos/41/RaffertyJohn_NDP.jpg,male
c47f5bd2-02ba-4e61-a2b2-45c533d38c3d,John Weston,John Weston,john.weston@parl.gc.ca,,,Conservative,conservative,area/british_columbia_(west_vancouver—sunshine_coast—sea_to_sky_country),British Columbia (West Vancouver—Sunshine Coast—Sea to Sky Country),House of Commons,41,,,http://www.parl.gc.ca/Parliamentarians/Images/OfficialMPPhotos/41/WestonJohn_CPC.jpg,male
597d0ab7-7a90-45bf-99cd-50908a01ad55,John Williamson,John Williamson,John.Williamson@parl.gc.ca,,,Conservative,conservative,area/new_brunswick_(new_brunswick_southwest),New Brunswick (New Brunswick Southwest),House of Commons,41,,,http://www.parl.gc.ca/Parliamentarians/Images/OfficialMPPhotos/41/WilliamsonJohn_CPC.jpg,male
84230d96-6151-4390-81c7-ac1897fff018,Jonathan Genest-Jourdain,Jonathan Genest-Jourdain,Jonathan.Genest-Jourdain@parl.gc.ca,GenestJourdain,,NDP,ndp,area/quebec_(manicouagan),Quebec (Manicouagan),House of Commons,41,,,http://www.parl.gc.ca/Parliamentarians/Images/OfficialMPPhotos/41/GenestJourdainJonathan_NDP.jpg,male
9baba3be-7807-48f6-acad-ad97ff8e5fa1,Jonathan Tremblay,Jonathan Tremblay,Jonathan.Tremblay@parl.gc.ca,,,NDP,ndp,area/quebec_(montmorency—charlevoix—haute-côte-nord),Quebec (Montmorency—Charlevoix—Haute-Côte-Nord),House of Commons,41,,,http://www.parl.gc.ca/Parliamentarians/Images/OfficialMPPhotos/41/TremblayJonathan_NDP.jpg,male
e7887bf1-b000-48ca-8767-922b2d32b175,José Nunez-Melo,José Nunez-Melo,Jose.Nunez-Melo@parl.gc.ca,,,NDP,ndp,area/quebec_(laval),Quebec (Laval),House of Commons,41,,,http://www.parl.gc.ca/Parliamentarians/Images/OfficialMPPhotos/41/NunezMeloJosé_NDP.jpg,male
532029e1-3db6-4c83-8eef-e6b2e22e288f,Joy Smith,Joy Smith,joy.smith@parl.gc.ca,,,Conservative,conservative,area/manitoba_(kildonan—st._paul),Manitoba (Kildonan—St. Paul),House of Commons,41,,,http://www.parl.gc.ca/Parliamentarians/Images/OfficialMPPhotos/41/SmithJoy_CPC.jpg,female
e02a2f9a-ae8c-4fee-81e5-d9cf7fa7f9b5,Joyce Bateman,Joyce Bateman,Joyce.Bateman@parl.gc.ca,,,Conservative,conservative,area/manitoba_(winnipeg_south_centre),Manitoba (Winnipeg South Centre),House of Commons,41,,,http://www.parl.gc.ca/Parliamentarians/Images/OfficialMPPhotos/41/BatemanJoyce_CPC.jpg,female
27919489-2407-4874-9649-f3611131b52e,Joyce Murray,Joyce Murray,joyce.murray@parl.gc.ca,joycemurray,,Liberal,liberal,area/british_columbia_(vancouver_quadra),British Columbia (Vancouver Quadra),House of Commons,41,,,http://www.parl.gc.ca/Parliamentarians/Images/OfficialMPPhotos/41/MurrayJoyce_Lib.jpg,female
c9a40139-70a1-4507-99c2-fa85270d2fce,Judy Foote,Judy Foote,judy.foote@parl.gc.ca,JudyFooteMP,,Liberal,liberal,area/newfoundland_and_labrador_(random—burin—st._george's),Newfoundland and Labrador (Random—Burin—St. George's),House of Commons,41,,,http://www.parl.gc.ca/Parliamentarians/Images/OfficialMPPhotos/41/FooteJudy_Lib.jpg,female
eb767097-82fd-46e7-8215-c57cdf685e86,Judy Sgro,Judy Sgro,judy.sgro@parl.gc.ca,JudySgroMP,,Liberal,liberal,area/ontario_(york_west),Ontario (York West),House of Commons,41,,,http://www.parl.gc.ca/Parliamentarians/Images/OfficialMPPhotos/41/SgroJudy_Lib.jpg,female
2dd51bb6-ad2c-49d7-b792-94b27ca9fe8f,Julian Fantino,Julian Fantino,julian.fantino@parl.gc.ca,,,Conservative,conservative,area/ontario_(vaughan),Ontario (Vaughan),House of Commons,41,,,http://www.parl.gc.ca/Parliamentarians/Images/OfficialMPPhotos/41/FantinoJulian_CPC.jpg,male
b223d01e-1fd4-463b-a320-558a21f95114,Justin Trudeaup,Justin Trudeaup,,,,Liberal,liberal,area/quebec_(papineau),Quebec (Papineau),House of Commons,41,,,,
6bc577b1-bca9-4354-b0f5-b929f11812d0,Keith Ashfield,Keith Ashfield,keith.ashfield@parl.gc.ca,,,Conservative,conservative,area/new_brunswick_(fredericton),New Brunswick (Fredericton),House of Commons,41,,,http://www.parl.gc.ca/Parliamentarians/Images/OfficialMPPhotos/41/AshfieldKeith_CPC.jpg,male
b626e613-d46a-4e50-83da-e1bec89bdff8,Kellie Leitch,Kellie Leitch,Kellie.Leitch@parl.gc.ca,KellieLeitch,,Conservative,conservative,area/ontario_(simcoe—grey),Ontario (Simcoe—Grey),House of Commons,41,,,http://www.parl.gc.ca/Parliamentarians/Images/OfficialMPPhotos/41/LeitchKellie_CPC.jpg,female
54193c09-4c26-466b-8c21-da7d4ecb5fe6,Kelly Block,Kelly Block,kelly.block@parl.gc.ca,KellyBlockmp,,Conservative,conservative,area/saskatchewan_(saskatoon—rosetown—biggar),Saskatchewan (Saskatoon—Rosetown—Biggar),House of Commons,41,,,http://www.parl.gc.ca/Parliamentarians/Images/OfficialMPPhotos/41/BlockKelly_CPC.jpg,female
dcaaddac-9cbd-4c67-b9b0-c1a4dca9021f,Kennedy Stewart,Kennedy Stewart,Kennedy.Stewart@parl.gc.ca,kennedystewart,,NDP,ndp,area/british_columbia_(burnaby—douglas),British Columbia (Burnaby—Douglas),House of Commons,41,,,http://www.parl.gc.ca/Parliamentarians/Images/OfficialMPPhotos/41/StewartKennedy_NDP.jpg,male
e0270546-4124-424c-b47b-062021257e55,Kerry-Lynne Findlay,Kerry-Lynne Findlay,Kerry-Lynne.Findlay@parl.gc.ca,,,Conservative,conservative,area/british_columbia_(delta—richmond_east),British Columbia (Delta—Richmond East),House of Commons,41,,,http://www.parl.gc.ca/Parliamentarians/Images/OfficialMPPhotos/41/FindlayKerryLynneD_CPC.jpg,female
6503b258-44e4-4f0a-a2eb-3f45e84a526c,Kevin Lamoureux,Kevin Lamoureux,kevin.lamoureux@parl.gc.ca,Kevin_Lamoureux,,Liberal,liberal,area/manitoba_(winnipeg_north),Manitoba (Winnipeg North),House of Commons,41,,,http://www.parl.gc.ca/Parliamentarians/Images/OfficialMPPhotos/41/LamoureuxKevin_Lib.jpg,male
ded42049-9707-48ae-b52c-be67f1a26f8a,Kevin Sorenson,Kevin Sorenson,kevin.sorenson@parl.gc.ca,KevinASorenson,,Conservative,conservative,area/alberta_(crowfoot),Alberta (Crowfoot),House of Commons,41,,,http://www.parl.gc.ca/Parliamentarians/Images/OfficialMPPhotos/41/SorensonKevin_CPC.jpg,male
f3920efe-bc1e-4818-b628-7705cbf9788f,Kirsty Duncan,Kirsty Duncan,kirsty.duncan@parl.gc.ca,KirstyDuncanMP,,Liberal,liberal,area/ontario_(etobicoke_north),Ontario (Etobicoke North),House of Commons,41,,,http://www.parl.gc.ca/Parliamentarians/Images/OfficialMPPhotos/41/DuncanKirsty_Lib.jpg,female
1a190bd2-4f4d-4a72-b3b2-704013bcd210,Kyle Seeback,Kyle Seeback,Kyle.Seeback@parl.gc.ca,,,Conservative,conservative,area/ontario_(brampton_west),Ontario (Brampton West),House of Commons,41,,,http://www.parl.gc.ca/Parliamentarians/Images/OfficialMPPhotos/41/SeebackKyle_CPC.jpg,male
c7e5b252-4103-43bf-8463-42ce822fb910,LaVar Payne,LaVar Payne,lavar.payne@parl.gc.ca,LaVarMP,,Conservative,conservative,area/alberta_(medicine_hat),Alberta (Medicine Hat),House of Commons,41,,,http://www.parl.gc.ca/Parliamentarians/Images/OfficialMPPhotos/41/PayneLaVar_CPC.jpg,male
df7133b9-95ca-4b7d-99d6-d91cf8fb3481,Larry Maguire,Larry Maguire,Larry.Maguire@parl.gc.ca,LarryMaguireMP,,Conservative,conservative,area/manitoba_(brandon—souris),Manitoba (Brandon—Souris),House of Commons,41,,2013-11-25,http://www.parl.gc.ca/Parliamentarians/Images/OfficialMPPhotos/41/MaguireLarry_CPC.jpg,male
cc2066d5-80cd-4469-bf94-4ef2aca361ee,Larry Miller,Larry Miller,larry.miller@parl.gc.ca,LarryMillerMP,,Conservative,conservative,area/ontario_(bruce—grey—owen_sound),Ontario (Bruce—Grey—Owen Sound),House of Commons,41,,,http://www.parl.gc.ca/Parliamentarians/Images/OfficialMPPhotos/41/MillerLarry_CPC.jpg,male
6a1a9017-c153-4ac6-aa64-9a440db1b8b7,Laurie Hawn,Laurie Hawn,laurie.hawn@parl.gc.ca,,,Conservative,conservative,area/alberta_(edmonton_centre),Alberta (Edmonton Centre),House of Commons,41,,,http://www.parl.gc.ca/Parliamentarians/Images/OfficialMPPhotos/41/HawnLaurie_CPC.jpg,male
a1c47ed8-11d7-4fba-b5a7-d305c79ac0c0,Laurin Liu,Laurin Liu,Laurin.Liu@parl.gc.ca,,,NDP,ndp,area/quebec_(rivière-des-mille-Îles),Quebec (Rivière-des-Mille-Îles),House of Commons,41,,,http://www.parl.gc.ca/Parliamentarians/Images/OfficialMPPhotos/41/LiuLaurin_NDP.jpg,female
3c268e35-037f-424f-b62e-9b7de540a28a,Lawrence MacAulay,Lawrence MacAulay,lawrence.macaulay@parl.gc.ca,L_MacAulay,,Liberal,liberal,area/prince_edward_island_(cardigan),Prince Edward Island (Cardigan),House of Commons,41,,,http://www.parl.gc.ca/Parliamentarians/Images/OfficialMPPhotos/41/MacAulayLawrenceA_Lib.jpg,male
415884bd-c355-45f7-93f9-c1fc91cb8fc2,Lawrence Toet,Lawrence Toet,Lawrence.Toet@parl.gc.ca,,,Conservative,conservative,area/manitoba_(elmwood—transcona),Manitoba (Elmwood—Transcona),House of Commons,41,,,http://www.parl.gc.ca/Parliamentarians/Images/OfficialMPPhotos/41/ToetLawrence_CPC.jpg,male
548581f0-0dd5-485a-90a6-9d50c5a359a2,Lee Richardson,Lee Richardson,,,,Conservative,conservative,area/alberta_(calgary_centre),Alberta (Calgary Centre),House of Commons,41,2012-05-30,,https://upload.wikimedia.org/wikipedia/commons/f/fd/Lee_Richardson.jpg,male
01f25b42-96af-44d8-a5f7-dd014682a8ec,Leon Benoit,Leon Benoit,leon.benoit@parl.gc.ca,,,Conservative,conservative,area/alberta_(vegreville—wainwright),Alberta (Vegreville—Wainwright),House of Commons,41,,,http://www.parl.gc.ca/Parliamentarians/Images/OfficialMPPhotos/41/BenoitLeonEarl_CPC.jpg,male
1522ee0b-0044-4c08-a0b3-de3bb9de19be,Leona Aglukkaq,Leona Aglukkaq,leona.aglukkaq@parl.gc.ca,,,Conservative,conservative,area/the_north_(nunavut),The North (Nunavut),House of Commons,41,,,http://www.parl.gc.ca/Parliamentarians/Images/OfficialMPPhotos/41/AglukkaqLeona_CPC.jpg,female
b3754a4a-3197-47be-84ee-307d3c23543b,Libby Davies,Libby Davies,libby.davies@parl.gc.ca,,,NDP,ndp,area/british_columbia_(vancouver_east),British Columbia (Vancouver East),House of Commons,41,,,http://www.parl.gc.ca/Parliamentarians/Images/OfficialMPPhotos/41/DaviesLibby_NDP.jpg,female
480897b4-fcbf-40a3-9ee2-e58dcc9fe716,Linda Duncan,Linda Duncan,linda.duncan@parl.gc.ca,LindaDuncanMP,,NDP,ndp,area/alberta_(edmonton—strathcona),Alberta (Edmonton—Strathcona),House of Commons,41,,,http://www.parl.gc.ca/Parliamentarians/Images/OfficialMPPhotos/41/DuncanLindaFrancis_NDP.jpg,female
c4c03be4-a9d4-4c56-b36e-acd490c45e1a,Lisa Raitt,Lisa Raitt,lisa.raitt@parl.gc.ca,lraitt,,Conservative,conservative,area/ontario_(halton),Ontario (Halton),House of Commons,41,,,http://www.parl.gc.ca/Parliamentarians/Images/OfficialMPPhotos/41/RaittLisa_CPC.jpg,female
25ea20cd-a3cf-4589-80f9-4a59776ed981,Lise St-Denis,Lise St-Denis,Lise.St-Denis@parl.gc.ca,,,NDP,ndp,area/quebec_(saint-maurice—champlain),Quebec (Saint-Maurice—Champlain),House of Commons,41,,,http://www.parl.gc.ca/Parliamentarians/Images/OfficialMPPhotos/41/St-DenisLise_NDP.jpg,female
e47fa386-ec3d-47d7-8b30-347595cb3c1f,Lois Brown,Lois Brown,lois.brown@parl.gc.ca,MPLoisBrown,,Conservative,conservative,area/ontario_(newmarket—aurora),Ontario (Newmarket—Aurora),House of Commons,41,,,http://www.parl.gc.ca/Parliamentarians/Images/OfficialMPPhotos/41/BrownLois_CPC.jpg,female
263d9b7d-f31d-4bd0-bab9-54365291302a,Louis Plamondon,Louis Plamondon,louis.plamondon@parl.gc.ca,,,Bloc Québécois,bloc_québécois,area/quebec_(bas-richelieu—nicolet—bécancour),Quebec (Bas-Richelieu—Nicolet—Bécancour),House of Commons,41,,,http://www.parl.gc.ca/Parliamentarians/Images/OfficialMPPhotos/41/PlamondonLouis_BQ.jpg,male
9c877f45-a5d8-4e5f-a718-58951edb20ee,Lynne Yelich,Lynne Yelich,lynne.yelich@parl.gc.ca,Lynne_Yelich,,Conservative,conservative,area/saskatchewan_(blackstrap),Saskatchewan (Blackstrap),House of Commons,41,,,http://www.parl.gc.ca/Parliamentarians/Images/OfficialMPPhotos/41/YelichLynne_CPC.jpg,female
71cee986-191e-412b-a062-b8360fc0d82b,Lysane Blanchette-Lamothe,Lysane Blanchette-Lamothe,Lysane.Blanchette-Lamothe@parl.gc.ca,,,NDP,ndp,area/quebec_(pierrefonds—dollard),Quebec (Pierrefonds—Dollard),House of Commons,41,,,http://www.parl.gc.ca/Parliamentarians/Images/OfficialMPPhotos/41/BlanchetteLamotheLysane_NDP.jpg,female
01e2191f-b2dd-41fd-b921-bdd2a0938e8c,Malcolm Allen,Malcolm Allen,malcolm.allen@parl.gc.ca,,,NDP,ndp,area/ontario_(welland),Ontario (Welland),House of Commons,41,,,http://www.parl.gc.ca/Parliamentarians/Images/OfficialMPPhotos/41/AllenMalcolm_NDP.jpg,male
692164a2-cbe5-4250-8178-a36dfc6371ca,Manon Perreault,Manon Perreault,Manon.Perreault@parl.gc.ca,,,NDP,ndp,area/quebec_(montcalm),Quebec (Montcalm),House of Commons,41,,,http://www.parl.gc.ca/Parliamentarians/Images/OfficialMPPhotos/41/PerreaultManon_NDP.jpg,female
d1b89a61-7b8d-4bef-aba2-c4683f9f2ea9,Marc Garneau,Marc Garneau,marc.garneau@parl.gc.ca,MarcGarneau,,Liberal,liberal,area/quebec_(westmount—ville-marie),Quebec (Westmount—Ville-Marie),House of Commons,41,,,http://www.parl.gc.ca/Parliamentarians/Images/OfficialMPPhotos/41/GarneauMarc_Lib.jpg,male
87d5b470-fd96-4cd2-8b26-01d6b774e72d,Marc-André Morin,Marc-André Morin,Marc-Andre.Morin@parl.gc.ca,,,NDP,ndp,area/quebec_(laurentides—labelle),Quebec (Laurentides—Labelle),House of Commons,41,,,http://www.parl.gc.ca/Parliamentarians/Images/OfficialMPPhotos/41/MorinMarcAndré_NDP.jpg,male
f11e49dc-fab9-4aac-9fea-2cca465280e9,Maria Mourani,Maria Mourani,maria.mourani@parl.gc.ca,,,Bloc Québécois,bloc_québécois,area/quebec_(ahuntsic),Quebec (Ahuntsic),House of Commons,41,,,http://www.parl.gc.ca/Parliamentarians/Images/OfficialMPPhotos/41/MouraniMaria_BQ.jpg,female
3437b6b6-cf83-4334-83e2-76690832aaaa,Marie-Claude Morin,Marie-Claude Morin,Marie-Claude.Morin@parl.gc.ca,,,NDP,ndp,area/quebec_(saint-hyacinthe—bagot),Quebec (Saint-Hyacinthe—Bagot),House of Commons,41,,,http://www.parl.gc.ca/Parliamentarians/Images/OfficialMPPhotos/41/MorinMarieClaude_NDP.jpg,female
d5ba23a3-b83c-4b47-85d9-103bac5b9819,Marjolaine Boutin-Sweet,Marjolaine Boutin-Sweet,Marjolaine.Boutin-Sweet@parl.gc.ca,MarjBoutinSweet,,NDP,ndp,area/quebec_(hochelaga),Quebec (Hochelaga),House of Commons,41,,,http://www.parl.gc.ca/Parliamentarians/Images/OfficialMPPhotos/41/BoutinSweetMarjolaine_NDP.jpg,female
bbd2c72c-64c4-40b0-8b67-e45119436f44,Mark Adler,Mark Adler,Mark.Adler@parl.gc.ca,,,Conservative,conservative,area/ontario_(york_centre),Ontario (York Centre),House of Commons,41,,,http://www.parl.gc.ca/Parliamentarians/Images/OfficialMPPhotos/41/AdlerMark_CPC.jpg,male
210ba9d9-e5b1-42df-8e0d-5818294b37a9,Mark Eyking,Mark Eyking,mark.eyking@parl.gc.ca,MarkEyking_MP,,Liberal,liberal,area/nova_scotia_(sydney—victoria),Nova Scotia (Sydney—Victoria),House of Commons,41,,,http://www.parl.gc.ca/Parliamentarians/Images/OfficialMPPhotos/41/EykingMark_Lib.jpg,male
7e79b4bd-9b30-4aa1-800d-2e6aafa9944e,Mark Strahl,Mark Strahl,Mark.Strahl@parl.gc.ca,markstrahl,,Conservative,conservative,area/british_columbia_(chilliwack—fraser_canyon),British Columbia (Chilliwack—Fraser Canyon),House of Commons,41,,,http://www.parl.gc.ca/Parliamentarians/Images/OfficialMPPhotos/41/StrahlMark_CPC.jpg,male
439e2e9a-6243-41ac-acf1-977669b88f9f,Mark Warawa,Mark Warawa,mark.warawa@parl.gc.ca,MPmarkwarawa,,Conservative,conservative,area/british_columbia_(langley),British Columbia (Langley),House of Commons,41,,,http://www.parl.gc.ca/Parliamentarians/Images/OfficialMPPhotos/41/WarawaMark_CPC.jpg,male
2c6331b3-3233-4faa-9995-b6f760538f39,Massimo Pacetti,Massimo Pacetti,massimo.pacetti@parl.gc.ca,,,Liberal,liberal,area/quebec_(saint-léonard—saint-michel),Quebec (Saint-Léonard—Saint-Michel),House of Commons,41,,,http://www.parl.gc.ca/Parliamentarians/Images/OfficialMPPhotos/41/PacettiMassimo_Lib.jpg,male
82a90ce8-4e49-4a46-a396-6680e56822ad,Mathieu Ravignat,Mathieu Ravignat,Mathieu.Ravignat@parl.gc.ca,,,NDP,ndp,area/quebec_(pontiac),Quebec (Pontiac),House of Commons,41,,,http://www.parl.gc.ca/Parliamentarians/Images/OfficialMPPhotos/41/RavignatMathieu_NDP.jpg,male
3b7418a6-991c-42d4-86bb-192177679fcc,Matthew Dubé,Matthew Dubé,Matthew.Dube@parl.gc.ca,MattDube,,NDP,ndp,area/quebec_(chambly—borduas),Quebec (Chambly—Borduas),House of Commons,41,,,http://www.parl.gc.ca/Parliamentarians/Images/OfficialMPPhotos/41/DubeMatthew_NDP.jpg,male
53bf37f5-0d8e-4b08-92ee-2ff988feeeb5,Matthew Kellway,Matthew Kellway,Matthew.Kellway@parl.gc.ca,,,NDP,ndp,area/ontario_(beaches—east_york),Ontario (Beaches—East York),House of Commons,41,,,http://www.parl.gc.ca/Parliamentarians/Images/OfficialMPPhotos/41/KellwayMatthew_NDP.jpg,male
a8fc964e-c9bc-486c-bbd3-24c3a4764683,Maurice Vellacott,Maurice Vellacott,maurice.vellacott@parl.gc.ca,,,Conservative,conservative,area/saskatchewan_(saskatoon—wanuskewin),Saskatchewan (Saskatoon—Wanuskewin),House of Commons,41,,,http://www.parl.gc.ca/Parliamentarians/Images/OfficialMPPhotos/41/VellacottMaurice_CPC.jpg,male
c5391105-42ab-4b5c-8de0-3d8c42205e12,Mauril Bélanger,Mauril Bélanger,mauril.belanger@parl.gc.ca,Mauril_Belanger,,Liberal,liberal,area/ontario_(ottawa—vanier),Ontario (Ottawa—Vanier),House of Commons,41,,,http://www.parl.gc.ca/Parliamentarians/Images/OfficialMPPhotos/41/BélangerMauril_Lib.jpg,male
d48c5536-722f-4f54-b8b9-ea43a0e1bec2,Maxime Bernier,Maxime Bernier,maxime.bernier@parl.gc.ca,MaximeBernier,,Conservative,conservative,area/quebec_(beauce),Quebec (Beauce),House of Commons,41,,,http://www.parl.gc.ca/Parliamentarians/Images/OfficialMPPhotos/41/BernierMaxime_CPC.jpg,male
234ab59a-4afe-4022-ae04-c98a83591bfa,Megan Leslie,Megan Leslie,megan.leslie@parl.gc.ca,,,NDP,ndp,area/nova_scotia_(halifax),Nova Scotia (Halifax),House of Commons,41,,,http://www.parl.gc.ca/Parliamentarians/Images/OfficialMPPhotos/41/LeslieMegan_NDP.jpg,female
25bc592f-0c9f-469b-aa6b-703abfc171ff,Merv Tweed,Merv Tweed,,,,Conservative,conservative,area/manitoba_(brandon—souris),Manitoba (Brandon—Souris),House of Commons,41,2013-08-31,,,male
00e911f6-0d61-467a-a96d-33257c7f0bf1,Michael Chong,Michael Chong,michael.chong@parl.gc.ca,MichaelChongMP,,Conservative,conservative,area/ontario_(wellington—halton_hills),Ontario (Wellington—Halton Hills),House of Commons,41,,,http://www.parl.gc.ca/Parliamentarians/Images/OfficialMPPhotos/41/ChongMichaelD_CPC.jpg,male
c72cf528-1bf2-409c-acb0-83045cc11899,Michelle Rempel,Michelle Rempel,Michelle.Rempel@parl.gc.ca,MichelleRempel,,Conservative,conservative,area/alberta_(calgary_centre-north),Alberta (Calgary Centre-North),House of Commons,41,,,http://www.parl.gc.ca/Parliamentarians/Images/OfficialMPPhotos/41/RempelMichelle_CPC.jpg,female
88b4f952-0374-4164-ac59-cf98a895ee03,Mike Allen,Mike Allen,mike.allen@parl.gc.ca,,,Conservative,conservative,area/new_brunswick_(tobique—mactaquac),New Brunswick (Tobique—Mactaquac),House of Commons,41,,,http://www.parl.gc.ca/Parliamentarians/Images/OfficialMPPhotos/41/AllenMike_CPC.jpg,male
9fee3d24-be5e-497d-8fae-edc121e1aa57,Mike Lake,Mike Lake,mike.lake@parl.gc.ca,MikeLakeMP,,Conservative,conservative,area/alberta_(edmonton—mill_woods—beaumont),Alberta (Edmonton—Mill Woods—Beaumont),House of Commons,41,,,http://www.parl.gc.ca/Parliamentarians/Images/OfficialMPPhotos/41/LakeMike_CPC.jpg,male
fb5f4355-e9a9-4e78-bfc7-cdc0e8612f4e,Mike Sullivan,Mike Sullivan,Mike.Sullivan@parl.gc.ca,,,NDP,ndp,area/ontario_(york_south—weston),Ontario (York South—Weston),House of Commons,41,,,http://www.parl.gc.ca/Parliamentarians/Images/OfficialMPPhotos/41/SullivanMike_NDP.jpg,male
ab6b03d6-349f-4604-be4b-022b8d730b96,Mike Wallace,Mike Wallace,mike.wallace@parl.gc.ca,MikeWallaceMP,,Conservative,conservative,area/ontario_(burlington),Ontario (Burlington),House of Commons,41,,,http://www.parl.gc.ca/Parliamentarians/Images/OfficialMPPhotos/41/WallaceMike_CPC.jpg,male
d4d5543f-3c92-46b6-8a4d-4d4a3db884ef,Murray Rankin,Murray Rankin,Murray.Rankin@parl.gc.ca,MurrayRankin,,NDP,ndp,area/british_columbia_(victoria),British Columbia (Victoria),House of Commons,41,,2012-11-26,http://www.parl.gc.ca/Parliamentarians/Images/OfficialMPPhotos/41/MurrayRankin_NDP.jpg,male
5bac9fc1-edbe-4441-a7be-dc18c116bb84,Mylène Freeman,Mylène Freeman,Mylene.Freeman@parl.gc.ca,,,NDP,ndp,area/quebec_(argenteuil—papineau—mirabel),Quebec (Argenteuil—Papineau—Mirabel),House of Commons,41,,,http://www.parl.gc.ca/Parliamentarians/Images/OfficialMPPhotos/41/FreemanMylène_NDP.jpg,female
776183ba-fd4c-4ce4-bf26-43b324a75d19,Nathan Cullen,Nathan Cullen,nathan.cullen@parl.gc.ca,nathancullen,,NDP,ndp,area/british_columbia_(skeena—bulkley_valley),British Columbia (Skeena—Bulkley Valley),House of Commons,41,,,http://www.parl.gc.ca/Parliamentarians/Images/OfficialMPPhotos/41/CullenNathan_NDP.jpg,male
e4d5f9ca-8dbc-4dec-b845-6f4786fb4145,Niki Ashton,Niki Ashton,niki.ashton@parl.gc.ca,nikiashton,,NDP,ndp,area/manitoba_(churchill),Manitoba (Churchill),House of Commons,41,,,http://www.parl.gc.ca/Parliamentarians/Images/OfficialMPPhotos/41/AshtonNiki_NDP.jpg,female
76caf481-a583-42d5-8b60-6354bb47d8ec,Nina Grewal,Nina Grewal,nina.grewal@parl.gc.ca,,,Conservative,conservative,area/british_columbia_(fleetwood—port_kells),British Columbia (Fleetwood—Port Kells),House of Commons,41,,,http://www.parl.gc.ca/Parliamentarians/Images/OfficialMPPhotos/41/GrewalNina_CPC.jpg,female
5050ccdb-4e93-47eb-84aa-f24843cf3198,Nycole Turmell,Nycole Turmell,Nycole.Turmel@parl.gc.ca,,,NDP,ndp,area/quebec_(hull—aylmer),Quebec (Hull—Aylmer),House of Commons,41,,,http://www.parl.gc.ca/Parliamentarians/Images/OfficialMPPhotos/41/TurmelNycole_NDP.jpg,female
2d2838f0-a7a8-43fc-b6d5-ee28c81b58e7,Olivia Chow,Olivia Chow,,oliviachow,,NDP,ndp,area/ontario_(trinity—spadina),Ontario (Trinity—Spadina),House of Commons,41,2014-03-12,,https://upload.wikimedia.org/wikipedia/commons/6/67/Olivia_Chow_2014.jpg,female
6708ac13-b24d-4c4a-be8e-82b6d2f6fb09,Parm Gill,Parm Gill,Parm.Gill@parl.gc.ca,,,Conservative,conservative,area/ontario_(brampton—springdale),Ontario (Brampton—Springdale),House of Commons,41,,,http://www.parl.gc.ca/Parliamentarians/Images/OfficialMPPhotos/41/GillParm_CPC.jpg,male
70af30fd-9f6e-4458-bfbc-e510b22ff7e5,Pat Davidson,Pat Davidson,pat.davidson@parl.gc.ca,,,Conservative,conservative,area/ontario_(sarnia—lambton),Ontario (Sarnia—Lambton),House of Commons,41,,,http://www.parl.gc.ca/Parliamentarians/Images/OfficialMPPhotos/41/DavidsonPatricia_CPC.jpg,female
90f5c657-3dfe-4cf7-b20c-f0973c36470d,Pat Martin,Pat Martin,pat.martin@parl.gc.ca,,,NDP,ndp,area/manitoba_(winnipeg_centre),Manitoba (Winnipeg Centre),House of Commons,41,,,http://www.parl.gc.ca/Parliamentarians/Images/OfficialMPPhotos/41/MartinPat_NDP.jpg,male
8e36c079-abf2-4bf4-b00d-f9adeae6abc9,Pat Perkins,Pat Perkins,Pat.Perkins@parl.gc.ca,,,Conservative,conservative,area/ontario_(whitby—oshawa),Ontario (Whitby—Oshawa),House of Commons,41,,2014-11-17,http://www.parl.gc.ca/Parliamentarians/Images/OfficialMPPhotos/41/PerkinsPatricia_CPC.jpg,female
7896f508-5174-4036-bc9b-5e5eb7a59236,Patrick Brown,Patrick Brown,patrick.brown@parl.gc.ca,brownbarrie,,Conservative,conservative,area/ontario_(barrie),Ontario (Barrie),House of Commons,41,2015-05-13,,https://upload.wikimedia.org/wikipedia/commons/a/ac/Patrick-Brown-Cropped.jpg,male
197fdf66-4539-4adf-934c-43b816321b27,Paul Calandra,Paul Calandra,paul.calandra@parl.gc.ca,PaulCalandra,,Conservative,conservative,area/ontario_(oak_ridges—markham),Ontario (Oak Ridges—Markham),House of Commons,41,,,http://www.parl.gc.ca/Parliamentarians/Images/OfficialMPPhotos/41/CalandraPaul_CPC.jpg,male
0f4f610f-fed5-4a73-8cb6-d7a043d92b5d,Paul Dewar,Paul Dewar,paul.dewar@parl.gc.ca,,,NDP,ndp,area/ontario_(ottawa_centre),Ontario (Ottawa Centre),House of Commons,41,,,http://www.parl.gc.ca/Parliamentarians/Images/OfficialMPPhotos/41/DewarPaul_NDP.jpg,male
2d7fd84b-eeee-474d-940a-43d4b3b2f723,Paulina Ayala,Paulina Ayala,Paulina.Ayala@parl.gc.ca,,,NDP,ndp,area/quebec_(honoré-mercier),Quebec (Honoré-Mercier),House of Commons,41,,,http://www.parl.gc.ca/Parliamentarians/Images/OfficialMPPhotos/41/AyalaPaulina_NDP.jpg,female
068258a1-bc33-4aff-a6b2-0fedef096d0c,Peggy Nash,Peggy Nash,Peggy.Nash@parl.gc.ca,,,NDP,ndp,area/ontario_(parkdale—high_park),Ontario (Parkdale—High Park),House of Commons,41,,,http://www.parl.gc.ca/Parliamentarians/Images/OfficialMPPhotos/41/NashPeggy_NDP.jpg,female
1111fae9-515a-4fe3-89f0-7411b83c0151,Peter Braid,Peter Braid,peter.braid@parl.gc.ca,,,Conservative,conservative,area/ontario_(kitchener—waterloo),Ontario (Kitchener—Waterloo),House of Commons,41,,,http://www.parl.gc.ca/Parliamentarians/Images/OfficialMPPhotos/41/BraidPeter_CPC.jpg,male
89b4c8df-ddd8-4ba7-87a0-16b006687ec0,Peter Goldring,Peter Goldring,peter.goldring@parl.gc.ca,,,Conservative,conservative,area/alberta_(edmonton_east),Alberta (Edmonton East),House of Commons,41,,,http://www.parl.gc.ca/Parliamentarians/Images/OfficialMPPhotos/41/GoldringPeter_CPC.jpg,male
a4c65aca-6db5-4f49-8bc9-55269215d007,Peter Julian,Peter Julian,peter.julian@parl.gc.ca,MPJulian,,NDP,ndp,area/british_columbia_(burnaby—new_westminster),British Columbia (Burnaby—New Westminster),House of Commons,41,,,http://www.parl.gc.ca/Parliamentarians/Images/OfficialMPPhotos/41/JulianPeter_NDP.jpg,male
73712677-6c29-4b11-8671-e06d62c24cbf,Peter Kent,Peter Kent,peter.kent@parl.gc.ca,KentThornhillMP,,Conservative,conservative,area/ontario_(thornhill),Ontario (Thornhill),House of Commons,41,,,http://www.parl.gc.ca/Parliamentarians/Images/OfficialMPPhotos/41/KentPeter_CPC.jpg,male
11912bc7-f2f0-4687-a1f2-e695aea5cd25,Peter MacKay,Peter MacKay,peter.mackay@parl.gc.ca,,,Conservative,conservative,area/nova_scotia_(central_nova),Nova Scotia (Central Nova),House of Commons,41,,,http://www.parl.gc.ca/Parliamentarians/Images/OfficialMPPhotos/41/MacKayPeterGordon_CPC.jpg,male
aebde3d3-d3cf-493e-8d69-5e9f59e31b3a,Peter Penashue,Peter Penashue,,PeterPenashue,,Conservative,conservative,area/newfoundland_and_labrador_(labrador),Newfoundland and Labrador (Labrador),House of Commons,41,2013-03-14,,,male
a9210132-6cab-4b85-97c6-32310855c513,Peter Stoffer,Peter Stoffer,peter.stoffer@parl.gc.ca,,,NDP,ndp,area/nova_scotia_(sackville—eastern_shore),Nova Scotia (Sackville—Eastern Shore),House of Commons,41,,,http://www.parl.gc.ca/Parliamentarians/Images/OfficialMPPhotos/41/StofferPeterArend_NDP.jpg,male
f4f1ff77-8ece-415f-b4d3-fdd4536488f4,Peter Van Loan,Peter Van Loan,peter.vanloan@parl.gc.ca,PeterVanLoan,,Conservative,conservative,area/ontario_(york—simcoe),Ontario (York—Simcoe),House of Commons,41,,,http://www.parl.gc.ca/Parliamentarians/Images/OfficialMPPhotos/41/VanLoanPeter_CPC.jpg,male
908c94ee-347a-409c-b5ed-f2e6b97ac3be,Phil McColeman,Phil McColeman,phil.mccoleman@parl.gc.ca,Phil4Brant,,Conservative,conservative,area/ontario_(brant),Ontario (Brant),House of Commons,41,,,http://www.parl.gc.ca/Parliamentarians/Images/OfficialMPPhotos/41/McColemanPhil_CPC.jpg,male
b160b1fc-53d5-4ee3-88e9-8dbc0dafc0f3,Philip Toone,Philip Toone,Philip.Toone@parl.gc.ca,,,NDP,ndp,area/quebec_(gaspésie—Îles-de-la-madeleine),Quebec (Gaspésie—Îles-de-la-Madeleine),House of Commons,41,,,http://www.parl.gc.ca/Parliamentarians/Images/OfficialMPPhotos/41/ToonePhilip_NDP.jpg,male
e320e0c2-8962-48ab-82f6-c78e9550684f,Pierre Dionne Labelle,Pierre Dionne Labelle,Pierre.DionneLabelle@parl.gc.ca,,,NDP,ndp,area/quebec_(rivière-du-nord),Quebec (Rivière-du-Nord),House of Commons,41,,,http://www.parl.gc.ca/Parliamentarians/Images/OfficialMPPhotos/41/DionneLabellePierre_NDP.jpg,male
e3969698-80dd-4e17-9027-facb40d3595b,Pierre Jacob,Pierre Jacob,Pierre.Jacob@parl.gc.ca,,,NDP,ndp,area/quebec_(brome—missisquoi),Quebec (Brome—Missisquoi),House of Commons,41,,,http://www.parl.gc.ca/Parliamentarians/Images/OfficialMPPhotos/41/JacobPierre_NDP.jpg,male
3d619626-6f62-4243-8e3a-2a85408ec1a5,Pierre Lemieux,Pierre Lemieux,pierre.lemieux@parl.gc.ca,,,Conservative,conservative,area/ontario_(glengarry—prescott—russell),Ontario (Glengarry—Prescott—Russell),House of Commons,41,,,http://www.parl.gc.ca/Parliamentarians/Images/OfficialMPPhotos/41/LemieuxPierre_CPC.jpg,male
0b42b5bb-2900-4398-8fba-5e8ee2ab11db,Pierre Nantel,Pierre Nantel,Pierre.Nantel@parl.gc.ca,pierrenantel,,NDP,ndp,area/quebec_(longueuil—pierre-boucher),Quebec (Longueuil—Pierre-Boucher),House of Commons,41,,,http://www.parl.gc.ca/Parliamentarians/Images/OfficialMPPhotos/41/NantelPierre_NDP.jpg,male
3205d3b0-c543-4ab7-bf03-8f5300d11a45,Pierre Poilievre,Pierre Poilievre,pierre.poilievre@parl.gc.ca,PierrePoilievre,,Conservative,conservative,area/ontario_(nepean—carleton),Ontario (Nepean—Carleton),House of Commons,41,,,http://www.parl.gc.ca/Parliamentarians/Images/OfficialMPPhotos/41/PoilievrePierre_CPC.jpg,male
f30d37d5-e5b8-43b4-81ca-7383834a1a1f,Pierre-Luc Dusseault,Pierre-Luc Dusseault,Pierre-Luc.Dusseault@parl.gc.ca,PLDusseault,,NDP,ndp,area/quebec_(sherbrooke),Quebec (Sherbrooke),House of Commons,41,,,http://www.parl.gc.ca/Parliamentarians/Images/OfficialMPPhotos/41/DusseaultPierreLuc_NDP.jpg,male
4842c8d2-87f6-496d-8214-5a60f393b1f9,Ralph Goodale,Ralph Goodale,ralph.goodale@parl.gc.ca,RalphGoodale,,Liberal,liberal,area/saskatchewan_(wascana),Saskatchewan (Wascana),House of Commons,41,,,http://www.parl.gc.ca/Parliamentarians/Images/OfficialMPPhotos/41/GoodaleRalphEdward_Lib.jpg,male
178b71a7-f194-4fc4-b9ca-0e0d063ada8c,Randall Garrison,Randall Garrison,Randall.Garrison@parl.gc.ca,r_garrison,,NDP,ndp,area/british_columbia_(esquimalt—juan_de_fuca),British Columbia (Esquimalt—Juan de Fuca),House of Commons,41,,,http://www.parl.gc.ca/Parliamentarians/Images/OfficialMPPhotos/41/GarrisonRandallC_NDP.jpg,male
b87d8e9c-28cb-4825-a0f2-23316a473e9d,Randy Hoback,Randy Hoback,randy.hoback@parl.gc.ca,MPRandyHoback,,Conservative,conservative,area/saskatchewan_(prince_albert),Saskatchewan (Prince Albert),House of Commons,41,,,http://www.parl.gc.ca/Parliamentarians/Images/OfficialMPPhotos/41/HobackRandy_CPC.jpg,male
dd4abb69-91a1-441d-b794-4dab1c363135,Randy Kamp,Randy Kamp,randy.kamp@parl.gc.ca,,,Conservative,conservative,area/british_columbia_(pitt_meadows—maple_ridge—mission),British Columbia (Pitt Meadows—Maple Ridge—Mission),House of Commons,41,,,http://www.parl.gc.ca/Parliamentarians/Images/OfficialMPPhotos/41/KampRandy_CPC.jpg,male
036ddd59-1375-4b42-925e-75dd1abeaa9e,Rathika Sitsabaiesan,Rathika Sitsabaiesan,Rathika.Sitsabaiesan@parl.gc.ca,,,NDP,ndp,area/ontario_(scarborough—rouge_river),Ontario (Scarborough—Rouge River),House of Commons,41,,,http://www.parl.gc.ca/Parliamentarians/Images/OfficialMPPhotos/41/SitsabaiesanRathika_NDP.jpg,female
f6b00a83-209a-4f63-9186-353a22406ab1,Ray Boughen,Ray Boughen,ray.boughen@parl.gc.ca,RayBoughenMP,,Conservative,conservative,area/saskatchewan_(palliser),Saskatchewan (Palliser),House of Commons,41,,,http://www.parl.gc.ca/Parliamentarians/Images/OfficialMPPhotos/41/BoughenRay_CPC.jpg,male
b5d0ab9c-c931-4497-b0ca-54ddabc6e042,Raymond Côté,Raymond Côté,Raymond.Cote@parl.gc.ca,,,NDP,ndp,area/quebec_(beauport—limoilou),Quebec (Beauport—Limoilou),House of Commons,41,,,http://www.parl.gc.ca/Parliamentarians/Images/OfficialMPPhotos/41/CôtéRaymond_NDP.jpg,male
1c4d9d54-fe7c-405d-a8a6-e873fa3d33f6,Richard Harris,Richard Harris,richard.harris@parl.gc.ca,,,Conservative,conservative,area/british_columbia_(cariboo—prince_george),British Columbia (Cariboo—Prince George),House of Commons,41,,,http://www.parl.gc.ca/Parliamentarians/Images/OfficialMPPhotos/41/HarrisRichardM_CPC.jpg,male
d61c0169-b371-481b-b5c7-6a4e38ff6d57,Rick Dykstra,Rick Dykstra,rick.dykstra@parl.gc.ca,,,Conservative,conservative,area/ontario_(st._catharines),Ontario (St. Catharines),House of Commons,41,,,http://www.parl.gc.ca/Parliamentarians/Images/OfficialMPPhotos/41/DykstraRichard_CPC.jpg,male
96aa12eb-09af-4c7c-8d6b-1a09f4b8917a,Rick Norlock,Rick Norlock,rick.norlock@parl.gc.ca,,,Conservative,conservative,area/ontario_(northumberland—quinte_west),Ontario (Northumberland—Quinte West),House of Commons,41,,,http://www.parl.gc.ca/Parliamentarians/Images/OfficialMPPhotos/41/NorlockRick_CPC.jpg,male
6b944e15-d3de-47c7-855a-0ff623020e25,Rob Anders,Rob Anders,rob.anders@parl.gc.ca,,,Conservative,conservative,area/alberta_(calgary_west),Alberta (Calgary West),House of Commons,41,,,http://www.parl.gc.ca/Parliamentarians/Images/OfficialMPPhotos/41/AndersRob_CPC.jpg,male
415a2239-aebb-4c14-86b2-a48f534c54b3,Rob Clarke,Rob Clarke,rob.clarke@parl.gc.ca,RobClarkeMP,,Conservative,conservative,area/saskatchewan_(desnethé—missinippi—churchill_river),Saskatchewan (Desnethé—Missinippi—Churchill River),House of Commons,41,,,http://www.parl.gc.ca/Parliamentarians/Images/OfficialMPPhotos/41/ClarkeRob_CPC.jpg,male
448c93e9-6936-48b3-93a4-978435ed4e4e,Rob Merrifield,Rob Merrifield,,,,Conservative,conservative,area/alberta_(yellowhead),Alberta (Yellowhead),House of Commons,41,2014-09-17,,,male
f51cedc6-184d-497b-abac-3c19e4fa5187,Rob Moore,Rob Moore,rob.moore@parl.gc.ca,RobMoore_CPC,,Conservative,conservative,area/new_brunswick_(fundy_royal),New Brunswick (Fundy Royal),House of Commons,41,,,http://www.parl.gc.ca/Parliamentarians/Images/OfficialMPPhotos/41/MooreRob_CPC.jpg,male
35821980-0266-4faf-b1db-36fd87570463,Rob Nicholson,Rob Nicholson,rob.nicholson@parl.gc.ca,HonRobNicholson,,Conservative,conservative,area/ontario_(niagara_falls),Ontario (Niagara Falls),House of Commons,41,,,http://www.parl.gc.ca/Parliamentarians/Images/OfficialMPPhotos/41/NicholsonRob_CPC.jpg,male
c7e5cae6-1437-402a-85de-699351e7bda9,Robert Aubin,Robert Aubin,Robert.Aubin@parl.gc.ca,RobertAubinNPD,,NDP,ndp,area/quebec_(trois-rivières),Quebec (Trois-Rivières),House of Commons,41,,,http://www.parl.gc.ca/Parliamentarians/Images/OfficialMPPhotos/41/AubinRobert_NDP.jpg,male
0cfd8e57-3169-40c5-8841-a78ab7a8ffe4,Robert Chisholm,Robert Chisholm,Robert.Chisholm@parl.gc.ca,,,NDP,ndp,area/nova_scotia_(dartmouth—cole_harbour),Nova Scotia (Dartmouth—Cole Harbour),House of Commons,41,,,http://www.parl.gc.ca/Parliamentarians/Images/OfficialMPPhotos/41/ChisholmRobert_NDP.jpg,male
22455a1f-fecb-4cdf-bec1-4c267b8c0b85,Robert Goguen,Robert Goguen,Robert.Goguen@parl.gc.ca,,,Conservative,conservative,area/new_brunswick_(moncton—riverview—dieppe),New Brunswick (Moncton—Riverview—Dieppe),House of Commons,41,,,http://www.parl.gc.ca/Parliamentarians/Images/OfficialMPPhotos/41/GoguenRobert_CPC.jpg,male
29a40105-7596-4c88-aad5-4a3103579710,Robert Sopuck,Robert Sopuck,robert.sopuck@parl.gc.ca,RobertSopuck,,Conservative,conservative,area/manitoba_(dauphin—swan_river—marquette),Manitoba (Dauphin—Swan River—Marquette),House of Commons,41,,,http://www.parl.gc.ca/Parliamentarians/Images/OfficialMPPhotos/41/SopuckRobert_CPC.jpg,male
3d658d39-edf6-451f-8ae8-b8ece19ddfc6,Rod Bruinooge,Rod Bruinooge,rod.bruinooge@parl.gc.ca,,,Conservative,conservative,area/manitoba_(winnipeg_south),Manitoba (Winnipeg South),House of Commons,41,,,http://www.parl.gc.ca/Parliamentarians/Images/OfficialMPPhotos/41/BruinoogeRod_CPC.jpg,male
d358cb1d-42c6-40fd-8638-a4091266ae1e,Rodger Cuzner,Rodger Cuzner,rodger.cuzner@parl.gc.ca,RodgerCuzner,,Liberal,liberal,area/nova_scotia_(cape_breton—canso),Nova Scotia (Cape Breton—Canso),House of Commons,41,,,http://www.parl.gc.ca/Parliamentarians/Images/OfficialMPPhotos/41/CuznerRodger_Lib.jpg,male
0174b01d-0339-4e06-a595-f0e4a6623431,Rodney Weston,Rodney Weston,rodney.weston@parl.gc.ca,,,Conservative,conservative,area/new_brunswick_(saint_john),New Brunswick (Saint John),House of Commons,41,,,http://www.parl.gc.ca/Parliamentarians/Images/OfficialMPPhotos/41/WestonRodney_CPC.jpg,male
9a98abea-fc2c-4295-bcd8-2a085f96b759,Roméo Saganash,Roméo Saganash,,,RomeoSaganash,NDP,ndp,area/quebec_(abitibi—baie-james—nunavik—eeyou),Quebec (Abitibi—Baie-James—Nunavik—Eeyou),House of Commons,41,,,https://upload.wikimedia.org/wikipedia/commons/1/1c/Romeo-Saganash-2012-NDP-Leadership-Convention.PNG,male
73efe9ae-9869-49be-94de-29c970a43cf8,Ron Cannan,Ron Cannan,ron.cannan@parl.gc.ca,,,Conservative,conservative,area/british_columbia_(kelowna—lake_country),British Columbia (Kelowna—Lake Country),House of Commons,41,,,http://www.parl.gc.ca/Parliamentarians/Images/OfficialMPPhotos/41/CannanRonald_CPC.jpg,male
493da50c-c1a5-499d-9b56-70126a49b99f,Rona Ambrose,Rona Ambrose,rona.ambrose@parl.gc.ca,RonaAmbrose,,Conservative,conservative,area/alberta_(edmonton—spruce_grove),Alberta (Edmonton—Spruce Grove),House of Commons,41,,,http://www.parl.gc.ca/Parliamentarians/Images/OfficialMPPhotos/41/AmbroseRona_CPC.jpg,female
73208e82-acb3-46be-9c3e-4ca15392136a,Rosane Doré Lefebvre,Rosane Doré Lefebvre,Rosane.DoreLefebvre@parl.gc.ca,,,NDP,ndp,area/quebec_(alfred-pellan),Quebec (Alfred-Pellan),House of Commons,41,,,http://www.parl.gc.ca/Parliamentarians/Images/OfficialMPPhotos/41/DoréLefebvreRosane_NDP.jpg,female
443a01a4-bb0b-4b94-a5d6-eb8104b3e9a0,Roxanne James,Roxanne James,Roxanne.James@parl.gc.ca,,,Conservative,conservative,area/ontario_(scarborough_centre),Ontario (Scarborough Centre),House of Commons,41,,,http://www.parl.gc.ca/Parliamentarians/Images/OfficialMPPhotos/41/JamesRoxanne_CPC.jpg,female
b715d20d-b040-4203-8809-ae42a19d59d7,Royal Galipeau,Royal Galipeau,royal.galipeau@parl.gc.ca,,,Conservative,conservative,area/ontario_(ottawa—orléans),Ontario (Ottawa—Orléans),House of Commons,41,,,http://www.parl.gc.ca/Parliamentarians/Images/OfficialMPPhotos/41/GalipeauRoyal_CPC.jpg,male
626d5a59-123a-4efa-b6ea-b0af895e2268,Russ Hiebert,Russ Hiebert,russ.hiebert@parl.gc.ca,,,Conservative,conservative,area/british_columbia_(south_surrey—white_rock—cloverdale),British Columbia (South Surrey—White Rock—Cloverdale),House of Commons,41,,,http://www.parl.gc.ca/Parliamentarians/Images/OfficialMPPhotos/41/HiebertRuss_CPC.jpg,male
7057b04f-1755-4029-9053-ed8c2fcb3273,Ruth Ellen Brosseau,Ruth Ellen Brosseau,RuthEllen.Brosseau@parl.gc.ca,RE_Brosseau,,NDP,ndp,area/quebec_(berthier—maskinongé),Quebec (Berthier—Maskinongé),House of Commons,41,,,http://www.parl.gc.ca/Parliamentarians/Images/OfficialMPPhotos/41/BrosseauRuthEllen_NDP.jpg,female
d7560073-fd82-4519-8e13-9784db5143f4,Ryan Cleary,Ryan Cleary,Ryan.Cleary@parl.gc.ca,,,NDP,ndp,area/newfoundland_and_labrador_(st._john's_south—mount_pearl),Newfoundland and Labrador (St. John's South—Mount Pearl),House of Commons,41,,,http://www.parl.gc.ca/Parliamentarians/Images/OfficialMPPhotos/41/ClearyRyan_NDP.jpg,male
48b6db2c-6816-4bae-9d16-85fed3cfc648,Ryan Leef,Ryan Leef,Ryan.Leef@parl.gc.ca,,,Conservative,conservative,area/the_north_(yukon),The North (Yukon),House of Commons,41,,,http://www.parl.gc.ca/Parliamentarians/Images/OfficialMPPhotos/41/LeefRyan_CPC.jpg,male
742cf1aa-abdd-4d5e-8e0f-aefeaf1f3628,Réjean Genest,Réjean Genest,Rejean.Genest@parl.gc.ca,,,NDP,ndp,area/quebec_(shefford),Quebec (Shefford),House of Commons,41,,,http://www.parl.gc.ca/Parliamentarians/Images/OfficialMPPhotos/41/GenestRéjean_NDP.jpg,male
888b6173-35a9-4013-af4d-4736f51ef4e1,Sadia Groguhé,Sadia Groguhé,Sadia.Groguhe@parl.gc.ca,,,NDP,ndp,area/quebec_(saint-lambert),Quebec (Saint-Lambert),House of Commons,41,,,http://www.parl.gc.ca/Parliamentarians/Images/OfficialMPPhotos/41/GroguheSadia_NDP.jpg,female
bc9b8d17-b4e9-4a00-a9b7-19b9f76d49c6,Sana Hassainia,Sana Hassainia,Sana.Hassainia@parl.gc.ca,,,NDP,ndp,area/quebec_(verchères—les_patriotes),Quebec (Verchères—Les Patriotes),House of Commons,41,,,http://www.parl.gc.ca/Parliamentarians/Images/OfficialMPPhotos/41/HassainiaSana_NDP.jpg,female
bb339676-688e-44cf-89c0-a9bb12ff84db,Scott Andrews,Scott Andrews,scott.andrews@parl.gc.ca,,,Liberal,liberal,area/newfoundland_and_labrador_(avalon),Newfoundland and Labrador (Avalon),House of Commons,41,,,http://www.parl.gc.ca/Parliamentarians/Images/OfficialMPPhotos/41/AndrewsScott_Lib.jpg,male
cf2279de-c20d-4b74-9562-09be88712c46,Scott Armstrong,Scott Armstrong,scott.armstrong@parl.gc.ca,,,Conservative,conservative,area/nova_scotia_(cumberland—colchester—musquodoboit_valley),Nova Scotia (Cumberland—Colchester—Musquodoboit Valley),House of Commons,41,,,http://www.parl.gc.ca/Parliamentarians/Images/OfficialMPPhotos/41/ArmstrongScott_CPC.jpg,male
fb16b4e6-2935-412b-9eeb-c264be978ec0,Scott Brison,Scott Brison,scott.brison@parl.gc.ca,scottbrison,,Liberal,liberal,area/nova_scotia_(kings—hants),Nova Scotia (Kings—Hants),House of Commons,41,,,http://www.parl.gc.ca/Parliamentarians/Images/OfficialMPPhotos/41/BrisonScott_Lib.jpg,male
cc9f1422-7729-4ab0-bb66-cf7045d7c8da,Scott Reid,Scott Reid,scott.reid@parl.gc.ca,ScottReidCPC,,Conservative,conservative,area/ontario_(lanark—frontenac—lennox_and_addington),Ontario (Lanark—Frontenac—Lennox and Addington),House of Commons,41,,,http://www.parl.gc.ca/Parliamentarians/Images/OfficialMPPhotos/41/ReidScott_CPC.jpg,male
5e65c406-c011-4e9e-8d47-5cf2e11d5cf4,Scott Simms,Scott Simms,scott.simms@parl.gc.ca,Scott_Simms,,Liberal,liberal,area/newfoundland_and_labrador_(bonavista—gander—grand_falls—windsor),Newfoundland and Labrador (Bonavista—Gander—Grand Falls—Windsor),House of Commons,41,,,http://www.parl.gc.ca/Parliamentarians/Images/OfficialMPPhotos/41/SimmsScott_Lib.jpg,male
d6a82130-4139-48e7-9c6f-44689e04d6e1,Sean Casey,Sean Casey,Sean.Casey@parl.gc.ca,SeanCaseyLPC,,Liberal,liberal,area/prince_edward_island_(charlottetown),Prince Edward Island (Charlottetown),House of Commons,41,,,http://www.parl.gc.ca/Parliamentarians/Images/OfficialMPPhotos/41/CaseySean_Lib.jpg,male
765ea6c8-9b13-4c0c-b6cd-b694cf643c98,Shelly Glover,Shelly Glover,shelly.glover@parl.gc.ca,,,Conservative,conservative,area/manitoba_(saint_boniface),Manitoba (Saint Boniface),House of Commons,41,,,http://www.parl.gc.ca/Parliamentarians/Images/OfficialMPPhotos/41/GloverShelly_CPC.jpg,female
7e433cca-40ab-4f84-9ea6-bf1c7a4ecd60,Stella Ambler,Stella Ambler,Stella.Ambler@parl.gc.ca,,,Conservative,conservative,area/ontario_(mississauga_south),Ontario (Mississauga South),House of Commons,41,,,http://www.parl.gc.ca/Parliamentarians/Images/OfficialMPPhotos/41/AmblerStella_CPC.jpg,female
7c83651f-d89b-4247-8c95-4dffdf5966d1,Stephen Harper,Stephen Harper,stephen.harper@parl.gc.ca,stephenharper,,Conservative,conservative,area/alberta_(calgary_southwest),Alberta (Calgary Southwest),House of Commons,41,,,http://www.parl.gc.ca/Parliamentarians/Images/OfficialMPPhotos/41/HarperStephen_CPC.jpg,male
2fc7c92b-5c40-49a2-a3ea-5c583155ac28,Stephen Woodworth,Stephen Woodworth,stephen.woodworth@parl.gc.ca,WoodworthMP,,Conservative,conservative,area/ontario_(kitchener_centre),Ontario (Kitchener Centre),House of Commons,41,,,http://www.parl.gc.ca/Parliamentarians/Images/OfficialMPPhotos/41/WoodworthStephen_CPC.jpg,male
39c1c1b3-e469-4b48-a74b-4809c7871df3,Steven Blaney,Steven Blaney,steven.blaney@parl.gc.ca,StevenBlaneyPCC,,Conservative,conservative,area/quebec_(lévis—bellechasse),Quebec (Lévis—Bellechasse),House of Commons,41,,,http://www.parl.gc.ca/Parliamentarians/Images/OfficialMPPhotos/41/BlaneySteven_CPC.jpg,male
950581d0-db02-4c07-a5c7-954e44031e8c,Steven Fletcher,Steven Fletcher,steven.fletcher@parl.gc.ca,HonSFletcherMP,,Conservative,conservative,area/manitoba_(charleswood—st._james—assiniboia),Manitoba (Charleswood—St. James—Assiniboia),House of Commons,41,,,http://www.parl.gc.ca/Parliamentarians/Images/OfficialMPPhotos/41/FletcherStevenJohn_CPC.jpg,male
a9579889-f0eb-4eee-8aec-93dfa4ab01f4,Stéphane Dion,Stéphane Dion,stephane.dion@parl.gc.ca,HonStephaneDion,,Liberal,liberal,area/quebec_(saint-laurent—cartierville),Quebec (Saint-Laurent—Cartierville),House of Commons,41,,,http://www.parl.gc.ca/Parliamentarians/Images/OfficialMPPhotos/41/DionStéphane_Lib.jpg,male
aded05ca-9230-49ee-b5d7-eb88d2474bda,Susan Truppe,Susan Truppe,Susan.Truppe@parl.gc.ca,,,Conservative,conservative,area/ontario_(london_north_centre),Ontario (London North Centre),House of Commons,41,,,http://www.parl.gc.ca/Parliamentarians/Images/OfficialMPPhotos/41/TruppeSusan_CPC.jpg,female
f46d9a51-ae5c-4142-95af-7f8c9163d526,Sylvain Chicoine,Sylvain Chicoine,Sylvain.Chicoine@parl.gc.ca,,,NDP,ndp,area/quebec_(châteauguay—saint-constant),Quebec (Châteauguay—Saint-Constant),House of Commons,41,,,http://www.parl.gc.ca/Parliamentarians/Images/OfficialMPPhotos/41/ChicoineSylvain_NDP.jpg,male
f0a92dc6-f7ac-4971-bac7-dd054819c97e,Tarik Brahmi,Tarik Brahmi,Tarik.Brahmi@parl.gc.ca,,,NDP,ndp,area/quebec_(saint-jean),Quebec (Saint-Jean),House of Commons,41,,,http://www.parl.gc.ca/Parliamentarians/Images/OfficialMPPhotos/41/BrahmiTarik_NDP.jpg,male
59973cd8-a0cd-4888-8c55-647f9e4eb018,Ted Falk,Ted Falk,Ted.Falk@parl.gc.ca,TedFalkCPC,,Conservative,conservative,area/manitoba_(provencher),Manitoba (Provencher),House of Commons,41,,2013-11-25,http://www.parl.gc.ca/Parliamentarians/Images/OfficialMPPhotos/41/FalkTed_CPC.jpg,male
1658293e-3195-44c4-942c-dbade0efa4d4,Ted Hsu,Ted Hsu,Ted.Hsu@parl.gc.ca,,,Liberal,liberal,area/ontario_(kingston_and_the_islands),Ontario (Kingston and the Islands),House of Commons,41,,,http://www.parl.gc.ca/Parliamentarians/Images/OfficialMPPhotos/41/HsuTed_Lib.jpg,male
e4e82641-330e-4a3a-a267-874983c04c98,Ted Menzies,Ted Menzies,,,,Conservative,conservative,area/alberta_(macleod),Alberta (Macleod),House of Commons,41,2013-11-06,,,male
257bb204-8d3c-4343-817f-a365294fcdcd,Ted Opitz,Ted Opitz,Ted.Opitz@parl.gc.ca,,,Conservative,conservative,area/ontario_(etobicoke_centre),Ontario (Etobicoke Centre),House of Commons,41,,,http://www.parl.gc.ca/Parliamentarians/Images/OfficialMPPhotos/41/OpitzTed_CPC.jpg,male
b287778d-0ae1-4f03-af47-25e644caa779,Terence Young,Terence Young,terence.young@parl.gc.ca,,,Conservative,conservative,area/ontario_(oakville),Ontario (Oakville),House of Commons,41,,,http://www.parl.gc.ca/Parliamentarians/Images/OfficialMPPhotos/41/YoungTerenceH_CPC.jpg,male
b0ff39f0-0d53-4d75-9852-8020b9e87218,Thomas Mulcairo,Thomas Mulcairo,,,,NDP,ndp,area/quebec_(outremont),Quebec (Outremont),House of Commons,41,,,,
fe9abeba-c82c-4d3f-8351-01897b19e6f4,Tilly O'Neill-Gordon,Tilly O'Neill-Gordon,tilly.oneillgordon@parl.gc.ca,,,Conservative,conservative,area/new_brunswick_(miramichi),New Brunswick (Miramichi),House of Commons,41,,,http://www.parl.gc.ca/Parliamentarians/Images/OfficialMPPhotos/41/ONeillGordonTilly_CPC.jpg,female
496d4ddd-e7f1-4c85-8bbc-df1d614b5f92,Tim Uppal,Tim Uppal,tim.uppal@parl.gc.ca,TimUppal,,Conservative,conservative,area/alberta_(edmonton—sherwood_park),Alberta (Edmonton—Sherwood Park),House of Commons,41,,,http://www.parl.gc.ca/Parliamentarians/Images/OfficialMPPhotos/41/UppalTim_CPC.jpg,male
04ab3992-4871-4722-84b5-c03f1e8353c2,Tom Lukiwski,Tom Lukiwski,tom.lukiwski@parl.gc.ca,,,Conservative,conservative,area/saskatchewan_(regina—lumsden—lake_centre),Saskatchewan (Regina—Lumsden—Lake Centre),House of Commons,41,,,http://www.parl.gc.ca/Parliamentarians/Images/OfficialMPPhotos/41/LukiwskiTom_CPC.jpg,male
d231263a-f01b-4af2-986c-10c2205f859b,Tony Clement,Tony Clement,tony.clement@parl.gc.ca,TonyclementCPC,,Conservative,conservative,area/ontario_(parry_sound—muskoka),Ontario (Parry Sound—Muskoka),House of Commons,41,,,http://www.parl.gc.ca/Parliamentarians/Images/OfficialMPPhotos/41/ClementTony_CPC.jpg,male
fcd9a86f-633d-4271-94ff-a8883df47351,Tyrone Benskin,Tyrone Benskin,Tyrone.Benskin@parl.gc.ca,,,NDP,ndp,area/quebec_(jeanne-le_ber),Quebec (Jeanne-Le Ber),House of Commons,41,,,http://www.parl.gc.ca/Parliamentarians/Images/OfficialMPPhotos/41/BenskinTyrone_NDP.jpg,male
5a7a8aec-2e00-4b60-8f9d-9fc2f39a822e,Vic Toews,Vic Toews,,,,Conservative,conservative,area/manitoba_(provencher),Manitoba (Provencher),House of Commons,41,2013-07-09,,https://upload.wikimedia.org/wikipedia/commons/c/ce/Vic_Toews.jpg,male
46bb3957-8188-4215-b8ac-b7e0542bf6f9,Wai Young,Wai Young,Wai.Young@parl.gc.ca,WaiYoung,,Conservative,conservative,area/british_columbia_(vancouver_south),British Columbia (Vancouver South),House of Commons,41,,,http://www.parl.gc.ca/Parliamentarians/Images/OfficialMPPhotos/41/YoungWai_CPC.jpg,female
f1abfe93-d884-42d4-857e-a7b025925eda,Wayne Easter,Wayne Easter,wayne.easter@parl.gc.ca,WayneEaster,,Liberal,liberal,area/prince_edward_island_(malpeque),Prince Edward Island (Malpeque),House of Commons,41,,,http://www.parl.gc.ca/Parliamentarians/Images/OfficialMPPhotos/41/EasterArnoldWayne_Lib.jpg,male
a08f7607-fa31-4d79-9e85-d76481d9bbe8,Wayne Marston,Wayne Marston,wayne.marston@parl.gc.ca,,,NDP,ndp,area/ontario_(hamilton_east—stoney_creek),Ontario (Hamilton East—Stoney Creek),House of Commons,41,,,http://www.parl.gc.ca/Parliamentarians/Images/OfficialMPPhotos/41/MarstonWayne_NDP.jpg,male
bd7708a6-de0e-4d04-bf23-43714d245c11,Wladyslaw Lizon,Wladyslaw Lizon,Wladyslaw.Lizon@parl.gc.ca,,,Conservative,conservative,area/ontario_(mississauga_east—cooksville),Ontario (Mississauga East—Cooksville),House of Commons,41,,,http://www.parl.gc.ca/Parliamentarians/Images/OfficialMPPhotos/41/LizonWladyslaw_CPC.jpg,male
456c7dab-2405-4d1d-b855-de7e8d505732,Yvon Godin,Yvon Godin,yvon.godin@parl.gc.ca,,,NDP,ndp,area/new_brunswick_(acadie—bathurst),New Brunswick (Acadie—Bathurst),House of Commons,41,,,http://www.parl.gc.ca/Parliamentarians/Images/OfficialMPPhotos/41/GodinYvon_NDP.jpg,male
3f1f9819-2a86-407d-8cb3-a09e1ea9f60d,Yvonne Jones,Yvonne Jones,Yvonne.Jones@parl.gc.ca,YvonneJJones,,Liberal,liberal,area/newfoundland_and_labrador_(labrador),Newfoundland and Labrador (Labrador),House of Commons,41,,2013-05-13,http://www.parl.gc.ca/Parliamentarians/Images/OfficialMPPhotos/41/JonesYvonne_Lib.jpg,female
0dd41b55-9728-4176-a734-be670dbb7ff9,Ève Péclet,Ève Péclet,Eve.Peclet@parl.gc.ca,,,NDP,ndp,area/quebec_(la_pointe-de-l'Île),Quebec (La Pointe-de-l'Île),House of Commons,41,,,http://www.parl.gc.ca/Parliamentarians/Images/OfficialMPPhotos/41/PécletÈve_NDP.jpg,female
e58c084a-e421-412f-af0a-e689c0ab511a,Élaine Michaud,Élaine Michaud,Elaine.Michaud@parl.gc.ca,,,NDP,ndp,area/quebec_(portneuf—jacques-cartier),Quebec (Portneuf—Jacques-Cartier),House of Commons,41,,,http://www.parl.gc.ca/Parliamentarians/Images/OfficialMPPhotos/41/MichaudÉlaine_NDP.jpg,female
