id,name,sort_name,email,twitter,facebook,group,group_id,area_id,area,chamber,term,start_date,end_date,image,gender
c153ec2d-cc60-4ec5-bf31-dc227e6ee1a0,Adam Vaughan,Adam Vaughan,Adam.Vaughan@parl.gc.ca,TOAdamVaughan,,Liberal,liberal,area/ontario_(spadina—fort_york),Ontario (Spadina—Fort York),House of Commons,42,,,http://www.parl.gc.ca/Parliamentarians/Images/OfficialMPPhotos/41/VaughanAdam_Lib.jpg,male
4a5b0ae2-7b2d-4098-87d8-e9f21f48c3fc,Ahmed Hussen,Ahmed Hussen,Ahmed.Hussen@parl.gc.ca,AhmedHussenMP,,Liberal,liberal,area/ontario_(york_south—weston),Ontario (York South—Weston),House of Commons,42,,,,male
d026b523-77a8-40c1-bc46-0d0ed5dbb1de,Alain Rayes,Alain Rayes,Alain.Rayes@parl.gc.ca,AlainRayes,,Conservative,conservative,area/quebec_(richmond—arthabaska),Quebec (Richmond—Arthabaska),House of Commons,42,,,,male
aab176a0-738c-4e1d-9881-9a80e167b654,Alaina Lockhart,Alaina Lockhart,Alaina.Lockhart@parl.gc.ca,AlainaLockhart,,Liberal,liberal,area/new_brunswick_(fundy_royal),New Brunswick (Fundy Royal),House of Commons,42,,,,
9954282f-ee3c-46af-813b-4c7ab6a72a14,Alex Nuttall,Alex Nuttall,Alex.Nuttall@parl.gc.ca,,,Conservative,conservative,area/ontario_(barrie—springwater—oro-medonte),Ontario (Barrie—Springwater—Oro-Medonte),House of Commons,42,,,,
cc4baa7a-8eff-47fd-94fe-1ec70163e295,Alexandra Mendès,Alexandra Mendès,Alexandra.Mendes@parl.gc.ca,AlexandraBrStL,,Liberal,liberal,area/quebec_(brossard—saint-lambert),Quebec (Brossard—Saint-Lambert),House of Commons,42,,,http://www.parl.gc.ca/Parliamentarians/Images/OfficialMPPhotos/40/MendesAlexandra_LIB.jpg,female
b400cf06-ec08-4078-881c-031894a209d0,Alexandre Boulerice,Alexandre Boulerice,Alexandre.Boulerice@parl.gc.ca,alexboulerice,,NDP,ndp,area/quebec_(rosemont—la_petite-patrie),Quebec (Rosemont—La Petite-Patrie),House of Commons,42,,,http://www.parl.gc.ca/Parliamentarians/Images/OfficialMPPhotos/41/BoulericeAlexandre_NPD.jpg,male
aabed860-eda7-460a-bb83-b2c20f7dcfe6,Ali Ehsassi,Ali Ehsassi,Ali.Ehsassi@parl.gc.ca,AliEhsassi,,Liberal,liberal,area/ontario_(willowdale),Ontario (Willowdale),House of Commons,42,,,,male
584f18c5-a872-431e-8075-dc2dcb7f9878,Alice Wong,Alice Wong,alice.wong@parl.gc.ca,,,Conservative,conservative,area/british_columbia_(richmond_centre),British Columbia (Richmond Centre),House of Commons,42,,,http://www.parl.gc.ca/Parliamentarians/Images/OfficialMPPhotos/41/WongAlice_CPC.jpg,female
cc155c88-5225-4911-b482-31b1bb057c34,Alistair MacGregor,Alistair MacGregor,Alistair.MacGregor@parl.gc.ca,AMacGregor4CML,,NDP,ndp,area/british_columbia_(cowichan—malahat—langford),British Columbia (Cowichan—Malahat—Langford),House of Commons,42,,,,
2a287b93-d28d-45f1-93fb-352bac56c93d,Alupa Clarke,Alupa Clarke,Alupa.Clarke@parl.gc.ca,Alupa_Clarke,,Conservative,conservative,area/quebec_(beauport—limoilou),Quebec (Beauport—Limoilou),House of Commons,42,,,,male
d74f3ee3-90b4-40f1-b5e7-40a76cd8210c,Amarjeet Sohi,Amarjeet Sohi,Amarjeet.Sohi@parl.gc.ca,SohiAmarjeet,,Liberal,liberal,area/alberta_(edmonton_mill_woods),Alberta (Edmonton Mill Woods),House of Commons,42,,,,male
3197e371-3a85-4ced-8b6a-104c562baca8,Andrew Leslie,Andrew Leslie,Andrew.Leslie@parl.gc.ca,,,Liberal,liberal,area/ontario_(orléans),Ontario (Orléans),House of Commons,42,,,,male
bb87cc6d-ce62-4413-9cd1-1b8705610d99,Andrew Scheer,Andrew Scheer,andrew.scheer@parl.gc.ca,,,Conservative,conservative,area/saskatchewan_(regina—qu'appelle),Saskatchewan (Regina—Qu'Appelle),House of Commons,42,,,http://www.parl.gc.ca/Parliamentarians/Images/OfficialMPPhotos/41/ScheerAndrew_CPC.jpg,male
cfb32652-cb1e-47e4-ae73-d4b9f0cabb69,Andy Fillmore,Andy Fillmore,Andy.Fillmore@parl.gc.ca,AndyFillmoreHFX,,Liberal,liberal,area/nova_scotia_(halifax),Nova Scotia (Halifax),House of Commons,42,,,,male
79fe8e9c-7e7b-4154-bcd6-edf540ab1ba5,Angelo Iacono,Angelo Iacono,,AngeloIacono,,Liberal,liberal,area/quebec_(alfred-pellan),Quebec (Alfred-Pellan),House of Commons,42,,,,
c2df2727-f0b4-4e9d-91b3-944cf66922f1,Anita Vandenbeld,Anita Vandenbeld,Anita.Vandenbeld@parl.gc.ca,anitavandenbeld,,Liberal,liberal,area/ontario_(ottawa_west—nepean),Ontario (Ottawa West—Nepean),House of Commons,42,,,,
b0c1d012-aaa7-4af7-bab9-c61dea2ed700,Anju Dhillon,Anju Dhillon,Anju.Dhillon@parl.gc.ca,adhillonliberal,,Liberal,liberal,area/quebec_(dorval—lachine—lasalle),Quebec (Dorval—Lachine—LaSalle),House of Commons,42,,,,female
941068a7-ec98-40e6-ac7b-71ad2445572f,Anne Minh-Thu Quach,Anne Minh-Thu Quach,AnneMinh-Thu.Quach@parl.gc.ca,AnneMTQuach,,NDP,ndp,area/quebec_(salaberry—suroît),Quebec (Salaberry—Suroît),House of Commons,42,,,http://www.parl.gc.ca/Parliamentarians/Images/OfficialMPPhotos/41/QuachAnneMinhThu_NDP.jpg,female
e1e5cfc6-261e-4a6b-9593-957cb797496b,Anthony Housefather,Anthony Housefather,Anthony.Housefather@parl.gc.ca,AHousefather,,Liberal,liberal,area/quebec_(mount_royal),Quebec (Mount Royal),House of Commons,42,,,,male
34a158a3-65d5-4b3b-ae5d-48fada0d45de,Anthony Rota,Anthony Rota,Anthony.Rota@parl.gc.ca,AnthonyRota,,Liberal,liberal,area/ontario_(nipissing—timiskaming),Ontario (Nipissing—Timiskaming),House of Commons,42,,,http://www.parl.gc.ca/Parliamentarians/Images/OfficialMPPhotos/40/RotaAnthony_LIB.jpg,male
573adbb6-71ea-4fc6-9375-807dcd57e4de,Arif Virani,Arif Virani,Arif.Virani@parl.gc.ca,viraniarif,,Liberal,liberal,area/ontario_(parkdale—high_park),Ontario (Parkdale—High Park),House of Commons,42,,,,
0f9664bf-5f2f-441a-a527-cc183deb6c21,Arnold Chan,Arnold Chan,Arnold.Chan@parl.gc.ca,ArnoldChanLib,,Liberal,liberal,area/ontario_(scarborough—agincourt),Ontario (Scarborough—Agincourt),House of Commons,42,,,http://www.parl.gc.ca/Parliamentarians/Images/OfficialMPPhotos/41/ChanArnold_Lib.jpg,male
2fceb42f-7e86-44e3-b1f2-c8aef96bb62e,Arnold Viersen,Arnold Viersen,Arnold.Viersen@parl.gc.ca,ArnoldViersen,,Conservative,conservative,area/alberta_(peace_river—westlock),Alberta (Peace River—Westlock),House of Commons,42,,,,
dc374b77-57a7-4d98-afa2-12beca7cbed5,Bardish Chagger,Bardish Chagger,Bardish.Chagger@parl.gc.ca,BardishKW,,Liberal,liberal,area/ontario_(waterloo),Ontario (Waterloo),House of Commons,42,,,,female
578d055f-cdf9-482d-8b31-fb4fc95e6018,Ben Lobb,Ben Lobb,ben.lobb@parl.gc.ca,voteBenLobb,,Conservative,conservative,area/ontario_(huron—bruce),Ontario (Huron—Bruce),House of Commons,42,,,http://www.parl.gc.ca/Parliamentarians/Images/OfficialMPPhotos/41/LobbBen_CPC.jpg,male
cf8df06e-191f-4e7f-bb83-53673966ff33,Bernadette Jordan,Bernadette Jordan,Bernadette.Jordan@parl.gc.ca,BernJordan2015,,Liberal,liberal,area/nova_scotia_(south_shore—st._margaret's),Nova Scotia (South Shore—St. Margaret's),House of Commons,42,,,,
1f986294-db4b-4fc6-a58b-aa8f312c84a1,Bernard Généreux,Bernard Généreux,Bernard.Genereux@parl.gc.ca,GenereuxBernard,,Conservative,conservative,area/quebec_(montmagny—l'islet—kamouraska—rivière-du-loup),Quebec (Montmagny—L'Islet—Kamouraska—Rivière-du-Loup),House of Commons,42,,,http://www.parl.gc.ca/Parliamentarians/Images/OfficialMPPhotos/40/GenereuxBernard.jpg,male
9daf909d-56d2-4047-85b3-5280d03e7b0d,Bev Shipley,Bev Shipley,bev.shipley@parl.gc.ca,BevShipleyMP,,Conservative,conservative,area/ontario_(lambton—kent—middlesex),Ontario (Lambton—Kent—Middlesex),House of Commons,42,,,http://www.parl.gc.ca/Parliamentarians/Images/OfficialMPPhotos/41/ShipleyBev_CPC.jpg,male
07b475ae-f247-4f26-9e92-a9160d2c68c4,Bill Blair,Bill Blair,Bill.Blair@parl.gc.ca,BillBlair,,Liberal,liberal,area/ontario_(scarborough_southwest),Ontario (Scarborough Southwest),House of Commons,42,,,https://upload.wikimedia.org/wikipedia/commons/d/d4/Bill_Blair.JPG,male
30178333-e680-4fc3-bd0a-974a931ad716,Bill Casey,Bill Casey,Bill.Casey@parl.gc.ca,billcaseyns,,Liberal,liberal,area/nova_scotia_(cumberland—colchester),Nova Scotia (Cumberland—Colchester),House of Commons,42,,,http://www.parl.gc.ca/Parliamentarians/Images/OfficialMPPhotos/40/CaseyBill_IND.jpg,male
9946591e-c601-43bb-8ce1-0c3851d3cd12,Bill Morneau,Bill Morneau,Bill.Morneau@parl.gc.ca,Bill_Morneau,,Liberal,liberal,area/ontario_(toronto_centre),Ontario (Toronto Centre),House of Commons,42,,,,male
1a4d4673-eea9-497e-9055-4f31c94eac37,Blaine Calkins,Blaine Calkins,blaine.calkins@parl.gc.ca,blainecalkinsmp,,Conservative,conservative,area/alberta_(red_deer—lacombe),Alberta (Red Deer—Lacombe),House of Commons,42,,,http://www.parl.gc.ca/Parliamentarians/Images/OfficialMPPhotos/41/CalkinsBlaine_CPC.jpg,male
1bba5e47-69cc-4688-ac8c-d1d54202d90a,Blake Richards,Blake Richards,blake.richards@parl.gc.ca,BlakeRichardsMP,,Conservative,conservative,area/alberta_(banff—airdrie),Alberta (Banff—Airdrie),House of Commons,42,,,http://www.parl.gc.ca/Parliamentarians/Images/OfficialMPPhotos/41/RichardsBlake_CPC.jpg,male
e6a8c2a5-fd41-4493-a046-3d9de1e09961,Bob Bratina,Bob Bratina,Bob.Bratina@parl.gc.ca,BratinaBobHESC,,Liberal,liberal,area/ontario_(hamilton_east—stoney_creek),Ontario (Hamilton East—Stoney Creek),House of Commons,42,,,,male
fecb5767-d696-422b-831d-6b74237c16ac,Bob Nault,Bob Nault,,VoteBobNault,,Liberal,liberal,area/ontario_(kenora),Ontario (Kenora),House of Commons,42,,,http://www.parl.gc.ca/Parliamentarians/Images/OfficialMPPhotos/37/NaultR.JPG,male
7d77d716-5e86-45e6-8480-8fa1acb17e9c,Bob Saroya,Bob Saroya,Bob.Saroya@parl.gc.ca,BobSaroya,,Conservative,conservative,area/ontario_(markham—unionville),Ontario (Markham—Unionville),House of Commons,42,,,,male
8887d1b3-d7c6-4521-bcf0-9803e166d90d,Bob Zimmer,Bob Zimmer,Bob.Zimmer@parl.gc.ca,bobzimmermp,,Conservative,conservative,area/british_columbia_(prince_george—peace_river—northern_rockies),British Columbia (Prince George—Peace River—Northern Rockies),House of Commons,42,,,http://www.parl.gc.ca/Parliamentarians/Images/OfficialMPPhotos/41/ZimmerBob_CPC.jpg,male
3c5a1553-1fd2-404c-ba2d-f66748cfd190,Bobby Morrissey,Bobby Morrissey,Robert.Morrissey@parl.gc.ca,MorrisseyEgmont,,Liberal,liberal,area/prince_edward_island_(egmont),Prince Edward Island (Egmont),House of Commons,42,,,https://upload.wikimedia.org/wikipedia/commons/0/05/Bobby_002.jpg,male
a08c9763-d0c9-4f2e-8f28-8988ab9b10c4,Borys Wrzesnewskyj,Borys Wrzesnewskyj,Borys.Wrzesnewskyj@parl.gc.ca,VoteBorys,,Liberal,liberal,area/ontario_(etobicoke_centre),Ontario (Etobicoke Centre),House of Commons,42,,,http://www.parl.gc.ca/Parliamentarians/Images/OfficialMPPhotos/40/WrzesnewskyjBoris_LIB.jpg,male
d16b71c6-c860-474e-ae23-23cb8eca44f6,Brad Trost,Brad Trost,brad.trost@parl.gc.ca,BradTrostCPC,,Conservative,conservative,area/saskatchewan_(saskatoon—university),Saskatchewan (Saskatoon—University),House of Commons,42,,,http://www.parl.gc.ca/Parliamentarians/Images/OfficialMPPhotos/41/TrostBradley_CPC.jpg,
77c10a8b-76b9-486f-b995-96a82a494223,Brenda Shanahan,Brenda Shanahan,Brenda.Shanahan@parl.gc.ca,BShanahanLib,,Liberal,liberal,area/quebec_(châteauguay—lacolle),Quebec (Châteauguay—Lacolle),House of Commons,42,,,,
4f4cd4bb-ea18-49dd-acb4-35dae1cc69fd,Brian Masse,Brian Masse,brian.masse@parl.gc.ca,BrianMasseMP,,NDP,ndp,area/ontario_(windsor_west),Ontario (Windsor West),House of Commons,42,,,http://www.parl.gc.ca/Parliamentarians/Images/OfficialMPPhotos/41/MasseBrian_NDP.jpg,male
5a45e24a-ef29-4e09-8d7c-09645eb35a15,Brigitte Sansoucy,Brigitte Sansoucy,Brigitte.Sansoucy@parl.gc.ca,bsansoucynpd,,NDP,ndp,area/quebec_(saint-hyacinthe—bagot),Quebec (Saint-Hyacinthe—Bagot),House of Commons,42,,,,
2882294b-fabe-4310-807e-359a58ab847e,Bruce Stanton,Bruce Stanton,bruce.stanton@parl.gc.ca,bruce_stanton,,Conservative,conservative,area/ontario_(simcoe_north),Ontario (Simcoe North),House of Commons,42,,,http://www.parl.gc.ca/Parliamentarians/Images/OfficialMPPhotos/41/StantonRonaldBruce_CPC.jpg,male
f0195709-4df9-4af2-8e7c-27e8640f5234,Bryan May,Bryan May,Bryan.May@parl.gc.ca,_BryanMay,,Liberal,liberal,area/ontario_(cambridge),Ontario (Cambridge),House of Commons,42,,,,
6758991f-559f-4956-aa1a-45e54e1d6683,Candice Bergen,Candice Bergen,candice.bergen@parl.gc.ca,CandiceBergenMP,,Conservative,conservative,area/manitoba_(portage—lisgar),Manitoba (Portage—Lisgar),House of Commons,42,,,http://www.parl.gc.ca/Parliamentarians/Images/OfficialMPPhotos/41/HoeppnerCandice_CPC.jpg,female
f302c313-e094-40f2-85c8-fa9e3f37d2bc,Carla Qualtrough,Carla Qualtrough,Carla.Qualtrough@parl.gc.ca,CQualtro,,Liberal,liberal,area/british_columbia_(delta),British Columbia (Delta),House of Commons,42,,,,female
48c57b21-9167-43a9-a07b-55126c1b1957,Carol Hughes,Carol Hughes,carol.hughes@parl.gc.ca,CarolHughesMP,,NDP,ndp,area/ontario_(algoma—manitoulin—kapuskasing),Ontario (Algoma—Manitoulin—Kapuskasing),House of Commons,42,,,http://www.parl.gc.ca/Parliamentarians/Images/OfficialMPPhotos/41/HughesCarol_NDP.jpg,female
57d773f2-4ea0-40e0-970b-32d05de0c2fe,Carolyn Bennett,Carolyn Bennett,carolyn.bennett@parl.gc.ca,Carolyn_Bennett,,Liberal,liberal,area/ontario_(toronto—st._paul's),Ontario (Toronto—St. Paul's),House of Commons,42,,,http://www.parl.gc.ca/Parliamentarians/Images/OfficialMPPhotos/41/BennettCarolyn_Lib.jpg,female
0f7cd277-1005-4e3e-976e-23b2b3e215c8,Cathay Wagantall,Cathay Wagantall,Cathay.Wagantall@parl.gc.ca,,,Conservative,conservative,area/saskatchewan_(yorkton—melville),Saskatchewan (Yorkton—Melville),House of Commons,42,,,,
01e8eb2b-c3ad-4a9a-9a25-dcd5e08c6124,Catherine McKenna,Catherine McKenna,Catherine.McKenna@parl.gc.ca,cathmckenna,,Liberal,liberal,area/ontario_(ottawa_centre),Ontario (Ottawa Centre),House of Commons,42,,,https://upload.wikimedia.org/wikipedia/commons/0/09/Catherine_McKenna_Crop.jpg,female
20a11df1-6a12-4ead-8c35-8b0add7eaf9d,Cathy McLeod,Cathy McLeod,cathy.mcleod@parl.gc.ca,Cathy_McLeod,,Conservative,conservative,area/british_columbia_(kamloops—thompson—cariboo),British Columbia (Kamloops—Thompson—Cariboo),House of Commons,42,,,http://www.parl.gc.ca/Parliamentarians/Images/OfficialMPPhotos/41/McLeodCathy_CPC.jpg,female
fd2a5cb0-2a60-42fd-80c2-7bd68466bac1,Celina Caesar-Chavannes,Celina Caesar-Chavannes,Celina.Caesar-Chavannes@parl.gc.ca,celinachavannes,,Liberal,liberal,area/ontario_(whitby),Ontario (Whitby),House of Commons,42,,,,female
0068ee69-6842-482c-9ffc-b7c67854ceef,Chandra Arya,Chandra Arya,Chandra.Arya@parl.gc.ca,ChandraNepean,,Liberal,liberal,area/ontario_(nepean),Ontario (Nepean),House of Commons,42,,,,
59b0a67d-f042-453e-a2b0-a034008a1e22,Charlie Angus,Charlie Angus,charlie.angus@parl.gc.ca,CharlieAngusNDP,,NDP,ndp,area/ontario_(timmins—james_bay),Ontario (Timmins—James Bay),House of Commons,42,,,http://www.parl.gc.ca/Parliamentarians/Images/OfficialMPPhotos/41/AngusCharlie_NDP.jpg,male
90895536-54a4-4605-8797-b879726620c2,Cheryl Gallant,Cheryl Gallant,cheryl.gallant@parl.gc.ca,cherylgallant,,Conservative,conservative,area/ontario_(renfrew—nipissing—pembroke),Ontario (Renfrew—Nipissing—Pembroke),House of Commons,42,,,http://www.parl.gc.ca/Parliamentarians/Images/OfficialMPPhotos/41/GallantCheryl_CPC.jpg,female
ecf2e24c-27a4-41f0-aad1-8552a8ce7410,Cheryl Hardcastle,Cheryl Hardcastle,Cheryl.Hardcastle@parl.gc.ca,CHardcastleNDP,,NDP,ndp,area/ontario_(windsor—tecumseh),Ontario (Windsor—Tecumseh),House of Commons,42,,,,
00390221-a0ac-4cd6-8e3f-75ab374ade6d,Chris Bittle,Chris Bittle,Chris.Bittle@parl.gc.ca,Chris_Bittle,,Liberal,liberal,area/ontario_(st._catharines),Ontario (St. Catharines),House of Commons,42,,,,male
aa1e92c9-8486-4351-bb69-a1888bcfff7d,Chris Warkentin,Chris Warkentin,chris.warkentin@parl.gc.ca,chriswarkentin,,Conservative,conservative,area/alberta_(grande_prairie—mackenzie),Alberta (Grande Prairie—Mackenzie),House of Commons,42,,,http://www.parl.gc.ca/Parliamentarians/Images/OfficialMPPhotos/41/WarkentinChris_CPC.jpg,male
9b57c8aa-e814-4759-9e75-2f67de1e3265,Christine Moore,Christine Moore,Christine.Moore@parl.gc.ca,MooreNpd,,NDP,ndp,area/quebec_(abitibi—témiscamingue),Quebec (Abitibi—Témiscamingue),House of Commons,42,,,http://www.parl.gc.ca/Parliamentarians/Images/OfficialMPPhotos/41/MooreChristine_NDP.jpg,female
76dd4a30-b876-4b7d-a87a-278ba6c6c28d,Chrystia Freeland,Chrystia Freeland,Chrystia.Freeland@parl.gc.ca,cafreeland,,Liberal,liberal,area/ontario_(university—rosedale),Ontario (University—Rosedale),House of Commons,42,,,https://upload.wikimedia.org/wikipedia/commons/e/e7/Chrystia_Freeland_-_India_Economic_Summit_2011.jpg,female
e57ae25e-fb40-4d1f-824d-77b548fc1058,Colin Carrie,Colin Carrie,colin.carrie@parl.gc.ca,ColinCarrie,,Conservative,conservative,area/ontario_(oshawa),Ontario (Oshawa),House of Commons,42,,,http://www.parl.gc.ca/Parliamentarians/Images/OfficialMPPhotos/41/CarrieColin_CPC.jpg,male
1df09c90-3cfc-4033-94de-f0bb85cee9b5,Colin Fraser,Colin Fraser,Colin.Fraser@parl.gc.ca,colinjmfraser,,Liberal,liberal,area/nova_scotia_(west_nova),Nova Scotia (West Nova),House of Commons,42,,,,
e0dc6b21-81e1-4853-ac4a-45004fb42a50,Dan Albas,Dan Albas,Dan.Albas@parl.gc.ca,DanAlbas,,Conservative,conservative,area/british_columbia_(central_okanagan—similkameen—nicola),British Columbia (Central Okanagan—Similkameen—Nicola),House of Commons,42,,,http://www.parl.gc.ca/Parliamentarians/Images/OfficialMPPhotos/41/AlbasDan_CPC.jpg,male
35390ff2-8f7c-4158-8c8b-8b202ec4920b,Dan Ruimy,Dan Ruimy,Dan.Ruimy@parl.gc.ca,danruimy2015,,Liberal,liberal,area/british_columbia_(pitt_meadows—maple_ridge),British Columbia (Pitt Meadows—Maple Ridge),House of Commons,42,,,,
b7484474-2fd6-44c9-b59d-583dfc5de35b,Dan Vandal,Dan Vandal,Dan.Vandal@parl.gc.ca,stbdan,,Liberal,liberal,area/manitoba_(saint_boniface—saint_vital),Manitoba (Saint Boniface—Saint Vital),House of Commons,42,,,,male
d8a40efc-de4a-4327-8a9b-058723a8d203,Daniel Blaikie,Daniel Blaikie,Daniel.Blaikie@parl.gc.ca,DBlaikieNDP,,NDP,ndp,area/manitoba_(elmwood—transcona),Manitoba (Elmwood—Transcona),House of Commons,42,,,,
2df0f2d6-7f1c-4183-905b-1b4c96d17a5a,Darrell Samson,Darrell Samson,Darrell.Samson@parl.gc.ca,darrellsamson,,Liberal,liberal,area/nova_scotia_(sackville—preston—chezzetcook),Nova Scotia (Sackville—Preston—Chezzetcook),House of Commons,42,,,,
3cc90118-c2d2-44e7-9a66-feefee8a147a,Darren Fisher,Darren Fisher,Darren.Fisher@parl.gc.ca,DarrenFisherNS,,Liberal,liberal,area/nova_scotia_(dartmouth—cole_harbour),Nova Scotia (Dartmouth—Cole Harbour),House of Commons,42,,,,
0ac080f5-ef12-4735-9f72-b2e2a974ed56,Darshan Kang,Darshan Kang,DarshanSingh.Kang@parl.gc.ca,darshankang,,Liberal,liberal,area/alberta_(calgary_skyview),Alberta (Calgary Skyview),House of Commons,42,,,https://upload.wikimedia.org/wikipedia/commons/6/6d/Darshan_Kang_(crop).jpg,male
fe2bf7c2-078c-44f7-9f1f-fe46021b1ca4,Dave MacKenzie,Dave MacKenzie,dave.mackenzie@parl.gc.ca,DaveMacKenzieMP,,Conservative,conservative,area/ontario_(oxford),Ontario (Oxford),House of Commons,42,,,http://www.parl.gc.ca/Parliamentarians/Images/OfficialMPPhotos/41/MacKenzieDave_CPC.jpg,male
1b6329e1-4737-43e7-9968-2e8b56228794,Dave Van Kesteren,Dave Van Kesteren,dave.vankesteren@parl.gc.ca,,,Conservative,conservative,area/ontario_(chatham-kent—leamington),Ontario (Chatham-Kent—Leamington),House of Commons,42,,,http://www.parl.gc.ca/Parliamentarians/Images/OfficialMPPhotos/41/VanKesterenDavid_CPC.jpg,male
f3eb6590-2e7c-4120-80f5-b1ea25cd245d,David Christopherson,David Christopherson,david.christopherson@parl.gc.ca,DaveChrisMP,,NDP,ndp,area/ontario_(hamilton_centre),Ontario (Hamilton Centre),House of Commons,42,,,http://www.parl.gc.ca/Parliamentarians/Images/OfficialMPPhotos/41/ChristophersonDavid_NDP.jpg,male
0869a397-7466-4ae2-81e0-467eaf75f677,David Graham,David Graham,David.Graham@parl.gc.ca,daviddbgraham,,Liberal,liberal,area/quebec_(laurentides—labelle),Quebec (Laurentides—Labelle),House of Commons,42,,,,male
ccd8d94a-3564-4408-bd23-ad40283b48fb,David L. Anderson,David L. Anderson,david.anderson@parl.gc.ca,DavidAndersonSK,,Conservative,conservative,area/saskatchewan_(cypress_hills—grasslands),Saskatchewan (Cypress Hills—Grasslands),House of Commons,42,,,http://www.parl.gc.ca/Parliamentarians/Images/OfficialMPPhotos/41/AndersonDavid_CPC.jpg,male
6d63c4d4-61cb-4ae3-9e96-03432fc2c24e,David Lametti,David Lametti,David.Lametti@parl.gc.ca,DavidLametti,,Liberal,liberal,area/quebec_(lasalle—Émard—verdun),Quebec (LaSalle—Émard—Verdun),House of Commons,42,,,,male
0688cbed-459e-45b6-a7d0-3cebea4913ee,David McGuinty,David McGuinty,david.mcguinty@parl.gc.ca,DavidMcGuinty,,Liberal,liberal,area/ontario_(ottawa_south),Ontario (Ottawa South),House of Commons,42,,,http://www.parl.gc.ca/Parliamentarians/Images/OfficialMPPhotos/41/McGuintyDavidJ_Lib.jpg,male
adad6b66-f08f-44da-b7e1-2e8884eb6d73,David Sweet,David Sweet,david.sweet@parl.gc.ca,DavidSweetMP,,Conservative,conservative,area/ontario_(flamborough—glanbrook),Ontario (Flamborough—Glanbrook),House of Commons,42,,,http://www.parl.gc.ca/Parliamentarians/Images/OfficialMPPhotos/41/SweetDavid_CPC.jpg,male
0f5c34f8-f5ae-46eb-91a4-7b1b75a3f6b0,David Tilson,David Tilson,david.tilson@parl.gc.ca,davidtilson,,Conservative,conservative,area/ontario_(dufferin—caledon),Ontario (Dufferin—Caledon),House of Commons,42,,,http://www.parl.gc.ca/Parliamentarians/Images/OfficialMPPhotos/41/TilsonDavidAllan_CPC.jpg,male
1c1f62d8-d4b5-4663-addc-1adeff6670a6,David Yurdiga,David Yurdiga,David.Yurdiga@parl.gc.ca,DavidYurdiga,,Conservative,conservative,area/alberta_(fort_mcmurray—cold_lake),Alberta (Fort McMurray—Cold Lake),House of Commons,42,,,http://www.parl.gc.ca/Parliamentarians/Images/OfficialMPPhotos/41/YurdigaDavid_CPC.jpg,male
6d67a2e9-f9d7-4e26-9e1e-763df82488b3,Dean Allison,Dean Allison,dean.allison@parl.gc.ca,DeanAllisonMP,,Conservative,conservative,area/ontario_(niagara_west),Ontario (Niagara West),House of Commons,42,,,http://www.parl.gc.ca/Parliamentarians/Images/OfficialMPPhotos/41/AllisonDean_CPC.jpg,male
a48e22ec-ed25-49fb-8840-5536ebccd097,Deb Schulte,Deb Schulte,Deb.Schulte@parl.gc.ca,_DebSchulte,,Liberal,liberal,area/ontario_(king—vaughan),Ontario (King—Vaughan),House of Commons,42,,,,
dfc98917-b92e-4039-a9b9-9c698a2bdefb,Deepak Obhrai,Deepak Obhrai,deepak.obhrai@parl.gc.ca,deepakobhrai,,Conservative,conservative,area/alberta_(calgary_forest_lawn),Alberta (Calgary Forest Lawn),House of Commons,42,,,http://www.parl.gc.ca/Parliamentarians/Images/OfficialMPPhotos/41/ObhraiDeepak_CPC.jpg,male
a5ee7fbe-2c98-49e8-9ba9-45fd65de3a0e,Denis Lebel,Denis Lebel,denis.lebel@parl.gc.ca,DenisLebelPCC,,Conservative,conservative,area/quebec_(lac-saint-jean),Quebec (Lac-Saint-Jean),House of Commons,42,,,http://www.parl.gc.ca/Parliamentarians/Images/OfficialMPPhotos/41/LebelDenis_CPC.jpg,male
97d4a4da-661b-4499-b6e6-dc4cacca3b60,Denis Lemieux,Denis Lemieux,Denis.Lemieux@parl.gc.ca,DenisLemieuxLib,,Liberal,liberal,area/quebec_(chicoutimi—le_fjord),Quebec (Chicoutimi—Le Fjord),House of Commons,42,,,,
e0560c11-7bc4-4147-a87d-6acb615bf996,Denis Paradis,Denis Paradis,Denis.Paradis@parl.gc.ca,DenisParadisPLC,,Liberal,liberal,area/quebec_(brome—missisquoi),Quebec (Brome—Missisquoi),House of Commons,42,,,http://www.parl.gc.ca/Parliamentarians/Images/OfficialMPPhotos/38/Paradd.JPG,male
dc559f0b-305b-46c2-ad25-8301d7826f0f,Diane Finley,Diane Finley,diane.finley@parl.gc.ca,,,Conservative,conservative,area/ontario_(haldimand—norfolk),Ontario (Haldimand—Norfolk),House of Commons,42,,,http://www.parl.gc.ca/Parliamentarians/Images/OfficialMPPhotos/41/FinleyDiane_CPC.jpg,female
bade011d-a91b-44b0-b4db-876160a45bb5,Diane Lebouthillier,Diane Lebouthillier,Diane.Lebouthillier@parl.gc.ca,DiLebouthillier,,Liberal,liberal,area/quebec_(gaspésie—les_Îles-de-la-madeleine),Quebec (Gaspésie—Les Îles-de-la-Madeleine),House of Commons,42,,,,female
cbd37935-baa4-4f47-8280-b59fd7c96e5e,Dianne Watts,Dianne Watts,Dianne.Watts@parl.gc.ca,DianneLWatts,,Conservative,conservative,area/british_columbia_(south_surrey—white_rock),British Columbia (South Surrey—White Rock),House of Commons,42,,,,female
74444c19-73ed-4bff-845f-1581707aeb36,Dominic LeBlanc,Dominic LeBlanc,dominic.leblanc@parl.gc.ca,,,Liberal,liberal,area/new_brunswick_(beauséjour),New Brunswick (Beauséjour),House of Commons,42,,,http://www.parl.gc.ca/Parliamentarians/Images/OfficialMPPhotos/41/LeBlancDominic_Lib.jpg,male
5ddb1530-a67c-4916-8f80-81546e959bc9,Don Davies,Don Davies,don.davies@parl.gc.ca,DonDavies,,NDP,ndp,area/british_columbia_(vancouver_kingsway),British Columbia (Vancouver Kingsway),House of Commons,42,,,http://www.parl.gc.ca/Parliamentarians/Images/OfficialMPPhotos/41/DaviesDon_NDP.jpg,male
4b7f08d3-6ede-4262-b111-ddfe46d3055e,Don Rusnak,Don Rusnak,Don.Rusnak@parl.gc.ca,DonRusnakMP,,Liberal,liberal,area/ontario_(thunder_bay—rainy_river),Ontario (Thunder Bay—Rainy River),House of Commons,42,,,,
c47ec408-dd39-4a4c-8d50-b6ce6b08c682,Doug Eyolfson,Doug Eyolfson,Doug.Eyolfson@parl.gc.ca,DougEyolfson,,Liberal,liberal,area/manitoba_(charleswood—st._james—assiniboia—headingley),Manitoba (Charleswood—St. James—Assiniboia—Headingley),House of Commons,42,,,,
6a554683-5cfb-4808-981b-1a16f27aad98,Earl Dreeshen,Earl Dreeshen,earl.dreeshen@parl.gc.ca,earl_dreeshen,,Conservative,conservative,area/alberta_(red_deer—mountain_view),Alberta (Red Deer—Mountain View),House of Commons,42,,,http://www.parl.gc.ca/Parliamentarians/Images/OfficialMPPhotos/41/DreeshenEarl_CPC.jpg,male
37f5e495-f6e4-4cc2-aa26-5ecf77a47ba7,Ed Fast,Ed Fast,ed.fast@parl.gc.ca,HonEdFast,,Conservative,conservative,area/british_columbia_(abbotsford),British Columbia (Abbotsford),House of Commons,42,,,http://www.parl.gc.ca/Parliamentarians/Images/OfficialMPPhotos/41/FastEdward_CPC.jpg,male
21f59f22-56cf-4f71-aec4-d2a38bd12882,Elizabeth May,Elizabeth May,Elizabeth.May@parl.gc.ca,ElizabethMay,,Green,green_party,area/british_columbia_(saanich—gulf_islands),British Columbia (Saanich—Gulf Islands),House of Commons,42,,,http://www.parl.gc.ca/Parliamentarians/Images/OfficialMPPhotos/41/MayElizabeth_GP.jpg,female
e6935df0-a2a1-4936-b97d-d4a73d3fac5a,Emmanuel Dubourg,Emmanuel Dubourg,Emmanuel.Dubourg@parl.gc.ca,EmmanuelDubourg,,Liberal,liberal,area/quebec_(bourassa),Quebec (Bourassa),House of Commons,42,,,http://www.parl.gc.ca/Parliamentarians/Images/OfficialMPPhotos/41/DubourgEmmanuel_Lib.jpg,male
6c8482f2-79f1-48f4-af06-22ed47b8aeae,Erin O'Toole,Erin O'Toole,Erin.OToole@parl.gc.ca,ErinOTooleMP,,Conservative,conservative,area/ontario_(durham),Ontario (Durham),House of Commons,42,,,http://www.parl.gc.ca/Parliamentarians/Images/OfficialMPPhotos/41/O'TooleErin_CPC.jpg,male
a9077336-21cd-4ad1-976f-2cc486ac8c0d,Erin Weir,Erin Weir,Erin.Weir@parl.gc.ca,Erin_Weir,,NDP,ndp,area/saskatchewan_(regina—lewvan),Saskatchewan (Regina—Lewvan),House of Commons,42,,,,male
3e97f38e-4966-4a2a-bdd6-62cee1d03d75,Eva Nassif,Eva Nassif,Eva.Nassif@parl.gc.ca,EvaNassifVimy,,Liberal,liberal,area/quebec_(vimy),Quebec (Vimy),House of Commons,42,,,,
7f8df594-7a22-4e71-b1a9-4bd3c6f2b723,Fayçal El-Khoury,Fayçal El-Khoury,Faycal.El-Khoury@parl.gc.ca,F_ElKhoury,,Liberal,liberal,area/quebec_(laval—les_Îles),Quebec (Laval—Les Îles),House of Commons,42,,,,
4956f50a-66ca-4d88-b10b-b27a74ef8134,Filomena Tassi,Filomena Tassi,Filomena.Tassi@parl.gc.ca,votetassi,,Liberal,liberal,area/ontario_(hamilton_west—ancaster—dundas),Ontario (Hamilton West—Ancaster—Dundas),House of Commons,42,,,,
53bdb6cc-0fc9-42f5-9504-059fc642be2b,Fin Donnelly,Fin Donnelly,fin.donnelly@parl.gc.ca,FinDonnelly,,NDP,ndp,area/british_columbia_(port_moody—coquitlam),British Columbia (Port Moody—Coquitlam),House of Commons,42,,,http://www.parl.gc.ca/Parliamentarians/Images/OfficialMPPhotos/41/DonnellyFin_NDP.jpg,male
f4a09fb5-6c8d-4ce7-ab86-46e98f9bbdc9,Francesco Sorbara,Francesco Sorbara,Francesco.Sorbara@parl.gc.ca,fsorbara,,Liberal,liberal,area/ontario_(vaughan—woodbridge),Ontario (Vaughan—Woodbridge),House of Commons,42,,,,
2d51879f-f9c4-47c3-99fa-51208fcc3fe9,Francis Drouin,Francis Drouin,Francis.Drouin@parl.gc.ca,Francis_Drouin,,Liberal,liberal,area/ontario_(glengarry—prescott—russell),Ontario (Glengarry—Prescott—Russell),House of Commons,42,,,,male
af2f9e5b-4a89-46ec-aaef-01dc71a5f11b,Francis Scarpaleggia,Francis Scarpaleggia,francis.scarpaleggia@parl.gc.ca,ScarpaleggiaLSL,,Liberal,liberal,area/quebec_(lac-saint-louis),Quebec (Lac-Saint-Louis),House of Commons,42,,,http://www.parl.gc.ca/Parliamentarians/Images/OfficialMPPhotos/41/ScarpaleggiaFrancis_Lib.jpg,male
72e5737d-cadc-42f4-ac18-e60f9cda6bc2,Frank Baylis,Frank Baylis,Frank.Baylis@parl.gc.ca,frankbaylis,,Liberal,liberal,area/quebec_(pierrefonds—dollard),Quebec (Pierrefonds—Dollard),House of Commons,42,,,,
c916ce48-684f-4afe-90aa-250aadd86410,François Choquette,François Choquette,Francois.Choquette@parl.gc.ca,F_Choquette,,NDP,ndp,area/quebec_(drummond),Quebec (Drummond),House of Commons,42,,,http://www.parl.gc.ca/Parliamentarians/Images/OfficialMPPhotos/41/ChoquetteFrancois_NDP.jpg,male
a94766b3-7901-45f6-9e40-7259aaa0a7ab,François-Philippe Champagne,François-Philippe Champagne,Francois-Philippe.Champagne@parl.gc.ca,FP_Champagne,,Liberal,liberal,area/quebec_(saint-maurice—champlain),Quebec (Saint-Maurice—Champlain),House of Commons,42,,,,male
d5ee556a-23e2-43b0-895c-892edb579a87,Gabriel Ste-Marie,Gabriel Ste-Marie,Gabriel.Ste-Marie@parl.gc.ca,Gabriel_SMarie,,Bloc Québécois,bloc_québécois,area/quebec_(joliette),Quebec (Joliette),House of Commons,42,,,,male
91e9cdcc-6035-492f-87b9-c2c78d9a52d2,Gagan Sikand,Gagan Sikand,Gagan.Sikand@parl.gc.ca,gagansikand,,Liberal,liberal,area/ontario_(mississauga—streetsville),Ontario (Mississauga—Streetsville),House of Commons,42,,,,
2c769310-2c20-40ab-98a4-b2b267bc0921,Garnett Genuis,Garnett Genuis,Garnett.Genuis@parl.gc.ca,GarnettGenuis,,Conservative,conservative,area/alberta_(sherwood_park—fort_saskatchewan),Alberta (Sherwood Park—Fort Saskatchewan),House of Commons,42,,,,
1997e56a-830c-4e61-94ca-3aac5d71f42f,Gary Anandasangaree,Gary Anandasangaree,Gary.Anandasangaree@parl.gc.ca,gary_srp,,Liberal,liberal,area/ontario_(scarborough—rouge_park),Ontario (Scarborough—Rouge Park),House of Commons,42,,,,male
45563a12-a60a-4fc3-af92-4fc4da4d3e5d,Geng Tan,Geng Tan,Geng.Tan@parl.gc.ca,GengTanMP,,Liberal,liberal,area/ontario_(don_valley_north),Ontario (Don Valley North),House of Commons,42,,,,male
0c885d36-2aa6-4068-8c42-fde8d0c1bcfa,Geoff Regan,Geoff Regan,geoff.regan@parl.gc.ca,geoffregan,,Liberal,liberal,area/nova_scotia_(halifax_west),Nova Scotia (Halifax West),House of Commons,42,,,http://www.parl.gc.ca/Parliamentarians/Images/OfficialMPPhotos/41/ReganGeoff_Lib.jpg,male
b1607641-7723-4bbf-a47f-1f19f4f30fde,Georgina Jolibois,Georgina Jolibois,Georgina.Jolibois@parl.gc.ca,GeorginaNDP,,NDP,ndp,area/saskatchewan_(desnethé—missinippi—churchill_river),Saskatchewan (Desnethé—Missinippi—Churchill River),House of Commons,42,,,,
dd11e9c7-523f-4de5-9bb5-86e648d7ac4a,Gerry Ritz,Gerry Ritz,gerry.ritz@parl.gc.ca,GerryRitzMP,,Conservative,conservative,area/saskatchewan_(battlefords—lloydminster),Saskatchewan (Battlefords—Lloydminster),House of Commons,42,,,http://www.parl.gc.ca/Parliamentarians/Images/OfficialMPPhotos/41/RitzGerry_CPC.jpg,male
8a8d8556-1d12-42c7-930e-689ea545556d,Ginette Petitpas Taylor,Ginette Petitpas Taylor,Ginette.PetitpasTaylor@parl.gc.ca,GPTaylorMRD,,Liberal,liberal,area/new_brunswick_(moncton—riverview—dieppe),New Brunswick (Moncton—Riverview—Dieppe),House of Commons,42,,,,
33475893-cc35-428c-8e68-d1f137a929d5,Gord Brown,Gord Brown,gord.brown@parl.gc.ca,gordbrown,,Conservative,conservative,area/ontario_(leeds—grenville—thousand_islands_and_rideau_lakes),Ontario (Leeds—Grenville—Thousand Islands and Rideau Lakes),House of Commons,42,,,http://www.parl.gc.ca/Parliamentarians/Images/OfficialMPPhotos/41/BrownGordon_CPC.jpg,male
1413690d-8d99-4861-b4f6-add31f3767a9,Gord Johns,Gord Johns,Gord.Johns@parl.gc.ca,GordJohns,,NDP,ndp,area/british_columbia_(courtenay—alberni),British Columbia (Courtenay—Alberni),House of Commons,42,,,,
07e0e4c7-d9bb-48c8-a053-39c4b8c26421,Greg Fergus,Greg Fergus,Greg.Fergus@parl.gc.ca,GregFergus,,Liberal,liberal,area/quebec_(hull—aylmer),Quebec (Hull—Aylmer),House of Commons,42,,,,male
e80fe256-5e5a-47e3-bb89-8d556d1b780b,Gudie Hutchings,Gudie Hutchings,Gudie.Hutchings@parl.gc.ca,Gudie,,Liberal,liberal,area/newfoundland_and_labrador_(long_range_mountains),Newfoundland and Labrador (Long Range Mountains),House of Commons,42,,,,
414baac7-3aac-434b-85dc-699948345965,Guy Caron,Guy Caron,Guy.Caron@parl.gc.ca,GuyCaronNPD,,NDP,ndp,area/quebec_(rimouski-neigette—témiscouata—les_basques),Quebec (Rimouski-Neigette—Témiscouata—Les Basques),House of Commons,42,,,http://www.parl.gc.ca/Parliamentarians/Images/OfficialMPPhotos/41/CaronGuy_NDP.jpg,male
289a2182-1c20-4eec-b2fa-e2ea9fb38a9d,Guy Lauzon,Guy Lauzon,guy.lauzon@parl.gc.ca,,,Conservative,conservative,area/ontario_(stormont—dundas—south_glengarry),Ontario (Stormont—Dundas—South Glengarry),House of Commons,42,,,http://www.parl.gc.ca/Parliamentarians/Images/OfficialMPPhotos/41/LauzonGuy_CPC.jpg,male
82b7f73e-9283-4a32-9e54-620e75c738fb,Gérard Deltell,Gérard Deltell,Gerard.Deltell@parl.gc.ca,gerarddeltell,,Conservative,conservative,area/quebec_(louis-saint-laurent),Quebec (Louis-Saint-Laurent),House of Commons,42,,,https://upload.wikimedia.org/wikipedia/commons/5/5c/Gérard_Deltell01.jpg,male
b6b52143-5eae-4b31-a39d-bade3bb7bce8,Harjit Sajjan,Harjit Sajjan,HarjitS.Sajjan@parl.gc.ca,HarjitSajjan,,Liberal,liberal,area/british_columbia_(vancouver_south),British Columbia (Vancouver South),House of Commons,42,,,https://upload.wikimedia.org/wikipedia/commons/6/63/Harjit_Sajjan.jpg,male
74c20fa8-843c-49be-ba37-f7b616790b77,Harold Albrecht,Harold Albrecht,harold.albrecht@parl.gc.ca,Albrecht4KitCon,,Conservative,conservative,area/ontario_(kitchener—conestoga),Ontario (Kitchener—Conestoga),House of Commons,42,,,http://www.parl.gc.ca/Parliamentarians/Images/OfficialMPPhotos/41/AlbrechtHarold_CPC.jpg,male
0f81c295-82e0-46b7-b51e-ca4c7d55f68d,Hedy Fry,Hedy Fry,hedy.fry@parl.gc.ca,HedyFry,,Liberal,liberal,area/british_columbia_(vancouver_centre),British Columbia (Vancouver Centre),House of Commons,42,,,http://www.parl.gc.ca/Parliamentarians/Images/OfficialMPPhotos/41/FryHedy__Lib.jpg,female
7401da7f-0c23-4295-a6eb-19860d1e1eb9,Hunter Tootoo,Hunter Tootoo,Hunter.Tootoo@parl.gc.ca,,,Liberal,liberal,area/the_north_(nunavut),The North (Nunavut),House of Commons,42,,,,male
61ad920f-65fd-4a04-84d3-62e9f377175f,Hélène Laverdière,Hélène Laverdière,Helene.Laverdiere@parl.gc.ca,HLaverdiereNPD,,NDP,ndp,area/quebec_(laurier—sainte-marie),Quebec (Laurier—Sainte-Marie),House of Commons,42,,,http://www.parl.gc.ca/Parliamentarians/Images/OfficialMPPhotos/41/LaverdièreHélène_NDP.jpg,female
f7f3d7c0-c861-407b-995e-c9518b65f421,Iqra Khalid,Iqra Khalid,Iqra.Khalid@parl.gc.ca,iamIqraKhalid,,Liberal,liberal,area/ontario_(mississauga—erin_mills),Ontario (Mississauga—Erin Mills),House of Commons,42,,,,
6b72b104-78be-4c4f-bdbf-1766282628c8,Irene Mathyssen,Irene Mathyssen,irene.mathyssen@parl.gc.ca,irenemathyssen,,NDP,ndp,area/ontario_(london—fanshawe),Ontario (London—Fanshawe),House of Commons,42,,,http://www.parl.gc.ca/Parliamentarians/Images/OfficialMPPhotos/41/MathyssenIrene_NDP.jpg,female
5f4ad3a8-a70b-474e-b1dc-43f1fb47d05c,Jacques Gourde,Jacques Gourde,jacques.gourde@parl.gc.ca,JacquesGourde,,Conservative,conservative,area/quebec_(lévis—lotbinière),Quebec (Lévis—Lotbinière),House of Commons,42,,,http://www.parl.gc.ca/Parliamentarians/Images/OfficialMPPhotos/41/GourdeJacques_CPC.jpg,male
49ed13bf-807a-488d-91e8-024a7b5b59f2,James Bezan,James Bezan,james.bezan@parl.gc.ca,jamesbezan,,Conservative,conservative,area/manitoba_(selkirk—interlake—eastman),Manitoba (Selkirk—Interlake—Eastman),House of Commons,42,,,http://www.parl.gc.ca/Parliamentarians/Images/OfficialMPPhotos/41/BezanJames_CPC.jpg,male
1c409af8-bf80-4df2-a4aa-f848d9e0b444,James Maloney,James Maloney,James.Maloney@parl.gc.ca,j_maloney,,Liberal,liberal,area/ontario_(etobicoke—lakeshore),Ontario (Etobicoke—Lakeshore),House of Commons,42,,,,male
5d9154f9-ab90-486c-bf18-2b34d9c01b7b,Jamie Schmale,Jamie Schmale,Jamie.Schmale@parl.gc.ca,Jamie_Schmale,,Conservative,conservative,area/ontario_(haliburton—kawartha_lakes—brock),Ontario (Haliburton—Kawartha Lakes—Brock),House of Commons,42,,,,
89123085-90bc-4bf3-8940-e18edbba0aae,Jane Philpott,Jane Philpott,Jane.Philpott@parl.gc.ca,janephilpott,,Liberal,liberal,area/ontario_(markham—stouffville),Ontario (Markham—Stouffville),House of Commons,42,,,,female
464c26e9-c3a6-4928-b195-24ecefc5fb4c,Jason Kenney,Jason Kenney,jason.kenney@parl.gc.ca,jkenney,,Conservative,conservative,area/alberta_(calgary_midnapore),Alberta (Calgary Midnapore),House of Commons,42,,,http://www.parl.gc.ca/Parliamentarians/Images/OfficialMPPhotos/41/KenneyJason_CPC.jpg,male
db750827-f7f4-44f4-8300-7a0a72f44fd5,Jati Sidhu,Jati Sidhu,Jati.Sidhu@parl.gc.ca,JatiSidhuLPC,,Liberal,liberal,area/british_columbia_(mission—matsqui—fraser_canyon),British Columbia (Mission—Matsqui—Fraser Canyon),House of Commons,42,,,,
41ec6d03-054b-49a8-9381-0e0c214dbcc1,Jean Rioux,Jean Rioux,Jean.Rioux@parl.gc.ca,jeanriouxplc,,Liberal,liberal,area/quebec_(saint-jean),Quebec (Saint-Jean),House of Commons,42,,,,male
99c24018-79ef-4689-ad17-42fba8950082,Jean-Claude Poissant,Jean-Claude Poissant,Jean-Claude.Poissant@parl.gc.ca,PLCLaPrairieJCP,,Liberal,liberal,area/quebec_(la_prairie),Quebec (La Prairie),House of Commons,42,,,,
6b803fc2-03c4-4edd-ba3d-a36d20f65d61,Jean-Yves Duclos,Jean-Yves Duclos,Jean-Yves.Duclos@parl.gc.ca,jyduclos,,Liberal,liberal,area/quebec_(québec),Quebec (Québec),House of Commons,42,,,,male
5ff8d817-97ca-4c20-a3c2-9e5e6c00ff6a,Jennifer O'Connell,Jennifer O'Connell,Jennifer.OConnell@parl.gc.ca,jenoconnell_,,Liberal,liberal,area/ontario_(pickering—uxbridge),Ontario (Pickering—Uxbridge),House of Commons,42,,,,
2441591a-0296-4f94-9d59-f6e041eb50af,Jenny Kwan,Jenny Kwan,Jenny.Kwan@parl.gc.ca,JennyKwanBC,,NDP,ndp,area/british_columbia_(vancouver_east),British Columbia (Vancouver East),House of Commons,42,,,,female
f6eeb37c-e6f5-44ce-acdd-fa6c33dc22a1,Jim Carr,Jim Carr,Jim.Carr@parl.gc.ca,jimcarr_wpg,,Liberal,liberal,area/manitoba_(winnipeg_south_centre),Manitoba (Winnipeg South Centre),House of Commons,42,,,,male
d5dbafd0-a6d2-428c-a846-a584b80e5925,Jim Eglinski,Jim Eglinski,Jim.Eglinski@parl.gc.ca,JimEglinski,,Conservative,conservative,area/alberta_(yellowhead),Alberta (Yellowhead),House of Commons,42,,,http://www.parl.gc.ca/Parliamentarians/Images/OfficialMPPhotos/41/EglinskiJim_CPC.jpg,male
9586f81b-d8b3-4f42-9300-95e0317fb63d,Jim Hillyer,Jim Hillyer,Jim.Hillyer@parl.gc.ca,,,Conservative,conservative,area/alberta_(medicine_hat—cardston—warner),Alberta (Medicine Hat—Cardston—Warner),House of Commons,42,,,http://www.parl.gc.ca/Parliamentarians/Images/OfficialMPPhotos/41/HillyerJim_CPC.jpg,male
2652a805-2706-4030-b3d2-b045d021ed79,Jody Wilson-Raybould,Jody Wilson-Raybould,Jody.Wilson-Raybould@parl.gc.ca,Puglaas,,Liberal,liberal,area/british_columbia_(vancouver_granville),British Columbia (Vancouver Granville),House of Commons,42,,,https://upload.wikimedia.org/wikipedia/commons/7/78/Jody_Wilson-Raybould.jpg,female
62421cab-19d7-46e5-b690-b74ff71b9795,Joe Peschisolido,Joe Peschisolido,Joe.Peschisolido@parl.gc.ca,jpeschisolido,,Liberal,liberal,area/british_columbia_(steveston—richmond_east),British Columbia (Steveston—Richmond East),House of Commons,42,,,http://www.parl.gc.ca/Parliamentarians/Images/OfficialMPPhotos/37/PeschC.jpg,male
d4709a67-be0d-4943-8bd8-2f1ebdfac369,John Aldag,John Aldag,John.Aldag@parl.gc.ca,jwaldag,,Liberal,liberal,area/british_columbia_(cloverdale—langley_city),British Columbia (Cloverdale—Langley City),House of Commons,42,,,,
eadc659d-2d9e-4e08-91a4-fc9e261da1c5,John Barlow,John Barlow,John.Barlow@parl.gc.ca,JohnBarlowMP,,Conservative,conservative,area/alberta_(foothills),Alberta (Foothills),House of Commons,42,,,http://www.parl.gc.ca/Parliamentarians/Images/OfficialMPPhotos/41/BarlowJohn_CPC.jpg,male
020e1aed-761c-46b2-bc53-d40bfb2062a3,John Brassard,John Brassard,John.Brassard@parl.gc.ca,JohnBrassardCPC,,Conservative,conservative,area/ontario_(barrie—innisfil),Ontario (Barrie—Innisfil),House of Commons,42,,,,
339e3459-c85e-4adc-93ab-ba9c8c20078a,John McCallum,John McCallum,john.mccallum@parl.gc.ca,JohnMcCallumLPC,,Liberal,liberal,area/ontario_(markham—thornhill),Ontario (Markham—Thornhill),House of Commons,42,,,http://www.parl.gc.ca/Parliamentarians/Images/OfficialMPPhotos/41/McCallumJohn_Lib.jpg,male
deea1cee-13b6-4988-8743-a4cc81090185,John McKay,John McKay,john.mckay@parl.gc.ca,JohnMcKayLib,,Liberal,liberal,area/ontario_(scarborough—guildwood),Ontario (Scarborough—Guildwood),House of Commons,42,,,http://www.parl.gc.ca/Parliamentarians/Images/OfficialMPPhotos/41/McKayJohnNorman_Lib.jpg,male
bcfc5e84-9c30-484c-96f5-9adb1f15c4af,John Nater,John Nater,John.Nater@parl.gc.ca,JLNater,,Conservative,conservative,area/ontario_(perth—wellington),Ontario (Perth—Wellington),House of Commons,42,,,,
7572e494-a27e-47eb-8177-77d688c58df3,John Oliver,John Oliver,John.Oliver@parl.gc.ca,voteoliver,,Liberal,liberal,area/ontario_(oakville),Ontario (Oakville),House of Commons,42,,,,
448c8182-b71f-4a3b-b572-f12d864bbeab,Jonathan Wilkinson,Jonathan Wilkinson,Jonathan.Wilkinson@parl.gc.ca,JonathanWNV,,Liberal,liberal,area/british_columbia_(north_vancouver),British Columbia (North Vancouver),House of Commons,42,,,,
27919489-2407-4874-9649-f3611131b52e,Joyce Murray,Joyce Murray,joyce.murray@parl.gc.ca,joycemurray,,Liberal,liberal,area/british_columbia_(vancouver_quadra),British Columbia (Vancouver Quadra),House of Commons,42,,,http://www.parl.gc.ca/Parliamentarians/Images/OfficialMPPhotos/41/MurrayJoyce_Lib.jpg,female
86857ac5-4d77-493c-9f58-b2c2bf8bc38b,Joël Godin,Joël Godin,Joel.Godin@parl.gc.ca,,,Conservative,conservative,area/quebec_(portneuf—jacques-cartier),Quebec (Portneuf—Jacques-Cartier),House of Commons,42,,,,
d2052407-491d-45ea-84e2-b24387a6e9d9,Joël Lightbound,Joël Lightbound,Joel.Lightbound@parl.gc.ca,JoelLightbound,,Liberal,liberal,area/quebec_(louis-hébert),Quebec (Louis-Hébert),House of Commons,42,,,,male
c9a40139-70a1-4507-99c2-fa85270d2fce,Judy Foote,Judy Foote,judy.foote@parl.gc.ca,JudyFooteMP,,Liberal,liberal,area/newfoundland_and_labrador_(bonavista—burin—trinity),Newfoundland and Labrador (Bonavista—Burin—Trinity),House of Commons,42,,,http://www.parl.gc.ca/Parliamentarians/Images/OfficialMPPhotos/41/FooteJudy_Lib.jpg,female
eb767097-82fd-46e7-8215-c57cdf685e86,Judy Sgro,Judy Sgro,judy.sgro@parl.gc.ca,JudySgroMP,,Liberal,liberal,area/ontario_(humber_river—black_creek),Ontario (Humber River—Black Creek),House of Commons,42,,,http://www.parl.gc.ca/Parliamentarians/Images/OfficialMPPhotos/41/SgroJudy_Lib.jpg,female
0cb25ef8-ab36-4b58-b611-ec1ebc262e3f,Julie Dabrusin,Julie Dabrusin,Julie.Dabrusin@parl.gc.ca,juliedabrusin,,Liberal,liberal,area/ontario_(toronto—danforth),Ontario (Toronto—Danforth),House of Commons,42,,,,female
90fffd67-9ec0-4bfd-9aa6-c13fcb5dca42,Julie Dzerowicz,Julie Dzerowicz,Julie.Dzerowicz@parl.gc.ca,JulieDzerowicz,,Liberal,liberal,area/ontario_(davenport),Ontario (Davenport),House of Commons,42,,,,
01b44d36-d39c-4cf3-a8ea-0191187cccaf,Justin Trudeau,Justin Trudeau,justin.trudeau@parl.gc.ca,JustinTrudeau,,Liberal,liberal,area/quebec_(papineau),Quebec (Papineau),House of Commons,42,,,http://www.parl.gc.ca/Parliamentarians/Images/OfficialMPPhotos/41/TrudeauJustin_Lib.jpg,
bfd6ee3c-f716-42e5-9dbc-38cc379d7893,Kamal Khera,Kamal Khera,Kamal.Khera@parl.gc.ca,KamalKheraLib,,Liberal,liberal,area/ontario_(brampton_west),Ontario (Brampton West),House of Commons,42,,,,
23e0bc51-218e-4ad9-955b-638d0c53a069,Karen Ludwig,Karen Ludwig,Karen.Ludwig@parl.gc.ca,KarenLudwigNB,,Liberal,liberal,area/new_brunswick_(new_brunswick_southwest),New Brunswick (New Brunswick Southwest),House of Commons,42,,,,
71a2f588-6e8a-4b3b-8acb-1b3af2593c5e,Karen McCrimmon,Karen McCrimmon,Karen.McCrimmon@parl.gc.ca,karenmccrimmon,,Liberal,liberal,area/ontario_(kanata—carleton),Ontario (Kanata—Carleton),House of Commons,42,,,https://upload.wikimedia.org/wikipedia/commons/d/d4/McCrimmon_2013-02-16.JPG,female
4e67d394-bebf-4850-a121-1d13c49a9094,Karen Vecchio,Karen Vecchio,Karen.Vecchio@parl.gc.ca,karen_vecchio,,Conservative,conservative,area/ontario_(elgin—middlesex—london),Ontario (Elgin—Middlesex—London),House of Commons,42,,,,
d2384df6-1918-47be-b272-9d2ba4ed28f0,Karina Gould,Karina Gould,Karina.Gould@parl.gc.ca,karinagould,,Liberal,liberal,area/ontario_(burlington),Ontario (Burlington),House of Commons,42,,,,
3a3c7773-f0d7-4e09-9335-df303a1a5318,Karine Trudel,Karine Trudel,Karine.Trudel@parl.gc.ca,trudel_karine,,NDP,ndp,area/quebec_(jonquière),Quebec (Jonquière),House of Commons,42,,,,
6b8077a3-e6be-48d5-90c0-5ac5f51d9cd7,Kate Young,Kate Young,Kate.Young@parl.gc.ca,VoteKateYoung,,Liberal,liberal,area/ontario_(london_west),Ontario (London West),House of Commons,42,,,,
b626e613-d46a-4e50-83da-e1bec89bdff8,Kellie Leitch,Kellie Leitch,Kellie.Leitch@parl.gc.ca,KellieLeitch,,Conservative,conservative,area/ontario_(simcoe—grey),Ontario (Simcoe—Grey),House of Commons,42,,,http://www.parl.gc.ca/Parliamentarians/Images/OfficialMPPhotos/41/LeitchKellie_CPC.jpg,female
54193c09-4c26-466b-8c21-da7d4ecb5fe6,Kelly Block,Kelly Block,kelly.block@parl.gc.ca,KellyBlockmp,,Conservative,conservative,area/saskatchewan_(carlton_trail—eagle_creek),Saskatchewan (Carlton Trail—Eagle Creek),House of Commons,42,,,http://www.parl.gc.ca/Parliamentarians/Images/OfficialMPPhotos/41/BlockKelly_CPC.jpg,female
56e8960e-e3fe-481c-a8e0-48b896052d6b,Kelly McCauley,Kelly McCauley,Kelly.McCauley@parl.gc.ca,KellyMcCauleyMP,,Conservative,conservative,area/alberta_(edmonton_west),Alberta (Edmonton West),House of Commons,42,,,,
0fd4d633-9813-428d-bf0f-c31ae07c5605,Ken Hardie,Ken Hardie,Ken.Hardie@parl.gc.ca,KenHardie,,Liberal,liberal,area/british_columbia_(fleetwood—port_kells),British Columbia (Fleetwood—Port Kells),House of Commons,42,,,,
91af82e0-63a3-4de8-97fd-889cead06cc9,Ken McDonald,Ken McDonald,Ken.McDonald@parl.gc.ca,avalonMPKen,,Liberal,liberal,area/newfoundland_and_labrador_(avalon),Newfoundland and Labrador (Avalon),House of Commons,42,,,,male
dcaaddac-9cbd-4c67-b9b0-c1a4dca9021f,Kennedy Stewart,Kennedy Stewart,Kennedy.Stewart@parl.gc.ca,kennedystewart,,NDP,ndp,area/british_columbia_(burnaby_south),British Columbia (Burnaby South),House of Commons,42,,,http://www.parl.gc.ca/Parliamentarians/Images/OfficialMPPhotos/41/StewartKennedy_NDP.jpg,male
b6ea1d5a-7e9b-443c-8b55-4d94c1118e0b,Kent Hehr,Kent Hehr,Kent.Hehr@parl.gc.ca,kenthehr,,Liberal,liberal,area/alberta_(calgary_centre),Alberta (Calgary Centre),House of Commons,42,,,https://upload.wikimedia.org/wikipedia/commons/d/de/Taft_at_Holy_2008-02-20_25a.jpg,male
b3afbb2f-f820-4b63-b92d-425446cf6e9b,Kerry Diotte,Kerry Diotte,Kerry.Diotte@parl.gc.ca,KerryDiotte,,Conservative,conservative,area/alberta_(edmonton_griesbach),Alberta (Edmonton Griesbach),House of Commons,42,,,https://upload.wikimedia.org/wikipedia/commons/2/20/2013-05-16_Kerry_Diotte.jpg,male
6503b258-44e4-4f0a-a2eb-3f45e84a526c,Kevin Lamoureux,Kevin Lamoureux,kevin.lamoureux@parl.gc.ca,Kevin_Lamoureux,,Liberal,liberal,area/manitoba_(winnipeg_north),Manitoba (Winnipeg North),House of Commons,42,,,http://www.parl.gc.ca/Parliamentarians/Images/OfficialMPPhotos/41/LamoureuxKevin_Lib.jpg,male
ded42049-9707-48ae-b52c-be67f1a26f8a,Kevin Sorenson,Kevin Sorenson,kevin.sorenson@parl.gc.ca,KevinASorenson,,Conservative,conservative,area/alberta_(battle_river—crowfoot),Alberta (Battle River—Crowfoot),House of Commons,42,,,http://www.parl.gc.ca/Parliamentarians/Images/OfficialMPPhotos/41/SorensonKevin_CPC.jpg,male
07fbe77a-3215-436b-b974-b0d4fd3d9e42,Kevin Waugh,Kevin Waugh,Kevin.Waugh@parl.gc.ca,KevinWaugh_CPC,,Conservative,conservative,area/saskatchewan_(saskatoon—grasswood),Saskatchewan (Saskatoon—Grasswood),House of Commons,42,,,,
8bde2a14-fe49-47b1-9f30-3bc4465ce3ef,Kim Rudd,Kim Rudd,Kim.Rudd@parl.gc.ca,RuddKim,,Liberal,liberal,area/ontario_(northumberland—peterborough_south),Ontario (Northumberland—Peterborough South),House of Commons,42,,,,
f3920efe-bc1e-4818-b628-7705cbf9788f,Kirsty Duncan,Kirsty Duncan,kirsty.duncan@parl.gc.ca,KirstyDuncanMP,,Liberal,liberal,area/ontario_(etobicoke_north),Ontario (Etobicoke North),House of Commons,42,,,http://www.parl.gc.ca/Parliamentarians/Images/OfficialMPPhotos/41/DuncanKirsty_Lib.jpg,female
216eb46f-858e-4cc8-a998-f4076c7eb8f5,Kyle Peterson,Kyle Peterson,Kyle.Peterson@parl.gc.ca,kylejpeterson,,Liberal,liberal,area/ontario_(newmarket—aurora),Ontario (Newmarket—Aurora),House of Commons,42,,,,
c049fe59-efac-4fe6-bcb3-fd0bd2381c9b,Larry Bagnell,Larry Bagnell,Larry.Bagnell@parl.gc.ca,LarryBagnell,,Liberal,liberal,area/the_north_(yukon),The North (Yukon),House of Commons,42,,,http://www.parl.gc.ca/Parliamentarians/Images/OfficialMPPhotos/40/BagnellLarry_LIB.jpg,male
df7133b9-95ca-4b7d-99d6-d91cf8fb3481,Larry Maguire,Larry Maguire,Larry.Maguire@parl.gc.ca,LarryMaguireMP,,Conservative,conservative,area/manitoba_(brandon—souris),Manitoba (Brandon—Souris),House of Commons,42,,,http://www.parl.gc.ca/Parliamentarians/Images/OfficialMPPhotos/41/MaguireLarry_CPC.jpg,male
cc2066d5-80cd-4469-bf94-4ef2aca361ee,Larry Miller,Larry Miller,larry.miller@parl.gc.ca,LarryMillerMP,,Conservative,conservative,area/ontario_(bruce—grey—owen_sound),Ontario (Bruce—Grey—Owen Sound),House of Commons,42,,,http://www.parl.gc.ca/Parliamentarians/Images/OfficialMPPhotos/41/MillerLarry_CPC.jpg,male
3c268e35-037f-424f-b62e-9b7de540a28a,Lawrence MacAulay,Lawrence MacAulay,lawrence.macaulay@parl.gc.ca,L_MacAulay,,Liberal,liberal,area/prince_edward_island_(cardigan),Prince Edward Island (Cardigan),House of Commons,42,,,http://www.parl.gc.ca/Parliamentarians/Images/OfficialMPPhotos/41/MacAulayLawrenceA_Lib.jpg,male
7295e7e6-5eee-4210-a135-e34bd69166a2,Len Webber,Len Webber,Len.Webber@parl.gc.ca,Webber4Confed,,Conservative,conservative,area/alberta_(calgary_confederation),Alberta (Calgary Confederation),House of Commons,42,,,https://upload.wikimedia.org/wikipedia/commons/3/32/Len_Webber_(17332930232).jpg,male
4dc1953c-ad5e-421b-96dd-d746359719bc,Leona Alleslev,Leona Alleslev,Leona.Alleslev@parl.gc.ca,LeonaAlleslev,,Liberal,liberal,area/ontario_(aurora—oak_ridges—richmond_hill),Ontario (Aurora—Oak Ridges—Richmond Hill),House of Commons,42,,,,
480897b4-fcbf-40a3-9ee2-e58dcc9fe716,Linda Duncan,Linda Duncan,linda.duncan@parl.gc.ca,LindaDuncanMP,,NDP,ndp,area/alberta_(edmonton_strathcona),Alberta (Edmonton Strathcona),House of Commons,42,,,http://www.parl.gc.ca/Parliamentarians/Images/OfficialMPPhotos/41/DuncanLindaFrancis_NDP.jpg,female
b6c7b83b-6bf8-4fb0-949c-54bf7ff7929f,Linda Lapointe,Linda Lapointe,Linda.Lapointe@parl.gc.ca,LapointeLinda,,Liberal,liberal,area/quebec_(rivière-des-mille-Îles),Quebec (Rivière-des-Mille-Îles),House of Commons,42,,,https://upload.wikimedia.org/wikipedia/commons/c/c8/LapointeLinda.jpg,female
c4c03be4-a9d4-4c56-b36e-acd490c45e1a,Lisa Raitt,Lisa Raitt,lisa.raitt@parl.gc.ca,lraitt,,Conservative,conservative,area/ontario_(milton),Ontario (Milton),House of Commons,42,,,http://www.parl.gc.ca/Parliamentarians/Images/OfficialMPPhotos/41/RaittLisa_CPC.jpg,female
bbc27547-a86c-41c6-b11b-dca9e1480eb4,Lloyd Longfield,Lloyd Longfield,Lloyd.Longfield@parl.gc.ca,LloydLongfield,,Liberal,liberal,area/ontario_(guelph),Ontario (Guelph),House of Commons,42,,,,
263d9b7d-f31d-4bd0-bab9-54365291302a,Louis Plamondon,Louis Plamondon,louis.plamondon@parl.gc.ca,,,Bloc Québécois,bloc_québécois,area/quebec_(bécancour—nicolet—saurel),Quebec (Bécancour—Nicolet—Saurel),House of Commons,42,,,http://www.parl.gc.ca/Parliamentarians/Images/OfficialMPPhotos/41/PlamondonLouis_BQ.jpg,male
eee16bdf-34a1-4a47-aa98-e3717f456692,Luc Berthold,Luc Berthold,Luc.Berthold@parl.gc.ca,LucBerthold,,Conservative,conservative,area/quebec_(mégantic—l'Érable),Quebec (Mégantic—L'Érable),House of Commons,42,,,,
d24fe762-6772-47d5-9b52-f696d31eddb3,Luc Thériault,Luc Thériault,Luc.Theriault@parl.gc.ca,LucTerjo1,,Bloc Québécois,bloc_québécois,area/quebec_(montcalm),Quebec (Montcalm),House of Commons,42,,,,male
f54d608b-6fc7-484d-bcdc-e0d7e2203010,Majid Jowhari,Majid Jowhari,Majid.Jowhari@parl.gc.ca,MajidJowhari,,Liberal,liberal,area/ontario_(richmond_hill),Ontario (Richmond Hill),House of Commons,42,,,,male
d1b89a61-7b8d-4bef-aba2-c4683f9f2ea9,Marc Garneau,Marc Garneau,marc.garneau@parl.gc.ca,MarcGarneau,,Liberal,liberal,area/quebec_(notre-dame-de-grâce—westmount),Quebec (Notre-Dame-de-Grâce—Westmount),House of Commons,42,,,http://www.parl.gc.ca/Parliamentarians/Images/OfficialMPPhotos/41/GarneauMarc_Lib.jpg,male
9c716078-7177-4ca3-939a-83d298c3ef15,Marc Miller,Marc Miller,Marc.Miller@parl.gc.ca,MarcMillerVM,,Liberal,liberal,area/quebec_(ville-marie—le_sud-ouest—Île-des-sœurs),Quebec (Ville-Marie—Le Sud-Ouest—Île-des-Sœurs),House of Commons,42,,,,
a6eae866-4327-4809-bb9a-d89667baf5cc,Marc Serré,Marc Serré,Marc.Serre@parl.gc.ca,marcgserre,,Liberal,liberal,area/ontario_(nickel_belt),Ontario (Nickel Belt),House of Commons,42,,,,
44f52531-41d4-4d64-8573-28be86255592,Marco Mendicino,Marco Mendicino,Marco.Mendicino@parl.gc.ca,marcomendicino,,Liberal,liberal,area/ontario_(eglinton—lawrence),Ontario (Eglinton—Lawrence),House of Commons,42,,,,male
af94bcaf-9fd5-4882-98fd-94f04db55b0a,Marie-Claude Bibeau,Marie-Claude Bibeau,Marie-Claude.Bibeau@parl.gc.ca,mclaudebibeau,,Liberal,liberal,area/quebec_(compton—stanstead),Quebec (Compton—Stanstead),House of Commons,42,,,,female
40947b68-5857-49b5-b413-131842492c33,Marilyn Gladu,Marilyn Gladu,Marilyn.Gladu@parl.gc.ca,,,Conservative,conservative,area/ontario_(sarnia—lambton),Ontario (Sarnia—Lambton),House of Commons,42,,,,
f92bde9a-2d7d-4360-93af-9f54a8759068,Marilène Gill,Marilène Gill,Marilene.Gill@parl.gc.ca,,,Bloc Québécois,bloc_québécois,area/quebec_(manicouagan),Quebec (Manicouagan),House of Commons,42,,,,female
042c6bb2-8058-4e2a-aaf2-16a82dd9e436,Mario Beaulieu,Mario Beaulieu,Mario.Beaulieu@parl.gc.ca,Mario_Beaulieu,,Bloc Québécois,bloc_québécois,area/quebec_(la_pointe-de-l'Île),Quebec (La Pointe-de-l'Île),House of Commons,42,,,,male
d5ba23a3-b83c-4b47-85d9-103bac5b9819,Marjolaine Boutin-Sweet,Marjolaine Boutin-Sweet,Marjolaine.Boutin-Sweet@parl.gc.ca,MarjBoutinSweet,,NDP,ndp,area/quebec_(hochelaga),Quebec (Hochelaga),House of Commons,42,,,http://www.parl.gc.ca/Parliamentarians/Images/OfficialMPPhotos/41/BoutinSweetMarjolaine_NDP.jpg,female
210ba9d9-e5b1-42df-8e0d-5818294b37a9,Mark Eyking,Mark Eyking,mark.eyking@parl.gc.ca,MarkEyking_MP,,Liberal,liberal,area/nova_scotia_(sydney—victoria),Nova Scotia (Sydney—Victoria),House of Commons,42,,,http://www.parl.gc.ca/Parliamentarians/Images/OfficialMPPhotos/41/EykingMark_Lib.jpg,male
6e465927-b428-43b5-bfa5-5496659550b3,Mark Gerretsen,Mark Gerretsen,Mark.Gerretsen@parl.gc.ca,MarkGerretsen,,Liberal,liberal,area/ontario_(kingston_and_the_islands),Ontario (Kingston and the Islands),House of Commons,42,,,,male
09ae0c58-52bb-473a-b1b2-27c06b5a8af9,Mark Holland,Mark Holland,Mark.Holland@parl.gc.ca,markhollandlib,,Liberal,liberal,area/ontario_(ajax),Ontario (Ajax),House of Commons,42,,,http://www.parl.gc.ca/Parliamentarians/Images/OfficialMPPhotos/40/HollandMark_LIB.jpg,male
7e79b4bd-9b30-4aa1-800d-2e6aafa9944e,Mark Strahl,Mark Strahl,Mark.Strahl@parl.gc.ca,markstrahl,,Conservative,conservative,area/british_columbia_(chilliwack—hope),British Columbia (Chilliwack—Hope),House of Commons,42,,,http://www.parl.gc.ca/Parliamentarians/Images/OfficialMPPhotos/41/StrahlMark_CPC.jpg,male
439e2e9a-6243-41ac-acf1-977669b88f9f,Mark Warawa,Mark Warawa,mark.warawa@parl.gc.ca,MPmarkwarawa,,Conservative,conservative,area/british_columbia_(langley—aldergrove),British Columbia (Langley—Aldergrove),House of Commons,42,,,http://www.parl.gc.ca/Parliamentarians/Images/OfficialMPPhotos/41/WarawaMark_CPC.jpg,male
940fe124-01a4-4bde-bcb1-2480271e3fce,Martin Shields,Martin Shields,Martin.Shields@parl.gc.ca,MartinBowRiver,,Conservative,conservative,area/alberta_(bow_river),Alberta (Bow River),House of Commons,42,,,,
bfe8cdc6-eb40-473c-9f0f-d382f1b0c174,Marwan Tabbara,Marwan Tabbara,Marwan.Tabbara@parl.gc.ca,,,Liberal,liberal,area/ontario_(kitchener_south—hespeler),Ontario (Kitchener South—Hespeler),House of Commons,42,,,,male
66c91109-0649-442f-a8cb-cf130cfd75c0,MaryAnn Mihychuk,MaryAnn Mihychuk,MaryAnn.Mihychuk@parl.gc.ca,MPMihychuk,,Liberal,liberal,area/manitoba_(kildonan—st._paul),Manitoba (Kildonan—St. Paul),House of Commons,42,,,,female
4205d3db-a1f5-424d-8691-27011ac5c915,Maryam Monsef,Maryam Monsef,Maryam.Monsef@parl.gc.ca,MaryamMonsef,,Liberal,liberal,area/ontario_(peterborough—kawartha),Ontario (Peterborough—Kawartha),House of Commons,42,,,,female
dea1f938-f047-4f5f-bb78-126fe67c3e2f,Matt DeCourcey,Matt DeCourcey,Matt.DeCourcey@parl.gc.ca,MattDeCourcey,,Liberal,liberal,area/new_brunswick_(fredericton),New Brunswick (Fredericton),House of Commons,42,,,,
46f7eb18-aebc-4a5d-a94a-958029eb108b,Matt Jeneroux,Matt Jeneroux,Matt.Jeneroux@parl.gc.ca,jeneroux,,Conservative,conservative,area/alberta_(edmonton_riverbend),Alberta (Edmonton Riverbend),House of Commons,42,,,https://upload.wikimedia.org/wikipedia/commons/0/00/Matt_Jeneroux.jpg,male
3b7418a6-991c-42d4-86bb-192177679fcc,Matthew Dubé,Matthew Dubé,Matthew.Dube@parl.gc.ca,MattDube,,NDP,ndp,area/quebec_(beloeil—chambly),Quebec (Beloeil—Chambly),House of Commons,42,,,http://www.parl.gc.ca/Parliamentarians/Images/OfficialMPPhotos/41/DubeMatthew_NDP.jpg,male
c5391105-42ab-4b5c-8de0-3d8c42205e12,Mauril Bélanger,Mauril Bélanger,mauril.belanger@parl.gc.ca,Mauril_Belanger,,Liberal,liberal,area/ontario_(ottawa—vanier),Ontario (Ottawa—Vanier),House of Commons,42,,,http://www.parl.gc.ca/Parliamentarians/Images/OfficialMPPhotos/41/BélangerMauril_Lib.jpg,male
d48c5536-722f-4f54-b8b9-ea43a0e1bec2,Maxime Bernier,Maxime Bernier,maxime.bernier@parl.gc.ca,MaximeBernier,,Conservative,conservative,area/quebec_(beauce),Quebec (Beauce),House of Commons,42,,,http://www.parl.gc.ca/Parliamentarians/Images/OfficialMPPhotos/41/BernierMaxime_CPC.jpg,male
daa2a687-37a2-487c-8552-14505d082bbd,Mel Arnold,Mel Arnold,Mel.Arnold@parl.gc.ca,MelArnold2015,,Conservative,conservative,area/british_columbia_(north_okanagan—shuswap),British Columbia (North Okanagan—Shuswap),House of Commons,42,,,,
00e911f6-0d61-467a-a96d-33257c7f0bf1,Michael Chong,Michael Chong,michael.chong@parl.gc.ca,MichaelChongMP,,Conservative,conservative,area/ontario_(wellington—halton_hills),Ontario (Wellington—Halton Hills),House of Commons,42,,,http://www.parl.gc.ca/Parliamentarians/Images/OfficialMPPhotos/41/ChongMichaelD_CPC.jpg,male
a5476875-2a9c-4742-a59c-cda858f49599,Michael Cooper,Michael Cooper,Michael.Cooper@parl.gc.ca,Cooper4SAE,,Conservative,conservative,area/alberta_(st._albert—edmonton),Alberta (St. Albert—Edmonton),House of Commons,42,,,,
668b974c-b074-4dda-836d-414572665d3f,Michael Levitt,Michael Levitt,Michael.Levitt@parl.gc.ca,LevittMichael,,Liberal,liberal,area/ontario_(york_centre),Ontario (York Centre),House of Commons,42,,,,
65a4ef51-dd6e-4edb-b576-8bad6767a859,Michael McLeod,Michael McLeod,Michael.McLeod@parl.gc.ca,MMcLeodNWT,,Liberal,liberal,area/the_north_(northwest_territories),The North (Northwest Territories),House of Commons,42,,,,male
a6253088-efc1-4391-ac52-afd27cb19918,Michel Boudrias,Michel Boudrias,Michel.Boudrias@parl.gc.ca,boudrias2015,,Bloc Québécois,bloc_québécois,area/quebec_(terrebonne),Quebec (Terrebonne),House of Commons,42,,,,
128e1a97-64b2-4b00-8495-18fdd45cacd6,Michel Picard,Michel Picard,Michel.Picard@parl.gc.ca,MPicardLiberal,,Liberal,liberal,area/quebec_(montarville),Quebec (Montarville),House of Commons,42,,,,male
c72cf528-1bf2-409c-acb0-83045cc11899,Michelle Rempel,Michelle Rempel,Michelle.Rempel@parl.gc.ca,MichelleRempel,,Conservative,conservative,area/alberta_(calgary_nose_hill),Alberta (Calgary Nose Hill),House of Commons,42,,,http://www.parl.gc.ca/Parliamentarians/Images/OfficialMPPhotos/41/RempelMichelle_CPC.jpg,female
4095e6ca-8475-4f9b-aea3-37a7c47f7af8,Mike Bossio,Mike Bossio,Mike.Bossio@parl.gc.ca,MikeBossio,,Liberal,liberal,area/ontario_(hastings—lennox_and_addington),Ontario (Hastings—Lennox and Addington),House of Commons,42,,,,
9fee3d24-be5e-497d-8fae-edc121e1aa57,Mike Lake,Mike Lake,mike.lake@parl.gc.ca,MikeLakeMP,,Conservative,conservative,area/alberta_(edmonton—wetaskiwin),Alberta (Edmonton—Wetaskiwin),House of Commons,42,,,http://www.parl.gc.ca/Parliamentarians/Images/OfficialMPPhotos/41/LakeMike_CPC.jpg,male
ee71ddfb-28fc-4606-b650-ca699f80cd38,Monique Pauzé,Monique Pauzé,Monique.Pauze@parl.gc.ca,,,Bloc Québécois,bloc_québécois,area/quebec_(repentigny),Quebec (Repentigny),House of Commons,42,,,,female
d4d5543f-3c92-46b6-8a4d-4d4a3db884ef,Murray Rankin,Murray Rankin,Murray.Rankin@parl.gc.ca,MurrayRankin,,NDP,ndp,area/british_columbia_(victoria),British Columbia (Victoria),House of Commons,42,,,http://www.parl.gc.ca/Parliamentarians/Images/OfficialMPPhotos/41/MurrayRankin_NDP.jpg,male
25cd0ef1-cfc9-4f8b-8367-d2b14f9e2775,Mélanie Joly,Mélanie Joly,Melanie.Joly@parl.gc.ca,melaniejoly,,Liberal,liberal,area/quebec_(ahuntsic-cartierville),Quebec (Ahuntsic-Cartierville),House of Commons,42,,,https://upload.wikimedia.org/wikipedia/commons/4/45/MelanieJoly.jpg,female
776183ba-fd4c-4ce4-bf26-43b324a75d19,Nathan Cullen,Nathan Cullen,nathan.cullen@parl.gc.ca,nathancullen,,NDP,ndp,area/british_columbia_(skeena—bulkley_valley),British Columbia (Skeena—Bulkley Valley),House of Commons,42,,,http://www.parl.gc.ca/Parliamentarians/Images/OfficialMPPhotos/41/CullenNathan_NDP.jpg,male
96d39d8b-612e-455b-baf5-ed596e9f5eab,Nathaniel Erskine-Smith,Nathaniel Erskine-Smith,Nathaniel.Erskine-Smith@parl.gc.ca,beynate,,Liberal,liberal,area/ontario_(beaches—east_york),Ontario (Beaches—East York),House of Commons,42,,,,
abd1552d-63fb-41b1-af55-d54903cfed9a,Navdeep Bains,Navdeep Bains,Navdeep.Bains@parl.gc.ca,NavdeepSBains,,Liberal,liberal,area/ontario_(mississauga—malton),Ontario (Mississauga—Malton),House of Commons,42,,,http://www.parl.gc.ca/Parliamentarians/Images/OfficialMPPhotos/40/BainsNavdeep_Lib.jpg,male
4b14234e-98d1-4097-a49c-914911d32200,Neil Ellis,Neil Ellis,Neil.Ellis@parl.gc.ca,NeilREllis,,Liberal,liberal,area/ontario_(bay_of_quinte),Ontario (Bay of Quinte),House of Commons,42,,,,
bde5ba1a-6c62-42d5-ae91-031765d35653,Nick Whalen,Nick Whalen,Nick.Whalen@parl.gc.ca,NickWhalenMP,,Liberal,liberal,area/newfoundland_and_labrador_(st._john's_east),Newfoundland and Labrador (St. John's East),House of Commons,42,,,,
bbacc99c-6674-419a-9abd-1d8aa5e0742c,Nicola Di Iorio,Nicola Di Iorio,Nicola.DiIorio@parl.gc.ca,DiIorioLiberal,,Liberal,liberal,area/quebec_(saint-léonard—saint-michel),Quebec (Saint-Léonard—Saint-Michel),House of Commons,42,,,,
e4d5f9ca-8dbc-4dec-b845-6f4786fb4145,Niki Ashton,Niki Ashton,niki.ashton@parl.gc.ca,nikiashton,,NDP,ndp,area/manitoba_(churchill—keewatinook_aski),Manitoba (Churchill—Keewatinook Aski),House of Commons,42,,,http://www.parl.gc.ca/Parliamentarians/Images/OfficialMPPhotos/41/AshtonNiki_NDP.jpg,female
b2f66ed9-9e23-4c4f-9dbd-0d26bdcc3d3c,Omar Alghabra,Omar Alghabra,,OmarAlghabra,,Liberal,liberal,area/ontario_(mississauga_centre),Ontario (Mississauga Centre),House of Commons,42,,,https://upload.wikimedia.org/wikipedia/commons/9/9e/Omar_alghabra_photo.jpg,male
624715ff-91bc-4d9a-ba0c-e352a451b2fe,Pablo Rodríguez,Pablo Rodríguez,Pablo.Rodriguez@parl.gc.ca,Rodriguez_Pab,,Liberal,liberal,area/quebec_(honoré-mercier),Quebec (Honoré-Mercier),House of Commons,42,,,http://www.parl.gc.ca/Parliamentarians/Images/OfficialMPPhotos/40/RodriguezPablo_LIB.jpg,male
957ac7cf-dbf0-4873-b937-419b3b6b3787,Pam Damoff,Pam Damoff,Pam.Damoff@parl.gc.ca,PamDamoff,,Liberal,liberal,area/ontario_(oakville_north—burlington),Ontario (Oakville North—Burlington),House of Commons,42,,,,
c63802f9-d464-411d-a385-971c2a005408,Pamela Goldsmith-Jones,Pamela Goldsmith-Jones,Pam.Goldsmith-Jones@parl.gc.ca,pgoldsmithjones,,Liberal,liberal,area/british_columbia_(west_vancouver—sunshine_coast—sea_to_sky_country),British Columbia (West Vancouver—Sunshine Coast—Sea to Sky Country),House of Commons,42,,,,female
bfa3d80b-4f94-4405-9560-ec260c8f588e,Pat Finnigan,Pat Finnigan,Pat.Finnigan@parl.gc.ca,PatriceFinnigan,,Liberal,liberal,area/new_brunswick_(miramichi—grand_lake),New Brunswick (Miramichi—Grand Lake),House of Commons,42,,,,
73fa1a96-868c-4a86-b7ab-08f49d06e7bb,Pat Kelly,Pat Kelly,Pat.Kelly@parl.gc.ca,votepatkelly,,Conservative,conservative,area/alberta_(calgary_rocky_ridge),Alberta (Calgary Rocky Ridge),House of Commons,42,,,,
2a8ff148-50eb-490c-a67a-242c43dcad13,Patty Hajdu,Patty Hajdu,Patty.Hajdu@parl.gc.ca,PattyHajdu,,Liberal,liberal,area/ontario_(thunder_bay—superior_north),Ontario (Thunder Bay—Superior North),House of Commons,42,,,,female
d8f57f33-a2a6-4a96-9939-b1fb35b7b11f,Paul Lefebvre,Paul Lefebvre,Paul.Lefebvre@parl.gc.ca,LefebvrePaul,,Liberal,liberal,area/ontario_(sudbury),Ontario (Sudbury),House of Commons,42,,,,
80a4eb8a-6095-4c79-bfaa-16082a804a2d,Peter Fonseca,Peter Fonseca,Peter.Fonseca@parl.gc.ca,votefonseca,,Liberal,liberal,area/ontario_(mississauga_east—cooksville),Ontario (Mississauga East—Cooksville),House of Commons,42,,,,male
66ccd537-1f51-4e0b-8040-38d65fe0a916,Peter Fragiskatos,Peter Fragiskatos,Peter.Fragiskatos@parl.gc.ca,pfragiskatos,,Liberal,liberal,area/ontario_(london_north_centre),Ontario (London North Centre),House of Commons,42,,,,
a4c65aca-6db5-4f49-8bc9-55269215d007,Peter Julian,Peter Julian,peter.julian@parl.gc.ca,MPJulian,,NDP,ndp,area/british_columbia_(new_westminster—burnaby),British Columbia (New Westminster—Burnaby),House of Commons,42,,,http://www.parl.gc.ca/Parliamentarians/Images/OfficialMPPhotos/41/JulianPeter_NDP.jpg,male
73712677-6c29-4b11-8671-e06d62c24cbf,Peter Kent,Peter Kent,peter.kent@parl.gc.ca,KentThornhillMP,,Conservative,conservative,area/ontario_(thornhill),Ontario (Thornhill),House of Commons,42,,,http://www.parl.gc.ca/Parliamentarians/Images/OfficialMPPhotos/41/KentPeter_CPC.jpg,male
afd06319-9573-4b0f-9584-f0fd451d327f,Peter Schiefke,Peter Schiefke,Peter.Schiefke@parl.gc.ca,PeterSchiefke,,Liberal,liberal,area/quebec_(vaudreuil—soulanges),Quebec (Vaudreuil—Soulanges),House of Commons,42,,,,
f4f1ff77-8ece-415f-b4d3-fdd4536488f4,Peter Van Loan,Peter Van Loan,peter.vanloan@parl.gc.ca,PeterVanLoan,,Conservative,conservative,area/ontario_(york—simcoe),Ontario (York—Simcoe),House of Commons,42,,,http://www.parl.gc.ca/Parliamentarians/Images/OfficialMPPhotos/41/VanLoanPeter_CPC.jpg,male
908c94ee-347a-409c-b5ed-f2e6b97ac3be,Phil McColeman,Phil McColeman,phil.mccoleman@parl.gc.ca,Phil4Brant,,Conservative,conservative,area/ontario_(brantford—brant),Ontario (Brantford—Brant),House of Commons,42,,,http://www.parl.gc.ca/Parliamentarians/Images/OfficialMPPhotos/41/McColemanPhil_CPC.jpg,male
d44476b4-1836-41d6-93fc-5d82392defa9,Pierre Breton,Pierre Breton,Pierre.Breton@parl.gc.ca,pierrebretonplc,,Liberal,liberal,area/quebec_(shefford),Quebec (Shefford),House of Commons,42,,,,
0b42b5bb-2900-4398-8fba-5e8ee2ab11db,Pierre Nantel,Pierre Nantel,Pierre.Nantel@parl.gc.ca,pierrenantel,,NDP,ndp,area/quebec_(longueuil—saint-hubert),Quebec (Longueuil—Saint-Hubert),House of Commons,42,,,http://www.parl.gc.ca/Parliamentarians/Images/OfficialMPPhotos/41/NantelPierre_NDP.jpg,male
e6747e3e-3034-43e0-9c63-e98ca603a84a,Pierre Paul-Hus,Pierre Paul-Hus,Pierre.Paul-Hus@parl.gc.ca,,,Conservative,conservative,area/quebec_(charlesbourg—haute-saint-charles),Quebec (Charlesbourg—Haute-Saint-Charles),House of Commons,42,,,,male
3205d3b0-c543-4ab7-bf03-8f5300d11a45,Pierre Poilievre,Pierre Poilievre,pierre.poilievre@parl.gc.ca,PierrePoilievre,,Conservative,conservative,area/ontario_(carleton),Ontario (Carleton),House of Commons,42,,,http://www.parl.gc.ca/Parliamentarians/Images/OfficialMPPhotos/41/PoilievrePierre_CPC.jpg,male
f30d37d5-e5b8-43b4-81ca-7383834a1a1f,Pierre-Luc Dusseault,Pierre-Luc Dusseault,Pierre-Luc.Dusseault@parl.gc.ca,PLDusseault,,NDP,ndp,area/quebec_(sherbrooke),Quebec (Sherbrooke),House of Commons,42,,,http://www.parl.gc.ca/Parliamentarians/Images/OfficialMPPhotos/41/DusseaultPierreLuc_NDP.jpg,male
4d83e238-e011-496e-b8dc-a6a25997426b,Rachael Harder,Rachael Harder,Rachael.Harder@parl.gc.ca,,,Conservative,conservative,area/alberta_(lethbridge),Alberta (Lethbridge),House of Commons,42,,,,
a9549488-12c7-49fc-9f17-124d87abd024,Rachel Blaney,Rachel Blaney,Rachel.Blaney@parl.gc.ca,RABlaney,,NDP,ndp,area/british_columbia_(north_island—powell_river),British Columbia (North Island—Powell River),House of Commons,42,,,,
81f6d5a4-14ef-46d5-b7e9-a3271a11b617,Raj Grewal,Raj Grewal,Raj.Grewal@parl.gc.ca,RajLiberal,,Liberal,liberal,area/ontario_(brampton_east),Ontario (Brampton East),House of Commons,42,,,,
3632eea2-b7b7-4c04-ac74-d68f25b5042e,Raj Saini,Raj Saini,Raj.Saini@parl.gc.ca,1rajsaini,,Liberal,liberal,area/ontario_(kitchener_centre),Ontario (Kitchener Centre),House of Commons,42,,,,
4842c8d2-87f6-496d-8214-5a60f393b1f9,Ralph Goodale,Ralph Goodale,ralph.goodale@parl.gc.ca,RalphGoodale,,Liberal,liberal,area/saskatchewan_(regina—wascana),Saskatchewan (Regina—Wascana),House of Commons,42,,,http://www.parl.gc.ca/Parliamentarians/Images/OfficialMPPhotos/41/GoodaleRalphEdward_Lib.jpg,male
cb37351e-7b88-4248-85ec-b4b129293950,Ramesh Sangha,Ramesh Sangha,Ramesh.Sangha@parl.gc.ca,sangharamesh,,Liberal,liberal,area/ontario_(brampton_centre),Ontario (Brampton Centre),House of Commons,42,,,,
7ce5ca79-b60b-4155-8392-efcfff744319,Ramez Ayoub,Ramez Ayoub,Ramez.Ayoub@parl.gc.ca,ramezayoub,,Liberal,liberal,area/quebec_(thérèse-de_blainville),Quebec (Thérèse-De Blainville),House of Commons,42,,,,
178b71a7-f194-4fc4-b9ca-0e0d063ada8c,Randall Garrison,Randall Garrison,Randall.Garrison@parl.gc.ca,r_garrison,,NDP,ndp,area/british_columbia_(esquimalt—saanich—sooke),British Columbia (Esquimalt—Saanich—Sooke),House of Commons,42,,,http://www.parl.gc.ca/Parliamentarians/Images/OfficialMPPhotos/41/GarrisonRandallC_NDP.jpg,male
4a5c21df-9e58-4eb7-ab2a-f2bc103983e4,Randeep Sarai,Randeep Sarai,Randeep.Sarai@parl.gc.ca,randeepssarai,,Liberal,liberal,area/british_columbia_(surrey_centre),British Columbia (Surrey Centre),House of Commons,42,,,,
49f15f9a-24aa-49d0-861a-22d2c6595a60,Randy Boissonnault,Randy Boissonnault,Randy.Boissonnault@parl.gc.ca,R_Boissonnault,,Liberal,liberal,area/alberta_(edmonton_centre),Alberta (Edmonton Centre),House of Commons,42,,,,male
b87d8e9c-28cb-4825-a0f2-23316a473e9d,Randy Hoback,Randy Hoback,randy.hoback@parl.gc.ca,MPRandyHoback,,Conservative,conservative,area/saskatchewan_(prince_albert),Saskatchewan (Prince Albert),House of Commons,42,,,http://www.parl.gc.ca/Parliamentarians/Images/OfficialMPPhotos/41/HobackRandy_CPC.jpg,male
cc6634bf-e7eb-4627-9dd1-8eadf1eb7819,René Arseneault,René Arseneault,Rene.Arseneault@parl.gc.ca,,,Liberal,liberal,area/new_brunswick_(madawaska—restigouche),New Brunswick (Madawaska—Restigouche),House of Commons,42,,,,
cbf67124-9c28-4698-b4e6-970b48cee90c,Rhéal Fortin,Rhéal Fortin,Rheal.Fortin@parl.gc.ca,reloif,,Bloc Québécois,bloc_québécois,area/quebec_(rivière-du-nord),Quebec (Rivière-du-Nord),House of Commons,42,,,,male
6420ce4b-615c-4639-b1d2-4baa0793a394,Richard Cannings,Richard Cannings,Richard.Cannings@parl.gc.ca,CanningsNDP,,NDP,ndp,area/british_columbia_(south_okanagan—west_kootenay),British Columbia (South Okanagan—West Kootenay),House of Commons,42,,,,male
35821980-0266-4faf-b1db-36fd87570463,Rob Nicholson,Rob Nicholson,rob.nicholson@parl.gc.ca,HonRobNicholson,,Conservative,conservative,area/ontario_(niagara_falls),Ontario (Niagara Falls),House of Commons,42,,,http://www.parl.gc.ca/Parliamentarians/Images/OfficialMPPhotos/41/NicholsonRob_CPC.jpg,male
e4e443e3-6cd4-4188-a4ef-04fd07bb573e,Rob Oliphant,Rob Oliphant,,Rob_Oliphant,,Liberal,liberal,area/ontario_(don_valley_west),Ontario (Don Valley West),House of Commons,42,,,http://www.parl.gc.ca/Parliamentarians/Images/OfficialMPPhotos/40/OliphantRobert_Lib.jpg,male
c7e5cae6-1437-402a-85de-699351e7bda9,Robert Aubin,Robert Aubin,Robert.Aubin@parl.gc.ca,RobertAubinNPD,,NDP,ndp,area/quebec_(trois-rivières),Quebec (Trois-Rivières),House of Commons,42,,,http://www.parl.gc.ca/Parliamentarians/Images/OfficialMPPhotos/41/AubinRobert_NDP.jpg,male
fc360f93-8311-4a12-9251-6ab668a85b7c,Robert Kitchen,Robert Kitchen,Robert.Kitchen@parl.gc.ca,,,Conservative,conservative,area/saskatchewan_(souris—moose_mountain),Saskatchewan (Souris—Moose Mountain),House of Commons,42,,,,
29a40105-7596-4c88-aad5-4a3103579710,Robert Sopuck,Robert Sopuck,robert.sopuck@parl.gc.ca,RobertSopuck,,Conservative,conservative,area/manitoba_(dauphin—swan_river—neepawa),Manitoba (Dauphin—Swan River—Neepawa),House of Commons,42,,,http://www.parl.gc.ca/Parliamentarians/Images/OfficialMPPhotos/41/SopuckRobert_CPC.jpg,male
ddaadf04-910b-40ed-981c-234fab9a3e4b,Robert-Falcon Ouellette,Robert-Falcon Ouellette,Robert-Falcon.Ouellette@parl.gc.ca,DrRobbieO,,Liberal,liberal,area/manitoba_(winnipeg_centre),Manitoba (Winnipeg Centre),House of Commons,42,,,,
d358cb1d-42c6-40fd-8638-a4091266ae1e,Rodger Cuzner,Rodger Cuzner,rodger.cuzner@parl.gc.ca,RodgerCuzner,,Liberal,liberal,area/nova_scotia_(cape_breton—canso),Nova Scotia (Cape Breton—Canso),House of Commons,42,,,http://www.parl.gc.ca/Parliamentarians/Images/OfficialMPPhotos/41/CuznerRodger_Lib.jpg,male
64d282db-116a-4aaa-8edf-d3ba639cd6da,Romeo Saganash,Romeo Saganash,Romeo.Saganash@parl.gc.ca,RomeoSaganash,,NDP,ndp,area/quebec_(abitibi—baie-james—nunavik—eeyou),Quebec (Abitibi—Baie-James—Nunavik—Eeyou),House of Commons,42,,,http://www.parl.gc.ca/Parliamentarians/Images/OfficialMPPhotos/41/SaganashRomeo_NDP.jpg,
82ca07c1-b51c-4b53-b287-1ec14cede09d,Ron Liepert,Ron Liepert,Ron.Liepert@parl.gc.ca,RonLiepert,,Conservative,conservative,area/alberta_(calgary_signal_hill),Alberta (Calgary Signal Hill),House of Commons,42,,,,male
0af873c8-ebcd-4385-bb2b-c8480f821b0d,Ron McKinnon,Ron McKinnon,Ron.McKinnon@parl.gc.ca,RonMcKinnonLib,,Liberal,liberal,area/british_columbia_(coquitlam—port_coquitlam),British Columbia (Coquitlam—Port Coquitlam),House of Commons,42,,,,
493da50c-c1a5-499d-9b56-70126a49b99f,Rona Ambrose,Rona Ambrose,rona.ambrose@parl.gc.ca,RonaAmbrose,,Conservative,conservative,area/alberta_(sturgeon_river—parkland),Alberta (Sturgeon River—Parkland),House of Commons,42,,,http://www.parl.gc.ca/Parliamentarians/Images/OfficialMPPhotos/41/AmbroseRona_CPC.jpg,female
9f42aedd-7abb-4883-a260-e8cfa4e167e8,Ruby Sahota,Ruby Sahota,Ruby.Sahota@parl.gc.ca,MPRubySahota,,Liberal,liberal,area/ontario_(brampton_north),Ontario (Brampton North),House of Commons,42,,,,
7057b04f-1755-4029-9053-ed8c2fcb3273,Ruth Ellen Brosseau,Ruth Ellen Brosseau,RuthEllen.Brosseau@parl.gc.ca,RE_Brosseau,,NDP,ndp,area/quebec_(berthier—maskinongé),Quebec (Berthier—Maskinongé),House of Commons,42,,,http://www.parl.gc.ca/Parliamentarians/Images/OfficialMPPhotos/41/BrosseauRuthEllen_NDP.jpg,female
79040cec-bdec-4a4e-817c-2b5b9d90e429,Rémi Massé,Rémi Massé,Remi.Masse@parl.gc.ca,Remi_Masse1,,Liberal,liberal,area/quebec_(avignon—la_mitis—matane—matapédia),Quebec (Avignon—La Mitis—Matane—Matapédia),House of Commons,42,,,,
18565559-4fcc-4fd8-b42c-b9b99f47edae,Salma Zahid,Salma Zahid,Salma.Zahid@parl.gc.ca,SalmaZahid15,,Liberal,liberal,area/ontario_(scarborough_centre),Ontario (Scarborough Centre),House of Commons,42,,,,
fb16b4e6-2935-412b-9eeb-c264be978ec0,Scott Brison,Scott Brison,scott.brison@parl.gc.ca,scottbrison,,Liberal,liberal,area/nova_scotia_(kings—hants),Nova Scotia (Kings—Hants),House of Commons,42,,,http://www.parl.gc.ca/Parliamentarians/Images/OfficialMPPhotos/41/BrisonScott_Lib.jpg,male
d9359c7a-1af0-436e-abc9-c95e36d81413,Scott Duvall,Scott Duvall,Scott.Duvall@parl.gc.ca,sduvall07,,NDP,ndp,area/ontario_(hamilton_mountain),Ontario (Hamilton Mountain),House of Commons,42,,,,
cc9f1422-7729-4ab0-bb66-cf7045d7c8da,Scott Reid,Scott Reid,scott.reid@parl.gc.ca,ScottReidCPC,,Conservative,conservative,area/ontario_(lanark—frontenac—kingston),Ontario (Lanark—Frontenac—Kingston),House of Commons,42,,,http://www.parl.gc.ca/Parliamentarians/Images/OfficialMPPhotos/41/ReidScott_CPC.jpg,male
5e65c406-c011-4e9e-8d47-5cf2e11d5cf4,Scott Simms,Scott Simms,scott.simms@parl.gc.ca,Scott_Simms,,Liberal,liberal,area/newfoundland_and_labrador_(coast_of_bays—central—notre_dame),Newfoundland and Labrador (Coast of Bays—Central—Notre Dame),House of Commons,42,,,http://www.parl.gc.ca/Parliamentarians/Images/OfficialMPPhotos/41/SimmsScott_Lib.jpg,male
8f28982e-5fd2-4e8e-8c48-c414babc806a,Seamus O'Regan,Seamus O'Regan,Seamus.ORegan@parl.gc.ca,SeamusORegan,,Liberal,liberal,area/newfoundland_and_labrador_(st._john's_south—mount_pearl),Newfoundland and Labrador (St. John's South—Mount Pearl),House of Commons,42,,,https://upload.wikimedia.org/wikipedia/commons/6/62/Seamus_ORegan.jpg,male
d6a82130-4139-48e7-9c6f-44689e04d6e1,Sean Casey,Sean Casey,Sean.Casey@parl.gc.ca,SeanCaseyLPC,,Liberal,liberal,area/prince_edward_island_(charlottetown),Prince Edward Island (Charlottetown),House of Commons,42,,,http://www.parl.gc.ca/Parliamentarians/Images/OfficialMPPhotos/41/CaseySean_Lib.jpg,male
deebce9a-ba90-4785-bf1e-5103a38be83d,Sean Fraser,Sean Fraser,Sean.Fraser@parl.gc.ca,electseanfraser,,Liberal,liberal,area/nova_scotia_(central_nova),Nova Scotia (Central Nova),House of Commons,42,,,,
a0fb0527-1b06-43f7-9dae-26bf00ef2705,Serge Cormier,Serge Cormier,Serge.Cormier@parl.gc.ca,sergecormierlib,,Liberal,liberal,area/new_brunswick_(acadie—bathurst),New Brunswick (Acadie—Bathurst),House of Commons,42,,,,male
0cfb092d-bf74-493e-8286-ed6985338323,Shannon Stubbs,Shannon Stubbs,Shannon.Stubbs@parl.gc.ca,ShannonLStubbs,,Conservative,conservative,area/alberta_(lakeland),Alberta (Lakeland),House of Commons,42,,,,
2ce33031-f036-48ac-8c7c-06f4de6916c2,Shaun Chen,Shaun Chen,Shaun.Chen@parl.gc.ca,Shaun_Chen,,Liberal,liberal,area/ontario_(scarborough_north),Ontario (Scarborough North),House of Commons,42,,,,
730f0060-81aa-45a1-b2ac-997a78d49b8a,Sheila Malcolmson,Sheila Malcolmson,Sheila.Malcolmson@parl.gc.ca,s_malcolmson,,NDP,ndp,area/british_columbia_(nanaimo—ladysmith),British Columbia (Nanaimo—Ladysmith),House of Commons,42,,,,
65a6db66-ba8a-4e22-b9df-ddac94542b44,Sheri Benson,Sheri Benson,Sheri.Benson@parl.gc.ca,sherirbenson,,NDP,ndp,area/saskatchewan_(saskatoon_west),Saskatchewan (Saskatoon West),House of Commons,42,,,,
57ecefbf-620f-439b-bc17-210745792c75,Sherry Romanado,Sherry Romanado,Sherry.Romanado@parl.gc.ca,SherryRomanado,,Liberal,liberal,area/quebec_(longueuil—charles-lemoyne),Quebec (Longueuil—Charles-LeMoyne),House of Commons,42,,,,
4600b1f9-9307-4d6c-becf-edf43ff86819,Simon Marcil,Simon Marcil,Simon.Marcil@parl.gc.ca,,,Bloc Québécois,bloc_québécois,area/quebec_(mirabel),Quebec (Mirabel),House of Commons,42,,,,male
c9a9abcc-66cd-4509-96e6-ed4863b06172,Sonia Sidhu,Sonia Sidhu,Sonia.Sidhu@parl.gc.ca,SoniaLiberal,,Liberal,liberal,area/ontario_(brampton_south),Ontario (Brampton South),House of Commons,42,,,,
3a3fb683-2ac1-4cbb-860a-2d337e2c58be,Stephen Fuhr,Stephen Fuhr,Stephen.Fuhr@parl.gc.ca,Fuhr2015,,Liberal,liberal,area/british_columbia_(kelowna—lake_country),British Columbia (Kelowna—Lake Country),House of Commons,42,,,,
7c83651f-d89b-4247-8c95-4dffdf5966d1,Stephen Harper,Stephen Harper,stephen.harper@parl.gc.ca,stephenharper,,Conservative,conservative,area/alberta_(calgary_heritage),Alberta (Calgary Heritage),House of Commons,42,,,http://www.parl.gc.ca/Parliamentarians/Images/OfficialMPPhotos/41/HarperStephen_CPC.jpg,male
3c8a4563-c5e1-4799-ae6b-a0e8d17df9f0,Steve MacKinnon,Steve MacKinnon,Steven.MacKinnon@parl.gc.ca,stevenmackinnon,,Liberal,liberal,area/quebec_(gatineau),Quebec (Gatineau),House of Commons,42,,,,male
39c1c1b3-e469-4b48-a74b-4809c7871df3,Steven Blaney,Steven Blaney,steven.blaney@parl.gc.ca,StevenBlaneyPCC,,Conservative,conservative,area/quebec_(bellechasse—les_etchemins—lévis),Quebec (Bellechasse—Les Etchemins—Lévis),House of Commons,42,,,http://www.parl.gc.ca/Parliamentarians/Images/OfficialMPPhotos/41/BlaneySteven_CPC.jpg,male
a9579889-f0eb-4eee-8aec-93dfa4ab01f4,Stéphane Dion,Stéphane Dion,stephane.dion@parl.gc.ca,HonStephaneDion,,Liberal,liberal,area/quebec_(saint-laurent),Quebec (Saint-Laurent),House of Commons,42,,,http://www.parl.gc.ca/Parliamentarians/Images/OfficialMPPhotos/41/DionStéphane_Lib.jpg,male
fd602c23-a9f7-4d01-8c16-2ebefd00a20a,Stéphane Lauzon,Stéphane Lauzon,Stephane.Lauzon@parl.gc.ca,stephanelauzon5,,Liberal,liberal,area/quebec_(argenteuil—la_petite-nation),Quebec (Argenteuil—La Petite-Nation),House of Commons,42,,,,
92cf3e51-5b9d-450e-8226-f50e5a71b35f,Sukh Dhaliwal,Sukh Dhaliwal,Sukh.Dhaliwal@parl.gc.ca,sukhdhaliwal,,Liberal,liberal,area/british_columbia_(surrey—newton),British Columbia (Surrey—Newton),House of Commons,42,,,http://www.parl.gc.ca/Parliamentarians/Images/OfficialMPPhotos/40/DhaliwalSukh_LIB.jpg,male
4a05556d-5fd4-4001-a2ad-f20e2cd047db,Sven Spengemann,Sven Spengemann,Sven.Spengemann@parl.gc.ca,SvenTrueNorth,,Liberal,liberal,area/ontario_(mississauga—lakeshore),Ontario (Mississauga—Lakeshore),House of Commons,42,,,,male
32f40ef3-f3a6-4d52-b78a-7eaf1fdb3fc1,Sylvie Boucher,Sylvie Boucher,Sylvie.Boucher@parl.gc.ca,SylviePCC2015,,Conservative,conservative,area/quebec_(beauport—côte-de-beaupré—Île_d'orléans—charlevoix),Quebec (Beauport—Côte-de-Beaupré—Île d'Orléans—Charlevoix),House of Commons,42,,,http://www.parl.gc.ca/Parliamentarians/Images/OfficialMPPhotos/40/BoucherSylvie_CPC.jpg,female
fd1d349b-da8c-4e8e-af02-18b0169d5888,T. J. Harvey,T. J. Harvey,TJ.Harvey@parl.gc.ca,TJHarveyLib,,Liberal,liberal,area/new_brunswick_(tobique—mactaquac),New Brunswick (Tobique—Mactaquac),House of Commons,42,,,,
59973cd8-a0cd-4888-8c55-647f9e4eb018,Ted Falk,Ted Falk,Ted.Falk@parl.gc.ca,TedFalkCPC,,Conservative,conservative,area/manitoba_(provencher),Manitoba (Provencher),House of Commons,42,,,http://www.parl.gc.ca/Parliamentarians/Images/OfficialMPPhotos/41/FalkTed_CPC.jpg,male
e1ec8894-bd78-49d5-9fc5-5d90d9b399bf,Terry Beech,Terry Beech,Terry.Beech@parl.gc.ca,terrybeech,,Liberal,liberal,area/british_columbia_(burnaby_north—seymour),British Columbia (Burnaby North—Seymour),House of Commons,42,,,,
1b88ceb6-5dd6-4000-a34e-7d7553805a16,Terry Duguid,Terry Duguid,Terry.Duguid@parl.gc.ca,TerryDuguid,,Liberal,liberal,area/manitoba_(winnipeg_south),Manitoba (Winnipeg South),House of Commons,42,,,https://upload.wikimedia.org/wikipedia/commons/f/f5/TerryDuguid.JPG,male
2fed1681-9e6d-4edb-be19-ee7399e366bd,Terry Sheehan,Terry Sheehan,Terry.Sheehan@parl.gc.ca,VoteTerry,,Liberal,liberal,area/ontario_(sault_ste._marie),Ontario (Sault Ste. Marie),House of Commons,42,,,,
23b5d7bb-5adf-4c18-b47b-c57638abc901,Thomas Mulcair,Thomas Mulcair,thomas.mulcair@parl.gc.ca,ThomasMulcair,,NDP,ndp,area/quebec_(outremont),Quebec (Outremont),House of Commons,42,,,http://www.parl.gc.ca/Parliamentarians/Images/OfficialMPPhotos/41/MulcairThomasJ_NDP.jpg,
ceda6509-ed5c-4c40-a8d4-bf01107b3f23,Todd Doherty,Todd Doherty,Todd.Doherty@parl.gc.ca,ToddDohertyMP,,Conservative,conservative,area/british_columbia_(cariboo—prince_george),British Columbia (Cariboo—Prince George),House of Commons,42,,,,
d63c37ea-791e-4845-9808-2ab4e617a285,Tom Kmiec,Tom Kmiec,Tom.Kmiec@parl.gc.ca,tomaszkmiec,,Conservative,conservative,area/alberta_(calgary_shepard),Alberta (Calgary Shepard),House of Commons,42,,,,
04ab3992-4871-4722-84b5-c03f1e8353c2,Tom Lukiwski,Tom Lukiwski,tom.lukiwski@parl.gc.ca,,,Conservative,conservative,area/saskatchewan_(moose_jaw—lake_centre—lanigan),Saskatchewan (Moose Jaw—Lake Centre—Lanigan),House of Commons,42,,,http://www.parl.gc.ca/Parliamentarians/Images/OfficialMPPhotos/41/LukiwskiTom_CPC.jpg,male
d231263a-f01b-4af2-986c-10c2205f859b,Tony Clement,Tony Clement,tony.clement@parl.gc.ca,TonyclementCPC,,Conservative,conservative,area/ontario_(parry_sound—muskoka),Ontario (Parry Sound—Muskoka),House of Commons,42,,,http://www.parl.gc.ca/Parliamentarians/Images/OfficialMPPhotos/41/ClementTony_CPC.jpg,male
7566447b-bed1-47bb-ac4c-1b770b91a0c5,Tracey Ramsey,Tracey Ramsey,Tracey.Ramsey@parl.gc.ca,traceyram,,NDP,ndp,area/ontario_(essex),Ontario (Essex),House of Commons,42,,,,
29a50e8e-d8ac-42ff-b738-d694a07a4aad,Vance Badawey,Vance Badawey,Vance.Badawey@parl.gc.ca,VBadawey,,Liberal,liberal,area/ontario_(niagara_centre),Ontario (Niagara Centre),House of Commons,42,,,,
f1abfe93-d884-42d4-857e-a7b025925eda,Wayne Easter,Wayne Easter,wayne.easter@parl.gc.ca,WayneEaster,,Liberal,liberal,area/prince_edward_island_(malpeque),Prince Edward Island (Malpeque),House of Commons,42,,,http://www.parl.gc.ca/Parliamentarians/Images/OfficialMPPhotos/41/EasterArnoldWayne_Lib.jpg,male
3e474078-0118-4ef8-8384-32ed8241987b,Wayne Long,Wayne Long,Wayne.Long@parl.gc.ca,WayneLongSJ,,Liberal,liberal,area/new_brunswick_(saint_john—rothesay),New Brunswick (Saint John—Rothesay),House of Commons,42,,,,
65f76152-78d9-49e8-bfb0-21be8926317b,Wayne Stetski,Wayne Stetski,Wayne.Stetski@parl.gc.ca,WayneStetski,,NDP,ndp,area/british_columbia_(kootenay—columbia),British Columbia (Kootenay—Columbia),House of Commons,42,,,,
8ec82372-d491-4f6b-bada-2a9d1dd7df53,Will Amos,Will Amos,,WillAAmos,,Liberal,liberal,area/quebec_(pontiac),Quebec (Pontiac),House of Commons,42,,,,
f04fa90b-5118-490a-abcc-4d47b40f07a9,Xavier Barsalou-Duval,Xavier Barsalou-Duval,Xavier.Barsalou-Duval@parl.gc.ca,,,Bloc Québécois,bloc_québécois,area/quebec_(pierre-boucher—les_patriotes—verchères),Quebec (Pierre-Boucher—Les Patriotes—Verchères),House of Commons,42,,,,male
94d50ec3-c2e3-4c05-b59d-326fe88ad532,Yasmin Ratansi,Yasmin Ratansi,Yasmin.Ratansi@parl.gc.ca,Yasmin_Ratansi,,Liberal,liberal,area/ontario_(don_valley_east),Ontario (Don Valley East),House of Commons,42,,,http://www.parl.gc.ca/Parliamentarians/Images/OfficialMPPhotos/40/RatansiYasmin_LIB.jpg,female
d66db042-8065-40ad-a0ae-cc857aebccfa,Yves Robillard,Yves Robillard,Yves.Robillard@parl.gc.ca,YRobillardPLC,,Liberal,liberal,area/quebec_(marc-aurèle-fortin),Quebec (Marc-Aurèle-Fortin),House of Commons,42,,,,
3f1f9819-2a86-407d-8cb3-a09e1ea9f60d,Yvonne Jones,Yvonne Jones,Yvonne.Jones@parl.gc.ca,YvonneJJones,,Liberal,liberal,area/newfoundland_and_labrador_(labrador),Newfoundland and Labrador (Labrador),House of Commons,42,,,http://www.parl.gc.ca/Parliamentarians/Images/OfficialMPPhotos/41/JonesYvonne_Lib.jpg,female
0a0c27f8-3e24-4553-9e53-1f09d046e974,Ziad Aboultaif,Ziad Aboultaif,Ziad.Aboultaif@parl.gc.ca,ziad4manning,,Conservative,conservative,area/alberta_(edmonton_manning),Alberta (Edmonton Manning),House of Commons,42,,,,
