id,name__zh,name__pl,name__eu,name__fr,name__ru,name__es,name__en,name__ca,name__hu,name__fi,name__it,name__la,name__cy,name__de,name__br,name__ga,name__nl,name__sv,name__mzn,name__oc,name__nb,name__da,name__nn,name__he,name,wikipedia__br,wikipedia__ca,wikipedia__cy,wikipedia__de,wikipedia__en,wikipedia__es,wikipedia__eu,wikipedia__fi,wikipedia__fr,wikipedia__ga,wikipedia__he,wikipedia__hu,wikipedia__it,wikipedia__la,wikipedia__mzn,wikipedia__nl,wikipedia__pl,wikipedia__ru,wikipedia__simple,wikipedia__sv,wikipedia__zh,image,gender,identifier__VIAF,identifier__GND,identifier__LCAuth,birth_date,identifier__freebase,given_name,website,identifier__Munzinger,identifier__journalisted,identifier__hansard,name__be,name__gl,name__id,name__bn,name__ar,name__pt,name__eo,name__uk,name__be_tarask,name__cs,name__bg,name__fa,name__ckb,name__az,name__ko,name__hy,wikipedia__ar,wikipedia__az,wikipedia__be_x_old,wikipedia__be,wikipedia__bg,wikipedia__bn,wikipedia__ckb,wikipedia__commons,wikipedia__cs,wikipedia__da,wikipedia__enwikiquote,wikipedia__eo,wikipedia__fa,wikipedia__gl,wikipedia__id,wikipedia__ko,wikipedia__nn,wikipedia__no,wikipedia__pt,wikipedia__uk,identifier__ISNI,identifier__BNF,identifier__SUDOC,identifier__IMDB,family_name,identifier__NTA,identifier__EuroparlMEP,name__gd,name__yo,name__et,name__ja,name__pnb,name__sk,name__ku_arab,name__ku_latn,name__tr,name__ku,name__hi,name__ur,wikipedia__et,wikipedia__gd,wikipedia__ja,wikipedia__ku,wikipedia__pnb,wikipedia__sk,wikipedia__tr,wikipedia__ur,wikipedia__yo,identifier__SELIBR,identifier__NNDB,identifier__parliamentDOTuk,name__nan,name__zh_hans,name__zh_hant,name__zh_hk,name__zh_cn,name__zh_sg,name__zh_tw,name__is,name__ro,name__mr,name__io,wikipedia__io,wikipedia__is,wikipedia__mr,wikipedia__ro,wikipedia__zh_min_nan,identifier__GTAA,death_date,identifier__Oxforddnb,name__el,name__sr_el,name__sr_ec,name__hr,name__sco,name__sr,name__ie,name__af,wikipedia__af,wikipedia__el,wikipedia__hr,wikipedia__ie,wikipedia__itwikiquote,wikipedia__sco,wikipedia__sr,identifier__NLA,identifier__NPG,name__en_ca,name__en_gb,name__tl,wikipedia__tl,name__de_ch,honorific_prefix,name__an,name__bs,name__ceb,name__lb,name__lmo,name__lt,name__nds,name__nds_nl,name__pms,name__sl,name__sq,name__vec,name__wa,name__vmf,name__ta,wikipedia__ta,identifier__MusicBrainz,identifier__discogs,parlid
Q57689,马丁·麦吉尼斯,Martin McGuinness,Martin McGuinness,Martin McGuinness,"Макгиннесс, Мартин",Martin McGuinness,Martin McGuinness,Martin McGuinness,Martin McGuinness,Martin McGuinness,Martin McGuinness,Martinus McGuinness,Martin McGuinness,Martin McGuinness,Martin McGuinness,Máirtín Mag Aonghusa,Martin McGuinness,Martin McGuinness,مارتین مک گوینس,Martin McGuinness,Martin McGuinness,Martin McGuinness,Martin McGuinness,מרטין מקגינס,Martin McGuinness,Martin McGuinness,Martin McGuinness,Martin McGuinness,Martin McGuinness,Martin McGuinness,Martin McGuinness,Martin McGuinness,Martin McGuinness,Martin McGuinness,Máirtín Mag Aonghusa,מרטין מקגינס,Martin McGuinness,Martin McGuinness,Martinus McGuinness,مارتین مک گوینس,Martin McGuinness,Martin McGuinness,"Макгиннесс, Мартин",Martin McGuinness,Martin McGuinness,马丁·麦吉尼斯,https://upload.wikimedia.org/wikipedia/commons/c/c8/MartinMcGuinness_(cropped).jpg,male,23957091,124606717,n2002032196,1950-05-23,/m/025pz4,Martin,http://www.thepeoplespresident.ie,00000026174,martin-mcguinness,mr-martin-mcguinness,,,,,,,,,,,,,,,,,,,,,,,,,,,,,,,,,,,,,,,,,,,,,,,,,,,,,,,,,,,,,,,,,,,,,,,,,,,,,,,,,,,,130973,,,,,,,,,,,,,,,,,,,,,,,,,,,,,,,,,,,,,,,,,,,,
Q76139,盖瑞·亚当斯,Gerry Adams,Gerry Adams,Gerry Adams,Джерри Адамс,Gerry Adams,Gerry Adams,Gerry Adams,,Gerry Adams,Gerry Adams,Geraldus Adams,Gerry Adams,Gerry Adams,Gerry Adams,Gearóid Mac Ádhaimh,Gerry Adams,Gerry Adams,,Gerry Adams,Gerry Adams,Gerry Adams,Gerry Adams,ג'רי אדמס,Gerry Adams,Gerry Adams,Gerry Adams,Gerry Adams,Gerry Adams,Gerry Adams,Gerry Adams,Gerry Adams,Gerry Adams,Gerry Adams,Gearóid Mac Ádhaimh,ג'רי אדמס,,Gerry Adams,Geraldus Adams,,Gerry Adams,Gerry Adams,"Адамс, Джерри",Gerry Adams,Gerry Adams,盖瑞·亚当斯,https://upload.wikimedia.org/wikipedia/commons/4/47/Gerry_Adams_Easter_Lily_Badge.jpg,male,9941260,118896245,n83142260,1948-10-06,/m/09hmj,Gerry,,00000017676,gerry-adams,mr-gerry-adams,Джэры Адамс,Gerry Adams,Gerry Adams,জেরি এডামস,جيري آدمز,Gerry Adams,Gerry Adams,Джеррі Адамс,Джэры Адамз,Gerry Adams,Джери Адамс,جری آدامز,جێری ئادامز,Cerri Adams,게리 애덤스,Ջերի Ադամս,جيري آدمز,Cerri Adams,Джэры Адамз,Джэры Адамс,Джери Адамс,জেরি এডামস,جێری ئادامز,Gerry Adams,Gerry Adams,Gerry Adams,Gerry Adams,Gerry Adams,جری آدامز,Gerry Adams,Gerry Adams,게리 애덤스,Gerry Adams,Gerry Adams,Gerry Adams,Джеррі Адамс,0000 0001 0869 0534,124416972,033561001,nm1128049,Adams,072903600,,,,,,,,,,,,,,,,,,,,,,,,,,,,,,,,,,,,,,,,,,,,,,,,,,,,,,,,,,,,,,,,,,,,,,,,,,,,,,,,,,,,,,
Q116719,,Diane Dodds,,Diane Dodds,,Diane Dodds,Diane Dodds,Diane Dodds,,,,,,Diane Dodds,,,Diane Dodds,Diane Dodds,,Diane Dodds,Diane Dodds,Diane Dodds,Diane Dodds,,Diane Dodds,,,,Diane Dodds,Diane Dodds,,,,Diane Dodds,,,,,,,Diane Dodds,Diane Dodds,,,,,"https://upload.wikimedia.org/wikipedia/commons/7/76/Diane_Dodds_MEP,_Strasbourg_-_Diliff.jpg",female,,,,1958-08-16,/m/026jxn9,Diane,,,,,,,,,,,,,,,,,,,,,,,,,,,,Category:Diane Dodds,,Diane Dodds,,,,,,,,,,,,,,,,,96951,,,,,,,,,,,,,,,,,,,,,,,,,,,,,,,,,,,,,,,,,,,,,,,,,,,,,,,,,,,,,,,,,,,,,,,,,,,,,,,,,,,,,
Q192556,戴维·特林布尔,David Trimble,David Trimble,David Trimble,"Тримбл, Дэвид",David Trimble,David Trimble,David Trimble,David Trimble,David Trimble,David Trimble,David Trimble,David Trimble,David Trimble,,David Trimble,David Trimble,David Trimble,,,David Trimble,David Trimble,David Trimble,דייוויד טרימבל,David Trimble,,David Trimble,David Trimble,David Trimble,David Trimble,David Trimble,David Trimble,David Trimble,David Trimble,David Trimble,דייוויד טרימבל,David Trimble,David Trimble,David Trimble,,David Trimble,David Trimble,"Тримбл, Дэвид",David Trimble,David Trimble,戴维·特林布尔,"https://upload.wikimedia.org/wikipedia/commons/0/0a/David_Trimble_at_Lisburn_Seed_Group_benefit,_Hillsborough_Castle,_Christmas_2007_crop.jpg",male,72939112,122611276,n88081332,1944-10-15,/m/01hbqv,David,,00000021664,,,Дэвід Трымбл,David Trimble,David Trimble,,دافيد تريمبل,David Trimble,,Девід Трімбл,Дэйвід Трымбл,David Trimble,Дейвид Тримбъл,دیوید تریمبل,,,데이비드 트림블,,دافيد تريمبل,,Дэйвід Трымбл,Дэвід Трымбл,Дейвид Тримбъл,,,,David Trimble,David Trimble,,,دیوید تریمبل,David Trimble,David Trimble,데이비드 트림블,,David Trimble,David Trimble,Девід Трімбл,0000 0000 7866 1088,,094198187,,,,,Daibhidh Trimble,David Trimble,David Trimble,デヴィッド・トリンブル,ڈیوڈ ٹرمبل,David Trimble,داڤد ترمبلە,David Trimble,David Trimble,David Trimble,david trimble,ڈیوڈ ٹرمبل,David Trimble,Daibhidh Trimble,デヴィッド・トリンブル,David Trimble,ڈیوڈ ٹرمبل,David Trimble,David Trimble,ڈیوڈ ٹرمبل,David Trimble,319402,195/000089925,lords/lord-trimble/658,,,,,,,,,,,,,,,,,,,,,,,,,,,,,,,,,,,,,,,,,,,,,,,,,,,,,,,,,,,,,658
Q193630,約翰·休姆,John Hume,John Hume,John Hume,"Хьюм, Джон",John Hume,John Hume,John Hume,,John Hume,John Hume,Ioannes Hume,John Hume,John Hume,,John Hume,John Hume,John Hume,,,John Hume,John Hume,,ג'ון יום,John Hume,,John Hume,John Hume,John Hume,John Hume,John Hume,John Hume,John Hume,John Hume,John Hume,ג'ון יום,,John Hume,Ioannes Hume,,John Hume,John Hume,"Хьюм, Джон",,John Hume,約翰·休姆,https://upload.wikimedia.org/wikipedia/commons/5/5c/John_Hume_2008.jpg,male,30346937,119444666,n85127099,1937-01-18,/m/015rlt,John,,00000020903,,,Джон Х'юм,,John Hume,,جون هيوم,John Hume,,Джон Г'юм,Джон Г’юм,John Hume,Джон Хюм,جان هیوم,,,존 흄,,جون هيوم,,Джон Г’юм,Джон Х'юм,Джон Хюм,,,,John Hume,John Hume,,,جان هیوم,,John Hume,존 흄,,John Hume,John Hume,Джон Г'юм,0000 0000 7859 8701,140037758,028944488,,,151582467,1408,,John Hume,John Hume,ジョン・ヒューム,جان ہیوم,,ژۆهن حومە,John Hume,John Hume,John Hume,,جان ہیوم,John Hume,,ジョン・ヒューム,John Hume,جان ہیوم,,John Hume,جان ہیوم,John Hume,319395,,,John Hume,约翰·休姆,約翰·休姆,約翰·休姆,约翰·休姆,约翰·休姆,約翰·休姆,John Hume,John Hume,जॉन ह्यूम,John Hume,John Hume,John Hume,जॉन ह्यूम,John Hume,John Hume,111580,,,,,,,,,,,,,,,,,,,,,,,,,,,,,,,,,,,,,,,,,,,,
Q241830,,,David Ervine,David Ervine,,David Ervine,David Ervine,,,,David Ervine,,,David Ervine,,David Ervine,David Ervine,David Ervine,,,David Ervine,David Ervine,David Ervine,,David Ervine,,,,David Ervine,David Ervine,,David Ervine,,,David Ervine,,,David Ervine,,,David Ervine,,,,David Ervine,,https://upload.wikimedia.org/wikipedia/commons/d/dd/David_Ervine.png,male,22344481,128961872,nb2001077710,1953-07-21,/m/029dwg,David,,,,,,,,,,,,,,,,,,,,,,,,,,,,,,,,,,,,,,,,,0000 0001 1488 6461,14049454r,162049439,,,,,,,,,,,,,,,,,,,,,,,,,,,,,,,,,,,,,,,,,,,,,,2007-01-08,101098537,,,,,,,,,,,,,,,,,,,,,,,,,,,,,,,,,,,,,,,,,,
Q262040,,,,Sammy Wilson,,Sammy Wilson,Sammy Wilson,,,,,,,Sammy Wilson,,,,,,,,,,,Sammy Wilson,,,,,Sammy Wilson,,,,,,,,,,,,,,,,,https://upload.wikimedia.org/wikipedia/commons/8/8a/SammyWilson.jpg,male,120490431,,,1953-04-04,,Sammy,,,,,,,,,,,,,,,,,,,,,,,,,,,,,,,Sammy Wilson,,,,,,,,,,,,,,Wilson,,,,,,,,,,,,,,,,,,,,,,,,,,commons/sammy-wilson/1593,,,,,,,,,,,,,,,,,,,,,,,,,,,,,,,,,,,,,,,,,,,,,,,,,,,,,,,,,,,,,1593
Q264117,,,,Brian Wilson,Брайан Уилсон,Brian Wilson,Brian Wilson,,,,,,,Brian Wilson,,,Brian Wilson,Brian Wilson,,,,,,,Brian Wilson,,,,,Brian Wilson (Northern Ireland politician),,,,,,,,,,,,,,,Brian Wilson (Nordirland),,,male,92010429,,,1943-01-01,,Brian,,,,,,,,,,,,,,,,,,,,,,,,,,,,,,,,,,,,,,,,,,,,,Wilson,,,,,,,,,,,,,,,,,,,,,,,,,,,,,,,,,,,,,,,,,,,,,,,,,,,,,,,,,,,,,,,,,,,,,,,,,,,,,,,,,,,,,,,
Q268465,,,,Gregory Campbell,,Gregory Campbell,Gregory Campbell,,,,Gregory Campbell,,,Gregory Campbell,,,Gregory Campbell,Gregory Campbell,,,,,,,Gregory Campbell,,,,,Gregory Campbell (politician),,,,,,,,,,,,,,,Gregory Campbell,,https://upload.wikimedia.org/wikipedia/commons/4/42/GregoryCampell.jpg,male,,,,1953-02-15,,Gregory,,,,,,,,,,,,,,,,,,,,,,,,,,,,,,,,,,,,,,,,,,,,,,,,,,,,,,,,,,,,,,,,,,,,,,,commons/mr-gregory-campbell/1409,,,,,,,,,,,,,,,,,,,,,,,,,,,,,,,,,,,,,,,,,,,,,,,,,,,,,,,,,,,,,1409
Q296597,伊恩·佩斯利,Ian Paisley,Ian Paisley,Ian Paisley,"Пейсли, Иан",Ian Paisley,Ian Paisley,Ian Paisley,Ian Paisley,Ian Paisley,Ian Paisley,Ioannes Paisley,Ian Paisley,Ian Paisley,,Ian Paisley,Ian Paisley,Ian Paisley,,,Ian Paisley,Ian Paisley,Ian Paisley,איאן פייזלי,Ian Paisley,,Ian Paisley,Ian Paisley,Ian Paisley,Ian Paisley,Ian Paisley,Ian Paisley,Ian Paisley,Ian Paisley,Ian Paisley,איאן פייזלי,Ian Paisley,Ian Paisley,Ioannes Paisley,,Ian Paisley,Ian Paisley,"Пейсли, Иан",Ian Paisley,Ian Paisley,伊恩·佩斯利,https://upload.wikimedia.org/wikipedia/commons/e/eb/DrIanPaisley.jpg,male,79426950,119479362,n50051819,1926-04-06,/m/0nxf7,Ian,,00000012445,,,,Ian Paisley,,,,Ian Paisley,Ian Paisley,Іан Пейслі,,Ian Paisley,,,,,이언 페이즐리,,,,,,,,,Category:Ian Paisley,Ian Paisley,Ian Paisley,Ian Paisley,Ian Paisley,,Ian Paisley,,이언 페이즐리,,Ian Paisley,Ian Paisley,Іан Пейслі,0000 0000 7863 4864,12062254n,028878302,nm0656945,,072783273,1396,,,,イアン・ペイズリー,,,,,,,,,,,イアン・ペイズリー,,,,,,,,,lords/lord-bannside/4149,,伊恩·佩斯利,伊恩·佩斯利,伊恩·佩斯利,伊恩·佩斯利,伊恩·佩斯利,伊恩·佩斯利,,Ian Paisley,,,,,,Ian Paisley,,,2014-09-12,,Ίαν Πέσλεϊ,Ijan Pejsli,Ијан Пејсли,Ian Paisley,Ian Paisley,Ијан Пејсли,Ian Paisley,Ian Paisley,Ian Paisley,Ίαν Πέισλι,Ian Paisley,Ian Paisley,Ian Paisley,Ian Paisley,Ијан Пејсли,35406216,mp52885,,,,,,,,,,,,,,,,,,,,,,,,,4149
Q300243,,,,Nigel Dodds,,Nigel Dodds,Nigel Dodds,,,,,,,Nigel Dodds,,,Nigel Dodds,Nigel Dodds,,,,,,,Nigel Dodds,,,,Nigel Dodds,Nigel Dodds,,,,,,,,,,,,,,,Nigel Dodds,,https://upload.wikimedia.org/wikipedia/commons/1/13/NigelDodds.jpg,male,304250698,,n98040344,1958-08-20,,Nigel,,,nigel-dodds,mr-nigel-dodds,,,,,,,,,,,,,,,,,,,,,,,,,,,,,,,,,,,,,,,075992612,,,,,,,,,,,,,,,,,,,,,,,,,,,,commons/mr-nigel-dodds/1388,,,,,,,,,,,,,,,,,,,,,,,,,,,,,,,,,,,,,,,,,,,,,,,,,,,,,,,,,,,,,1388
Q300269,,,,Patrick Doherty,,Pat Doherty,Pat Doherty,,,Patrick Doherty,,,,Pat Doherty,,,Pat Doherty,Pat Doherty,,,,,,,Pat Doherty,,,,,Pat Doherty,,,Patrick Doherty,Patrick Doherty,,,,,,,,,,,Pat Doherty,,https://upload.wikimedia.org/wikipedia/commons/0/04/PatDoherty.jpg,male,,,,1945-07-18,/m/025q2d,Patrick,,,,mr-pat-doherty,,,,,,,,,,,,,,,,,,,,,,,,,,,,,,,,,,,,,,,,,,,,,,,,,,,,,,,,,,,,,,,,,,,commons/mr-pat-doherty/1465,,,,,,,,,,,,,,,,,,,,,,,,,,,,,,,,,,,,,,,,,,,,,,,,,,,,,,,,,,,,,1465
Q300292,,,,Jeffrey Donaldson,,Jeffrey Donaldson,Jeffrey Donaldson,,,,,,,Jeffrey Donaldson,,,Jeffrey Donaldson,Jeffrey Donaldson,,,,,,,Jeffrey Donaldson,,,,,Jeffrey Donaldson,,,,,,,,,,,,,,,Jeffrey Donaldson,,,male,22098572,,,1962-12-07,,Jeffrey,,,,mr-jeffrey-donaldson,,,,,,,,,,,,,,,,,,,,,,,,,,,,,,,,,,,,,,,,,,,,,,,,,,,,,,,,,,,,,,,,,,,commons/mr-jeffrey-m.-donaldson/650,,,,,,,,,,,,,,,,,,,,,,,,,,,,,,,,,,,,,,,,,,,,,,,,,,,,,,,,,,,,,650
Q302620,,,,Mark Durkan,,Mark Durkan,Mark Durkan,,,Mark Durkan,,,,Mark Durkan,,Mark Durkan,Mark Durkan,Mark Durkan,,,,,,,Mark Durkan,,,,,Mark Durkan,,,Mark Durkan,,Mark Durkan,,,,,,,,,,Mark Durkan,,https://upload.wikimedia.org/wikipedia/commons/6/6f/MarkDurkan.jpg,male,,,,1960-06-26,/m/0250c7,Mark,,,,mr-mark-durkan,,,,,,,,,,,,,,,,,,,,,,,,,,,,,,,,,,,,,,,,,,,,,,,,,,,,,,,,,,,,,,,,,,,commons/mark-durkan/1594,,,,,,,,,,,,,,,,,,,,,,,,,,,,,,,,,,,,,Mark Durkan,Mark Durkan,,,,,,,,,,,,,,,,,,,,,,,1594
Q333036,彼德·羅賓遜,Peter Robinson,,Peter Robinson,"Робинсон, Питер",Peter Robinson,Peter Robinson,,Peter Robinson,Peter Robinson,Peter Robinson,Petrus Robinson,,Peter Robinson,,Peter Robinson,Peter Robinson,Peter Robinson,,,Peter Robinson,Peter Robinson,,,Peter Robinson,,,,Peter Robinson (Politiker),Peter Robinson (Northern Ireland politician),Peter Robinson (político),,Peter Robinson,Peter Robinson (homme politique),Peter Robinson,,Peter Robinson (politikus),Peter Robinson (politico),Petrus Robinson,,,Peter Robinson,"Робинсон, Питер",Peter Robinson,Peter Robinson (politiker),彼德·羅賓遜 (政治人物),https://upload.wikimedia.org/wikipedia/commons/1/1a/Peter_Robinson_at_Titanic_Belfast_(Cropped).jpg,male,48415763,,,1948-12-29,/m/025q3t,Peter,,,,mr-peter-robinson,,,,,,,,Пітер Робінсон,,,,پیتر رابینسون,,,피터 로빈슨,,,,,,,,,,,Peter Robinson,,,,,,피터 로빈슨 (정치인),,Peter Robinson (politiker),,Пітер Робінсон,,,,,,,,,,,,,,,,Peter Robinson,,,,,,,,,,Peter Robinson,,,,,,,,,,,,,,,,,,,,,,,,,Πίτερ Ρόμπινσον,,,,,,,Peter Robinson,Peter Robinson (politikus),Πίτερ Ρόμπινσον,,,,,,,,Peter Robinson,Peter Robinson,Peter Robinson,Peter Robinson (politiko),,,,,,,,,,,,,,,,,,,,,
Q333235,,,,Iris Robinson,,Iris Robinson,Iris Robinson,,,,,,,Iris Robinson,,Iris Robinson,Iris Robinson,,,,,,,,Iris Robinson,,,,Iris Robinson,Iris Robinson,,,,,Iris Robinson,,,,,,Iris Robinson,,,,,,,female,,,,1949-09-06,/m/025q32,Iris,,,,mrs-iris-robinson,,,,,,,,,,,,,,,,,,,,,,,,,,,,,,,,,,,,,,,,,Robinson,,,,,,アイリス・ロビンソン,,,,,,,,,,,アイリス・ロビンソン,,,,,,,,,,,,,,,,,,,,,,,,,,,,,,,,,,,,,,,,,,,,,,,,,,,,,,,,,,,,,,,,,,,,,,
Q333991,,,,"John Taylor, Baron Kilclooney",,"John Taylor, Baron Kilclooney","John Taylor, Baron Kilclooney",,,,,,,"John Taylor, Baron Kilclooney",,,"John Taylor, Baron Kilclooney",,,,,,,,"John Taylor, Baron Kilclooney",,,,"John Taylor, Baron Kilclooney","John Taylor, Baron Kilclooney",,,,,,,,,,,,,,,,,,male,,,,1937-12-24,/m/01c9n0,John,,,,mr-john-taylor,,,,,,,,,,,,,,,,,,,,,,,,,,,,,,,,,,,,,,,,,,,1504,,,,,,,,,,,,,,,,,,,,,,,,lords/lord-kilclooney/657,,,,,,,,,"John Taylor, Baron Kilclooney",,,,,,"John Taylor, Baron Kilclooney",,,,,,,,,,,,,,,,,,,,,,,,,,,,,,,,,,,,,,,,,,,,,,657
Q336064,,,,Reg Empey,,Reg Empey,Reg Empey,,,Reg Empey,,,,"Reg Empey, Baron Empey",,,Reg Empey,Reg Empey,,,Reg Empey,Reg Empey,,,Reg Empey,,,,"Reg Empey, Baron Empey",Reg Empey,Reg Empey,,Reg Empey,,,,,,,,,,,,Reg Empey,,"https://upload.wikimedia.org/wikipedia/commons/a/a9/John_White,_Reg_Empey,_Roy_Beggs_(cropped_Empey).JPG",male,,,,1947-10-26,/m/05nkkx,Reg,,,,,,,,,,,,,,,,,,,,,,,,,,,,,,Reg Empey,,,,,,,,Reg Empey,,,,,,,,,,,,,,,,,,,,,,,,,,,,,,,,,lords/lord-empey/4216,,,,,,,,,,,,,,,,,,,,,,,,,,,,,,,,,,,,,,,,,,,,,,,,,,,,,,,,,,,,,4216
Q336390,,,,John Alderdice,,"John Alderdice, Baron Alderdice","John Alderdice, Baron Alderdice",,,,,,,John Alderdice,,,"John Alderdice, Baron Alderdice",,,,,,,,"John Alderdice, Baron Alderdice",,,,John Alderdice,"John Alderdice, Baron Alderdice",,,,,,,,,,,,,,,,,https://upload.wikimedia.org/wikipedia/commons/5/5f/Lord_Alderdice.jpg,male,,,,1955-03-28,,John,,,,mr-john-alderdice,,,,,,,,,,,,,,,,,,,,,,,,,,,,,,,,,,,,,,,,,,,,,,,,,,,,,,,,,,,,,,,,,,,lords/lord-alderdice/3478,,,,,,,,,John Alderdice,,,,,,John Alderdice,,,,,,,,,,,,,,,,,,,,,,"John Alderdice, Baron Alderdice","John Alderdice, Baron Alderdice",,,John Alderdice,The Right Honourable,,,,,,,,,,,,,,,,,,,3478
Q337970,,,,Michelle Gildernew,,Michelle Gildernew,Michelle Gildernew,,,,,Michaela Gildernew,,Michelle Gildernew,,,Michelle Gildernew,Michelle Gildernew,,,,,,,Michelle Gildernew,,,,,Michelle Gildernew,,,,,,,,,Michaela Gildernew,,,,,,Michelle Gildernew,,https://upload.wikimedia.org/wikipedia/commons/5/5d/Michelle_Gildernew.jpg,female,,,,1970-03-28,,Michelle,,,,ms-michelle-gildernew,,,,,,,,,,,,,,,,,,,,,,,,,,,,,,,,,,,,,,,,,,,,,,,,,,,,,,,,,,,,,,,,,,,,,,,,,,,,,,,,,,,,,,,,,,,,,,,,,,,,,,,,,,,,,,,,,,,,,,,,,,,,,,,,
Q338273,,,,David Burnside,,David Burnside,David Burnside,,,,,,,David Burnside,,,David Burnside,David Burnside,,,David Burnside,David Burnside,David Burnside,,David Burnside,,,,,David Burnside,,,,,,,,,,,,,,,David Burnside,,https://upload.wikimedia.org/wikipedia/commons/d/d7/David_Burnside.JPG,male,,,,1951-08-24,,David,,,,,,,,,,,,,,,,,,,,,,,,,,,,,,,,,,,,,,,,,,,,,,,,,,,,,,,,,,,,,,,,,,,,,,,,,,,,,,,,,,,,,,,,,,,,,,,,,,,,,,,,,,,,,,,,,,,,,,,,,,,,,,,,,,,,
Q392000,,,,David Simpson,,David Simpson,David Simpson,,,,,,,David Simpson,,,David Simpson,,,,,,,,David Simpson,,,,,David Simpson (British politician),,,,,,,,,,,,,,,,,https://upload.wikimedia.org/wikipedia/commons/f/fa/David_Simpson.jpg,male,,,,1959-02-16,,David,,,,,,,,,,,,,,,,,,,,,,,,,,,,,,,,,,,,,,,,,,,,,,,,,,,,,,,,,,,,,,,,,,,,,,,commons/david-simpson/1597,,,,,,,,,,,,,,,,,,,,,,,,,,,,,,,,,,,,,,,,,,,,,,,,,,,,,,,,,,,,,1597
Q428996,,,,Pat Sheehan,Пэт Шиэн,Pat Sheehan,Pat Sheehan,,,,,,,Pat Sheehan,,,Pat Sheehan,,,,,,,,Pat Sheehan,,,,Pat Sheehan,Pat Sheehan (Irish republican),,,,,,,,,,,,,,,,,,male,,,,1958-05-28,,Pat,,,,,,,,,,,,,,,,,,,,,,,,,,,,,,,,,,,,,,,,,,,,,,,,,,,,,,,,,,,,,,,,,,,,,,,,,,,,,,,,,,,,,,,,,,,,,,,,,,,,,,,,,,,,,,,,,,,,,,,,,,,,,,,,,,,,
Q434460,盧曼華,,,Anna Lo,,Anna Lo,Anna Lo,,,,,,,Anna Lo,,,Anna Lo,Anna Lo,,,Anna Lo,,,,Anna Lo,,,,Anna Lo,Anna Lo,,,,,,,,,,,,,,,,盧曼華,https://upload.wikimedia.org/wikipedia/commons/e/e4/Anna_Lo_MLA.jpg,female,,,,1950-06-17,/m/02pxjrn,Anna,,,,,,,,,,,,,,,,,,,,,,,,,,,,,,,,,,,,,,Anna Lo,,,,,,,,,,,,,,,,,,,,,,,,,,,,,,,,,,,卢曼华,盧曼華,盧曼華,卢曼华,卢曼华,盧曼華,,,,,,,,,,,,,,,,,,,,,,,,,,,,,,,,,,,,,,,,,,,,,,,,,,,,,,
Q450673,,Bairbre de Brún,,Bairbre de Brún,,Bairbre de Brún,Bairbre de Brún,,,,,,,Bairbre de Brún,,,Bairbre de Brún,,,,,,,,Bairbre de Brún,,,,Bairbre de Brún,Bairbre de Brún,,,,Bairbre de Brún,,,,,,,Bairbre de Brún,Bairbre de Brún,,,,,https://upload.wikimedia.org/wikipedia/commons/b/b9/Bairbre_de_Brún_2008-10-19_Strasbourg.jpg,female,81386337,137155948,,1954-01-10,/m/035yns,,,,,,,,,,,,,,,,,,,,,,,,,,,,,,,,,,,,,,,,,,,,,,,,28511,,,,,,,,,,,,,,,,,,,,,,,,,,,,,,,,,Bairbre de Brún,,,,,,Bairbre de Brún,,,,,,,,,,,,,,,,,,,,,,,,,,,,,,,,,,,,,,,,,,,,,,
Q478702,,,,Jim Shannon,,,Jim Shannon,,,,,,,Jim Shannon,,,,,,,,,,,Jim Shannon,,,,,Jim Shannon,,,,,,,,,,,,,,,,,https://upload.wikimedia.org/wikipedia/commons/b/b7/JimShannon.jpg,male,,,,1955-03-25,,Jim,,,,,,,,,,,,,,,,,,,,,,,,,,,,,,,,,,,,,,,,,,,,,,,,,,,,,,,,,,,,,,,,,,,,,,,commons/jim-shannon/4131,,,,,,,,,,,,,,,,,,,,,,,,,,,,,,,,,,,,,,,,,,,,,,,,,,,,,,,,,,,,,4131
Q501860,,,,Margaret Ritchie,,Margaret Ritchie,Margaret Ritchie,,,,,,,Margaret Ritchie,,Margaret Ritchie,,,,,,,,,Margaret Ritchie,,,,,Margaret Ritchie (politician),,,,,Margaret Ritchie,,,,,,,,,,,,https://upload.wikimedia.org/wikipedia/commons/3/3c/Margaret_ritchie.jpg,female,,,,1958-03-25,,Margaret,,,,,,,,,,,,,,,,مارگارت ریچی,,,,,,,,,,,,,,,,,,,,,,,,,,,,,,,,,,,,,,,,,,,,,,,,,,,,,,,commons/ms-margaret-ritchie/4130,,,,,,,,,,,,,,,,,,,,,,,,,,,,,,,,,,,,,,,,,,,,,,,,,,,,,,,,,,,,,4130
Q575881,,Ian Paisley,Ian Paisley,Ian Paisley,,"Ian Paisley, Jr.","Ian Paisley, Jr.",Ian Paisley,Ian Paisley,Ian Paisley,Ian Paisley,Ioannes Paisley iunior,Ian Paisley,Ian Paisley,Ian Paisley,Ian Paisley,"Ian Paisley, Jr.",Ian Paisley,,,Ian Paisley,Ian Paisley,Ian Paisley,,"Ian Paisley, Jr.",,,,,"Ian Paisley, Jr.",,,,,,,,,Ioannes Paisley iunior,,,,,,,,"https://upload.wikimedia.org/wikipedia/commons/3/3e/Ian_Paisley,_Jr..jpg",male,,,,1966-12-12,,Ian,,,,,,Ian Paisley,,,,Ian Paisley,Ian Paisley,,,Ian Paisley,,,,,,,,,,,,,,,,,,,,,,,,,,,,,,,,,,,,Ian Paisley,,,Ian Paisley,,,Ian Paisley,,,,,,,,,,,,,,,commons/ian-paisley/4129,,,,,,,,Ian Paisley,Ian Paisley,,,,,,,,,,,,,,Ian Paisley,,,,Ian Paisley,,,,,,,,,,,,,,,,Ian Paisley,Ian Paisley,Ian Paisley,Ian Paisley,Ian Paisley,Ian Paisley,Ian Paisley,Ian Paisley,Ian Paisley,Ian Paisley,Ian Paisley,Ian Paisley,Ian Paisley,,,,,,4129
Q578710,,,,Conor Murphy,,Conor Murphy,Conor Murphy,,,Conor Murphy,,,,Conor Murphy,,,Conor Murphy,,,,,,,,Conor Murphy,,,,,Conor Murphy,,,Conor Murphy,,,,,,,,,,,,,,https://upload.wikimedia.org/wikipedia/commons/3/3e/Conor_Murphy.jpg,male,,,,1963-07-10,,Conor,,,,mr-conor-murphy,,,,,,,,,,,,,,,,,,,,,,,,,,,,,,,,,,,,,,,,,,,,,,,,,,,,,,,,,,,,,,,,,,,,,,,,,,,,,,,,,,,,,,,,,,,,,,,,,,,,,,,,,,,,,,,,,,,,,,,,,,,,,,,,
Q583571,,,,Alasdair McDonnell,,Alasdair McDonnell,Alasdair McDonnell,,,,,,,Alasdair McDonnell,,,Alasdair McDonnell,,,,,,,,Alasdair McDonnell,,,,,Alasdair McDonnell,Alasdair McDonnell,,,Alasdair McDonnell,,,,,,,,,,,,,https://upload.wikimedia.org/wikipedia/commons/d/d5/Alasdair_McDonnell.jpg,male,,,,1949-09-01,,Alasdair,,,,mr-alasdair-mcdonnell,,,,,,,,,,,,,,,,,,,,,,,,,,,,,,,,,,,,,,,,,,,,,,,,,,,,,,,,,,,,,,,,,,,commons/dr-alasdair-mcdonnell/1596,,,,,,,,,,,,,,,,,,,,,,,,,,,,,,,,,,,,,,,,,,,,,,,,,,,,,,,,,,,,,1596
Q694775,,,,William McCrea,,William McCrea,William McCrea,,,,,,,William McCrea,,,,,,,,,,,William McCrea,,,,,William McCrea (politician),,,,,,,,,,,,,,,,,,male,,,,1948-08-06,,William,,,,,,,,,,,,,,,,,,,,,,,,,,,,,,,,,,,,,,,,,,,,,,,,,,,,,,,,,,,,,,,,,,,,,,,,,,,,,,,,,,,,,,,,,,,,,,,,,,,,,,,,,,,,,,,,,,,,,,,,,,,,,,,,,,,,
Q694929,,,,Paul Maskey,,Paul Maskey,Paul Maskey,,,,,,,Paul Maskey,,,,,,,,,,,Paul Maskey,,,,,Paul Maskey,,,,,,,,,,,,,,,,,https://upload.wikimedia.org/wikipedia/commons/0/0b/Paul_Maskey.jpg,male,,,,1967-06-10,,Paul,,,,,,,,,,,,,,,,,,,,,,,,,,,,,,,,,,,,,,,,,,,,,,,,,,,,,,,,,,,,,,,,,,,,,,,commons/paul-maskey/4245,,,,,,,,,,,,,,,,,,,,,,,,,,,,,,,,,,,,,,,,,,,,,,,,,,,,,,,,,,,,,4245
Q695272,,,,Naomi Long,,Naomi Long,Naomi Long,,,,Naomi Long,,,Naomi Long,,,Naomi Long,,,,,,,,Naomi Long,,,,,Naomi Long,,,,,,,,,,,,,,,,,"https://upload.wikimedia.org/wikipedia/commons/b/b6/Belfast_City_Marathon,_May_2010_(08).JPG",female,,,,1971-12-13,,Naomi,,,,,,,,,,,,,,,,,,,,,,,,,,,,,,,,,,,,,,,,,,,,,,,,,,,,,,,,,,,,,,,,,,,,,,,,,,,,,,,,,,,,,,,,,,,,,,,,,,,,,,,,,,,,,,,,,,,,,,,,,,,,,,,,,,,,
Q1116655,,,,Alex Maskey,"Мэски, Алекс",Alex Maskey,Alex Maskey,,,,,,,Alex Maskey,,,Alex Maskey,,,,,,,,Alex Maskey,,,,Alex Maskey,Alex Maskey,,,,,,,,,,,,,"Мэски, Алекс",,,,https://upload.wikimedia.org/wikipedia/commons/a/a9/Alex_Maskey.jpg,male,41788422,,,1952-01-08,,Alex,,,,,,,,,,,,,,,,,,,,,,,,,,,,,,,,,,,,,,,,,,,,,,,,,,,,,,,,,,,,,,,,,,,,,,,,,,,,,,,,,,,,,,,,,,,,,,,,,,,,,,,,,,,,,,,,,,,,,,,,,,,,,,,,,,,,
Q1911383,,,,,"Морис Морроу, барон Морроу","Maurice Morrow, Baron Morrow","Maurice Morrow, Baron Morrow",,,,,,,"Maurice Morrow, Baron Morrow",,,"Maurice Morrow, Baron Morrow",,,,,,,,"Maurice Morrow, Baron Morrow",,,,"Maurice Morrow, Baron Morrow","Maurice Morrow, Baron Morrow",,,,,,,,,,,,,,,,,,male,,,,1948-09-27,,Maurice,,,,,,,,,,,,,,,,,,,,,,,,,,,,,,,,,,,,,,,,,,,,,,,,,,,,,,,,,,,,,,,,,,,,,,,lords/lord-morrow/3795,,,,,,,,,,,,,,,,,,,,,,,,,,,,,,,,,,,,,,,,,,,,,,,,,,,,,,,,,,,,,3795
Q2134210,,,,Raymond McCartney,,Raymond McCartney,Raymond McCartney,,,,,,,Raymond McCartney,,,Raymond McCartney,,,,,,,,Raymond McCartney,,,,Raymond McCartney,Raymond McCartney,,,,,,,,,,,,,,,,,https://upload.wikimedia.org/wikipedia/commons/e/e5/RaymondMcCartney.jpg,male,,,,1954-11-29,,Raymond,,,,,,,,,,,,,,,,,,,,,,,,,,,,,,,,,,,,,,,,,,,,,,,,,,,,,,,,,,,,,,,,,,,,,,,,,,,,,,,,,,,,,,,,,,,,,,,,,,,,,,,,,,,,,,,,,,,,,,,,,,,,,,,,,,,,
Q2542530,,,,,,"Wallace Browne, Baron Browne of Belmont","Wallace Browne, Baron Browne of Belmont",,,,,,,"Wallace Browne, Baron Browne of Belmont",,,"Wallace Browne, Baron Browne of Belmont",,,,,,,,"Wallace Browne, Baron Browne of Belmont",,,,"Wallace Browne, Baron Browne of Belmont","Wallace Browne, Baron Browne of Belmont",,,,,,,,,,,,,,,,,,male,,,,1947-10-29,,Wallace,,,,,,,,,,,,,,,,,,,,,,,,,,,,,,,,,,,,,,,,,,,,,,,,,,,,,,,,,,,,,,,,,,,,,,,lords/lord-browne-of-belmont/3801,,,,,,,,,,,,,,,,,,,,,,,,,,,,,,,,,,,,,,,,,,,,,,,,,,,,,,,,,,,,,3801
Q3181858,,,,John Kelly,Джон Келли,,John Kelly,,,,,,,John Kelly,,,John Kelly,,,,,,,,John Kelly,,,,,John Kelly (Sinn Féin politician),,,,John Kelly (homme politique),,,,,,,,,,,,,,male,70215,,,1936-04-05,,John,,,,,,,,,,,,,,,,جان کلی,,,,,,,,,,,,,,,,,,,,,,,,,0000 0001 1436 265X,,,,,,,,,,,,,,,,,,,,,,,,,,,,,,,,,,,,,,,,,,,,,,,,2007-09-06,,,,,,,,,,,,,,,,,,,,,,,,,,,,,,,,,,,,,,,,,,,
Q3476695,,,,Seamus Mallon,,Seamus Mallon,Seamus Mallon,,,Seamus Mallon,,,,Seamus Mallon,,,Seamus Mallon,,,,,,,,Seamus Mallon,,,,,Seamus Mallon,,,Seamus Mallon,Seamus Mallon,,,,,,,,,,,,,,male,,,,1936-08-17,/m/01n7p0,Seamus,,,,mr-seamus-mallon,,,,,,,,,,,,,,,,,,,,,,,,,,,,,,,,,,,,,,,,,,,,,,,,,,,,,,,,,,,,,,,,,,,,,,,,,,,,,,,,,,,,,,,,,,,,,,,,,,,,,,,,,,,,,,,,,,,,,,,,,,,,,,,,
Q3499853,,Jim Allister,,Jim Allister,,Jim Allister,Jim Allister,,,Jim Allister,,,,Jim Allister,,Jim Allister,Jim Allister,Jim Allister,,,Jim Allister,Jim Allister,Jim Allister,,Jim Allister,,,,Jim Allister,Jim Allister,,,Jim Allister,,Jim Allister,,,,,,,Jim Allister,,,,,https://upload.wikimedia.org/wikipedia/commons/9/90/JimAllister.jpg,male,1990788,,nb2006011084,1953-04-02,/m/035ymk,Jim,,,,,,,,,,,,,,,,,,,,,,,,,,,,,,,,,,,,,,,,,,,,,,,28512,,,,,,,,,,,,,,,,,,,,,,,,,,,,,,,,,Jim Allister,,,,,,Jim Allister,,,,,,,,,,,,,,,,,,,,,,,,,,,,,,,,,,,,,,,,,,,,,,
Q3807885,,,,Jennifer McCann,,Jennifer McCann,Jennifer McCann,,,,Jennifer McCann,,,Jennifer McCann,,,Jennifer McCann,,,,,,,,Jennifer McCann,,,,,Jennifer McCann,,,,,,,,Jennifer McCann,,,,,,,,,https://upload.wikimedia.org/wikipedia/commons/5/5b/JenniferMcCann.jpg,female,,,,1960-03-01,,Jennifer,,,,,,,,,,,,,,,,,,,,,,,,,,,,,,,,,,,,,,,,,,,,,,,,,,,,,,,,,,,,,,,,,,,,,,,,,,,,,,,,,,,,,,,,,,,,,,,,,,,,,,,,,,,,,,,,,,,,,,,,,,,,,,,,,,,,
Q4685214,,,,Adrian McQuillan,,,Adrian McQuillan,,,,Adrian McQuillan,,,Adrian McQuillan,,,,,,,,,,,Adrian McQuillan,,,,,Adrian McQuillan,,,,,,,,,,,,,,,,,,male,,,,1965-06-08,,Adrian,,,,,,,,,,,,,,,,,,,,,,,,,,,,,,,,,,,,,,,,,,,,,,,,,,,,,,,,,,,,,,,,,,,,,,,,,,,,,,,,,,,,,,,,,,,,,,,,,,,,,,,,,,,,,,,,,,,,,,,,,,,,,,,,,,,,
Q4707281,,,,Alan McFarland,Алан МакФарланд,Alan McFarland,Alan McFarland,,,,Alan McFarland,,,Alan McFarland,,,Alan McFarland,,,,,,,,Alan McFarland,,,,,Alan McFarland,,,,,,,,,,,,,,,,,,male,,,,1949-08-09,,Alan,,,,,,,,,,,,,,,,,,,,,,,,,,,,,,,,,,,,,,,,,,,,,,,,,,,,,,,,,,,,,,,,,,,,,,,,,,,,,,,,,,,,,,,,,,,,,,,,,,,,,,,,,,,,,,,,,,,,,,,,,,,,,,,,,,,,
Q4708772,,,,Alastair Ross,,Alastair Ross,Alastair Ross,,,,Alastair Ross,,,Alastair Ross,,,,,,,,,,,Alastair Ross,,,,,Alastair Ross,,,,,,,,,,,,,,,,,https://upload.wikimedia.org/wikipedia/commons/f/fc/Alastair_Ross_DUP.jpg,male,,,,1981-03-04,,Alastair,,,,,,,,,,,,,,,,,,,,,,,,,,,,,,,,,,,,,,,,,,,,,,,,,,,,,,,,,,,,,,,,,,,,,,,,,,,,,,,,,,,,,,,,,,,,,,,,,,,,,,,,,,,,,,,,,,,,,,,,,,,,,,,,,,,,
Q4709010,,,,Alban Maginness,,Alban Maginness,Alban Maginness,,,,Alban Maginness,,,Alban Maginness,,,,,,,,,,,Alban Maginness,,,,,Alban Maginness,,,,,,,,,,,,,,,,,,male,,,,1950-07-09,,Alban,,,,,,,,,,,,,,,,,,,,,,,,,,,,,,,,,,,,,,,,,,,,,,,,,,,,,,,,,,,,,,,,,,,,,,,,,,,,,,,,,,,,,,,,,,,,,,,,,,,,,,,,,,,,,,,,,,,,,,,,,,,,,,,,,,,,
Q4716637,,Alex Attwood,,Alex Attwood,,Alex Attwood,Alex Attwood,,,,,,,Alex Attwood,,,Alex Attwood,Alex Attwood,,,,,,,Alex Attwood,,,,,Alex Attwood,,,,,,,,,,,,Alex Attwood,,,,,"https://upload.wikimedia.org/wikipedia/commons/c/cc/May_Day,_Belfast,_April_2011_(056).JPG",male,,,,1959-04-26,,Alex,,,,,,,,,,,,,,,,,,,,,,,,,,,,,,,,,,,,,,,,,,,,,,,,,,,,,,,,,,,,,,,,,,,,,,,,,,,,,,,,,,,,,,,,,,,,,,,,,,,,,,,,,,,,,,,,,,,,,,,,,,,,,,,,,,,,
Q4716944,,,,Alex Easton,,,Alex Easton,,,,,,,Alex Easton,,,Alex Easton,,,,,,,,Alex Easton,,,,,Alex Easton,,,,,,,,,,,,,,,,,https://upload.wikimedia.org/wikipedia/commons/5/5b/Alex_Easton.jpg,male,,,,1969-05-19,,Alex,,,,,,,,,,,,,,,,,,,,,,,,,,,,,,,,,,,,,,,,,,,,,,,,,,,,,,,,,,,,,,,,,,,,,,,,,,,,,,,,,,,,,,,,,,,,,,,,,,,,,,,,,,,,,,,,,,,,,,,,,,,,,,,,,,,,
Q4730490,,,,Allan Bresland,,Allan Bresland,Allan Bresland,,,,Allan Bresland,,,Allan Bresland,,,Allan Bresland,,,,,,,,Allan Bresland,,,,,Allan Bresland,,,,,,,,,,,,,,,,,,male,,,,1945-08-16,,Allan,,,,,,,,,,,,,,,,,,,,,,,,,,,,,,,,,,,,,,,,,,,,,,,,,,,,,,,,,,,,,,,,,,,,,,,,,,,,,,,,,,,,,,,,,,,,,,,,,,,,,,,,,,,,,,,,,,,,,,,,,,,,,,,,,,,,
Q4769268,,,,,,,Annie Courtney,,,,,,,Annie Courtney,,,Annie Courtney,,,,,,,,Annie Courtney,,,,,Annie Courtney,,,,,,,,,,,,,,,,,,female,,,,,,Annie,,,,,,,,,,,,,,,,,,,,,,,,,,,,,,,,,,,,,,,,,,,,,Courtney,,,,,,,,,,,,,,,,,,,,,,,,,,,,,,,,,,,,,,,,,,,,,,,,,,,,,,,,,,,,,,,,,,,,,,,,,,,,,,,,,,,,,,,
Q4792148,,,,Arlene Foster,,Arlene Foster,Arlene Foster,,,,Arlene Foster,Arlene Foster,,Arlene Foster,,,Arlene Foster,,,,,,,,Arlene Foster,,,,Arlene Foster,Arlene Foster,Arlene Foster,,,Arlene Foster,,,,,Arlene Foster,,,,,,,,https://upload.wikimedia.org/wikipedia/commons/4/4c/ArleneFoster.jpg,female,,,,1970-07-03,,Arlene,,,,,,,,,,,,,,,,,,,,,,,,,,,,Category:Arlene Foster,,,,,,,,,,,,,,,,,,,,,,,,,,,,,,,,,,,,,,,,,,,,,,,,,,,,,,,,,,,,,,,,,,,,,,,,,,,,,,,,,,,,,,,,,,,,,,,,,,,,,,,,
Q4798477,,,,Arthur Doherty,,,Arthur Doherty,,,,,,,Arthur Doherty,,,,,,,,,,,Arthur Doherty,,,,,Arthur Doherty,,,,,,,,,,,,,,,,,,male,,,,1932-01-19,,Arthur,,,,,,,,,,,,,,,,,,,,,,,,,,,,,,,,,,,,,,,,,,,,,,,,,,,,,,,,,,,,,,,,,,,,,,,,,,,,,,,,,,,,,,,,,2003-02-06,,,,,,,,,,,,,,,,,,,,,,,,,,,,,,,,,,,,,,,,,,,
Q4864486,,,,Barry McElduff,,,Barry McElduff,,,,,,,Barry McElduff,,,,,,,,,,,Barry McElduff,,,,,Barry McElduff,,,,,,,,,,,,,,,,,,male,,,,1966-08-16,,Barry,,,,,,,,,,,,,,,,,,,,,,,,,,,,,,,,,,,,,,,,,,,,,,,,,,,,,,,,,,,,,,,,,,,,,,,,,,,,,,,,,,,,,,,,,,,,,,,,,,,,,,,,,,,,,,,,,,,,,,,,,,,,,,,,,,,,
Q4867218,,,,Basil McCrea,,,Basil McCrea,,,,,,,Basil McCrea,,Basil McCrea,,,,,,,,,Basil McCrea,,,,,Basil McCrea,,,,,Basil McCrea,,,,,,,,,,,,https://upload.wikimedia.org/wikipedia/commons/8/82/Basil_McCrea_Lisburn_Office047.jpg,male,,,,1959-11-13,,Basil,,,,,,,,,,,,,,,,,,,,,,,,,,,,,,,,,,,,,,,,,,,,,,,,,,,,,,,,,,,,,,,,,,,,,,,,,,,,,,,,,,,,,,,,,,,,,,,,,,,,,,,,,,,,,,,,,,,,,,,,,,,,,,,,,,,,
Q4912119,,,,Billy Armstrong,Билли Армстронг,,Billy Armstrong,,,,,,,Billy Armstrong,,,Billy Armstrong,,,,,,,,Billy Armstrong,,,,,Billy Armstrong,,,,,,,,,,,,,,,,,,male,,,,1943-06-21,,Billy,,,,,,,,,,,,,,,,,,,,,,,,,,,,,,,,,,,,,,,,,,,,,,,,,,,,,,,,,,,,,,,,,,,,,,,,,,,,,,,,,,,,,,,,,,,,,,,,,,,,,,,,,,,,,,,,,,,,,,,,,,,,,,,,,,,,
Q4912187,,,,Billy Bell,,,Billy Bell,,,,,,,Billy Bell,,,Billy Bell,,,,,,,,Billy Bell,,,,,Billy Bell (politician),,,,,,,,,,,,,,,,,https://upload.wikimedia.org/wikipedia/commons/6/6a/Billy_Bell.jpg,male,,,,1935-10-09,,Billy,,,,,,,,,,,,,,,,,,,,,,,,,,,,,,,,,,,,,,,,,,,,,,,,,,,,,,,,,,,,,,,,,,,,,,,,,,,,,,,,,,,,,,,,,,,,,,,,,,,,,,,,,,,,,,,,,,,,,,,,,,,,,,,,,,,,
Q4912757,,,,Billy Hutchinson,,Billy Hutchinson,Billy Hutchinson,,,,,,,Billy Hutchinson,,,Billy Hutchinson,,,,,,,,Billy Hutchinson,,,,,Billy Hutchinson,,,,,,,,,,,,,,,,,,male,,,,1955-01-01,,Billy,,,,,,,,,,,,,,,,,,,,,,,,,,,,,,,,,,,,,,,,,,,,,,,,,,,,,,,,,,,,,,,,,,,,,,,,,,,,,,,,,,,,,,,,,,,,,,,,,,,,,,,,,,,,,,,,,,,,,,,,,,,,,,,,,,,,
Q4912895,,,,Billy Leonard,,,Billy Leonard,,,,,,,Billy Leonard,,,,,,,,,,,Billy Leonard,,,,,Billy Leonard,,,,,,,,,,,,,,,,,,male,,,,1955-01-13,,Billy,,,,,,,,,,,,,,,,,,,,,,,,,,,,,,,,,,,,,,,,,,,,,,,,,,,,,,,,,,,,,,,,,,,,,,,,,,,,,,,,,,,,,,,,,,,,,,,,,,,,,,,,,,,,,,,,,,,,,,,,,,,,,,,,,,,,
Q4952326,,,,Boyd Douglas,,,Boyd Douglas,,,,,,,Boyd Douglas,,,Boyd Douglas,,,,,,,,Boyd Douglas,,,,,Boyd Douglas,,,,,,,,,,,,,,,,,,male,,,,1950-07-13,,Boyd,,,,,,,,,,,,,,,,,,,,,,,,,,,,,,,,,,,,,,,,,,,,,,,,,,,,,,,,,,,,,,,,,,,,,,,,,,,,,,,,,,,,,,,,,,,,,,,,,,,,,,,,,,,,,,,,,,,,,,,,,,,,,,,,,,,,
Q4960688,,,,,,,Brenda Hale,,,,,,,Brenda Hale,,,Brenda Hale,,,,,,,,Brenda Hale,,,,,Brenda Hale (Northern Ireland politician),,,,,,,,,,,,,,,,,,female,,,,,,Brenda,,,,,,,,,,,,,,,,,,,,,,,,,,,,,,,,,,,,,,,,,,,,,,,,,,,,,,,,,,,,,,,,,,,,,,,,,,,,,,,,,,,,,,,,,,,,,,,,,,,,,,,,,,,,,,,,,,,,,,,,,,,,,,,,,,,,
Q4974147,,,,Bronwyn McGahan,,,Bronwyn McGahan,,,,,,,Bronwyn McGahan,,,,,,,,,,,Bronwyn McGahan,,,,,Bronwyn McGahan,,,,,,,,,,,,,,,,,https://upload.wikimedia.org/wikipedia/commons/7/77/Bronwyn_McGahan.jpg,female,,,,1972-01-24,,Bronwyn,,,,,,,,,,,,,,,,,,,,,,,,,,,,,,,,,,,,,,,,,,,,,,,,,,,,,,,,,,,,,,,,,,,,,,,,,,,,,,,,,,,,,,,,,,,,,,,,,,,,,,,,,,,,,,,,,,,,,,,,,,,,,,,,,,,,
Q4981853,,,,,,Bríd Rodgers,Bríd Rodgers,,,,,,,Bríd Rodgers,,,,,,,,,,,Bríd Rodgers,,,,,Bríd Rodgers,,,,,,,,,,,,,,,,,,female,,,,1935-02-20,,,,,,,,,,,,,,,,,,,,,,,,,,,,,,,,,,,,,,,,,,,,,,,,,,,,,,,,,,,,,,,,,,,,,,,,,,,,,,,,,,,,,,,,,,,,,,,,,,,,,,,,,,,,,,,,,,,,,,,,,,,,,,,,,,,,,,
Q4992676,,Martina Anderson,,Martina Anderson,,Martina Anderson,Martina Anderson,Martina Anderson,,,,,,Martina Anderson,,,Martina Anderson,Martina Anderson,,,Martina Anderson,Martina Anderson,Martina Anderson,,Martina Anderson,,,,Martina Anderson,Martina Anderson,,,,Martina Anderson,,,,,,,Martina Anderson,Martina Anderson,,,,,"https://upload.wikimedia.org/wikipedia/commons/1/1f/Martina_Anderson_MEP,_Strasbourg_-_Diliff.jpg",female,,,,1962-04-16,,Martina,,,,,,Martina Anderson,,,,,,,,,,,,,,,,,,,,,,,,Martina Anderson,,,,,,,,,,,,,,,Anderson,,113959,,,,,,,,,,,,,,,,,,,,,,,,,,,,,,,,,,,,,,,,,,,,,,,,,,,,,,,,,,,,,,,,,,,,,,,,,,,,,,,,,,,,,
Q5017940,,,,Caitríona Ruane,,Caitríona Ruane,Caitríona Ruane,,,,,,,Caitríona Ruane,,,Caitríona Ruane,Caitríona Ruane,,,Caitríona Ruane,Caitríona Ruane,Caitríona Ruane,,Caitríona Ruane,,,,,Caitríona Ruane,,,,,,,,,,,,,,,,,https://upload.wikimedia.org/wikipedia/commons/0/07/Ruane.jpg,female,,,,1962-07-19,,,,,,,,,,,,,,,,,,,,,,,,,,,,,,,,,,,,,,,,,,,,,,,,,,,,,,,,,,,,,,,,,,,,,,,,,,,,,,,,,,,,,,,,,,,,,,,,,,,,,,,,,,,,,,,,,,,,,,,,,,,,,,,,,,,,,,
Q5043280,,,,Carmel Hanna,,Carmel Hanna,Carmel Hanna,,,,Carmel Hanna,,,Carmel Hanna,,,Carmel Hanna,Carmel Hanna,,,Carmel Hanna,Carmel Hanna,Carmel Hanna,,Carmel Hanna,,,,,Carmel Hanna,,,,,,,,,,,,,,,,,,female,,,,1946-03-26,,Carmel,,,,,,,,,,,,,,,,,,,,,,,,,,,,,,,,,,,,,,,,,,,,,,,,,,,,,,,,,,,,,,,,,,,,,,,,,,,,,,,,,,,,,,,,,,,,,,,,,,,,,,,,,,,,,,,,,,,,,,,,,,,,,,,,,,,,
Q5047760,,,,Carál Ní Chuilín,,Carál Ní Chuilín,Carál Ní Chuilín,,,,,,,Carál Ní Chuilín,,Carál Ní Chuilín,,,,,,,,,Carál Ní Chuilín,,,,,Carál Ní Chuilín,,,,,Carál Ní Chuilín,,,,,,,,,,,,https://upload.wikimedia.org/wikipedia/commons/0/0f/Carál_Ní_Chuilín_(cropped).jpg,female,,,,1964-12-18,,,,,,,,,,,,,,,,,,,,,,,,,,,,,,,,,,,,,,,,,,,,,,,,,,,,,,,,,,,,,,,,,,,,,,,,,,,,,,,,,,,,,,,,,,,,,,,,,,,,,,,,,,,,,,,,,,,,,,,,,,,,,,,,,,,,,,
Q5052017,,,,Cathal Boylan,,,Cathal Boylan,,,,,,,Cathal Boylan,,,Cathal Boylan,,,,,,,,Cathal Boylan,,,,,Cathal Boylan,,,,,,,,,,,,,,,,,https://upload.wikimedia.org/wikipedia/commons/c/c7/CathalBoylan.jpg,male,,,,1964-04-30,,Cathal,,,,,,,,,,,,,,,,,,,,,,,,,,,,,,,,,,,,,,,,,,,,,,,,,,,,,,,,,,,,,,,,,,,,,,,,,,,,,,,,,,,,,,,,,,,,,,,,,,,,,,,,,,,,,,,,,,,,,,,,,,,,,,,,,,,,
Q5052072,,,,Cathal Ó hOisín,,,Cathal Ó hOisín,,,,,,,Cathal Ó hOisín,,,,,,,,,,,Cathal Ó hOisín,,,,,Cathal Ó hOisín,,,,,,,,,,,,,,,,,,male,,,,1963-03-18,,Cathal,,,,,,,,,,,,,,,,,,,,,,,,,,,,,,,,,,,,,,,,,,,,,,,,,,,,,,,,,,,,,,,,,,,,,,,,,,,,,,,,,,,,,,,,,,,,,,,,,,,,,,,,,,,,,,,,,,,,,,,,,,,,,,,,,,,,
Q5057164,,,,Cedric Wilson,,,Cedric Wilson,,,,,,,Cedric Wilson,,,,,,,,,,,Cedric Wilson,,,,,Cedric Wilson,,,,,,,,,,,,,,,,,,male,65981080,,,1948-06-06,,Cedric,,,,,,,,,,,,,,,,,,,,,,,,,,,,,,,,,,,,,,,,,,,,,Wilson,,,,,,,,,,,,,,,,,,,,,,,,,,,,,,,,,,,,,,,,,,,,,,,,,,,,,,,,,,,,,,,,,,,,,,,,,,,,,,,,,,,,,,,
Q5106839,,,,Chris Hazzard,,,Chris Hazzard,,,,Chris Hazzard,,,Chris Hazzard,,,Chris Hazzard,,,,,,,,Chris Hazzard,,,,,Chris Hazzard,,,,,,,,,,,,,,,,,,male,,,,1985-01-01,,Chris,,,,,,,,,,,,,,,,,,,,,,,,,,,,,,,,,,,,,,,,,,,,,,,,,,,,,,,,,,,,,,,,,,,,,,,,,,,,,,,,,,,,,,,,,,,,,,,,,,,,,,,,,,,,,,,,,,,,,,,,,,,,,,,,,,,,
Q5107294,,,,Chris Lyttle,,Chris Lyttle,Chris Lyttle,,,,,,,Chris Lyttle,,,,,,,,,,,Chris Lyttle,,,,,Chris Lyttle,,,,,,,,,,,,,,,,,,male,,,,1981-01-19,,Chris,,,,,,,,,,,,,,,,,,,,,,,,,,,,,,,,,,,,,,,,,,,,,,,,,,,,,,,,,,,,,,,,,,,,,,,,,,,,,,,,,,,,,,,,,,,,,,,,,,,,,,,,,,,,,,,,,,,,,,,,,,,,,,,,,,,,
Q5125263,,,,,,,Claire McGill,,,,Claire McGill,,,Claire McGill,,,,,,,,,,,Claire McGill,,,,,Claire McGill,,,,,,,,,,,,,,,,,,female,,,,,,Claire,,,,,,,,,,,,,,,,,,,,,,,,,,,,,,,,,,,,,,,,,,,,,,,,,,,,,,,,,,,,,,,,,,,,,,,,,,,,,,,,,,,,,,,,,,,,,,,,,,,,,,,,,,,,,,,,,,,,,,,,,,,,,,,,,,,,
Q5149523,,,,Colum Eastwood,,,Colum Eastwood,,,,,,,Colum Eastwood,,,Colum Eastwood,,,,,,,,Colum Eastwood,,,,,Colum Eastwood,,,,,,,,,,,,,,,,,,male,,,,1983-04-30,,Colum,,,,,,,,,,,,,,,,,,,,,,,,,,,,,,,,,,,,,,,,,,,,,,,,,,,,,,,,,,,,,,,,,,,,,,,,,,,,,,,,,,,,,,,,,,,,,,,,,,,,,,,,,,,,,,,,,,,,,,,,,,,,,,,,,,,,
Q5158089,,,,Conall McDevitt,,,Conall McDevitt,,,,Conall McDevitt,,,,,,,,,,,,,,Conall McDevitt,,,,,Conall McDevitt,,,,,,,,,,,,,,,,,,male,,,,1972-06-01,,,,,,,,,,,,,,,,,,,,,,,,,,,,,,,,,,,,,,,,,,,,,,,,,,,,,,,,,,,,,,,,,,,,,,,,,,,,,,,,,,,,,,,,,,,,,,,,,,,,,,,,,,,,,,,,,,,,,,,,,,,,,,,,,,,,,,
Q5209806,,,,Daithí McKay,,,Daithí McKay,,,,,,,Daithí McKay,,,,,,,,,,,Daithí McKay,,,,,Daithí McKay,,,,,,,,,,,,,,,,,https://upload.wikimedia.org/wikipedia/commons/8/83/Edinburgh_fbu.jpg,male,,,,1982-03-02,,,,,,,,,,,,,,,,,,,,,,,,,,,,,,,,,,,,,,,,,,,,,,,,,,,,,,,,,,,,,,,,,,,,,,,,,,,,,,,,,,,,,,,,,,,,,,,,,,,,,,,,,,,,,,,,,,,,,,,,,,,,,,,,,,,,,,
Q5220512,,,,Danny Kennedy,,Danny Kennedy,Danny Kennedy,,,,,,,Danny Kennedy,,Danny Kennedy,,,,,,,,,Danny Kennedy,,,,,Danny Kennedy,,,,Danny Kennedy (homme politique),Danny Kennedy,,,,,,,,,,,,,male,,,,1959-07-06,,Danny,,,,,,,,,,,,,,,,,,,,,,,,,,,,Category:Danny Kennedy,,,,,,,,,,,,,,,,,Kennedy,,,,,,,,,,,,,,,,,,,,,,,,,,,,,,,,,,,,,,,,,,,,,,,,,,,,,,,,,,,,,,,,,,,,,,,,,,,,,,,,,,,,,,,
Q5220520,,,,Danny Kinahan,,,Danny Kinahan,,,,,,,Danny Kinahan,,,,,,,,,,,Danny Kinahan,,,,,Danny Kinahan,,,,,,,,,,,,,,,,,,male,,,,1958-04-14,,Danny,,,,,,,,,,,,,,,,,,,,,,,,,,,,,,,,,,,,,,,,,,,,,,,,,,,,,,,,,,,,,,,,,,,,,,,commons/danny-kinahan/4381,,,,,,,,,,,,,,,,,,,,,,,,,,,,,,,,,,,,,,,,,,,,,,,,,,,,,,,,,,,,,4381
Q5220697,,,,Danny O'Connor,,,Danny O'Connor,,,,,,,Danny O'Connor,,,,,,,,,,,Danny O'Connor,,,,,Danny O'Connor (politician),,,,,,,,,,,,,,,,,,male,,,,1965-01-01,,Danny,,,,,,,,,,,,,,,,,,,,,,,,,,,,,,,,,,,,,,,,,,,,,,,,,,,,,,,,,,,,,,,,,,,,,,,,,,,,,,,,,,,,,,,,,,,,,,,,,,,,,,,,,,,,,,,,,,,,,,,,,,,,,,,,,,,,
Q5221985,,,,Dara O'Hagan,,Dara O'Hagan,Dara O'Hagan,,,,,,,Dara O'Hagan,,,,,,,,,,,Dara O'Hagan,,,,,Dara O'Hagan,,,,,,,,,,,,,,,,,,female,,,,1964-08-29,,Dara,,,,,,,,,,,,,,,,,,,,,,,,,,,,,,,,,,,,,,,,,,,,,,,,,,,,,,,,,,,,,,,,,,,,,,,,,,,,,,,,,,,,,,,,,,,,,,,,,,,,,,,,,,,,,,,,,,,,,,,,,,,,,,,,,,,,
Q5233732,,,,David Ford,Дэвид Форд,David Ford,David Ford,,,,,,,David Ford,,,David Ford,,,,,,,,David Ford,,,,,David Ford,David Ford (político),,,David Ford,,,,,,,,,,,,,,male,,,,1951-02-24,,David,,,,,,,,,,,,,,,,,,,,,,,,,,,,,,,,,,,,,,,,,,,,,Ford,,,,,,,,,,,,,,,,,,,,,,,,,,,,,,,,,,,,,,,,,,,,,,,,,,,,,,,,,,,,,,,,,,,,,,,,,,,,,,,,,,,,,,,
Q5237292,,,,David McClarty,,David McClarty,David McClarty,,,,,,,David McClarty,,,,,,,,,,,David McClarty,,,,,David McClarty,,,,,,,,,,,,,,,,,,male,,,,1951-02-23,,David,,,,,,,,,,,,,,,,,,,,,,,,,,,,,,,,,,,,,,,,,,,,,,,,,,,,,,,,,,,,,,,,,,,,,,,,,,,,,,,,,,,,,,,,,2014-04-18,,,,,,,,,,,,,,,,,,,,,,,,,,,,,,,,,,,,,,,,,,,
Q5237376,,,,David McIlveen,,,David McIlveen,,,,David McIlveen,,,David McIlveen,,,,,,,,,,,David McIlveen,,,,,David McIlveen,,,,,,,,,,,,,,,,,,male,,,,1981-02-11,,David,,,,,,,,,,,,,,,,,,,,,,,,,,,,,,,,,,,,,,,,,,,,,,,,,,,,,,,,,,,,,,,,,,,,,,,,,,,,,,,,,,,,,,,,,,,,,,,,,,,,,,,,,,,,,,,,,,,,,,,,,,,,,,,,,,,,
Q5237446,,,,David McNarry,,,David McNarry,,,,,,,David McNarry,,,,,,,,,,,David McNarry,,,,,David McNarry,,,,,,,,,,,,,,,,,,male,,,,1948-05-25,,David,,,,,,,,,,,,,,,,,,,,,,,,,,,,,,,,,,,,,,,,,,,,,,,,,,,,,,,,,,,,,,,,,,,,,,,,,,,,,,,,,,,,,,,,,,,,,,,,,,,,,,,,,,,,,,,,,,,,,,,,,,,,,,,,,,,,
Q5242200,,,,Davy Hyland,,Davy Hyland,Davy Hyland,,,,,,,Davy Hyland,,,,,,,,,,,Davy Hyland,,,,,Davy Hyland,,,,,,,,,,,,,,,,,,male,,,,1955-02-25,,Davy,,,,,,,,,,,,,,,,,,,,,,,,,,,,,,,,,,,,,,,,,,,,,,,,,,,,,,,,,,,,,,,,,,,,,,,,,,,,,,,,,,,,,,,,,,,,,,,,,,,,,,,,,,,,,,,,,,,,,,,,,,,,,,,,,,,,
Q5242494,,,,Dawn Purvis,,,Dawn Purvis,,,,,,,Dawn Purvis,,,,,,,,,,,Dawn Purvis,,,,,Dawn Purvis,,,,,,,,,,,,,,,,,,female,,,,1966-10-22,,Dawn,,,,,,,,,,,,,,,,,,,,,,,,,,,,,,,,,,,,,,,,,,,,,,,,,,,,,,,,,,,,,,,,,,,,,,,,,,,,,,,,,,,,,,,,,,,,,,,,,,,,,,,,,,,,,,,,,,,,,,,,,,,,,,,,,,,,
Q5249360,,,,Declan McAleer,,,Declan McAleer,,,,Declan McAleer,,,Declan McAleer,,,,,,,,,,,Declan McAleer,,,,,Declan McAleer,,,,,,,,,,,,,,,,,,male,,,,1973-07-10,,Declan,,,,,,,,,,,,,,,,,,,,,,,,,,,,,,,,,,,,,,,,,,,,,,,,,,,,,,,,,,,,,,,,,,,,,,,,,,,,,,,,,,,,,,,,,,,,,,,,,,,,,,,,,,,,,,,,,,,,,,,,,,,,,,,,,,,,
Q5249384,,,,Declan O'Loan,,Declan O'Loan,Declan O'Loan,,,,,,,Declan O'Loan,,,,,,,,,,,Declan O'Loan,,,,,Declan O'Loan,,,,,,,,,,,,,,,,,,male,,,,1951-08-05,,Declan,,,,,,,,,,,,,,,,,,,,,,,,,,,,,,,,,,,,,,,,,,,,,,,,,,,,,,,,,,,,,,,,,,,,,,,,,,,,,,,,,,,,,,,,,,,,,,,,,,,,,,,,,,,,,,,,,,,,,,,,,,,,,,,,,,,,
Q5257276,,,Denis Haughey,Denis Haughey,,Denis Haughey,Denis Haughey,,,,,,,Denis Haughey,,,Denis Haughey,,,,,,,,Denis Haughey,,,,,Denis Haughey,,Denis Haughey,,,,,,,,,,,,,,,,male,,,,1944-10-03,,Denis,,,,,,,,,,,,,,,,,,,,,,,,,,,,,,,,,,,,,,,,,,,,,,,,,,,,,,,,,,,,,,,,,,,,,,,,,,,,,,,,,,,,,,,,,,,,,,,,,,,,,,,,,,,,,,,,,,,,,,,,,,,,,,,,,,,,
Q5257576,,,,,,,Denis Watson,,,,,,,Denis Watson,,,,,,,,,,,Denis Watson,,,,,Denis Watson (politician),,,,,,,,,,,,,,,,,,male,,,,,,Denis,,,,,,,,,,,,,,,,,,,,,,,,,,,,,,,,,,,,,,,,,,,,,,,,,,,,,,,,,,,,,,,,,,,,,,,,,,,,,,,,,,,,,,,,,,,,,,,,,,,,,,,,,,,,Denis Watson,Denis Watson,,,,,,,,,,,Denis Watson,,,,,,,Denis Watson,,,,,
Q5262066,,,,Derek Hussey,,,Derek Hussey,,,,,,,Derek Hussey,,,,,,,,,,,Derek Hussey,,,,,Derek Hussey,,,,,,,,,,,,,,,,,,male,,,,1948-09-12,,Derek,,,,,,,,,,,,,,,,,,,,,,,,,,,,,,,,,,,,,,,,,,,,,,,,,,,,,,,,,,,,,,,,,,,,,,,,,,,,,,,,,,,,,,,,,,,,,,,,,,,,,,,,,,,,,,,,,,,,,,,,,,,,,,,,,,,,
Q5262833,,,,Dermot Nesbitt,,,Dermot Nesbitt,,,,Dermot Nesbitt,,,Dermot Nesbitt,,,,,,,,,,,Dermot Nesbitt,,,,,Dermot Nesbitt,,,,,,,,,,,,,,,,,,male,26576379,,,1947-08-14,,Dermot,,,,,,,,,,,,,,,,,,,,,,,,,,,,,,,,,,,,,,,,,,,,,,,,,,,,,,,,,,,,,,,,,,,,,,,,,,,,,,,,,,,,,,,,,,,,,,,,,,,,,,,,,,,,,,,,,,,,,,,,,,,,,,,,,,,,
Q5289533,,,,Dolores Kelly,,Dolores Kelly,Dolores Kelly,,,,,,,Dolores Kelly,,,,,,,,,,,Dolores Kelly,,,,,Dolores Kelly,,,,,,,,,,,,,,,,,,female,,,,1959-09-03,,Dolores,,,,,,,,,,,,,,,,,,,,,,,,,,,,,,,,,,,,,,,,,,,,,,,,,,,,,,,,,,,,,,,,,,,,,,,,,,,,,,,,,,,,,,,,,,,,,,,,,,,,,,,,,,,,,,,,,,,,,,,,,,,,,,,,,,,,
Q5290471,,,,Dominic Bradley,,Dominic Bradley,Dominic Bradley,,,,,,,Dominic Bradley,,,Dominic Bradley,,,,,,,,Dominic Bradley,,,,,Dominic Bradley,,,,,,,,,,,,,,,,,https://upload.wikimedia.org/wikipedia/commons/d/d6/Dominic_Bradley.jpg,male,,,,1960-08-29,,Dominic,,,,,,,,,,,,,,,,,,,,,,,,,,,,,,,,,,,,,,,,,,,,,,,,,,,,,,,,,,,,,,,,,,,,,,,,,,,,,,,,,,,,,,,,,,,,,,,,,,,,,,,,,,,,,,,,,,,,,,,,,,,,,,,,,,,,
Q5296845,,,,Donovan McClelland,,,Donovan McClelland,,,,Donovan McClelland,,,,,,,,,,,,,,Donovan McClelland,,,,,Donovan McClelland,,,,,,,,,,,,,,,,,,male,,,,1949-01-14,,Donovan,,,,,,,,,,,,,,,,,,,,,,,,,,,,,,,,,,,,,,,,,,,,,,,,,,,,,,,,,,,,,,,,,,,,,,,,,,,,,,,,,,,,,,,,,,,,,,,,,,,,,,,,,,,,,,,,,,,,,,,,,,,,,,,,,,,,
Q5314604,,,,Duncan Shipley-Dalton,,Duncan Shipley-Dalton,Duncan Shipley-Dalton,,,,,,,,,,,,,,,,,,Duncan Shipley-Dalton,,,,,Duncan Shipley-Dalton,,,,,,,,,,,,,,,,,,male,,,,1970-11-07,,Duncan,,,,,,,,,,,,,,,,,,,,,,,,,,,,,,,,,,,,,,,,,,,,,,,,,,,,,,,,,,,,,,,,,,,,,,,,,,,,,,,,,,,,,,,,,,,,,,,,,,,,,,,,,,,,,,,,,,,,,,,,,,,,,,,,,,,,
Q5325535,,,,Eamon O'Neill,,Eamon O'Neill,Eamon O'Neill,,,,,,,Eamon O'Neill,,,,,,,,,,,Eamon O'Neill,,,,,Eamon O'Neill,,,,,,,,,,,,,,,,,,male,,,,1944-09-15,,Eamon,,,,,,,,,,,,,,,,,,,,,,,,,,,,,,,,,,,,,,,,,,,,,,,,,,,,,,,,,,,,,,,,,,,,,,,,,,,,,,,,Eamon O'Neill,,,,,,,,,,,,,,,,,,,,,,,,,,,,,Eamon O'Neill,,,,,,,,,,,,,,,,,,,,,,,
Q5336300,,,,Eddie McGrady,,Eddie McGrady,Eddie McGrady,,,,,,,Eddie McGrady,,,Eddie McGrady,Eddie McGrady,,,Eddie McGrady,Eddie McGrady,Eddie McGrady,,Eddie McGrady,,,,,Eddie McGrady,,,,,,,,,,,,,,,Eddie McGrady,,,male,,,,1935-06-03,,Eddie,,,,mr-eddie-mcgrady,,,,,,,,,,,,,,,,,,,,,,,,,,,,,,,,,,,,,,,,,,,,,,,,,,,,,,,,,,,,,,,,,,,,,,,,,,,,,,,,,,,,,2013-11-11,,,,,,,,,,,,,,,,,,,,,,,,,,,,,,,,,,,,,,,,,,,
Q5346750,,,,Edwin Poots,,Edwin Poots,Edwin Poots,,,,,,,Edwin Poots,,,,,,,,,,,Edwin Poots,,,,,Edwin Poots,,,,,,,,,,,,,,,,,,male,,,,1965-05-27,,Edwin,,,,,,,,,,,,,,,,,,,,,,,,,,,,,,,,,,,,,,,,,,,,,,,,,,,,,,,,,,,,,,,,,,,,,,,,,,,,,,,,,,,,,,,,,,,,,,,,,,,,,,,,,,,,,,,,,,,,,,,,,,,,,,,,,,,,
Q5349324,,,,Eileen Bell,Эйлин Белл,Eileen Bell,Eileen Bell,,,,Eileen Bell,,,Eileen Bell,,,Eileen Bell,,,,,,,,Eileen Bell,,,,,Eileen Bell,,,,,,,,,,,,,,,,,,female,,,,1943-08-15,,Eileen,,,,,,,,,,,,,,,,,,,,,,,,,,,,,,,,,,,,,,,,,,,,,,,,,,,,,,,,,,,,,,,,,,,,,,,,,,,,,,,,,,,,,,,,,,,,,,,,,,,,,,,,,,,,,,,,,,,,,,,,,,,,,,,,,,,,
Q5398557,,,,Esmond Birnie,,Esmond Birnie,Esmond Birnie,,,,Esmond Birnie,,,Esmond Birnie,,,Esmond Birnie,,,,,,,,Esmond Birnie,,,,,Esmond Birnie,,,,,,,,,,,,,,,,,,male,111424398,,,1965-01-06,,Esmond,,,,,,,,,,,,,,,,,,,,,,,,,,,,,,,,,,,,,,,,,0000 0000 8177 9386,12322574s,,,,,,,,,,,,,,,,,,,,,,,,,,,,,,,,,,,,,,,,,,,,,,,,,,,,,,,,,,,,,,,,,,,,,,,,,,,,,,,,,,,,,,,,,,
Q5407530,,,,Eugene McMenamin,,,Eugene McMenamin,,,,Eugene McMenamin,,,Eugene McMenamin,,,,,,,,,,,Eugene McMenamin,,,,,Eugene McMenamin,,,,,,,,,,,,,,,,,,male,,,,1947-01-01,,Eugene,,,,,,,,,,,,,,,,,,,,,,,,,,,,,,,,,,,,,,,,,,,,,,,,,,,,,,,,,,,,,,,,,,,,,,,,,,,,,,,,,,,,,,,,,,,,,,,,,,,,,,,,,,,,,,,,,,,,,,,,,,,,,,,,,,,,
Q5439436,,,,Fearghal McKinney,,Fearghal McKinney,Fearghal McKinney,,,,,,,Fearghal McKinney,,,,Fearghal McKinney,,,Fearghal McKinney,Fearghal McKinney,Fearghal McKinney,,Fearghal McKinney,,,,,Fearghal McKinney,,,,,,,,,,,,,,,,,,male,,,,1962-07-06,,,,,,,,,,,,,,,,,,,,,,,,,,,,,,,,,,,,,,,,,,,,,,,,,,,,,,,,,,,,,,,,,,,,,,,,,,,,,,,,,,,,,,,,,,,,,,,,,,,,,,,,,,,,,,,,,,,,,,,,,,,,,,,,,,,,,,
Q5477442,,,,Fra McCann,"Маккенн, Фра",,Fra McCann,,,,Fra McCann,,,Fra McCann,,,,,,,,,,,Fra McCann,,,,,Fra McCann,,,,,,,,,,,,,"Маккенн, Фра",,,,https://upload.wikimedia.org/wikipedia/commons/6/6d/Fra_McCann.jpg,male,,,,1953-06-19,,,,,,,,,,,,,,,,,,,,,,,,,,,,,,,,,,,,,,,,,,,,,,,,,,,,,,,,,,,,,,,,,,,,,,,,,,,,,,,,,,,,,,,,,,,,,,,,,,,,,,,,,,,,,,,,,,,,,,,,,,,,,,,,,,,,,,
Q5479812,,,,Francie Molloy,,,Francie Molloy,,,,,,,Francie Molloy,,,,,,,,,,,Francie Molloy,,,,,Francie Molloy,,,,,,,,,,,,,,,,,https://upload.wikimedia.org/wikipedia/commons/c/cc/FrancieMolloy.jpg,male,,,,1950-12-16,,Francie,,,,,,,,,,,,,,,,,,,,,,,,,,,,,,,,,,,,,,,,,,,,,,,,,,,,,,,,,,,,,,,,,,,,,,,commons/francie-molloy/4274,,,,,,,,,,,,,,,,,,,,,,,,,,,,,,,,,,,,,,,,,,,,,,,,,,,,,,,,,,,,,4274
Q5493559,,,,,,Fraser Agnew,Fraser Agnew,,,,,,,Fraser Agnew,,,Fraser Agnew,,,,,,,,Fraser Agnew,,,,,Fraser Agnew,,,,,,,,,,,,,,,,,,male,,,,,,Fraser,,,,,,,,,,,,,,,,,,,,,,,,,,,,,,,,,,,,,,,,,,,,,,,,,,,,,,,,,,,,,,,,,,,,,,,,,,,,,,,,,,,,,,,,,,,,,,,,,,,,,,,,,,,,,,,,,,,,,,,,,,,,,,,,,,,,
Q5494852,,,,Fred Cobain,,,Fred Cobain,,,,Fred Cobain,,,Fred Cobain,,,Fred Cobain,,,,,,,,Fred Cobain,,,,,Fred Cobain,,,,,,,,,,,,,,,,,,male,,,,1946-04-30,,Fred,,,,,,,,,,,,,,,,,,,,,,,,,,,,,,,,,,,,,,,,,,,,,,,,,,,,,,,,,,,,,,,,,,,,,,,,,,,,,,,,,,,,,,,,,,,,,,,,,,,,,,,,,,,,,,,,,,,,,,,,,,,,,,,,,,,,
Q5522531,,,,Gardiner Kane,,,Gardiner Kane,,,,,,,Gardiner Kane,,,,,,,,,,,Gardiner Kane,,,,,Gardiner Kane,,,,,,,,,,,,,,,,,,male,,,,1947-11-25,,,,,,,,,,,,,,,,,,,,,,,,,,,,,,,,,,,,,,,,,,,,,,,,,,,,,,,,,,,,,,,,,,,,,,,,,,,,,,,,,,,,,,,,,,,,,,,,,,,,,,,,,,,,,,,,,,,,,,,,,,,,,,,,,,,,,,
Q5538436,,,,George Dawson,Джордж Доусон,George Dawson,George Dawson,,,,,,,George Dawson,,,,,,,,,,,George Dawson,,,,,George Dawson (politician),,,,,,,,,,,,,,,,,,male,,,,1961-05-10,,George,,,,,,,,,,,,,,,,,,,,,,,,,,,,,,,,,,,,,,,,,,,,,,,,,,,,,,,,,,,,,,,,,,,,,,,,,,,,,,,,,,,,,,,,,2007-05-07,,,,,,,,,,,,,,,,,,,,,,,,,,,,,,,,,,,,,,,,,,,
Q5539001,,,,George Ennis,,,George Ennis,,,,George Ennis,,,George Ennis,,,George Ennis,,,,,,,,George Ennis,,,,,George Ennis,,,,,,,,,,,,,,,,,,male,,,,1953-02-09,,George,,,,,,,,,,,,,,,,,,,,,,,,,,,,,,,,,,,,,,,,,,,,,,,,,,,,,,,,,,,,,,,,,,,,,,,,,,,,,,,,,,,,,,,,,,,,,,,,,,,,,,,,,,,,,,,,,,,,,,,,,,,,,,,,,,,,
Q5543965,,,,George Robinson,,,George Robinson,,,,,,,George Robinson,,,,,,,,,,,George Robinson,,,,,George Robinson (politician),,,,,,,,,,,,,,,,,,male,,,,1941-05-30,,George,,,,,,,,,,,,,,,,,,,,,,,,,,,,,,,,,,,,,,,,,,,,,,,,,,,,,,,,,,,,,,,,,,,,,,,,,,,,,,,,,,,,,,,,,,,,,,,,,,,,,,,,,,,,,,,,,,,,,,,,,,,,,,,,,,,,
Q5544306,,,,George Savage,,,George Savage,,,,,,,George Savage,,,,,,,,,,,George Savage,,,,,George Savage (politician),,,,,,,,,,,,,,,,,,male,,,,1941-11-26,,George,,,,,,,,,,,,,,,,,,,,,,,,,,,,,,,,,,,,,,,,,,,,,,,,,,,,,,,,,,,,,,,,,,,,,,,,,,,,,,,,,,,,,,,,,2014-10-01,,,,,,,,,,,,,,,,,,,,,,,,,,,,,,,,,,,,,,,,,,,
Q5549740,,,,Geraldine Dougan,,,Geraldine Dougan,,,,Geraldine Dougan,,,Geraldine Dougan,,,Geraldine Dougan,,,,,,,,Geraldine Dougan,,,,,Geraldine Dougan,,,,,,,,,,,,,,,,,,female,,,,1973-01-01,,Geraldine,,,,,,,,,,,,,,,,,,,,,,,,,,,,,,,,,,,,,,,,,,,,,,,,,,,,,,,,,,,,,,,,,,,,,,,,,,,,,,,,,,,,,,,,,,,,,,,,,,,,,,,,,,,,,,,,,,,,,,,,,,,,,,,,,,,,
Q5552825,,,,Gerry Kelly,,Gerry Kelly,Gerry Kelly,,,,,,,Gerry Kelly,,Gearóid Ó Ceallaigh,,,,,,,,,Gerry Kelly,,,,,Gerry Kelly,,,,,,,,,,,,,,,,,,male,41329252,,,1953-04-05,,Gerry,,,,,,,,,,,,,,,,,,,,,,,,,,,,,,,,,,,,,,,,,,,,,,,,,,,,,,,,,,,,,,,,,,,,,,,,,,,,,,,,,,,,,,,,,,,,,,,,,,,,,,,,,,,,,,,,,,,,,,,,,,,,,,,,,,,,
Q5585084,,,,Gordon Dunne,,,Gordon Dunne,,,,Gordon Dunne,,,Gordon Dunne,,,Gordon Dunne,,,,,,,,Gordon Dunne,,,,,Gordon Dunne,,,,,,,,,,,,,,,,,https://upload.wikimedia.org/wikipedia/commons/9/97/Gordon_Dunne.jpg,male,,,,1959-04-04,,Gordon,,,,,,,,,,,,,,,,,,,,,,,,,,,,,,,,,,,,,,,,,,,,,,,,,,,,,,,,,,,,,,,,,,,,,,,,,,,,,,,,,,,,,,,,,,,,,,,,,,,,,,,,,,,,,,,,,,,,,,,,,,,,,,,,,,,,
Q5980734,,,,Ian Adamson,,Ian Adamson,Ian Adamson,,,,Ian Adamson,,,Ian Adamson,,,Ian Adamson,,,,,,,,Ian Adamson,,,,,Ian Adamson,,,,,,,,,,,,,,,,,,male,88398169,,,1944-01-01,,Ian,,,,,,,,,,,,,,,,,,,,,,,,,,,,,,,,,,,,,,,,,,,163736340,,,,,,,,,,,,,,,,,,,,,,,,,,,,,,,,,,,,,,,,,,,,,,,,,,,,,,,,,,,,,,,,,,,,,,,,,,,,,,,,,,,,,,,,,
Q5982264,,,,Ian McCrea,,,Ian McCrea,,,,Ian McCrea,,,Ian McCrea,,,,,,,,,,,Ian McCrea,,,,,Ian McCrea,,,,,,,,,,,,,,,,,,male,,,,1976-01-01,,Ian,,,,,,,,,,,,,,,,,,,,,,,,,,,,,,,,,,,,,,,,,,,,,,,,,,,,,,,,,,,,,,,,,,,,,,,,,,,,,,,,,,,,,,,,,,,,,,,,,,,,,,,,,,,,,,,,,,,,,,,,,,,,,,,,,,,,
Q6096121,,,,Ivan Davis,Айвен Дэвис,,Ivan Davis,,,,,,,Ivan Davis,,,Ivan Davis,,,,,,,,Ivan Davis,,,,,Ivan Davis (politician),,,,,,,,,,,,,,,,,,male,,,,1937-04-16,,Ivan,,,,,,,,,,,,,,,,,,,,,,,,,,,,,,,,,,,,,,,,,,,,,,,,,,,,,,,,,,,,,,,,,,,,,,,,,,,,,,,,,,,,,,,,,,,,,,,,,,,,,,,,,,,,,,,,,,,,,,,,,,,,,,,,,,,,
Q6138001,,,,James Leslie,,James Leslie,James Leslie,,,,,,,James Leslie,,,,,,,,,,,James Leslie,,,,,James Leslie (UK politician),,,,,,,,,,,,,,,,,,male,,,,1958-03-01,,James,,,,,,,,,,,,,,,,,,,,,,,,,,,,,,,,,,,,,,,,,,,,,,,,,,,,,,,,,,,,,,,,,,,,,,,,,,,,,,,,,,,,,,,,,2009-02-22,,,,,,,,,,,,,,,,,,,,,,,,,,,,,,,,,,,,,,,,,,,
Q6152576,,,,Jane Morrice,,Jane Morrice,Jane Morrice,,,,,,,Jane Morrice,,,,,,,,,,,Jane Morrice,,,,,Jane Morrice,,,,,,,,,,,,,,,,,,female,,,,1954-05-11,,Jane,,,,,,,,,,,,,,,,,,,,,,,,,,,,,,,,,,,,,,,,,,,,,,,,,,,,,,,,,,,,,,,,,,,,,,,,,,,,,,,,,,,,,,,,,,,,,,,,,,,,,,,,,,,,,,,,,,,,,,,,,,,,,,,,,,,,
Q6198868,,,,Jim Wells,,Jim Wells,Jim Wells,,,,,,,Jim Wells,,,,,,,,,,,Jim Wells,,,,,Jim Wells (politician),,,,,,,,,,,,,,,,,,male,,,,1957-04-27,,Jim,,,,,,,,,,,,,,,,,,,,,,,,,,,,,,,,,,,,,,,,,,,,,,,,,,,,,,,,,,,,,,,,,,,,,,,,,,,,,,,,,,,,,,,,,,,,,,,,,,,,,,,,,,,,,,,,,,,,,,,,,,,,,,,,,,,,
Q6201345,,,,Jimmy Spratt,,,Jimmy Spratt,,,,,,,Jimmy Spratt,,,,,,,,,,,Jimmy Spratt,,,,,Jimmy Spratt,,,,,,,,,,,,,,,,,,male,,,,1951-08-19,,Jimmy,,,,,,,,,,,,,,,,,,,,,,,,,,,,,,,,,,,,,,,,,,,,,,,,,,,,,,,,,,,,,,,,,,,,,,,,,,,,,,,,,,,,,,,,,,,,,,,,,,,,,,,,,,,,,,,,,,,,,,,,,,,,,,,,,,,,
Q6203978,,,,Jo-Anne Dobson,,,Jo-Anne Dobson,,,,,,,,,,Jo-Anne Dobson,,,,,,,,Jo-Anne Dobson,,,,,Jo-Anne Dobson,,,,,,,,,,,,,,,,,,female,,,,1966-01-03,,,,,,,,,,,,,,,,,,,,,,,,,,,,,,,,,,,,,,,,,,,,,,,,,,,,,,,,,,,,,,,,,,,,,,,,,,,,,,,,,,,,,,,,,,,,,,,,,,,,,,,,,,,,,,,,,,,,,,,,,,,,,,,,,,,,,,
Q6204929,,,,,Джоан Карсон,,Joan Carson,,,,,,,Joan Carson,,,Joan Carson,,,,,,,,Joan Carson,,,,,Joan Carson,,,,,,,,,,,,,,,,,,female,,,,,,Joan,,,,,,,,,,,,,,,,,,,,,,,,,,,,,,,,,,,,,,,,,,,,,Carson,,,,,,,,,,,,,,,,,,,,,,,,,,,,,,,,,,,,,,,,,,,,,,,,,,,,,,,,,,,,,,,,,,,,,,,,,,,,,,,,,,,,,,,
Q6208911,,,,Joe Byrne,Джо Бирн,Joe Byrne,Joe Byrne,,,,,,,Joe Byrne,,,Joe Byrne,,,,,,,,Joe Byrne,,,,,Joe Byrne (politician),,,,,,,,,,,,,,,,,https://upload.wikimedia.org/wikipedia/commons/a/a6/Joe_Byrne_2012.jpg,male,,,,1953-11-29,,Joe,,,,,,,,,,,,,,,,,,,,,,,,,,,,,,,,,,,,,,,,,,,,,,,,,,,,,,,,,,,,,,,,,,,,,,,,,,,,,,,,,,,,,,,,,,,,,,,,,,,,,,,,,,,,,,,,,,,,,,,,,,,,,,,,,,,,
Q6210280,,,,Joe Hendron,,Joe Hendron,Joe Hendron,,,,,,,Joe Hendron,,,Joe Hendron,,,,,,,,Joe Hendron,,,,,Joe Hendron,,,,,,,,,,,,,,,,,,male,,,,1932-11-12,,Joe,,,,,,,,,,,,,,,,,,,,,,,,,,,,,,,,,,,,,,,,,,,,,,,,,,,,,,,,,,,,,,,,,,,,,,,,,,,,,,,,,,,,,,,,,,,,,,,,,,,,,,,,,,,,,,,,,,,,,,,,,,,,,,,,,,,,
Q6228425,,,,John Dallat,,John Dallat,John Dallat,,,,,,,John Dallat,,,John Dallat,,,,,,,,John Dallat,,,,,John Dallat,,,,,,,,,,,,,,,,,,male,,,,1947-03-24,,John,,,,,,,,,,,,,,,,,,,,,,,,,,,,,,,,,,,,,,,,,,,,,,,,,,,,,,,,,,,,,,,,,,,,,,,,,,,,,,,,,,,,,,,,,,,,,,,,,,,,,,,,,,,,,,,,,,,,,,,,,,,,,,,,,,,,
Q6232854,,,,John Fee,,John Fee,John Fee,,,,,,,John Fee,,,,,,,,,,,John Fee,,,,,John Fee,,,,,,,,,,,,,,,,,,male,,,,1963-12-07,,John,,,,,,,,,,,,,,,,,,,,,,,,,,,,,,,,,,,,,,,,,,,,,,,,,,,,,,,,,,,,,,,,,,,,,,,,,,,,,,,,,,,,,,,,,2007-11-10,,,,,,,,,,,,,,,,,,,,,,,,,,,,,,,,,,,,,,,,,,,
Q6235810,,,,John Gorman,Джон Горман,John Gorman,John Gorman,,,,,,,John Gorman,,,John Gorman,John Gorman,,,John Gorman,John Gorman,John Gorman,,John Gorman,,,,,John Gorman (politician),,,,,,,,,,,,,,,,,,male,7076437,,,1923-02-01,,John,,,,,,,,,,,,,,,,,,,,,,,,,,,,,,,,,,,,,,,,,,,,,,,,,,,,,,,,,,,,,,,,,,,,,,,,,,,,,,,,,,,,,,,,,2014-05-26,,,,,,,,,,,,,,,,,,,,,,,,,,,,,,,,,,,,,,,,,,,
Q6247430,,,,John McCallister,,,John McCallister,,,,,,,John McCallister,,,,,,,,,,,John McCallister,,,,,John McCallister,,,,,,,,,,,,,,,,,,male,,,,1972-02-20,,John,,,,,,,,,,,,,,,,,,,,,,,,,,,,,,,,,,,,,,,,,,,,,,,,,,,,,,,,,,,,,,,,,,,,,,,,,,,,,,,,,,,,,,,,,,,,,,,,,,,,,,,,,,,,,,,,,,,,,,,,,,,,,,,,,,,,
Q6250866,,,,John O'Dowd,,John O'Dowd,John O'Dowd,,,,,,,John O'Dowd,,,John O'Dowd,,,,,,,,John O'Dowd,,,,,John O'Dowd,,,,,,,,,,,,,,,,,https://upload.wikimedia.org/wikipedia/commons/a/a0/John_O'Dowd.jpg,male,,,,1967-05-10,,John,,,,,,,,,,,,,,,,,,,,,,,,,,,,,,,,,,,,,,,,,,,,,,,,,,,,,,,,,,,,,,,,,,,,,,,,,,,,,,,,,,,,,,,,,,,,,,,,,,,,,,,,,,,,,,,,,,,,,,,,,,,,,,,,,,,,
Q6260828,,,,John Tierney,Джон Тирни,,John Tierney,,,,,,,John Tierney,,,,,,,,,,,John Tierney,,,,,John Tierney (Irish politician),,,,,,,,,,,,,,,,,,male,,,,1951-12-09,,John,,,,,,,,,,,,,,,,,,,,,,,,,,,,,,,,,,,,,,,,,,,,,,,,,,,,,,,,,,,,,,,,,,,,,,,,,,,,,,,,,,,,,,,,,,,,,,,,,,,,,,,,,,,,,,,,,,,,,,,,,,,,,,,,,,,,
Q6272557,,,,Jonathan Bell,Джонатан Белл,Jonathan Bell,Jonathan Bell,,,,,,,Jonathan Bell,,,Jonathan Bell,,,,,,,,Jonathan Bell,,,,,Jonathan Bell (UK politician),,,,,,,,,,,,,,,,,,male,,,,1970-03-05,,Jonathan,,,,,,,,,,,,,,,,,,,,,,,,,,,,,,,,,,,,,,,,,,,,,,,,,,,,,,,,,,,,,,,,,,,,,,,,,,,,,,,,,,,,,,,,,,,,,,,,,,,,,,,,,,,,,,,,,,,,,,,,,,,,,,,,,,,,
Q6272833,,,,Jonathan Craig,,Jonathan Craig,Jonathan Craig,,,,,,,Jonathan Craig,,,Jonathan Craig,,,,,,,,Jonathan Craig,,,,,Jonathan Craig,,,,,,,,,,,,,,,,,,male,,,,1965-02-02,,Jonathan,,,,,,,,,,,,,,,,,,,,,,,,,,,,,,,,,,,,,,,,,,,,,,,,,,,,,,,,,,,,,,,,,,,,,,,,,,,,,,,,,,,,,,,,,,,,,,,,,,,,,,,,,,,,,,,,,,,,,,,,,,,,,,,,,,,,
Q6303346,,,,Judith Cochrane,,Judith Cochrane,Judith Cochrane,,,,,,,Judith Cochrane,,,Judith Cochrane,,,,,,,,Judith Cochrane,,,,,Judith Cochrane,,,,,,,,,,,,,,,,,,female,,,,1975-10-30,,Judith,,,,,,,,,,,,,,,,,,,,,,,,,,,,,,,,,,,,,,,,,,,,,,,,,,,,,,,,,,,,,,,,,,,,,,,,,,,,,,,,,,,,,,,,,,,,,,,,,,,,,,,,,,,,,,,,,,,,,,,,,,,,,,,,,,,,
Q6369878,,,,Karen McKevitt,,,Karen McKevitt,,,,,,,,,,,,,,,,,,Karen McKevitt,,,,,Karen McKevitt,,,,,,,,,,,,,,,,,https://upload.wikimedia.org/wikipedia/commons/c/ce/Karen_McKevitt.jpg,female,,,,1971-07-09,,Karen,,,,,,,,,,,,,,,,,,,,,,,,,,,,,,,,,,,,,,,,,,,,,,,,,,,,,,,,,,,,,,,,,,,,,,,,,,,,,,,,,,,,,,,,,,,,,,,,,,,,,,,,,,,,,,,,,,,,,,,,,,,,,,,,,,,,
Q6377307,,,,,,Kathy Stanton,Kathy Stanton,,,,,,,Kathy Stanton,,,Kathy Stanton,Kathy Stanton,,,Kathy Stanton,Kathy Stanton,Kathy Stanton,,Kathy Stanton,,,,,Kathy Stanton,,,,,,,,,,,,,,,,,,female,,,,,,Kathy,,,,,,,,,,,,,,,,,,,,,,,,,,,,,,,,,,,,,,,,,,,,,,,,,,,,,,,,,,,,,,,,,,,,,,,,,,,,,,,,,,,,,,,,,,,,,,,,,,,,,,,,,,,,,,,,,,,,,,,,,,,,,,,,,,,,
Q6388394,,,,Ken Robinson,,Ken Robinson,Ken Robinson,,,,,,,Ken Robinson,,,,,,,,,,,Ken Robinson,,,,,Ken Robinson (Northern Ireland politician),,,,,,,,,,,,,,,,,,male,,,,1942-01-01,,Ken,,,,,,,,,,,,,,,,,,,,,,,,,,,,,,,,,,,,,,,,,,,,,,,,,,,,,,,,,,,,,,,,,,,,,,,,,,,,,,,,,,,,,,,,,,,,,,,,,,,,,,,,,,,,,,,,,,,,,,,,,,,,,,,,,,,,
Q6405360,,,,Kieran Deeny,,Kieran Deeny,Kieran Deeny,,,,,,,Kieran Deeny,,,Kieran Deeny,,,,,,,,Kieran Deeny,,,,,Kieran Deeny,,,,,,,,,,,,,,,,,,male,,,,1954-10-12,,Kieran,,,,,,,,,,,,,,,,,,,,,,,,,,,,,,,,,,,,,,,,,,,,,,,,,,,,,,,,,,,,,,,,,,,,,,,,,,,,,,,,,,,,,,,,,,,,,,,,,,,,,,,,,,,,,,,,,,,,,,,,,,,,,,,,,,,,
Q6405417,,,,Kieran McCarthy,,Kieran McCarthy,Kieran McCarthy,,,,,,,Kieran McCarthy,,,Kieran McCarthy,Kieran McCarthy,,,Kieran McCarthy,Kieran McCarthy,Kieran McCarthy,,Kieran McCarthy,,,,,Kieran McCarthy,,,,,,,,,,,,,,,,,https://upload.wikimedia.org/wikipedia/commons/1/12/Kieran_McCarthy_MLA.jpg,male,,,,1942-09-09,,Kieran,,,,,,,,,,,,,,,,,,,,,,,,,,,,,,,,,,,,,,,,,,,,,,,,,,,,,,,,,,,,,,,,,,,,,,,,,,,,,,,,,,,,,,,,,,,,,,,,,,,,,,,,,,,,,,,,,,,,,,,,,,,,,,,,,,,,
Q6530733,,,,Leslie Cree,,,Leslie Cree,,,,Leslie Cree,,,Leslie Cree,,,Leslie Cree,,,,,,,,Leslie Cree,,,,,Leslie Cree,,,,,,,,,,,,,,,,,,male,,,,1941-07-15,,Leslie,,,,,,,,,,,,,,,,,,,,,,,,,,,,,,,,,,,,,,,,,,,,,,,,,,,,,,,,,,,,,,,,,,,,,,,,,,,,,,,,,,,,,,,,,,,,,,,,,,,,,,,,,,,,,,,,,,,,,,,,,,,,,,,,,,,,
Q6729407,,,,Maeve McLaughlin,,Maeve McLaughlin,Maeve McLaughlin,,,,Maeve McLaughlin,,,,,,,,,,,,,,Maeve McLaughlin,,,,,Maeve McLaughlin,,,,,,,,,,,,,,,,,,female,,,,1968-09-24,,Maeve,,,,,,,,,,,,,,,,,,,,,,,,,,,,,,,,,,,,,,,,,,,,,,,,,,,,,,,,,,,,,,,,,,,,,,,,,,,,,,,,,,,,,,,,,,,,,,,,,,,,,,,,,,,,,,,,,,,,,,,,,,,,,,,,,,,,
Q6763228,,,,Marietta Farrell,,,Marietta Farrell,,,,Marietta Farrell,,,Marietta Farrell,,,Marietta Farrell,,,,,,,,Marietta Farrell,,,,,Marietta Farrell,,,,,,,,,,,,,,,,,,female,,,,1951-10-26,,Marietta,,,,,,,,,,,,,,,,,,,,,,,,,,,,,,,,,,,,,,,,,,,,,,,,,,,,,,,,,,,,,,,,,,,,,,,,,,,,,,,,,,,,,,,,,,,,,,,,,,,,,,,,,,,,,,,,,,,,,,,,,,,,,,,,,,,,
Q6767859,,,,,,,Mark H. Durkan,,,,,,,,,,Mark H. Durkan,,,,,,,,Mark H. Durkan,,,,,Mark H. Durkan,,,,,,,,,,,,,,,,,,male,,,,1978-03-03,,Mark,,,,,,,,,,,,,,,,,,,,,,,,,,,,,,,,,,,,,,,,,,,,,,,,,,,,,,,,,,,,,,,,,,,,,,,,,,,,,,,,,,,,,,,,,,,,,,,,,,,,,,,,,,,,,,,,,,,,,,,,,,,,,,,,,,,,
Q6779108,,,,Mary Bradley,Мэри Брэдли,,Mary Bradley,,,,,,,Mary Bradley,,,Mary Bradley,,,,,,,,Mary Bradley,,,,,Mary Bradley,,,,,,,,,,,,,,,,,,female,,,,1942-05-10,,Mary,,,,,,,,,,,,,,,,,,,,,,,,,,,,,,,,,,,,,,,,,,,,,,,,,,,,,,,,,,,,,,,,,,,,,,,,,,,,,,,,,,,,,,,,,,,,,,,,,,,,,,,,,,,,,,,,,,,,,,,,,,,,,,,,,,,,
Q6780408,,,,Mary Nelis,,Mary Nelis,Mary Nelis,,,,,,,Mary Nelis,,,,,,,,,,,Mary Nelis,,,,,Mary Nelis,,,,,,,,,,,,,,,,,https://upload.wikimedia.org/wikipedia/commons/8/85/Mary_Nelis_2012.jpg,female,,,,1935-01-01,,Mary,,,,,,,,,,,,,,,,,,,,,,,,,,,,,,,,,,,,,,,,,,,,,,,,,,,,,,,,,,,,,,,,,,,,,,,,,,,,,,,,,,,,,,,,,,,,,,,,,,,,,,,,,,,,,,,,,,,,,,,,,,,,,,,,,,,,
Q6808653,,,,Megan Fearon,,,Megan Fearon,,,,Megan Fearon,,,Megan Fearon,,,Megan Fearon,,,,,,,,Megan Fearon,,,,,Megan Fearon,,,,,,,,,,,,,,,,,https://upload.wikimedia.org/wikipedia/commons/8/86/Megan_Fearon.jpg,female,,,,1991-07-29,,Megan,,,,,,,,,,,,,,,,,,,,,,,,,,,,,,,,,,,,,,,,,,,,,,,,,,,,,,,,,,,,,,,,,,,,,,,,,,,,,,,,,,,,,,,,,,,,,,,,,,,,,,,,,,,,,,,,,,,,,,,,,,,,,,,,,,,,
Q6820881,,,,Mervyn Carrick,,,Mervyn Carrick,,,,,,,Mervyn Carrick,,,Mervyn Carrick,,,,,,,,Mervyn Carrick,,,,,Mervyn Carrick,,,,,,,,,,,,,,,,,,male,,,,1946-02-13,,Mervyn,,,,,,,,,,,,,,,,,,,,,,,,,,,,,,,,,,,,,,,,,,,,,,,,,,,,,,,,,,,,,,,,,,,,,,,,,,,,,,,,,,,,,,,,,,,,,,,,,,,,,,,,,,,,,,,,,,,,,,,,,,,,,,,,,,,,
Q6820936,,,,Mervyn Storey,,Mervyn Storey,Mervyn Storey,,,,,,,Mervyn Storey,,,,,,,,,,,Mervyn Storey,,,,,Mervyn Storey,,,,,,,,,,,,,,,,,,male,,,,1964-09-04,,Mervyn,,,,,,,,,,,,,,,,,,,,,,,,,,,,,,,,,,,,,,,,,,,,,,,,,,,,,,,,,,,,,,,,,,,,,,,,,,,,,,,,,,,,,,,,,,,,,,,,,,,,,,,,,,,,,,,,,,,,,,,,,,,,,,,,,,,,
Q6829452,,,,Michael Copeland,Майкл Коуплэнд,,Michael Copeland,,,,Michael Copeland,,,Michael Copeland,,,Michael Copeland,,,,,,,,Michael Copeland,,,,,Michael Copeland,,,,,,,,,,,,,,,,,https://upload.wikimedia.org/wikipedia/commons/e/eb/MichaelCopelandMLA.jpg,male,,,,1954-06-23,,Michael,,,,,,,,,,,,,,,,,,,,,,,,,,,,,,,,,,,,,,,,,,,,,,,,,,,,,,,,,,,,,,,,,,,,,,,,,,,,,,,,,,,,,,,,,,,,,,,,,,,,,,,,,,,,,,,,,,,,,,,,,,,,,,,,,,,,
Q6829517,,,,Michael Coyle,,,Michael Coyle,,,,,,,Michael Coyle,,,Michael Coyle,,,,,,,,Michael Coyle,,,,,Michael Coyle (politician),,,,,,,,,,,,,,,,,,male,,,,1948-08-05,,Michael,,,,,,,,,,,,,,,,,,,,,,,,,,,,,,,,,,,,,,,,,,,,,,,,,,,,,,,,,,,,,,,,,,,,,,,,,,,,,,,,,,,,,,,,,,,,,,,,,,,,,,,,,,,,,,,,,,,,,,,,,,,,,,,,,,,,
Q6830268,,,,,Майкл Фергюсон,Michael Ferguson,Michael Ferguson,,,,,,,Michael Ferguson,,,,,,,,,,,Michael Ferguson,,,,,Michael Ferguson (Irish politician),,,,,,,,,,,,,,,,,,male,,,,,,Michael,,,,,,,,,,,,,,,,,,,,,,,,,,,,,,,,,,,,,,,,,,,,,,,,,,,,,,,,,,,,,,,,,,,,,,,,,,,,,,,,,,,,,,,,,2006-09-24,,,,,,,,,,,,,,,,,,,,,,,,,,,,,,,,,,,,,,,,,,,
Q6832692,,,,Michael McGimpsey,,Michael McGimpsey,Michael McGimpsey,,,,,,,Michael McGimpsey,,,,,,,,,,,Michael McGimpsey,,,,,Michael McGimpsey,,,,,,,,,,,,,,,,,https://upload.wikimedia.org/wikipedia/commons/c/c8/Michael_McGimpsey_UUP.png,male,,,,1948-06-01,,Michael,,,,,,,,,,,,,,,,,,,,,,,,,,,,,,,,,,,,,,,,,,,,,,,,,,,,,,,,,,,,,,,,,,,,,,,,,,,,,,,,,,,,,,,,,,,,,,,,,,,,,,,,,,,,,,,,,,,,,,,,,,,,,,,,,,,,
Q6835582,,,,Michaela Boyle,,,Michaela Boyle,,,,,,,Michaela Boyle,,,Michaela Boyle,,,,,,,,Michaela Boyle,,,,,Michaela Boyle,,,,,,,,,,,,,,,,,,female,,,,1966-09-29,,Michaela,,,,,,,,,,,,,,,,,,,,,,,,,,,,,,,,,,,,,,,,,,,,,,,,,,,,,,,,,,,,,,,,,,,,,,,,,,,,,,,,,,,,,,,,,,,,,,,,,,,,,,,,,,,,,,,,,,,,,,,,,,,,,,,,,,,,
Q6837153,,,,Michelle McIlveen,,Michelle McIlveen,Michelle McIlveen,,,,Michelle McIlveen,,,Michelle McIlveen,,,,,,,,,,,Michelle McIlveen,,,,,Michelle McIlveen,,,,,,,,,,,,,,,,,https://upload.wikimedia.org/wikipedia/commons/1/1e/Michelle_McIlveen_DUP.jpg,female,,,,1971-01-21,,Michelle,,,,,,,,,,,,,,,,,,,,,,,,,,,,,,,,,,,,,,,,,,,,,,,,,,,,,,,,,,,,,,,,,,,,,,,,,,,,,,,,,,,,,,,,,,,,,,,,,,,,,,,,,,,,,,,,,,,,,,,,,,,,,,,,,,,,
Q6837191,,,,Michelle O'Neill,Мишель О'Нилл,,Michelle O'Neill,,,,,,,Michelle O'Neill,,,,,,,,,,,Michelle O'Neill,,,,,Michelle O'Neill,,,,,,,,,,,,,,,,,https://upload.wikimedia.org/wikipedia/commons/9/9b/MichelleOneill.jpg,female,,,,1977-01-10,,Michelle,,,,,,,,,,,,,,,,,,,,,,,,,,,,,,,,,,,,,,,,,,,,,,,,,,,,,,,,,,,,,,,,,,,,,,,,,,,,,,,,,,,,,,,,,,,,,,,,,,,,,,,,,,,,,,,,,,,,,,,,,,,,,,,,,,,,
Q6838584,,,,Mickey Brady,,,Mickey Brady,,,,,,,Mickey Brady,,,Mickey Brady,,,,,,,,Mickey Brady,,,,,Mickey Brady,,,,,,,,,,,,,,,,,https://upload.wikimedia.org/wikipedia/commons/6/65/MickeyBrady.jpg,male,,,,1950-10-07,,Mickey,,,,,,,,,,,,,,,,,,,,,,,,,,,,,,,,,,,,,,,,,,,,,,,,,,,,,,,,,,,,,,,,,,,,,,,commons/mickey-brady/4373,,,,,,,,,,,,,,,,,,,,,,,,,,,,,,,,,,,,,,,,,,,,,,,,,,,,,,,,,,,,,4373
Q6848174,麦克·内斯比特,,,Mike Nesbitt,,Mike Nesbitt,Mike Nesbitt,,,,,,,Mike Nesbitt,,,,Mike Nesbitt,,,Mike Nesbitt,Mike Nesbitt,Mike Nesbitt,,Mike Nesbitt,,,,Mike Nesbitt,Mike Nesbitt,,,,Mike Nesbitt,,,,,,,,,,,,麦克·内斯比特,,male,,,,1957-05-11,,Mike,,,,,,,,,,,,,,,,,,,,,,,,,,,,,,,,,,,,,,,,,,,,,,,,,,,,,,,,,,,,,,,,,,,,,,,,,,,,,,,,,,,,,,,,,,,,,,,,,,,,,,,,,,,,,,,,,,,,,,,,,,,,,,,,,,,,
Q6881061,,,,Mitchel McLaughlin,,Mitchel McLaughlin,Mitchel McLaughlin,,,,Mitchel McLaughlin,,,Mitchel McLaughlin,,,,,,,,,,,Mitchel McLaughlin,,,,,Mitchel McLaughlin,,,,,,,,,,,,,,,,,,male,,,,1945-10-29,,,,,,,,,,,,,,,,,,,,,,,,,,,,,,,,,,,,,,,,,,,,,,,,,,,,,,,,,,,,,,,,,,,,,,,,,,,,,,,,,,,,,,,,,,,,,,,,,,,,,,,,,,,,,,,,,,,,,,,,,,,,,,,,,,,,,,
Q6900013,,,,Monica McWilliams,,Monica McWilliams,Monica McWilliams,,,,,,,Monica McWilliams,,,,,,,,,,,Monica McWilliams,,,,,Monica McWilliams,,,,,,,,,,,,,,,,,,female,9074387,,,1954-04-28,,Monica,,,,,,,,,,,,,,,,,,,,,,,,,,,,,,,,,,,,,,,,,0000 0001 1741 7871,,,,,,,,,,,,,,,,,,,,,,,,,,,,,,,,,,,,,,,,,,,,,,,,,,,,,,,,,,,,,,,,,,,,,,,,,,,,,,,,,,,,,,,,,,,
Q6990642,,,,Nelson McCausland,,Nelson McCausland,Nelson McCausland,,,,Nelson McCausland,,,Nelson McCausland,,,,,,,,,,,Nelson McCausland,,,,,Nelson McCausland,,,,,,,,,,,,,,,,,,male,16714124,,,1951-08-15,,Nelson,,,,,,,,,,,,,,,,,,,,,,,,,,,,,,,,,,,,,,,,,,,,,,,,,,,,,,,,,,,,,,,,,,,,,,,,,,,,,,,,,,,,,,,,,,,,,,,,,,,,,,,,,,,,,,,,,,,,,,,,,,,,,,,,,,,,
Q7050198,,,,Norah Beare,,Norah Beare,Norah Beare,,,,Norah Beare,,,Norah Beare,,,Norah Beare,,,,,,,,Norah Beare,,,,,Norah Beare,,,,,,,,,,,,,,,,,,female,,,,1946-05-25,,Norah,,,,,,,,,,,,,,,,,,,,,,,,,,,,,,,,,,,,,,,,,,,,,,,,,,,,,,,,,,,,,,,,,,,,,,,,,,,,,,,,,,,,,,,,,,,,,,,,,,,,,,,,,,,,,,,,,,,,,,,,,,,,,,,,,,,,
Q7051992,,,,Norman Boyd,,,Norman Boyd,,,,,,,Norman Boyd,,,Norman Boyd,,,,,,,,Norman Boyd,,,,,Norman Boyd,,,,,,,,,,,,,,,,,,male,63518824,,,1961-10-16,,Norman,,,,,,,,,,,,,,,,,,,,,,,,,,,,,,,,,,,,,,,,,,,,,,,,,,,,,,,,,,,,,,,,,,,,,,,,,,,,,,,,,,,,,,,,,,,,,,,,,,,,,,,,,,,,,,,,,,,,,,,,,,,,,,,,,,,,
Q7087558,,,,Oliver Gibson,,Oliver Gibson,Oliver Gibson,,,,Oliver Gibson,,,Oliver Gibson,,,Oliver Gibson,Oliver Gibson,,,Oliver Gibson,Oliver Gibson,Oliver Gibson,,Oliver Gibson,,,,,Oliver Gibson,,,,,,,,,,,,,,,,,,male,,,,1934-06-28,,Oliver,,,,,,,,,,,,,,,,,,,,,,,,,,,,,,,,,,,,,,,,,,,,,,,,,,,,,,,,,,,,,,,,,,,,,,,,,,,,,,,,,,,,,,,,,,,,,,,,,,,,,,,,,,,,,,,,,,,,,,,,,,,,,,,,,,,,
Q7087696,,,,Oliver McMullan,,,Oliver McMullan,,,,Oliver McMullan,,,Oliver McMullan,,,,,,,,,,,Oliver McMullan,,,,,Oliver McMullan,,,,,,,,,,,,,,,,,,male,,,,1952-03-22,,Oliver,,,,,,,,,,,,,,,,,,,,,,,,,,,,,,,,,,,,,,,,,,,,,,,,,,,,,,,,,,,,,,,,,,,,,,,,,,,,,,,,,,,,,,,,,,,,,,,,,,,,,,,,,,,,,,,,,,,,,,,,,,,,,,,,,,,,
Q7128949,,,,Pam Lewis,Пэм Льюис,,Pam Lewis,,,,,,,Pam Lewis,,,,,,,,,,,Pam Lewis,,,,,Pam Lewis,,,,,,,,,,,,,,,,,https://upload.wikimedia.org/wikipedia/commons/b/b0/PamLewis.jpg,female,,,,1971-12-30,,Pam,,,,,,,,,,,,,,,,,,,,,,,,,,,,,,,,,,,,,,,,,,,,,,,,,,,,,,,,,,,,,,,,,,,,,,,,,,,,,,,,,,,,,,,,,,,,,,,,,,,,,,,,,,,,,,,,,,,,,,,,,,,,,,,,,,,,
Q7143777,,,,Pat McNamee,,,Pat McNamee,,,,Pat McNamee,,,Pat McNamee,,,,,,,,,,,Pat McNamee,,,,,Pat McNamee,,,,,,,,,,,,,,,,,,male,,,,1957-02-12,,Pat,,,,,,,,,,,,,,,,,,,,,,,,,,,,,,,,,,,,,,,,,,,,,,,,,,,,,,,,,,,,,,,,,,,,,,,,,,,,,,,,,,,,,,,,,,,,,,,,,,,,,,,,,,,,,,,,,,,,,,,,,,,,,,,,,,,,
Q7143875,,,,,,,Pat O'Rawe,,,,,,,Pat O'Rawe,,,,,,,,,,,Pat O'Rawe,,,,,Pat O'Rawe,,,,,,,,,,,,,,,,,,female,,,,,,Pat,,,,,,,,,,,,,,,,,,,,,,,,,,,,,,,,,,,,,,,,,,,,,,,,,,,,,,,,,,,,,,,,,,,,,,,,,,,,,,,,,,,,,,,,,,,,,,,,,,,,,,,,,,,,,,,,,,,,,,,,,,,,,,,,,,,,
Q7143946,,,,Pat Ramsey,,,Pat Ramsey,,,,,,,Pat Ramsey,,,,,,,,,,,Pat Ramsey,,,,,Pat Ramsey,,,,,,,,,,,,,,,,,,male,,,,1958-11-04,,Pat,,,,,,,,,,,,,,,,,,,,,,,,,,,,,,,,,,,,,,,,,,,,,,,,,,,,,,,,,,,,,,,,,,,,,,,,,,,,,,,,,,,,,,,,,,,,,,,,,,,,,,,,,,,,,,,,,,,,,,,,,,,,,,,,,,,,
Q7145695,,,,Patricia Lewsley,,Patricia Lewsley,Patricia Lewsley,,,,,,,Patricia Lewsley,,,,,,,,,,,Patricia Lewsley,,,,,Patricia Lewsley,,,,,,,,,,,,,,,,,,female,,,,1957-03-03,,Patricia,,,,,,,,,,,,,,,,,,,,,,,,,,,,,,,,,,,,,,,,,,,,,,,,,,,,,,,,,,,,,,,,,,,,,,,,,,,,,,,,,,,,,,,,,,,,,,,,,,,,,,,,,,,,,,,,,,,,,,,,,,,,,,,,,,,,
Q7147555,,,,Patrick Roche,,Patrick Roche,Patrick Roche,,,,,,,Patrick Roche,,,,,,,,,,,Patrick Roche,,,,,Patrick Roche (politician),,,,,,,,,,,,,,,,,,male,113475827,,,1940-01-01,,Patrick,,,,,,,,,,,,,,,,,,,,,,,,,,,,,,,,,,,,,,,,,,137445348,059523824,,,,,,,,,,,,,,,,,,,,,,,,,,,,,,,,,,,,,,,,,,,,,,,,,,,,,,,,,,,,,,,,,,,,,,,,,,,,,,,,,,,,,,,,,
Q7148268,,,,,,,Patsy McGlone,,,,,,,Patsy McGlone,,,,,,,,,,,Patsy McGlone,,,,,Patsy McGlone,,,,,,,,,,,,,,,,,,male,,,,,,Patsy,,,,,,,,,,,,,,,,,,,,,,,,,,,,,,,,,,,,,,,,,,,,,,,,,,,,,,,,,,,,,,,,,,,,,,,,,,,,,,,,,,,,,,,,,,,,,,,,,,,,,,,,,,,,,,,,,,,,,,,,,,,,,,,,,,,,
Q7149639,,,,,,Paul Butler,Paul Butler,,,,,,,Paul Butler,,,Paul Butler,Paul Butler,,,Paul Butler,Paul Butler,Paul Butler,,Paul Butler,,,,,Paul Butler (politician),,,,,,,,,,,,,,,,,,male,,,,,,Paul,,,,,,,,,,,,,,,,,,,,,,,,,,,,,,,,,,,,,,,,,,,,,,,,,,,,,,,,,,,,,,,,,,,,,,,,,,,,,,,,,,,,,,,,,,,,,,,,,,,,,,,,,,,,,,,,,,,,,,,,,,,,,,,,,,,,
Q7150909,,,,Paul Girvan,,,Paul Girvan,,,,Paul Girvan,,,Paul Girvan,,,Paul Girvan,,,,,,,,Paul Girvan,,,,,Paul Girvan,,,,,,,,,,,,,,,,,,male,,,,1963-07-06,,Paul,,,,,,,,,,,,,,,,,,,,,,,,,,,,,,,,,,,,,,,,,,,,,,,,,,,,,,,,,,,,,,,,,,,,,,,,,,,,,,,,,,,,,,,,,,,,,,,,,,,,,,,,,,,,,,,,,,,,,,,,,,,,,,,,,,,,
Q7150914,,,,Paul Givan,,Paul Givan,Paul Givan,,,,Paul Givan,,,Paul Givan,,,Paul Givan,,,,,,,,Paul Givan,,,,,Paul Givan,,,,,,,,,,,,,,,,,,male,,,,1981-10-12,,Paul,,,,,,,,,,,,,,,,,,,,,,,,,,,,,,,,,,,,,,,,,,,,,,,,,,,,,,,,,,,,,,,,,,,,,,,,,,,,,,,,,,,,,,,,,,,,,,,,,,,,,,,,,,,,,,,,,,,,,,,,,,,,,,,,,,,,
Q7154645,,,,Paula Bradley,,,Paula Bradley,,,,,,,Paula Bradley,,,Paula Bradley,,,,,,,,Paula Bradley,,,,,Paula Bradley,,,,,,,,,,,,,,,,,,female,,,,1969-06-23,,Paula,,,,,,,,,,,,,,,,,,,,,,,,,,,,,,,,,,,,,,,,,,,,,,,,,,,,,,,,,,,,,,,,,,,,,,,,,,,,,,,,,,,,,,,,,,,,,,,,,,,,,,,,,,,,,,,,,,,,,,,,,,,,,,,,,,,,
Q7154975,,,,Pauline Armitage,,,Pauline Armitage,,,,Pauline Armitage,,,Pauline Armitage,,,Pauline Armitage,,,,,,,,Pauline Armitage,,,,,Pauline Armitage,,,,,,,,,,,,,,,,,,female,,,,,,Pauline,,,,,,,,,,,,,,,,,,,,,,,,,,,,,,,,,,,,,,,,,,,,,,,,,,,,,,,,,,,,,,,,,,,,,,,,,,,,,,,,,,,,,,,,,,,,,,,,,,,,,,,,,,,,,,,,,,,,,,,,,,,,,,,,,,,,
Q7177640,,,,Peter Weir,Питер Уир,Peter Weir,Peter Weir,,,,,,,Peter Weir,,,Peter Weir,,,,,,,,Peter Weir,,,,,Peter Weir (politician),,,,,,,,,,,,,,,,,https://upload.wikimedia.org/wikipedia/commons/6/66/Peter_Weir_MLA.jpg,male,,,,1968-11-21,,Peter,,,,,,,,,,,,,,,,,,,,,,,,,,,,,,,,,,,,,,,,,,,,,,,,,,,,,,,,,,,,,,,,,,,,,,,,,,,,,,,,,,,,,,,,,,,,,,,,,,,,,,,,,,,,,,,,,,,,,,,,,,,,,,,,,,,,
Q7181885,,,,Phil Flanagan,,,Phil Flanagan,,,,Phil Flanagan,,,Phil Flanagan,,,Phil Flanagan,,,,,,,,Phil Flanagan,,,,,Phil Flanagan,,,,,,,,,,,,,,,,,,male,,,,1984-07-16,,Phil,,,,,,,,,,,,,,,,,,,,,,,,,,,,,,,,,,,,,,,,,,,,,,,,,,,,,,,,,,,,,,,,,,,,,,,,,,,,,,,,,,,,,,,,,,,,,,,,,,,,,,,,,,,,,,,,,,,,,,,,,,,,,,,,,,,,
Q7184061,,,,Philip McGuigan,,,Philip McGuigan,,,,Philip McGuigan,,,Philip McGuigan,,,,,,,,,,,Philip McGuigan,,,,,Philip McGuigan,,,,,,,,,,,,,,,,,,male,,,,1973-01-01,,Philip,,,,,,,,,,,,,,,,,,,,,,,,,,,,,,,,,,,,,,,,,,,,,,,,,,,,,,,,,,,,,,,,,,,,,,,,,,,,,,,,,,,,,,,,,,,,,,,,,,,,,,,,,,,,,,,,,,,,,,,,,,,,,,,,,,,,
Q7264774,,,,,,,Pól Callaghan,,,,,,,Pól Callaghan,,,Pól Callaghan,,,,,,,,Pól Callaghan,,,,,Pól Callaghan,,,,,,,,,,,,,,,,,,male,,,,,,Pól,,,,,,,,,,,,,,,,,,,,,,,,,,,,,,,,,,,,,,,,,,,,,,,,,,,,,,,,,,,,,,,,,,,,,,,,,,,,,,,,,,,,,,,,,,,,,,,,,,,,,,,,,,,,,,,,,,,,,,,,,,,,,,,,,,,,
Q7343139,,,,Robert Coulter,,Robert Coulter,Robert Coulter,,,,Robert Coulter,,,Robert Coulter,,,Robert Coulter,,,,,,,,Robert Coulter,,,,,Robert Coulter,,,,,,,,,,,,,,,,,,male,,,,1929-01-01,,Robert,,,,,,,,,,,,,,,,,,,,,,,,,,,,,,,,,,,,,,,,,,,,,,,,,,,,,,,,,,,,,,,,,,,,,,,,,,,,,,,,,,,,,,,,,,,,,,,,,,,,,,,,,,,,,,,,,,,,,,,,,,,,,,,,,,,,
Q7347473,,,Robert McCartney,Robert McCartney,,Robert McCartney,Robert McCartney,,,,,,,Robert McCartney,,,Robert McCartney,,,,,,,,Robert McCartney,,,,,Robert McCartney (Northern Irish politician),,Robert McCartney,,,,,,,,,,,,,,,,male,,,,1936-04-24,,Robert,,,,,,,,,,,,,,,,,,,,,,,,,,,,,,,,,,,,,,,,,,,,,,,,,,,,,,,,,,,,,,,,,,,,,,,,,,,,,,,,,,,,,,,,,,,,,,,,,,,,,,,,,,,,,,,,,,,,,,,,,,,,,,,,,,,,
Q7352684,,,,Robin Newton,,Robin Newton,Robin Newton,,,,,,,Robin Newton,,,,,,,,,,,Robin Newton,,,,,Robin Newton,,,,,,,,,,,,,,,,,,male,,,,1945-12-21,,Robin,,,,,,,,,,,,,,,,,,,,,,,,,,,,,,,,,,,,,,,,,,,,,,,,,,,,,,,,,,,,,,,,,,,,,,,,,,,,,,,,,,,,,,,,,,,,,,,,,,,,,,,,,,,,,,,,,,,,,,,,,,,,,,,,,,,,
Q7352813,,,,Robin Swann,,,Robin Swann,,,,,,,Robin Swann,,,,,,,,,,,Robin Swann,,,,,Robin Swann,,,,,,,,,,,,,,,,,,male,,,,1971-09-24,,Robin,,,,,,,,,,,,,,,,,,,,,,,,,,,,,,,,,,,,,,,,,,,,,,,,,,,,,,,,,,,,,,,,,,,,,,,,,,,,,,,,,,,,,,,,,,,,,,,,,,,,,,,,,,,,,,,,,,,,,,,,,,,,,,,,,,,,
Q7358372,,,,Roger Hutchinson,,,Roger Hutchinson,,,,Roger Hutchinson,,,Roger Hutchinson,,,,,,,,,,,Roger Hutchinson,,,,,Roger Hutchinson,,,,,,,,,,,,,,,,,,male,,,,1952-06-28,,Roger,,,,,,,,,,,,,,,,,,,,,,,,,,,,,,,,,,,,,,,,,,,,,,,,,,,,,,,,,,,,,,,,,,,,,,,,,,,,,,,,,,,,,,,,,,,,,,,,,,,,,,,,,,,,,,,,,,,,,,,,,,,,,,,,,,,,
Q7368901,,,,Rosie McCorley,,,Rosie McCorley,,,,,,,Rosie McCorley,,,,,,,,,,,Rosie McCorley,,,,,Rosie McCorley,,,,,,,,,,,,,,,,,,female,,,,1957-01-14,,Rosie,,,,,,,,,,,,,,,,,,,,,,,,,,,,,,,,,,,,,,,,,,,,,,,,,,,,,,,,,,,,,,,,,,,,,,,,,,,,,,,,,,,,,,,,,,,,,,,,,,,,,,,,,,,,,,,,,,,,,,,,,,,,,,,,,,,,
Q7369415,,,,Ross Hussey,,,Ross Hussey,,,,,,,Ross Hussey,,,,,,,,,,,Ross Hussey,,,,,Ross Hussey,,,,,,,,,,,,,,,,,,male,,,,1959-02-25,,Ross,,,,,,,,,,,,,,,,,,,,,,,,,,,,,,,,,,,,,,,,,,,,,,,,,,,,,,,,,,,,,,,,,,,,,,,,,,,,,,,,,,,,,,,,,,,,,,,,,,,,,,,,,,,,,,,,,,,,,,,,,,,,,,,,,,,,
Q7372562,,,,,,"Roy Beggs, Jr.","Roy Beggs, Jr.",,,,,,,,,,"Roy Beggs, Jr.",,,,,,,,"Roy Beggs, Jr.",,,,,"Roy Beggs, Jr.",,,,,,,,,,,,,,,,,,male,,,,1962-07-03,,Roy,,,,,,,,,,,,,,,,,,,,,,,,,,,,,,,,,,,,,,,,,,,,,,,,,,,,,,,,,,,,,,,,,,,,,,,,,,,,,,,,,,,,,,,,,,,,,,,,,,,,,,,,,,,,,,,,,,,,,,,,,,,,,,,,,,,,
Q7407480,,,,Sam Foster,,,Sam Foster,,,,,,,Sam Foster,,,Sam Foster,,,,,,,,Sam Foster,,,,,Sam Foster (politician),,,,,,,,,,,,,,,,,,male,,,,1931-12-07,,Sam,,,,,,,,,,,,,,,,,,,,,,,,,,,,,,,,,,,,,,,,,,,,,,,,,,,,,,,,,,,,,,,,,,,,,,,,,,,,,,,,,,,,,,,,,2014-08-19,,,,,,,,,,,,,,,,,,,,,,,,,,,,,,,,,,,,,,,,,,,
Q7407495,,,,Sam Gardiner,,,Sam Gardiner,,,,Sam Gardiner,,,Sam Gardiner,,,Sam Gardiner,,,,,,,,Sam Gardiner,,,,,Sam Gardiner,,,,,,,,,,,,,,,,,https://upload.wikimedia.org/wikipedia/commons/a/ab/Sam_Gardiner.jpg,male,,,,1940-03-24,,Sam,,,,,,,,,,,,,,,,,,,,,,,,,,,,,,,,,,,,,,,,,,,,,,,,,,,,,,,,,,,,,,,,,,,,,,,,,,,,,,,,,,,,,,,,,,,,,,,,,,,,,,,,,,,,,,,,,,,,,,,,,,,,,,,,,,,,
Q7409740,,,,Sammy Douglas,,,Sammy Douglas,,,,,,,Sammy Douglas,,,Sammy Douglas,,,,,,,,Sammy Douglas,,,,,Sammy Douglas,,,,,,,,,,,,,,,,,https://upload.wikimedia.org/wikipedia/commons/0/0e/SammyDouglas.jpg,male,,,,1953-02-22,,Sammy,,,,,,,,,,,,,,,,,,,,,,,,,,,,,,,,,,,,,,,,,,,,,,,,,,,,,,,,,,,,,,,,,,,,,,,,,,,,,,,,,,,,,,,,,,,,,,,,,,,,,,,,,,,,,,,,,,,,,,,,,,,,,,,,,,,,
Q7416726,,,,Sandra Overend,,Sandra Overend,Sandra Overend,,,,Sandra Overend,,,Sandra Overend,,,,,,,,,,,Sandra Overend,,,,,Sandra Overend,,,,,,,,,,,,,,,,,,female,,,,1973-05-11,,Sandra,,,,,,,,,,,,,,,,,,,,,,,,,,,,,,,,,,,,,,,,,,,,,,,,,,,,,,,,,,,,,,,,,,,,,,,,,,,,,,,,,,,,,,,,,,,,,,,,,,,,,,,,,,,,,,,,,,,,,,,,,,,,,,,,,,,,
Q7440740,,,,Seamus Close,,Seamus Close,Seamus Close,,,,Seamus Close,,,Seamus Close,,,Seamus Close,,,,,,,,Seamus Close,,,,,Seamus Close,,,,,,,,,,,,,,,,,,male,,,,1947-08-12,,Seamus,,,,,,,,,,,,,,,,,,,,,,,,,,,,,,,,,,,,,,,,,,,,,,,,,,,,,,,,,,,,,,,,,,,,,,,,,,,,,,,,,,,,,,,,,,,,,,,,,,,,,,,,,,,,,,,,,,,,,,,,,,,,,,,,,,,,
Q7440987,,,,Sean Farren,,Sean Farren,Sean Farren,,,,Sean Farren,,,Sean Farren,,,Sean Farren,,,,,,,,Sean Farren,,,,,Sean Farren,,,,,,,,,,,,,,,,,,male,,,,1939-09-06,,Sean,,,,,,,,,,,,,,,,,,,,,,,,,,,,,,,,,,,,,,,,,,,,,,,,,,,,,,,,,,,,,,,,,,,,,,,,,,,,,,,,,,,,,,,,,,,,,,,,,,,,,,,,,,,,,,,,,,,,,,,,,,,,,,,,,,,,
Q7441173,,,,Sean Lynch,Шон Линч,,Sean Lynch,,,,,,,Sean Lynch,,,,,,,,,,,Sean Lynch,,,,,Sean Lynch (politician),,,,,,,,,,,,,,,,,,male,,,,1954-01-11,,Sean,,,,,,,,,,,,,,,,,,,,,,,,,,,,,,,,,,,,,,,,,,,,,,,,,,,,,,,,,,,,,,,,,,,,,,,,,,,,,,,,,,,,,,,,,,,,,,,,,,,,,,,,,,,,,,,,,,,,,,,,,,,,,,,,,,,,
Q7459580,,,,,,Seán Neeson,Seán Neeson,,,,,,,Seán Neeson,,,,,,,,,,,Seán Neeson,,,,,Seán Neeson,,,,,,,,,,,,,,,,,,male,,,,1946-02-09,,Seán,,,,,,,,,,,,,,,,,,,,,,,,,,,,,,,,,,,,,,,,,,,,,,,,,,,,,,,,,,,,,,,,,,,,,,,,,,,,,,,,,,,,,,,,,,,,,,,,,,,,,,,,,,,,,,,,,,,,,,,,,,,,,,,,,,,,
Q7459599,,,,Seán Rogers,,,Seán Rogers,,,,,,,Seán Rogers,,,,,,,,,,,Seán Rogers,,,,,Seán Rogers,,,,,,,,,,,,,,,,,,male,,,,1953-01-01,,Seán,,,,,,,,,,,,,,,,,,,,,,,,,,,,,,,,,,,,,,,,,,,,,,,,,,,,,,,,,,,,,,,,,,,,,,,,,,,,,,,,,,,,,,,,,,,,,,,,,,,,,,,,,,,,,,,,,,,,,,,,,,,,,,,,,,,,
Q7518906,,,,Simon Hamilton,,Simon Hamilton,Simon Hamilton,,,,Simon Hamilton,,,Simon Hamilton,,,Simon Hamilton,,,,,,,,Simon Hamilton,,,,,Simon Hamilton,,,,,,,,,,,,,,,,,,male,,,,1977-03-17,,Simon,,,,,,,,,,,,,,,,,,,,,,,,,,,,,,,,,,,,,,,,,,,,,,,,,,,,,,,,,,,,,,,,,,,,,,,,,,,,,,,,,,,,,,,,,,,,,,,,,,,,,,,,,,,,,,,,,,,,,,,,,,,,,,,,,,,,
Q7521093,,,,Simpson Gibson,,,Simpson Gibson,,,,Simpson Gibson,,,Simpson Gibson,,,Simpson Gibson,,,,,,,,Simpson Gibson,,,,,Simpson Gibson,,,,,,,,,,,,,,,,,,male,,,,1945-01-01,,,,,,,,,,,,,,,,,,,,,,,,,,,,,,,,,,,,,,,,,,,,,,,,,,,,,,,,,,,,,,,,,,,,,,,,,,,,,,,,,,,,,,,,,,,,,,,,,,,,,,,,,,,,,,,,,,,,,,,,,,,,,,,,,,,,,,
Q7609180,,,,Stephen Farry,,Stephen Farry,Stephen Farry,,,,,,,Stephen Farry,,,Stephen Farry,Stephen Farry,,,Stephen Farry,Stephen Farry,Stephen Farry,,Stephen Farry,,,,,Stephen Farry,,,,,,,,,,,,,,,,,https://upload.wikimedia.org/wikipedia/commons/6/61/StephenFarry.jpg,male,,,,1971-04-22,,Stephen,,,,,,,,,,,,,,,,,,,,,,,,,,,,Category:Stephen Farry,,,,,,,,,,,,,,,,,,,,,,,,,,,,,,,,,,,,,,,,,,,,,,,,,,,,,,,,,,,,,,,,,,,,,,,,,,,,,,,,,,,,,,,,,,,,,,,,,,,,,,,,
Q7610048,,,,Stephen Moutray,,,Stephen Moutray,,,,,,,Stephen Moutray,,,,,,,,,,,Stephen Moutray,,,,,Stephen Moutray,,,,,,,,,,,,,,,,,,male,,,,1959-02-25,,Stephen,,,,,,,,,,,,,,,,,,,,,,,,,,,,Category:Stephen Moutray,,,,,,,,,,,,,,,,,,,,,,,,,,,,,,,,,,,,,,,,,,,,,,,,,,,,,,,,,,,,,,,,,,,,,,,,,,,,,,,,,,,,,,,,,,,,,,,,,,,,,,,,
Q7614439,,,,Steven Agnew,,Steven Agnew,Steven Agnew,,,,,,,,,,Steven Agnew,,,,,,,,Steven Agnew,,,,,Steven Agnew,,,,Steven Agnew,,,,,,,,,,,,,,male,,,,1979-10-12,,Steven,,,,,,,,,,,,,,,,,,,,,,,,,,,,,,,,,,,,,,,,,,,,,,,,,,,,,,,,,,,,,,,,,,,,,,,,,,,,,,,,,,,,,,,,,,,,,,,,,,,,,,,,,,,,,,,,,,,,,,,,,,,,,,,,,,,,
Q7615771,,,,Stewart Dickson,,,Stewart Dickson,,,,,,,Stewart Dickson,,,Stewart Dickson,,,,,,,,Stewart Dickson,,,,,Stewart Dickson,,,,,,,,,,,,,,,,,,male,,,,1950-12-08,,Stewart,,,,,,,,,,,,,,,,,,,,,,,,,,,,,,,,,,,,,,,,,,,,,,,,,,,,,,,,,,,,,,,,,,,,,,,,,,,,,,,,,,,,,,,,,,,,,,,,,,,,,,,,,,,,,,,,,,,,,,,,,,,,,,,,,,,,
Q7634245,,,,Sue Ramsey,,,Sue Ramsey,,,,,,,Sue Ramsey,,,,,,,,,,,Sue Ramsey,,,,,Sue Ramsey,,,,,,,,,,,,,,,,,,female,,,,1970-08-06,,Sue,,,,,,,,,,,,,,,,,,,,,,,,,,,,,,,,,,,,,,,,,,,,,,,,,,,,,,,,,,,,,,,,,,,,,,,,,,,,,,,,,,,,,,,,,,,,,,,,,,,,,,,,,,,,,,,,,,,,,,,,,,,,,,,,,,,,
Q7659820,,,,Sydney Anderson,,,Sydney Anderson,,,,,,,Sydney Anderson,,,Sydney Anderson,,,,,,,,Sydney Anderson,,,,,Sydney Anderson (British politician),,,,,,,,,,,,,,,,,https://upload.wikimedia.org/wikipedia/commons/7/72/Sydneyanderson.jpg,male,,,,1949-04-23,,Sydney,,,,,,,,,,,,,,,,,,,,,,,,,,,,Category:Sydney Anderson,,,,,,,,,,,,,,,,,,,,,,,,,,,,,,,,,,,,,,,,,,,,,,,,,,,,,,,,,,,,,,,,,,,,,,,,,,,,,,,,,,,,,,,,,,,,,,,,,,,,,,,,
Q7787999,,,,Thomas Buchanan,,,Thomas Buchanan,,,,,,,Thomas Buchanan,,,Thomas Buchanan,,,,,,,,Thomas Buchanan,,,,,Thomas Buchanan (Unionist politician),,,,,,,,,,,,,,,,,,male,,,,1963-06-30,,Thomas,,,,,,,,,,,,,,,,,,,,,,,,,,,,,,,,,,,,,,,,,,,,,,,,,,,,,,,,,,,,,,,,,,,,,,,,,,,,,,,,,,,,,,,,,,,,,,,,,,,,,,,,,,,,,,,,,,,,,,,,,,,,,,,,,,,,
Q7788069,,,,Thomas Burns,,,Thomas Burns,,,,,,,Thomas Burns,,,Thomas Burns,,,,,,,,Thomas Burns,,,,,Thomas Burns (politician),,,,,,,,,,,,,,,,,,male,,,,1960-08-29,,Thomas,,,,,,,,,,,,,,,,,,,,,,,,,,,,,,,,,,,,,,,,,,,,,,,,,,,,,,,,,,,,,,,,,,,,,,,,,,,,,,,,,,,,,,,,,,,,,,,,,,,,,,,,,,,,,,,,,,,,,,,,,,,,,,,,,,,,
Q7814943,,,,Tom Benson,Том Бенсон,Tom Benson,Tom Benson,,,,,,,Tom Benson,,,,,,,,,,,Tom Benson,,,,,Tom Benson (politician),,,,,,,,,,,,,,,,,,male,68433764,,,1929-08-26,,Tom,,,,,,,,,,,,,,,,,,,,,,,,,,,,,,,,,,,,,,,,,,,,,,,,,,,,,,,,,,,,,,,,,,,,,,,,,,,,,,,,,,,,,,,,,2000-12-24,,,,,,,,,,,,,,,,,,,Tom Benson,Tom Benson,,,,,,,,,,,Tom Benson,,,,,,,Tom Benson,,,,,
Q7815715,,,,Tom Elliott,Том Эллиотт,Tom Elliott,Tom Elliott,,,,Tom Elliott,,,Tom Elliott,,,Tom Elliott,Tom Elliott,,,Tom Elliott,Tom Elliott,Tom Elliott,,Tom Elliott,,,,,Tom Elliott (politician),,,,,,,,,,,,,,,,,,male,,,,1963-12-11,,Tom,,,,,,,,,,,,,,,,تام الیوت,,,,,,,,,,,,,,,,,,,,,,,,,,,,,,,,,,,,,,,,,,,,,,,,,,,,,,,commons/tom-elliott/4367,,,,,,,,,,,,,,,,,,,,,,,,,,,,,,,,,,,,,,,,,,,,,,,,,,,,,,,,,,,,,4367
Q7817099,,,,,,,Tom O'Reilly,,,,,,,Tom O'Reilly,,,,,,,,,,,Tom O'Reilly,,,,,Tom O'Reilly (Fermanagh politician),,,,,,,,,,,,,,,,,,male,,,,,,Tom,,,,,,,,,,,,,,,,,,,,,,,,,,,,,,,,,,,,,,,,,,,,,,,,,,,,,,,,,,,,,,,,,,,,,,,,,,,,,,,,,,,,,,,,,,,,,,,,,,,,,,,,,,,,,,,,,,,,,,,,,,,,,,,,,,,,
Q7819429,,,,Tommy Gallagher,Томми Галлахер,Tommy Gallagher,Tommy Gallagher,,,,,,,Tommy Gallagher,,,Tommy Gallagher,,,,,,,,Tommy Gallagher,,,,,Tommy Gallagher (politician),,,,,,,,,,,,,,,,,,male,,,,1942-08-17,,Tommy,,,,,,,,,,,,,,,,,,,,,,,,,,,,,,,,,,,,,,,,,,,,,,,,,,,,,,,,,,,,,,,,,,,,,,,,,,,,,,,,,,,,,,,,,,,,,,,,,,,,,,,,,,,,,,,,,,,,,,,,,,,,,,,,,,,,
Q7839094,,,,Trevor Clarke,Тревор Кларк,,Trevor Clarke,,,,,,,,,,Trevor Clarke,,,,,,,,Trevor Clarke,,,,,Trevor Clarke,,,,,,,,,,,,,,,,,,male,,,,1967-07-28,,Trevor,,,,,,,,,,,,,,,,,,,,,,,,,,,,,,,,,,,,,,,,,,,,,,,,,,,,,,,,,,,,,,,,,,,,,,,,,,,,,,,,,,,,,,,,,,,,,,,,,,,,,,,,,,,,,,,,,,,,,,,,,,,,,,,,,,,,
Q7839296,,,,Trevor Lunn,,,Trevor Lunn,,,,Trevor Lunn,,,,,,,,,,,,,,Trevor Lunn,,,,,Trevor Lunn,,,,,,,,,,,,,,,,,,male,,,,1946-06-29,,Trevor,,,,,,,,,,,,,,,,,,,,,,,,,,,,,,,,,,,,,,,,,,,,,,,,,,,,,,,,,,,,,,,,,,,,,,,,,,,,,,,,,,,,,,,,,,,,,,,,,,,,,,,,,,,,,,,,,,,,,,,,,,,,,,,,,,,,
Q8011049,,,,William Hay,,,William Hay,,,,,,,William Hay,,,William Hay,,,,,,,,William Hay,,,,William Hay (Politiker),"William Hay, Baron Hay of Ballyore",,,,,,,,,,,,,,,,,,male,,,,1950-04-16,,William,,,,,,,,,,,,,,,,,,,,,,,,,,,,,,,,,,,,,,,,,,,,,,,,,,,,,,,,,,,,,,,,,,,,,,,lords/lord-hay-of-ballyore/4352,,,,,,,,,,,,,,,,,,,,,,,,,,,,,,,,,,,,,,,,,,,,,,,,,,,,,,,,,,,,,4352
Q8012668,,,,William Humphrey,Уильям Хамфри,,William Humphrey,,,,,,,William Humphrey,,,,,,,,,,,William Humphrey,,,,,William Humphrey (UK politician),,,,,,,,,,,,,,,,,"https://upload.wikimedia.org/wikipedia/commons/f/f5/William_Humphrey,_DUP.jpg",male,,,,1967-10-17,,William,,,,,,,,,,,,,,,,,,,,,,,,,,,,,,,,,,,,,,,,,,,,,,,,,,,,,,,,,,,,,,,,,,,,,,,,,,,,,,,,,,,,,,,,,,,,,,,,,,,,,,,,,,,,,,,,,,,,,,,,,,,,,,,,,,,,
Q8013107,,,,William Irwin,,,William Irwin,,,,,,,William Irwin,,,,,,,,,,,William Irwin,,,,,William Irwin (Unionist politician),,,,,,,,,,,,,,,,,,male,,,,1956-12-12,,William,,,,,,,,,,,,,,,,,,,,,,,,,,,,,,,,,,,,,,,,,,,,,,,,,,,,,,,,,,,,,,,,,,,,,,,,,,,,,,,,,,,,,,,,,,,,,,,,,,,,,,,,,,,,,,,,,,,,,,,,,,,,,,,,,,,,
Q8023012,,,,Wilson Clyde,,,Wilson Clyde,,,,,,,Wilson Clyde,,,Wilson Clyde,,,,,,,,Wilson Clyde,,,,,Wilson Clyde,,,,,,,,,,,,,,,,,,male,,,,1934-04-08,,Wilson,,,,,,,,,,,,,,,,,,,,,,,,,,,,,,,,,,,,,,,,,,,,,,,,,,,,,,,,,,,,,,,,,,,,,,,,,,,,,,,,,,,,,,,,,,,,,,,,,,,,,,,,,,,,Wilson Clyde,Wilson Clyde,,,,,,,,,,,Wilson Clyde,,,,,,,Wilson Clyde,,,,,
Q10999286,,,,Paul Berry,,Paul Berry,Paul Berry,,,,,,,Paul Berry,,,Paul Berry,,,,,,,,Paul Berry,,,,,Paul Berry (politician),,,,,,,,,,,,,,,,,,male,,,,1976-06-03,,Paul,,,,,,,,,,,,,,,,,,,,,,,,,,,,,,,Paul Berry,,,,,,,,,,,,,,,,,,,,,,,,,,,,,,,,,,,,,,,,,,,,,,,,,,,,,,,,,,,,,,,,,,,,,,,,,,,,,,,,,,,,,,,,,,,,,,,,,பவுல் பெர்ரி,பவுல் பெர்ரி,,,
Q13586248,,,Máirtín Ó Muilleoir,Máirtín Ó Muilleoir,,Máirtín Ó Muilleoir,Máirtín Ó Muilleoir,,,,,,,Máirtín Ó Muilleoir,,Máirtín Ó Muilleoir,,,,,,,,,Máirtín Ó Muilleoir,,,,,Máirtín Ó Muilleoir,,Máirtín Ó Muilleoir,,,Máirtín Ó Muilleoir,,,,,,,,,,,,https://upload.wikimedia.org/wikipedia/commons/3/3f/Belfast_Lord_Mayor_Máirtín_Ó_Muilleoir_welcoming_participants_of_the_2013_Horasis_Global_India_Business_Meeting.jpg,male,,,,1959-01-01,,,,,,,,,,,,,,,,,,,,,,,,,,,,,,,,,,,,,,,,,,,,,,,,,,,,,,,,,,,,,,,,,,,,,,,,,,,,,,,,,,,,,,,,,,,,,,,,,,,,,,,,,,,,,,,,,,,,,,,,,,,,,,,,,,,,,,
Q15054230,,,,Ian Milne,"Милн, Иан",,Ian Milne,,,,Ian Milne,,,Ian Milne,,,,,,,,,,,Ian Milne,,,,,Ian Milne,,,,,,,,,,,,,"Милн, Иан",,,,,male,,,,1954-04-08,,Ian,,,,,,,,,,,,,,,,,,,,,,,,,,,,,,,,,,,,,,,,,,,,,,,,,,,,,,,,,,,,,,,,,,,,,,,,,,,,,,,,,,,,,,,,,,,,,,,,,,,,,,,,,,,,,,,,,,,,,,,,,,,,,,,,,,,,
Q16105286,,,,,,,P. J. Bradley,,,,,,,P. J. Bradley,,,P. J. Bradley,,,,,,,,P. J. Bradley,,,,,P. J. Bradley,,,,,,,,,,,,,,,,,,male,,,,1940-04-28,,P.,,,,,,,,,,,,,,,,,,,,,,,,,,,,,,,,,,,,,,,,,,,,,,,,,,,,,,,,,,,,,,,,,,,,,,,,,,,,,,,,,,,,,,,,,,,,,,,,,,,,,,,,,,,,,,,,,,,,,,,,,,,,,,,,,,,,
Q16105819,,,,Jim Wilson,Джим Уилсон,,Jim Wilson,,,,,,,Jim Wilson,,,,,,,,,,,Jim Wilson,,,,,Jim Wilson (UK politician),,,,,,,,,,,,,,,,,,male,,,,1941-12-15,,Jim,,,,,,,,,,,,,,,,,,,,,,,,,,,,,,,,,,,,,,,,,,,,,Wilson,,,,,,,,,,,,,,,,,,,,,,,,,,,,,,,,,,,,,,,,,,,,,,,,,,,,,,,,,,,,,,,,,,,,,,,,,,,,,,,,,,,,,,,
Q16106022,,,,Mick Murphy,,,Mick Murphy,,,,,,,Mick Murphy,,,,,,,,,,,Mick Murphy,,,,,Mick Murphy (Sinn Féin politician),,,,,,,,,,,,,,,,,,male,,,,1942-02-06,,Mick,,,,,,,,,,,,,,,,,,,,,,,,,,,,,,,,,,,,,,,,,,,,,,,,,,,,,,,,,,,,,,,,,,,,,,,,,,,,,,,,,,,,,,,,,,,,,,,,,,,,,,,,,,,,,,,,,,,,,,,,,,,,,,,,,,,,
Q16114174,,,,Francie Brolly,,,Francie Brolly,,,,,,,Francie Brolly,,,Francie Brolly,,,,,,,,Francie Brolly,,,,,Francie Brolly,,,,,,,,,,,,,,,,,,male,,,,1947-01-13,,Francie,,,,,,,,,,,,,,,,,,,,,,,,,,,,,,,,,,,,,,,,,,,,,,,,,,,,,,,,,,,,,,,,,,,,,,,,,,,,,,,,,,,,,,,,,,,,,,,,,,,,,,,,,,,,,,,,,,,,,,,,,,,,,,,,,,5931b580-72de-4d52-ad93-a7ae3d3cb662,616537,
Q16186261,,,,Tom Hamilton,Том Хэмилтон,,Tom Hamilton,,,,,,,Tom Hamilton,,,Tom Hamilton,,,,,,,,Tom Hamilton,,,,,Tom Hamilton (politician),,,,,,,,,,,,,,,,,,male,,,,1954-07-08,,Tom,,,,,,,,,,,,,,,,تام همیلتون,,,,,,,,,,,,,,,,,,,,,,,,,,,,,,,,,,,,,,,,,,,,,,,,,,,,,,,,,,,,,,,,,,,,,,,,,,,,,,,,,,,,,,,,,,,,Tom Hamilton,Tom Hamilton,,,,,,,,,,,Tom Hamilton,,,,,,,Tom Hamilton,,,,,
Q16190807,,,,,,,Gerry McHugh,,,,,,,Gerry McHugh,,,,,,,,,,,Gerry McHugh,,,,,Gerry McHugh,,,,,,,,,,,,,,,,,,male,,,,,,Gerry,,,,,,,,,,,,,,,,,,,,,,,,,,,,,,,,,,,,,,,,,,,,,,,,,,,,,,,,,,,,,,,,,,,,,,,,,,,,,,,,,,,,,,,,,,,,,,,,,,,,,,,,,,,,,,,,,,,,,,,,,,,,,,,,,,,,
Q16193334,,,,Mark Robinson,Марк Робинсон,,Mark Robinson,,,,,,,Mark Robinson,,,,,,,,,,,Mark Robinson,,,,,Mark Robinson (Unionist politician),,,,,,,,,,,,,,,,,,male,,,,1959-05-12,,Mark,,,,,,,,,,,,,,,,,,,,,,,,,,,,,,,,,,,,,,,,,,,,,Robinson,,,,,,,,,,,,,,,,,,,,,,,,,,,,,,,,,,,,,,,,,,,,,,,,,,,,,,,,,,,,,,,,,,,,,,,,,,,,,,,,,,,,,,,
Q16195114,,,,David Hilditch,,,David Hilditch,,,,David Hilditch,,,David Hilditch,,,,,,,,,,,David Hilditch,,,,,David Hilditch,,,,,,,,,,,,,,,,,,male,,,,1963-12-11,,David,,,,,,,,,,,,,,,,,,,,,,,,,,,,,,,,,,,,,,,,,,,,,,,,,,,,,,,,,,,,,,,,,,,,,,,,,,,,,,,,,,,,,,,,,,,,,,,,,,,,,,,,,,,,,,,,,,,,,,,,,,,,,,,,,,,,
Q16214843,,,,Paul Frew,,,Paul Frew,,,,,,,Paul Frew,,,Paul Frew,,,,,,,,Paul Frew,,,,,Paul Frew,,,,,,,,,,,,,,,,,,male,,,,1974-09-20,,Paul,,,,,,,,,,,,,,,,,,,,,,,,,,,,,,,,,,,,,,,,,,,,,,,,,,,,,,,,,,,,,,,,,,,,,,,,,,,,,,,,,,,,,,,,,,,,,,,,,,,,,,,,,,,,,,,,,,,,,,,,,,,,,,,,,,,,
Q16225949,,,,,,,Norman Hillis,,,,Norman Hillis,,,Norman Hillis,,,,,,,,,,,Norman Hillis,,,,,Norman Hillis,,,,,,,,,,,,,,,,,,male,,,,,,Norman,,,,,,,,,,,,,,,,,,,,,,,,,,,,,,,,,,,,,,,,,,,,,,,,,,,,,,,,,,,,,,,,,,,,,,,,,,,,,,,,,,,,,,,,,,,,,,,,,,,,,,,,,,,,,,,,,,,,,,,,,,,,,,,,,,,,
Q16239299,,,,,,,Willie Clarke,,,,,,,Willie Clarke,,,Willie Clarke,,,,,,,,Willie Clarke,,,,,Willie Clarke (politician),,,,,,,,,,,,,,,,,,male,,,,,,Willie,,,,,,,,,,,,,,,,,,,,,,,,,,,,,,,,,,,,,,,,,,,,,,,,,,,,,,,,,,,,,,,,,,,,,,,,,,,,,,,,,,,,,,,,,,,,,,,,,,,,,,,,,,,,,,,,,,,,,,,,,,,,,,,,,,,,
Q17017367,,,,,,,Claire Sugden,,,,Claire Sugden,,,Claire Sugden,,,,,,,,,,,Claire Sugden,,,,,Claire Sugden,,,,,,,,,,,,,,,,,,female,,,,,,Claire,,,,,,,,,,,,,,,,,,,,,,,,,,,,,,,,,,,,,,,,,,,,,,,,,,,,,,,,,,,,,,,,,,,,,,,,,,,,,,,,,,,,,,,,,,,,,,,,,,,,,,,,,,,,,,,,,,,,,,,,,,,,,,,,,,,,
Q18358115,,,,,,,Maurice Devenney,,,,,,,,,,,,,,,,,,Maurice Devenney,,,,,Maurice Devenney,,,,,,,,,,,,,,,,,,male,,,,,,Maurice,,,,,,,,,,,,,,,,,,,,,,,,,,,,,,,,,,,,,,,,,,,,,,,,,,,,,,,,,,,,,,,,,,,,,,,,,,,,,,,,,,,,,,,,,,,,,,,,,,,,,,,,,,,,,,,,,,,,,,,,,,,,,,,,,,,,
Q20312324,,,,,,,Adrian Cochrane-Watson,,,,,,,,,,,,,,,,,,Adrian Cochrane-Watson,,,,,Adrian Cochrane-Watson,,,,,,,,,,,,,,,,,,male,,,,,,Adrian,,,,,,,,,,,,,,,,,,,,,,,,,,,,,,,,,,,,,,,,,,,,,,,,,,,,,,,,,,,,,,,,,,,,,,,,,,,,,,,,,,,,,,,,,,,,,,,,,,,,,,,,,,,,,,,,,,,,,,,,,,,,,,,,,,,,
Q20631177,,,,,,,Claire Hanna,,,,,,,,,,,,,,,,,,Claire Hanna,,,,,Claire Hanna (politician),,,,,,,,,,,,,,,,,,female,,,,1980-06-19,,Claire,,,,,,,,,,,,,,,,,,,,,,,,,,,,,,,,,,,,,,,,,,,,,,,,,,,,,,,,,,,,,,,,,,,,,,,,,,,,,,,,,,,,,,,,,,,,,,,,,,,,,,,,,,,,,,,,,,,,,,,,,,,,,,,,,,,,
Q20713559,,,,,,,Neil Somerville,,,,,,,,,,,,,,,,,,Neil Somerville,,,,,Neil Somerville,,,,,,,,,,,,,,,,,,male,,,,,,Neil,,,,,,,,,,,,,,,,,,,,,,,,,,,,,,,,,,,,,,,,,,,,,,,,,,,,,,,,,,,,,,,,,,,,,,,,,,,,,,,,,,,,,,,,,,,,,,,,,,,,,,,,,,,,,,,,,,,,,,,,,,,,,,,,,,,,
Q20966622,,,,,,,Gordon Lyons,,,,,,,,,,,,,,,,,,Gordon Lyons,,,,,Gordon Lyons,,,,,,,,,,,,,,,,,,male,,,,,,Gordon,,,,,,,,,,,,,,,,,,,,,,,,,,,,,,,,,,,,,,,,,,,,,,,,,,,,,,,,,,,,,,,,,,,,,,,,,,,,,,,,,,,,,,,,,,,,,,,,,,,,,,,,,,,,,,,,,,,,,,,,,,,,,,,,,,,,
Q20979148,,,,,,,Andy Allen,,,,,,,,,,,,,,,,,,Andy Allen,,,,,Andy Allen (politician),,,,,,,,,,,,,,,,,,male,,,,,,Andy,,,,,,,,,,,,,,,,,,,,,,,,,,,,,,,,,,,,,,,,,,,,,,,,,,,,,,,,,,,,,,,,,,,,,,,,,,,,,,,,,,,,,,,,,,,,,,,,,,,,,,,,,,,,,,,,,,,,,,,,,,,,,,,,,,,,
Q21130106,,,,Gary Middleton,,,Gary Middleton,,,,,,,,,,,,,,,,,,Gary Middleton,,,,,Gary Middleton,,,,,,,,,,,,,,,,,,male,,,,1990-06-20,,Gary,,,,,,,,,,,,,,,,,,,,,,,,,,,,,,,,,,,,,,,,,,,,,,,,,,,,,,,,,,,,,,,,,,,,,,,,,,,,,,,,,,,,,,,,,,,,,,,,,,,,,,,,,,,,,,,,,,,,,,,,,,,,,,,,,,,,
Q21234823,,,,,,,Emma Pengelly,,,,,,,,,,,,,,,,,,Emma Pengelly,,,,,Emma Pengelly,,,,,,,,,,,,,,,,,,female,,,,,,Emma,,,,,,,,,,,,,,,,,,,,,,,,,,,,,,,,,,,,,,,,,,,,,,,,,,,,,,,,,,,,,,,,,,,,,,,,,,,,,,,,,,,,,,,,,,,,,,,,,,,,,,,,,,,,,,,,,,,,,,,,,,,,,,,,,,,,
