id,name,party,party_id,district,image,website,email,twitter,identifier__represent
10524,Marc Garneau,Liberal,liberal,Notre-Dame-de-Grâce—Westmount,http://www.parl.gc.ca/Parliamentarians/Images/OfficialMPPhotos/41/GarneauMarc_Lib.jpg,,marc.garneau@parl.gc.ca,https://twitter.com/MarcGarneau,10524
1209,Gerry Ritz,Conservative,conservative,Battlefords—Lloydminster,http://www.parl.gc.ca/Parliamentarians/Images/OfficialMPPhotos/41/RitzGerry_CPC.jpg,,gerry.ritz@parl.gc.ca,https://twitter.com/GerryRitzMP,1209
1265,Ralph Goodale,Liberal,liberal,Regina—Wascana,http://www.parl.gc.ca/Parliamentarians/Images/OfficialMPPhotos/41/GoodaleRalphEdward_Lib.jpg,,ralph.goodale@parl.gc.ca,https://twitter.com/RalphGoodale,1265
1287,Deepak Obhrai,Conservative,conservative,Calgary Forest Lawn,http://www.parl.gc.ca/Parliamentarians/Images/OfficialMPPhotos/41/ObhraiDeepak_CPC.jpg,,deepak.obhrai@parl.gc.ca,https://twitter.com/deepakobhrai,1287
1302,Jason Kenney,Conservative,conservative,Calgary Midnapore,http://www.parl.gc.ca/Parliamentarians/Images/OfficialMPPhotos/41/KenneyJason_CPC.jpg,,jason.kenney@parl.gc.ca,https://twitter.com/jkenney,1302
13218,Yvonne Jones,Liberal,liberal,Labrador,http://www.parl.gc.ca/Parliamentarians/Images/OfficialMPPhotos/41/JonesYvonne_Lib.jpg,,Yvonne.Jones@parl.gc.ca,https://twitter.com/YvonneJJones,13218
1589,Hedy Fry,Liberal,liberal,Vancouver Centre,http://www.parl.gc.ca/Parliamentarians/Images/OfficialMPPhotos/41/FryHedy__Lib.jpg,,hedy.fry@parl.gc.ca,https://twitter.com/HedyFry,1589
15975,Tony Clement,Conservative,conservative,Parry Sound—Muskoka,http://www.parl.gc.ca/Parliamentarians/Images/OfficialMPPhotos/41/ClementTony_CPC.jpg,,tony.clement@parl.gc.ca,https://twitter.com/TonyclementCPC,15975
16399,Peter Julian,NDP,ndp,New Westminster—Burnaby,http://www.parl.gc.ca/Parliamentarians/Images/OfficialMPPhotos/41/JulianPeter_NDP.jpg,,peter.julian@parl.gc.ca,https://twitter.com/MPJulian,16399
1665,Hunter Tootoo,Liberal,liberal,Nunavut,,,Hunter.Tootoo@parl.gc.ca,,1665
1733,Stephen Harper,Conservative,conservative,Calgary Heritage,http://www.parl.gc.ca/Parliamentarians/Images/OfficialMPPhotos/41/HarperStephen_CPC.jpg,,stephen.harper@parl.gc.ca,https://twitter.com/stephenharper,1733
1760,Geoff Regan,Liberal,liberal,Halifax West,http://www.parl.gc.ca/Parliamentarians/Images/OfficialMPPhotos/41/ReganGeoff_Lib.jpg,http://geoffregan.ca,geoff.regan@parl.gc.ca,https://twitter.com/geoffregan,1760
1787,Judy Sgro,Liberal,liberal,Humber River—Black Creek,http://www.parl.gc.ca/Parliamentarians/Images/OfficialMPPhotos/41/SgroJudy_Lib.jpg,,judy.sgro@parl.gc.ca,https://twitter.com/JudySgroMP,1787
1795,David Anderson,Conservative,conservative,Cypress Hills—Grasslands,http://www.parl.gc.ca/Parliamentarians/Images/OfficialMPPhotos/41/AndersonDavid_CPC.jpg,,david.anderson@parl.gc.ca,https://twitter.com/DavidAndersonSK,1795
1796,Larry Bagnell,Liberal,liberal,Yukon,http://www.parl.gc.ca/Parliamentarians/Images/OfficialMPPhotos/40/BagnellLarry_LIB.jpg,,Larry.Bagnell@parl.gc.ca,https://twitter.com/LarryBagnell,1796
1804,Rodger Cuzner,Liberal,liberal,Cape Breton—Canso,http://www.parl.gc.ca/Parliamentarians/Images/OfficialMPPhotos/41/CuznerRodger_Lib.jpg,,rodger.cuzner@parl.gc.ca,https://twitter.com/RodgerCuzner,1804
1806,Mark Eyking,Liberal,liberal,Sydney—Victoria,http://www.parl.gc.ca/Parliamentarians/Images/OfficialMPPhotos/41/EykingMark_Lib.jpg,,mark.eyking@parl.gc.ca,https://twitter.com/MarkEyking_MP,1806
1809,Cheryl Gallant,Conservative,conservative,Renfrew—Nipissing—Pembroke,http://www.parl.gc.ca/Parliamentarians/Images/OfficialMPPhotos/41/GallantCheryl_CPC.jpg,,cheryl.gallant@parl.gc.ca,https://twitter.com/cherylgallant,1809
1813,Dominic LeBlanc,Liberal,liberal,Beauséjour,http://www.parl.gc.ca/Parliamentarians/Images/OfficialMPPhotos/41/LeBlancDominic_Lib.jpg,,dominic.leblanc@parl.gc.ca,,1813
1817,John McCallum,Liberal,liberal,Markham—Thornhill,http://www.parl.gc.ca/Parliamentarians/Images/OfficialMPPhotos/41/McCallumJohn_Lib.jpg,,john.mccallum@parl.gc.ca,https://twitter.com/JohnMcCallumLPC,1817
1825,Joe Peschisolido,Liberal,liberal,Steveston—Richmond East,http://www.parl.gc.ca/Parliamentarians/Images/OfficialMPPhotos/37/PeschC.jpg,,Joe.Peschisolido@parl.gc.ca,https://twitter.com/jpeschisolido,1825
1827,Scott Reid,Conservative,conservative,Lanark—Frontenac—Kingston,http://www.parl.gc.ca/Parliamentarians/Images/OfficialMPPhotos/41/ReidScott_CPC.jpg,,scott.reid@parl.gc.ca,https://twitter.com/ScottReidCPC,1827
1832,Kevin Sorenson,Conservative,conservative,Battle River—Crowfoot,http://www.parl.gc.ca/Parliamentarians/Images/OfficialMPPhotos/41/SorensonKevin_CPC.jpg,,kevin.sorenson@parl.gc.ca,https://twitter.com/KevinASorenson,1832
198,Denis Paradis,Liberal,liberal,Brome—Missisquoi,http://www.parl.gc.ca/Parliamentarians/Images/OfficialMPPhotos/38/Paradd.JPG,,Denis.Paradis@parl.gc.ca,https://twitter.com/DenisParadisPLC,198
232,Christine Moore,NDP,ndp,Abitibi—Témiscamingue,http://www.parl.gc.ca/Parliamentarians/Images/OfficialMPPhotos/41/MooreChristine_NDP.jpg,,Christine.Moore@parl.gc.ca,https://twitter.com/MooreNpd,232
23915,Guy Caron,NDP,ndp,Rimouski-Neigette—Témiscouata—Les Basques,http://www.parl.gc.ca/Parliamentarians/Images/OfficialMPPhotos/41/CaronGuy_NDP.jpg,,Guy.Caron@parl.gc.ca,https://twitter.com/GuyCaronNPD,23915
25446,Dean Allison,Conservative,conservative,Niagara West,http://www.parl.gc.ca/Parliamentarians/Images/OfficialMPPhotos/41/AllisonDean_CPC.jpg,,dean.allison@parl.gc.ca,https://twitter.com/DeanAllisonMP,25446
25447,Rona Ambrose,Conservative,conservative,Sturgeon River—Parkland,http://www.parl.gc.ca/Parliamentarians/Images/OfficialMPPhotos/41/AmbroseRona_CPC.jpg,,rona.ambrose@parl.gc.ca,https://twitter.com/RonaAmbrose,25447
25449,Yasmin Ratansi,Liberal,liberal,Don Valley East,http://www.parl.gc.ca/Parliamentarians/Images/OfficialMPPhotos/40/RatansiYasmin_LIB.jpg,,Yasmin.Ratansi@parl.gc.ca,https://twitter.com/Yasmin_Ratansi,25449
25451,Pablo Rodriguez,Liberal,liberal,Honoré-Mercier,http://www.parl.gc.ca/Parliamentarians/Images/OfficialMPPhotos/40/RodriguezPablo_LIB.jpg,,Pablo.Rodriguez@parl.gc.ca,https://twitter.com/Rodriguez_Pab,25451
25452,Anthony Rota,Liberal,liberal,Nipissing—Timiskaming,http://www.parl.gc.ca/Parliamentarians/Images/OfficialMPPhotos/40/RotaAnthony_LIB.jpg,,Anthony.Rota@parl.gc.ca,https://twitter.com/AnthonyRota,25452
25453,Francis Scarpaleggia,Liberal,liberal,Lac-Saint-Louis,http://www.parl.gc.ca/Parliamentarians/Images/OfficialMPPhotos/41/ScarpaleggiaFrancis_Lib.jpg,,francis.scarpaleggia@parl.gc.ca,https://twitter.com/ScarpaleggiaLSL,25453
25454,Andrew Scheer,Conservative,conservative,Regina—Qu'Appelle,http://www.parl.gc.ca/Parliamentarians/Images/OfficialMPPhotos/41/ScheerAndrew_CPC.jpg,,andrew.scheer@parl.gc.ca,,25454
25456,Scott Simms,Liberal,liberal,Coast of Bays—Central—Notre Dame,http://www.parl.gc.ca/Parliamentarians/Images/OfficialMPPhotos/41/SimmsScott_Lib.jpg,,scott.simms@parl.gc.ca,https://twitter.com/Scott_Simms,25456
25461,David Tilson,Conservative,conservative,Dufferin—Caledon,http://www.parl.gc.ca/Parliamentarians/Images/OfficialMPPhotos/41/TilsonDavidAllan_CPC.jpg,,david.tilson@parl.gc.ca,https://twitter.com/davidtilson,25461
25462,Brad Trost,Conservative,conservative,Saskatoon—University,http://www.parl.gc.ca/Parliamentarians/Images/OfficialMPPhotos/41/TrostBradley_CPC.jpg,,brad.trost@parl.gc.ca,https://twitter.com/BradTrostCPC,25462
25465,Peter Van Loan,Conservative,conservative,York—Simcoe,http://www.parl.gc.ca/Parliamentarians/Images/OfficialMPPhotos/41/VanLoanPeter_CPC.jpg,,peter.vanloan@parl.gc.ca,https://twitter.com/PeterVanLoan,25465
25467,Mark Warawa,Conservative,conservative,Langley—Aldergrove,http://www.parl.gc.ca/Parliamentarians/Images/OfficialMPPhotos/41/WarawaMark_CPC.jpg,,mark.warawa@parl.gc.ca,https://twitter.com/MPmarkwarawa,25467
25468,Borys Wrzesnewskyj,Liberal,liberal,Etobicoke Centre,http://www.parl.gc.ca/Parliamentarians/Images/OfficialMPPhotos/40/WrzesnewskyjBoris_LIB.jpg,,Borys.Wrzesnewskyj@parl.gc.ca,https://twitter.com/VoteBorys,25468
25470,Charlie Angus,NDP,ndp,Timmins—James Bay,http://www.parl.gc.ca/Parliamentarians/Images/OfficialMPPhotos/41/AngusCharlie_NDP.jpg,,charlie.angus@parl.gc.ca,https://twitter.com/CharlieAngusNDP,25470
25471,Navdeep Bains,Liberal,liberal,Mississauga—Malton,http://www.parl.gc.ca/Parliamentarians/Images/OfficialMPPhotos/40/BainsNavdeep_Lib.jpg,,Navdeep.Bains@parl.gc.ca,https://twitter.com/NavdeepSBains,25471
25475,James Bezan,Conservative,conservative,Selkirk—Interlake—Eastman,http://www.parl.gc.ca/Parliamentarians/Images/OfficialMPPhotos/41/BezanJames_CPC.jpg,,james.bezan@parl.gc.ca,https://twitter.com/jamesbezan,25475
25483,Gordon Brown,Conservative,conservative,Leeds—Grenville—Thousand Islands and Rideau Lakes,http://www.parl.gc.ca/Parliamentarians/Images/OfficialMPPhotos/41/BrownGordon_CPC.jpg,,gord.brown@parl.gc.ca,https://twitter.com/gordbrown,25483
25486,Colin Carrie,Conservative,conservative,Oshawa,http://www.parl.gc.ca/Parliamentarians/Images/OfficialMPPhotos/41/CarrieColin_CPC.jpg,,colin.carrie@parl.gc.ca,https://twitter.com/ColinCarrie,25486
25488,Michael Chong,Conservative,conservative,Wellington—Halton Hills,http://www.parl.gc.ca/Parliamentarians/Images/OfficialMPPhotos/41/ChongMichaelD_CPC.jpg,,michael.chong@parl.gc.ca,https://twitter.com/MichaelChongMP,25488
25489,David Christopherson,NDP,ndp,Hamilton Centre,http://www.parl.gc.ca/Parliamentarians/Images/OfficialMPPhotos/41/ChristophersonDavid_NDP.jpg,,david.christopherson@parl.gc.ca,https://twitter.com/DaveChrisMP,25489
25493,Nathan Cullen,NDP,ndp,Skeena—Bulkley Valley,http://www.parl.gc.ca/Parliamentarians/Images/OfficialMPPhotos/41/CullenNathan_NDP.jpg,,nathan.cullen@parl.gc.ca,https://twitter.com/nathancullen,25493
25501,Diane Finley,Conservative,conservative,Haldimand—Norfolk,http://www.parl.gc.ca/Parliamentarians/Images/OfficialMPPhotos/41/FinleyDiane_CPC.jpg,,diane.finley@parl.gc.ca,,25501
25508,Mark Holland,Liberal,liberal,Ajax,http://www.parl.gc.ca/Parliamentarians/Images/OfficialMPPhotos/40/HollandMark_LIB.jpg,,Mark.Holland@parl.gc.ca,https://twitter.com/markhollandlib,25508
25516,Guy Lauzon,Conservative,conservative,Stormont—Dundas—South Glengarry,http://www.parl.gc.ca/Parliamentarians/Images/OfficialMPPhotos/41/LauzonGuy_CPC.jpg,,guy.lauzon@parl.gc.ca,,25516
25520,Tom Lukiwski,Conservative,conservative,Moose Jaw—Lake Centre—Lanigan,http://www.parl.gc.ca/Parliamentarians/Images/OfficialMPPhotos/41/LukiwskiTom_CPC.jpg,,tom.lukiwski@parl.gc.ca,,25520
25522,Larry Miller,Conservative,conservative,Bruce—Grey—Owen Sound,http://www.parl.gc.ca/Parliamentarians/Images/OfficialMPPhotos/41/MillerLarry_CPC.jpg,,larry.miller@parl.gc.ca,https://twitter.com/LarryMillerMP,25522
25524,Pierre Poilievre,Conservative,conservative,Carleton,http://www.parl.gc.ca/Parliamentarians/Images/OfficialMPPhotos/41/PoilievrePierre_CPC.jpg,,pierre.poilievre@parl.gc.ca,https://twitter.com/PierrePoilievre,25524
26684,Thomas Mulcair,NDP,ndp,Outremont,http://www.parl.gc.ca/Parliamentarians/Images/OfficialMPPhotos/41/MulcairThomasJ_NDP.jpg,,thomas.mulcair@parl.gc.ca,https://twitter.com/ThomasMulcair,26684
2897,Elizabeth May,Green Party,green_party,Saanich—Gulf Islands,http://www.parl.gc.ca/Parliamentarians/Images/OfficialMPPhotos/41/MayElizabeth_GP.jpg,,Elizabeth.May@parl.gc.ca,https://twitter.com/ElizabethMay,2897
30552,Kevin Lamoureux,Liberal,liberal,Winnipeg North,http://www.parl.gc.ca/Parliamentarians/Images/OfficialMPPhotos/41/LamoureuxKevin_Lib.jpg,,kevin.lamoureux@parl.gc.ca,https://twitter.com/Kevin_Lamoureux,30552
30812,Alice Wong,Conservative,conservative,Richmond Centre,http://www.parl.gc.ca/Parliamentarians/Images/OfficialMPPhotos/41/WongAlice_CPC.jpg,,alice.wong@parl.gc.ca,,30812
31098,Sukh Dhaliwal,Liberal,liberal,Surrey—Newton,http://www.parl.gc.ca/Parliamentarians/Images/OfficialMPPhotos/40/DhaliwalSukh_LIB.jpg,,Sukh.Dhaliwal@parl.gc.ca,https://twitter.com/sukhdhaliwal,31098
31119,Terry Duguid,Liberal,liberal,Winnipeg South,,,Terry.Duguid@parl.gc.ca,https://twitter.com/TerryDuguid,31119
31289,Carol Hughes,NDP,ndp,Algoma—Manitoulin—Kapuskasing,http://www.parl.gc.ca/Parliamentarians/Images/OfficialMPPhotos/41/HughesCarol_NDP.jpg,,carol.hughes@parl.gc.ca,https://twitter.com/CarolHughesMP,31289
31664,Bev Shipley,Conservative,conservative,Lambton—Kent—Middlesex,http://www.parl.gc.ca/Parliamentarians/Images/OfficialMPPhotos/41/ShipleyBev_CPC.jpg,,bev.shipley@parl.gc.ca,https://twitter.com/BevShipleyMP,31664
31701,Kennedy Stewart,NDP,ndp,Burnaby South,http://www.parl.gc.ca/Parliamentarians/Images/OfficialMPPhotos/41/StewartKennedy_NDP.jpg,,Kennedy.Stewart@parl.gc.ca,https://twitter.com/kennedystewart,31701
31715,David Sweet,Conservative,conservative,Flamborough—Glanbrook,http://www.parl.gc.ca/Parliamentarians/Images/OfficialMPPhotos/41/SweetDavid_CPC.jpg,,david.sweet@parl.gc.ca,https://twitter.com/DavidSweetMP,31715
31765,Dave Van Kesteren,Conservative,conservative,Chatham-Kent—Leamington,http://www.parl.gc.ca/Parliamentarians/Images/OfficialMPPhotos/41/VanKesterenDavid_CPC.jpg,,dave.vankesteren@parl.gc.ca,,31765
31796,Erin Weir,NDP,ndp,Regina—Lewvan,,,Erin.Weir@parl.gc.ca,https://twitter.com/Erin_Weir,31796
33,Lawrence MacAulay,Liberal,liberal,Cardigan,http://www.parl.gc.ca/Parliamentarians/Images/OfficialMPPhotos/41/MacAulayLawrenceA_Lib.jpg,,lawrence.macaulay@parl.gc.ca,https://twitter.com/L_MacAulay,33
35309,Maxime Bernier,Conservative,conservative,Beauce,http://www.parl.gc.ca/Parliamentarians/Images/OfficialMPPhotos/41/BernierMaxime_CPC.jpg,,maxime.bernier@parl.gc.ca,https://twitter.com/MaximeBernier,35309
35320,Sylvie Boucher,Conservative,conservative,Beauport—Côte-de-Beaupré—Île d'Orléans—Charlevoix,http://www.parl.gc.ca/Parliamentarians/Images/OfficialMPPhotos/40/BoucherSylvie_CPC.jpg,,Sylvie.Boucher@parl.gc.ca,https://twitter.com/SylviePCC2015,35320
35351,François Choquette,NDP,ndp,Drummond,http://www.parl.gc.ca/Parliamentarians/Images/OfficialMPPhotos/41/ChoquetteFrancois_NDP.jpg,,Francois.Choquette@parl.gc.ca,https://twitter.com/F_Choquette,35351
35389,Steven Blaney,Conservative,conservative,Bellechasse—Les Etchemins—Lévis,http://www.parl.gc.ca/Parliamentarians/Images/OfficialMPPhotos/41/BlaneySteven_CPC.jpg,,steven.blaney@parl.gc.ca,https://twitter.com/StevenBlaneyPCC,35389
35397,Jacques Gourde,Conservative,conservative,Lévis—Lotbinière,http://www.parl.gc.ca/Parliamentarians/Images/OfficialMPPhotos/41/GourdeJacques_CPC.jpg,,jacques.gourde@parl.gc.ca,https://twitter.com/JacquesGourde,35397
35539,Phil McColeman,Conservative,conservative,Brantford—Brant,http://www.parl.gc.ca/Parliamentarians/Images/OfficialMPPhotos/41/McColemanPhil_CPC.jpg,,phil.mccoleman@parl.gc.ca,https://twitter.com/Phil4Brant,35539
35600,Ben Lobb,Conservative,conservative,Huron—Bruce,http://www.parl.gc.ca/Parliamentarians/Images/OfficialMPPhotos/41/LobbBen_CPC.jpg,,ben.lobb@parl.gc.ca,https://twitter.com/BenLobbMP,35600
35607,Harold Albrecht,Conservative,conservative,Kitchener—Conestoga,http://www.parl.gc.ca/Parliamentarians/Images/OfficialMPPhotos/41/AlbrechtHarold_CPC.jpg,,harold.albrecht@parl.gc.ca,https://twitter.com/Albrecht4KitCon,35607
35699,Peter Kent,Conservative,conservative,Thornhill,http://www.parl.gc.ca/Parliamentarians/Images/OfficialMPPhotos/41/KentPeter_CPC.jpg,,peter.kent@parl.gc.ca,https://twitter.com/KentThornhillMP,35699
35724,Bruce Stanton,Conservative,conservative,Simcoe North,http://www.parl.gc.ca/Parliamentarians/Images/OfficialMPPhotos/41/StantonRonaldBruce_CPC.jpg,,bruce.stanton@parl.gc.ca,https://twitter.com/bruce_stanton,35724
35857,Mike Lake,Conservative,conservative,Edmonton—Wetaskiwin,http://www.parl.gc.ca/Parliamentarians/Images/OfficialMPPhotos/41/LakeMike_CPC.jpg,,mike.lake@parl.gc.ca,https://twitter.com/MikeLakeMP,35857
35873,Linda Duncan,NDP,ndp,Edmonton Strathcona,http://www.parl.gc.ca/Parliamentarians/Images/OfficialMPPhotos/41/DuncanLindaFrancis_NDP.jpg,,linda.duncan@parl.gc.ca,https://twitter.com/LindaDuncanMP,35873
35886,Chris Warkentin,Conservative,conservative,Grande Prairie—Mackenzie,http://www.parl.gc.ca/Parliamentarians/Images/OfficialMPPhotos/41/WarkentinChris_CPC.jpg,,chris.warkentin@parl.gc.ca,https://twitter.com/chriswarkentin,35886
35897,Blaine Calkins,Conservative,conservative,Red Deer—Lacombe,http://www.parl.gc.ca/Parliamentarians/Images/OfficialMPPhotos/41/CalkinsBlaine_CPC.jpg,,blaine.calkins@parl.gc.ca,https://twitter.com/blainecalkinsmp,35897
35904,Ed Fast,Conservative,conservative,Abbotsford,http://www.parl.gc.ca/Parliamentarians/Images/OfficialMPPhotos/41/FastEdward_CPC.jpg,,ed.fast@parl.gc.ca,https://twitter.com/HonEdFast,35904
35950,Joyce Murray,Liberal,liberal,Vancouver Quadra,http://www.parl.gc.ca/Parliamentarians/Images/OfficialMPPhotos/41/MurrayJoyce_Lib.jpg,,joyce.murray@parl.gc.ca,https://twitter.com/joycemurray,35950
36037,Niki Ashton,NDP,ndp,Churchill—Keewatinook Aski,http://www.parl.gc.ca/Parliamentarians/Images/OfficialMPPhotos/41/AshtonNiki_NDP.jpg,,niki.ashton@parl.gc.ca,https://twitter.com/nikiashton,36037
376,Mario Beaulieu,Bloc Québécois,bloc_québécois,La Pointe-de-l'Île,,,Mario.Beaulieu@parl.gc.ca,https://twitter.com/Mario_Beaulieu,376
38633,Denis Lebel,Conservative,conservative,Lac-Saint-Jean,http://www.parl.gc.ca/Parliamentarians/Images/OfficialMPPhotos/41/LebelDenis_CPC.jpg,,denis.lebel@parl.gc.ca,https://twitter.com/DenisLebelPCC,38633
413,Louis Plamondon,Bloc Québécois,bloc_québécois,Bécancour—Nicolet—Saurel,http://www.parl.gc.ca/Parliamentarians/Images/OfficialMPPhotos/41/PlamondonLouis_BQ.jpg,,louis.plamondon@parl.gc.ca,,413
43,Wayne Easter,Liberal,liberal,Malpeque,http://www.parl.gc.ca/Parliamentarians/Images/OfficialMPPhotos/41/EasterArnoldWayne_Lib.jpg,,wayne.easter@parl.gc.ca,https://twitter.com/WayneEaster,43
460,Stéphane Dion,Liberal,liberal,Saint-Laurent,http://www.parl.gc.ca/Parliamentarians/Images/OfficialMPPhotos/41/DionStéphane_Lib.jpg,,stephane.dion@parl.gc.ca,https://twitter.com/HonStephaneDion,460
48292,Jim Eglinski,Conservative,conservative,Yellowhead,http://www.parl.gc.ca/Parliamentarians/Images/OfficialMPPhotos/41/EglinskiJim_CPC.jpg,,Jim.Eglinski@parl.gc.ca,https://twitter.com/JimEglinski,48292
51,Bill Casey,Liberal,liberal,Cumberland—Colchester,http://www.parl.gc.ca/Parliamentarians/Images/OfficialMPPhotos/40/CaseyBill_IND.jpg,,Bill.Casey@parl.gc.ca,https://twitter.com/billcaseyns,51
53569,Brigitte Sansoucy,NDP,ndp,Saint-Hyacinthe—Bagot,,,Brigitte.Sansoucy@parl.gc.ca,https://twitter.com/bsansoucynpd,53569
54325,Lisa Raitt,Conservative,conservative,Milton,http://www.parl.gc.ca/Parliamentarians/Images/OfficialMPPhotos/41/RaittLisa_CPC.jpg,,lisa.raitt@parl.gc.ca,https://twitter.com/lraitt,54325
54434,Adam Vaughan,Liberal,liberal,Spadina—Fort York,http://www.parl.gc.ca/Parliamentarians/Images/OfficialMPPhotos/41/VaughanAdam_Lib.jpg,,Adam.Vaughan@parl.gc.ca,https://twitter.com/TOAdamVaughan,54434
58519,Judy Foote,Liberal,liberal,Bonavista—Burin—Trinity,http://www.parl.gc.ca/Parliamentarians/Images/OfficialMPPhotos/41/FooteJudy_Lib.jpg,,judy.foote@parl.gc.ca,https://twitter.com/JudyFooteMP,58519
58621,Alexandra Mendès,Liberal,liberal,Brossard—Saint-Lambert,http://www.parl.gc.ca/Parliamentarians/Images/OfficialMPPhotos/40/MendesAlexandra_LIB.jpg,,Alexandra.Mendes@parl.gc.ca,https://twitter.com/AlexandraBrStL,58621
58707,Pierre Breton,Liberal,liberal,Shefford,,,Pierre.Breton@parl.gc.ca,https://twitter.com/pierrebretonplc,58707
58733,Justin Trudeau,Liberal,liberal,Papineau,http://www.parl.gc.ca/Parliamentarians/Images/OfficialMPPhotos/41/TrudeauJustin_Lib.jpg,,justin.trudeau@parl.gc.ca,https://twitter.com/JustinTrudeau,58733
58775,Alexandre Boulerice,NDP,ndp,Rosemont—La Petite-Patrie,http://www.parl.gc.ca/Parliamentarians/Images/OfficialMPPhotos/41/BoulericeAlexandre_NPD.jpg,,Alexandre.Boulerice@parl.gc.ca,https://twitter.com/alexboulerice,58775
58806,Eva Nassif,Liberal,liberal,Vimy,,,Eva.Nassif@parl.gc.ca,https://twitter.com/EvaNassifVimy,58806
58858,Robert Oliphant,Liberal,liberal,Don Valley West,http://www.parl.gc.ca/Parliamentarians/Images/OfficialMPPhotos/40/OliphantRobert_Lib.jpg,,,https://twitter.com/Rob_Oliphant,58858
58877,Kirsty Duncan,Liberal,liberal,Etobicoke North,http://www.parl.gc.ca/Parliamentarians/Images/OfficialMPPhotos/41/DuncanKirsty_Lib.jpg,,kirsty.duncan@parl.gc.ca,https://twitter.com/KirstyDuncanMP,58877
58878,Bob Saroya,Conservative,conservative,Markham—Unionville,,,Bob.Saroya@parl.gc.ca,https://twitter.com/BobSaroya,58878
59110,Candice Bergen,Conservative,conservative,Portage—Lisgar,http://www.parl.gc.ca/Parliamentarians/Images/OfficialMPPhotos/41/HoeppnerCandice_CPC.jpg,,candice.bergen@parl.gc.ca,https://twitter.com/CandiceBergenMP,59110
59148,Randy Hoback,Conservative,conservative,Prince Albert,http://www.parl.gc.ca/Parliamentarians/Images/OfficialMPPhotos/41/HobackRandy_CPC.jpg,,randy.hoback@parl.gc.ca,https://twitter.com/MPRandyHoback,59148
59156,Kelly Block,Conservative,conservative,Carlton Trail—Eagle Creek,http://www.parl.gc.ca/Parliamentarians/Images/OfficialMPPhotos/41/BlockKelly_CPC.jpg,,kelly.block@parl.gc.ca,https://twitter.com/KellyBlockmp,59156
59226,Earl Dreeshen,Conservative,conservative,Red Deer—Mountain View,http://www.parl.gc.ca/Parliamentarians/Images/OfficialMPPhotos/41/DreeshenEarl_CPC.jpg,,earl.dreeshen@parl.gc.ca,https://twitter.com/earl_dreeshen,59226
59235,Blake Richards,Conservative,conservative,Banff—Airdrie,http://www.parl.gc.ca/Parliamentarians/Images/OfficialMPPhotos/41/RichardsBlake_CPC.jpg,,blake.richards@parl.gc.ca,https://twitter.com/BlakeRichardsMP,59235
59265,Cathy McLeod,Conservative,conservative,Kamloops—Thompson—Cariboo,http://www.parl.gc.ca/Parliamentarians/Images/OfficialMPPhotos/41/McLeodCathy_CPC.jpg,,cathy.mcleod@parl.gc.ca,https://twitter.com/Cathy_McLeod,59265
59293,Ron McKinnon,Liberal,liberal,Coquitlam—Port Coquitlam,,,Ron.McKinnon@parl.gc.ca,https://twitter.com/RonMcKinnonLib,59293
59325,Don Davies,NDP,ndp,Vancouver Kingsway,http://www.parl.gc.ca/Parliamentarians/Images/OfficialMPPhotos/41/DaviesDon_NDP.jpg,,don.davies@parl.gc.ca,https://twitter.com/DonDavies,59325
60078,Murray Rankin,NDP,ndp,Victoria,http://www.parl.gc.ca/Parliamentarians/Images/OfficialMPPhotos/41/MurrayRankin_NDP.jpg,,Murray.Rankin@parl.gc.ca,https://twitter.com/MurrayRankin,60078
63592,Fin Donnelly,NDP,ndp,Port Moody—Coquitlam,http://www.parl.gc.ca/Parliamentarians/Images/OfficialMPPhotos/41/DonnellyFin_NDP.jpg,,fin.donnelly@parl.gc.ca,https://twitter.com/FinDonnelly,63592
63908,Bernard Généreux,Conservative,conservative,Montmagny—L'Islet—Kamouraska—Rivière-du-Loup,http://www.parl.gc.ca/Parliamentarians/Images/OfficialMPPhotos/40/GenereuxBernard.jpg,,Bernard.Genereux@parl.gc.ca,https://twitter.com/GenereuxBernard,63908
69488,Robert Sopuck,Conservative,conservative,Dauphin—Swan River—Neepawa,http://www.parl.gc.ca/Parliamentarians/Images/OfficialMPPhotos/41/SopuckRobert_CPC.jpg,,robert.sopuck@parl.gc.ca,https://twitter.com/RobertSopuck,69488
709,Robert Nault,Liberal,liberal,Kenora,http://www.parl.gc.ca/Parliamentarians/Images/OfficialMPPhotos/37/NaultR.JPG,,,https://twitter.com/VoteBobNault,709
71270,Sean Casey,Liberal,liberal,Charlottetown,http://www.parl.gc.ca/Parliamentarians/Images/OfficialMPPhotos/41/CaseySean_Lib.jpg,,Sean.Casey@parl.gc.ca,https://twitter.com/SeanCaseyLPC,71270
71337,Angelo Iacono,Liberal,liberal,Alfred-Pellan,,,,https://twitter.com/AngeloIacono,71337
71350,Anne Minh-Thu Quach,NDP,ndp,Salaberry—Suroît,http://www.parl.gc.ca/Parliamentarians/Images/OfficialMPPhotos/41/QuachAnneMinhThu_NDP.jpg,,AnneMinh-Thu.Quach@parl.gc.ca,https://twitter.com/AnneMTQuach,71350
71357,Ruth Ellen Brosseau,NDP,ndp,Berthier—Maskinongé,http://www.parl.gc.ca/Parliamentarians/Images/OfficialMPPhotos/41/BrosseauRuthEllen_NDP.jpg,,RuthEllen.Brosseau@parl.gc.ca,https://twitter.com/RE_Brosseau,71357
71368,Matthew Dubé,NDP,ndp,Beloeil—Chambly,http://www.parl.gc.ca/Parliamentarians/Images/OfficialMPPhotos/41/DubeMatthew_NDP.jpg,,Matthew.Dube@parl.gc.ca,https://twitter.com/MattDube,71368
71395,Marjolaine Boutin-Sweet,NDP,ndp,Hochelaga,http://www.parl.gc.ca/Parliamentarians/Images/OfficialMPPhotos/41/BoutinSweetMarjolaine_NDP.jpg,,Marjolaine.Boutin-Sweet@parl.gc.ca,https://twitter.com/MarjBoutinSweet,71395
71434,Hélène Laverdière,NDP,ndp,Laurier—Sainte-Marie,http://www.parl.gc.ca/Parliamentarians/Images/OfficialMPPhotos/41/LaverdièreHélène_NDP.jpg,,Helene.Laverdiere@parl.gc.ca,https://twitter.com/HLaverdiereNPD,71434
71447,Pierre Nantel,NDP,ndp,Longueuil—Saint-Hubert,http://www.parl.gc.ca/Parliamentarians/Images/OfficialMPPhotos/41/NantelPierre_NDP.jpg,,Pierre.Nantel@parl.gc.ca,https://twitter.com/pierrenantel,71447
71454,Pierre Paul-Hus,Conservative,conservative,Charlesbourg—Haute-Saint-Charles,,,Pierre.Paul-Hus@parl.gc.ca,,71454
71482,Romeo Saganash,NDP,ndp,Abitibi—Baie-James—Nunavik—Eeyou,http://www.parl.gc.ca/Parliamentarians/Images/OfficialMPPhotos/41/SaganashRomeo_NDP.jpg,,Romeo.Saganash@parl.gc.ca,https://twitter.com/RomeoSaganash,71482
71529,Michel Picard,Liberal,liberal,Montarville,,,Michel.Picard@parl.gc.ca,https://twitter.com/MPicardLiberal,71529
71553,Pierre-Luc Dusseault,NDP,ndp,Sherbrooke,http://www.parl.gc.ca/Parliamentarians/Images/OfficialMPPhotos/41/DusseaultPierreLuc_NDP.jpg,,Pierre-Luc.Dusseault@parl.gc.ca,https://twitter.com/PLDusseault,71553
71560,Robert Aubin,NDP,ndp,Trois-Rivières,http://www.parl.gc.ca/Parliamentarians/Images/OfficialMPPhotos/41/AubinRobert_NDP.jpg,,Robert.Aubin@parl.gc.ca,https://twitter.com/RobertAubinNPD,71560
71599,Bryan May,Liberal,liberal,Cambridge,,,Bryan.May@parl.gc.ca,https://twitter.com/_BryanMay,71599
71602,Karen McCrimmon,Liberal,liberal,Kanata—Carleton,,,Karen.McCrimmon@parl.gc.ca,https://twitter.com/karenmccrimmon,71602
71692,Peter Fonseca,Liberal,liberal,Mississauga East—Cooksville,,,Peter.Fonseca@parl.gc.ca,https://twitter.com/votefonseca,71692
71702,Kyle Peterson,Liberal,liberal,Newmarket—Aurora,,,Kyle.Peterson@parl.gc.ca,https://twitter.com/kylejpeterson,71702
71718,Kim Rudd,Liberal,liberal,Northumberland—Peterborough South,,,Kim.Rudd@parl.gc.ca,https://twitter.com/RuddKim,71718
71738,Anita Vandenbeld,Liberal,liberal,Ottawa West—Nepean,,,Anita.Vandenbeld@parl.gc.ca,https://twitter.com/anitavandenbeld,71738
71786,K. Kellie Leitch,Conservative,conservative,Simcoe—Grey,http://www.parl.gc.ca/Parliamentarians/Images/OfficialMPPhotos/41/LeitchKellie_CPC.jpg,,Kellie.Leitch@parl.gc.ca,https://twitter.com/KellieLeitch,71786
71902,Michelle Rempel,Conservative,conservative,Calgary Nose Hill,http://www.parl.gc.ca/Parliamentarians/Images/OfficialMPPhotos/41/RempelMichelle_CPC.jpg,,Michelle.Rempel@parl.gc.ca,https://twitter.com/MichelleRempel,71902
71945,Jim Hillyer,Conservative,conservative,Medicine Hat—Cardston—Warner,http://www.parl.gc.ca/Parliamentarians/Images/OfficialMPPhotos/41/HillyerJim_CPC.jpg,,Jim.Hillyer@parl.gc.ca,,71945
71986,Mark Strahl,Conservative,conservative,Chilliwack—Hope,http://www.parl.gc.ca/Parliamentarians/Images/OfficialMPPhotos/41/StrahlMark_CPC.jpg,,Mark.Strahl@parl.gc.ca,https://twitter.com/markstrahl,71986
71995,Randall Garrison,NDP,ndp,Esquimalt—Saanich—Sooke,http://www.parl.gc.ca/Parliamentarians/Images/OfficialMPPhotos/41/GarrisonRandallC_NDP.jpg,,Randall.Garrison@parl.gc.ca,https://twitter.com/r_garrison,71995
72029,Dan Albas,Conservative,conservative,Central Okanagan—Similkameen—Nicola,http://www.parl.gc.ca/Parliamentarians/Images/OfficialMPPhotos/41/AlbasDan_CPC.jpg,,Dan.Albas@parl.gc.ca,https://twitter.com/DanAlbas,72029
72035,Bob Zimmer,Conservative,conservative,Prince George—Peace River—Northern Rockies,http://www.parl.gc.ca/Parliamentarians/Images/OfficialMPPhotos/41/ZimmerBob_CPC.jpg,,Bob.Zimmer@parl.gc.ca,https://twitter.com/bobzimmermp,72035
7251,Larry Maguire,Conservative,conservative,Brandon—Souris,http://www.parl.gc.ca/Parliamentarians/Images/OfficialMPPhotos/41/MaguireLarry_CPC.jpg,,Larry.Maguire@parl.gc.ca,https://twitter.com/LarryMaguireMP,7251
72773,Erin O'Toole,Conservative,conservative,Durham,http://www.parl.gc.ca/Parliamentarians/Images/OfficialMPPhotos/41/O'TooleErin_CPC.jpg,,Erin.OToole@parl.gc.ca,https://twitter.com/ErinOTooleMP,72773
74,Scott Brison,Liberal,liberal,Kings—Hants,http://www.parl.gc.ca/Parliamentarians/Images/OfficialMPPhotos/41/BrisonScott_Lib.jpg,,scott.brison@parl.gc.ca,https://twitter.com/scottbrison,74
764,Irene Mathyssen,NDP,ndp,London—Fanshawe,http://www.parl.gc.ca/Parliamentarians/Images/OfficialMPPhotos/41/MathyssenIrene_NDP.jpg,,irene.mathyssen@parl.gc.ca,https://twitter.com/irenemathyssen,764
820,Rob Nicholson,Conservative,conservative,Niagara Falls,http://www.parl.gc.ca/Parliamentarians/Images/OfficialMPPhotos/41/NicholsonRob_CPC.jpg,,rob.nicholson@parl.gc.ca,https://twitter.com/HonRobNicholson,820
84660,Emmanuel Dubourg,Liberal,liberal,Bourassa,http://www.parl.gc.ca/Parliamentarians/Images/OfficialMPPhotos/41/DubourgEmmanuel_Lib.jpg,,Emmanuel.Dubourg@parl.gc.ca,https://twitter.com/EmmanuelDubourg,84660
84665,Chrystia Freeland,Liberal,liberal,University—Rosedale,,,Chrystia.Freeland@parl.gc.ca,https://twitter.com/cafreeland,84665
84672,Ted Falk,Conservative,conservative,Provencher,http://www.parl.gc.ca/Parliamentarians/Images/OfficialMPPhotos/41/FalkTed_CPC.jpg,,Ted.Falk@parl.gc.ca,https://twitter.com/TedFalkCPC,84672
86249,Arnold Chan,Liberal,liberal,Scarborough—Agincourt,http://www.parl.gc.ca/Parliamentarians/Images/OfficialMPPhotos/41/ChanArnold_Lib.jpg,,Arnold.Chan@parl.gc.ca,https://twitter.com/ArnoldChanLib,86249
86260,David Yurdiga,Conservative,conservative,Fort McMurray—Cold Lake,http://www.parl.gc.ca/Parliamentarians/Images/OfficialMPPhotos/41/YurdigaDavid_CPC.jpg,,David.Yurdiga@parl.gc.ca,https://twitter.com/DavidYurdiga,86260
86261,John Barlow,Conservative,conservative,Foothills,http://www.parl.gc.ca/Parliamentarians/Images/OfficialMPPhotos/41/BarlowJohn_CPC.jpg,,John.Barlow@parl.gc.ca,https://twitter.com/JohnBarlowMP,86261
86786,Celina Caesar-Chavannes,Liberal,liberal,Whitby,,,Celina.Caesar-Chavannes@parl.gc.ca,https://twitter.com/celinachavannes,86786
873,Mauril Bélanger,Liberal,liberal,Ottawa—Vanier,http://www.parl.gc.ca/Parliamentarians/Images/OfficialMPPhotos/41/BélangerMauril_Lib.jpg,,mauril.belanger@parl.gc.ca,https://twitter.com/Mauril_Belanger,873
88283,Ken McDonald,Liberal,liberal,Avalon,,,Ken.McDonald@parl.gc.ca,https://twitter.com/avalonMPKen,88283
88292,Gudie Hutchings,Liberal,liberal,Long Range Mountains,,,Gudie.Hutchings@parl.gc.ca,https://twitter.com/Gudie,88292
88296,Nick Whalen,Liberal,liberal,St. John's East,,,Nick.Whalen@parl.gc.ca,https://twitter.com/NickWhalenMP,88296
88299,Seamus O'Regan,Liberal,liberal,St. John's South—Mount Pearl,,,Seamus.ORegan@parl.gc.ca,https://twitter.com/SeamusORegan,88299
88308,Robert Morrissey,Liberal,liberal,Egmont,,,Robert.Morrissey@parl.gc.ca,https://twitter.com/MorrisseyEgmont,88308
88316,Sean Fraser,Liberal,liberal,Central Nova,,,Sean.Fraser@parl.gc.ca,https://twitter.com/electseanfraser,88316
88323,Darren Fisher,Liberal,liberal,Dartmouth—Cole Harbour,,,Darren.Fisher@parl.gc.ca,https://twitter.com/DarrenFisherNS,88323
88325,Andy Fillmore,Liberal,liberal,Halifax,,,Andy.Fillmore@parl.gc.ca,https://twitter.com/AndyFillmoreHFX,88325
88333,Darrell Samson,Liberal,liberal,Sackville—Preston—Chezzetcook,,,Darrell.Samson@parl.gc.ca,https://twitter.com/darrellsamson,88333
88340,Bernadette Jordan,Liberal,liberal,South Shore—St. Margarets,,,Bernadette.Jordan@parl.gc.ca,https://twitter.com/BernJordan2015,88340
88346,Colin Fraser,Liberal,liberal,West Nova,,,Colin.Fraser@parl.gc.ca,https://twitter.com/colinjmfraser,88346
88350,Serge Cormier,Liberal,liberal,Acadie—Bathurst,,,Serge.Cormier@parl.gc.ca,https://twitter.com/sergecormierlib,88350
88355,Matt DeCourcey,Liberal,liberal,Fredericton,,,Matt.DeCourcey@parl.gc.ca,https://twitter.com/MattDeCourcey,88355
88357,Alaina Lockhart,Liberal,liberal,Fundy Royal,,,Alaina.Lockhart@parl.gc.ca,https://twitter.com/AlainaLockhart,88357
88360,Pat Finnigan,Liberal,liberal,Miramichi—Grand Lake,,,Pat.Finnigan@parl.gc.ca,https://twitter.com/PatriceFinnigan,88360
88364,Ginette Petitpas Taylor,Liberal,liberal,Moncton—Riverview—Dieppe,,,Ginette.PetitpasTaylor@parl.gc.ca,https://twitter.com/GPTaylorMRD,88364
88365,Karen Ludwig,Liberal,liberal,New Brunswick Southwest,,,Karen.Ludwig@parl.gc.ca,https://twitter.com/KarenLudwigNB,88365
88368,Wayne Long,Liberal,liberal,Saint John—Rothesay,,,Wayne.Long@parl.gc.ca,https://twitter.com/WayneLongSJ,88368
88370,TJ Harvey,Liberal,liberal,Tobique—Mactaquac,,,TJ.Harvey@parl.gc.ca,https://twitter.com/TJHarveyLib,88370
88384,Mélanie Joly,Liberal,liberal,Ahuntsic-Cartierville,,,Melanie.Joly@parl.gc.ca,https://twitter.com/melaniejoly,88384
88394,Stéphane Lauzon,Liberal,liberal,Argenteuil—La Petite-Nation,,,Stephane.Lauzon@parl.gc.ca,https://twitter.com/stephanelauzon5,88394
88397,Rémi Massé,Liberal,liberal,Avignon—La Mitis—Matane—Matapédia,,,Remi.Masse@parl.gc.ca,https://twitter.com/Remi_Masse1,88397
88404,Alupa Clarke,Conservative,conservative,Beauport—Limoilou,,,Alupa.Clarke@parl.gc.ca,https://twitter.com/Alupa_Clarke,88404
88419,Ramez Ayoub,Liberal,liberal,Thérèse-De Blainville,,,Ramez.Ayoub@parl.gc.ca,https://twitter.com/ramezayoub,88419
88422,Xavier Barsalou-Duval,Bloc Québécois,bloc_québécois,Pierre-Boucher—Les Patriotes—Verchères,,,Xavier.Barsalou-Duval@parl.gc.ca,,88422
88442,Brenda Shanahan,Liberal,liberal,Châteauguay—Lacolle,,,Brenda.Shanahan@parl.gc.ca,https://twitter.com/BShanahanLib,88442
88446,Denis Lemieux,Liberal,liberal,Chicoutimi—Le Fjord,,,Denis.Lemieux@parl.gc.ca,https://twitter.com/DenisLemieuxLib,88446
88449,Marie-Claude Bibeau,Liberal,liberal,Compton—Stanstead,,,Marie-Claude.Bibeau@parl.gc.ca,https://twitter.com/mclaudebibeau,88449
88453,Anju Dhillon,Liberal,liberal,Dorval—Lachine—LaSalle,,,Anju.Dhillon@parl.gc.ca,https://twitter.com/adhillonliberal,88453
88460,Diane Lebouthillier,Liberal,liberal,Gaspésie—Les Îles-de-la-Madeleine,,,Diane.Lebouthillier@parl.gc.ca,https://twitter.com/DiLebouthillier,88460
88468,Steven MacKinnon,Liberal,liberal,Gatineau,,,Steven.MacKinnon@parl.gc.ca,https://twitter.com/stevenmackinnon,88468
88478,Greg Fergus,Liberal,liberal,Hull—Aylmer,,,Greg.Fergus@parl.gc.ca,https://twitter.com/GregFergus,88478
88485,Gabriel Ste-Marie,Bloc Québécois,bloc_québécois,Joliette,,,Gabriel.Ste-Marie@parl.gc.ca,https://twitter.com/Gabriel_SMarie,88485
88488,Karine Trudel,NDP,ndp,Jonquière,,,Karine.Trudel@parl.gc.ca,https://twitter.com/trudel_karine,88488
88493,Jean-Claude Poissant,Liberal,liberal,La Prairie,,,Jean-Claude.Poissant@parl.gc.ca,https://twitter.com/PLCLaPrairieJCP,88493
88501,David Lametti,Liberal,liberal,LaSalle—Émard—Verdun,,,David.Lametti@parl.gc.ca,https://twitter.com/DavidLametti,88501
88504,David Graham,Liberal,liberal,Laurentides—Labelle,,,David.Graham@parl.gc.ca,https://twitter.com/daviddbgraham,88504
88515,Fayçal El-Khoury,Liberal,liberal,Laval—Les Îles,,,Faycal.El-Khoury@parl.gc.ca,https://twitter.com/F_ElKhoury,88515
88521,Sherry Romanado,Liberal,liberal,Longueuil—Charles-LeMoyne,,,Sherry.Romanado@parl.gc.ca,https://twitter.com/SherryRomanado,88521
88532,Joël Lightbound,Liberal,liberal,Louis-Hébert,,,Joel.Lightbound@parl.gc.ca,https://twitter.com/JoelLightbound,88532
88535,Gérard Deltell,Conservative,conservative,Louis-Saint-Laurent,,,Gerard.Deltell@parl.gc.ca,https://twitter.com/gerarddeltell,88535
88538,Marilène Gill,Bloc Québécois,bloc_québécois,Manicouagan,,,Marilene.Gill@parl.gc.ca,,88538
88541,Luc Berthold,Conservative,conservative,Mégantic—L'Érable,,,Luc.Berthold@parl.gc.ca,https://twitter.com/LucBerthold,88541
88544,Simon Marcil,Bloc Québécois,bloc_québécois,Mirabel,,,Simon.Marcil@parl.gc.ca,,88544
88552,Luc Thériault,Bloc Québécois,bloc_québécois,Montcalm,,,Luc.Theriault@parl.gc.ca,https://twitter.com/LucTerjo1,88552
88558,Anthony Housefather,Liberal,liberal,Mount Royal,,,Anthony.Housefather@parl.gc.ca,https://twitter.com/AHousefather,88558
88578,Frank Baylis,Liberal,liberal,Pierrefonds—Dollard,,,Frank.Baylis@parl.gc.ca,https://twitter.com/frankbaylis,88578
88595,Monique Pauzé,Bloc Québécois,bloc_québécois,Repentigny,,,Monique.Pauze@parl.gc.ca,,88595
88600,Alain Rayes,Conservative,conservative,Richmond—Arthabaska,,,Alain.Rayes@parl.gc.ca,https://twitter.com/AlainRayes,88600
88601,Linda Lapointe,Liberal,liberal,Rivière-des-Mille-Îles,,,Linda.Lapointe@parl.gc.ca,https://twitter.com/LapointeLinda,88601
88605,Rhéal Fortin,Bloc Québécois,bloc_québécois,Rivière-du-Nord,,,Rheal.Fortin@parl.gc.ca,https://twitter.com/reloif,88605
88617,Yves Robillard,Liberal,liberal,Marc-Aurèle-Fortin,,,Yves.Robillard@parl.gc.ca,https://twitter.com/YRobillardPLC,88617
88623,Jean Rioux,Liberal,liberal,Saint-Jean,,,Jean.Rioux@parl.gc.ca,https://twitter.com/jeanriouxplc,88623
88627,Nicola Di Iorio,Liberal,liberal,Saint-Léonard—Saint-Michel,,,Nicola.DiIorio@parl.gc.ca,https://twitter.com/DiIorioLiberal,88627
88633,François-Philippe Champagne,Liberal,liberal,Saint-Maurice—Champlain,,,Francois-Philippe.Champagne@parl.gc.ca,https://twitter.com/FP_Champagne,88633
88649,Peter Schiefke,Liberal,liberal,Vaudreuil—Soulanges,,,Peter.Schiefke@parl.gc.ca,https://twitter.com/PeterSchiefke,88649
88651,Michel Boudrias,Bloc Québécois,bloc_québécois,Terrebonne,,,Michel.Boudrias@parl.gc.ca,https://twitter.com/boudrias2015,88651
88660,Marc Miller,Liberal,liberal,Ville-Marie—Le Sud-Ouest—Île-des-Soeurs,,,Marc.Miller@parl.gc.ca,https://twitter.com/MarcMillerVM,88660
88671,Leona Alleslev,Liberal,liberal,Aurora—Oak Ridges—Richmond Hill,,,Leona.Alleslev@parl.gc.ca,https://twitter.com/LeonaAlleslev,88671
88674,John Brassard,Conservative,conservative,Barrie—Innisfil,,,John.Brassard@parl.gc.ca,https://twitter.com/JohnBrassardCPC,88674
88679,Alexander Nuttall,Conservative,conservative,Barrie—Springwater—Oro-Medonte,,,Alex.Nuttall@parl.gc.ca,,88679
88683,Neil Ellis,Liberal,liberal,Bay of Quinte,,,Neil.Ellis@parl.gc.ca,https://twitter.com/NeilREllis,88683
88687,Nathaniel Erskine-Smith,Liberal,liberal,Beaches—East York,,,Nathaniel.Erskine-Smith@parl.gc.ca,https://twitter.com/beynate,88687
88692,Ramesh Sangha,Liberal,liberal,Brampton Centre,,,Ramesh.Sangha@parl.gc.ca,https://twitter.com/sangharamesh,88692
88694,Raj Grewal,Liberal,liberal,Brampton East,,,Raj.Grewal@parl.gc.ca,https://twitter.com/RajLiberal,88694
88698,Ruby Sahota,Liberal,liberal,Brampton North,,,Ruby.Sahota@parl.gc.ca,https://twitter.com/MPRubySahota,88698
88703,Sonia Sidhu,Liberal,liberal,Brampton South,,,Sonia.Sidhu@parl.gc.ca,https://twitter.com/SoniaLiberal,88703
88705,Kamal Khera,Liberal,liberal,Brampton West,,,Kamal.Khera@parl.gc.ca,https://twitter.com/KamalKheraLib,88705
88715,Karina Gould,Liberal,liberal,Burlington,,,Karina.Gould@parl.gc.ca,https://twitter.com/karinagould,88715
88721,Julie Dzerowicz,Liberal,liberal,Davenport,,,Julie.Dzerowicz@parl.gc.ca,https://twitter.com/JulieDzerowicz,88721
88726,Geng Tan,Liberal,liberal,Don Valley North,,,Geng.Tan@parl.gc.ca,https://twitter.com/GengTanMP,88726
88738,Marco Mendicino,Liberal,liberal,Eglinton—Lawrence,,,Marco.Mendicino@parl.gc.ca,https://twitter.com/marcomendicino,88738
88742,Karen Vecchio,Conservative,conservative,Elgin—Middlesex—London,,,Karen.Vecchio@parl.gc.ca,https://twitter.com/karen_vecchio,88742
88745,Tracey Ramsey,NDP,ndp,Essex,,,Tracey.Ramsey@parl.gc.ca,https://twitter.com/traceyram,88745
88748,James Maloney,Liberal,liberal,Etobicoke—Lakeshore,,,James.Maloney@parl.gc.ca,https://twitter.com/j_maloney,88748
88756,Francis Drouin,Liberal,liberal,Glengarry—Prescott—Russell,,,Francis.Drouin@parl.gc.ca,https://twitter.com/Francis_Drouin,88756
88761,Lloyd Longfield,Liberal,liberal,Guelph,,,Lloyd.Longfield@parl.gc.ca,https://twitter.com/LloydLongfield,88761
88770,Jamie Schmale,Conservative,conservative,Haliburton—Kawartha Lakes—Brock,,,Jamie.Schmale@parl.gc.ca,https://twitter.com/Jamie_Schmale,88770
88775,Bob Bratina,Liberal,liberal,Hamilton East—Stoney Creek,,,Bob.Bratina@parl.gc.ca,https://twitter.com/BratinaBobHESC,88775
88780,Scott Duvall,NDP,ndp,Hamilton Mountain,,,Scott.Duvall@parl.gc.ca,https://twitter.com/sduvall07,88780
88784,Filomena Tassi,Liberal,liberal,Hamilton West—Ancaster—Dundas,,,Filomena.Tassi@parl.gc.ca,https://twitter.com/votetassi,88784
88786,Mike Bossio,Liberal,liberal,Hastings—Lennox and Addington,,,Mike.Bossio@parl.gc.ca,https://twitter.com/MikeBossio,88786
88799,Deborah Schulte,Liberal,liberal,King—Vaughan,,,Deb.Schulte@parl.gc.ca,https://twitter.com/_DebSchulte,88799
88802,Mark Gerretsen,Liberal,liberal,Kingston and the Islands,,,Mark.Gerretsen@parl.gc.ca,https://twitter.com/MarkGerretsen,88802
88807,Raj Saini,Liberal,liberal,Kitchener Centre,,,Raj.Saini@parl.gc.ca,https://twitter.com/1rajsaini,88807
88813,Marwan Tabbara,Liberal,liberal,Kitchener South—Hespeler,,,Marwan.Tabbara@parl.gc.ca,https://twitter.com/VoteTABBARA,88813
88827,Peter Fragiskatos,Liberal,liberal,London North Centre,,,Peter.Fragiskatos@parl.gc.ca,https://twitter.com/pfragiskatos,88827
88832,Kate Young,Liberal,liberal,London West,,,Kate.Young@parl.gc.ca,https://twitter.com/VoteKateYoung,88832
88835,Jane Philpott,Liberal,liberal,Markham—Stouffville,,,Jane.Philpott@parl.gc.ca,https://twitter.com/janephilpott,88835
88849,Iqra Khalid,Liberal,liberal,Mississauga—Erin Mills,,,Iqra.Khalid@parl.gc.ca,https://twitter.com/iamIqraKhalid,88849
88852,Sven Spengemann,Liberal,liberal,Mississauga—Lakeshore,,,Sven.Spengemann@parl.gc.ca,https://twitter.com/SvenTrueNorth,88852
88858,Gagan Sikand,Liberal,liberal,Mississauga—Streetsville,,,Gagan.Sikand@parl.gc.ca,https://twitter.com/gagansikand,88858
88860,Chandra Arya,Liberal,liberal,Nepean,,,Chandra.Arya@parl.gc.ca,https://twitter.com/ChandraNepean,88860
88867,Vance Badawey,Liberal,liberal,Niagara Centre,,,Vance.Badawey@parl.gc.ca,https://twitter.com/VBadawey,88867
88874,Marc Serré,Liberal,liberal,Nickel Belt,,,Marc.Serre@parl.gc.ca,https://twitter.com/marcgserre,88874
88881,John Oliver,Liberal,liberal,Oakville,,,John.Oliver@parl.gc.ca,https://twitter.com/voteoliver,88881
88884,Pam Damoff,Liberal,liberal,Oakville North—Burlington,,,Pam.Damoff@parl.gc.ca,https://twitter.com/PamDamoff,88884
88892,Catherine McKenna,Liberal,liberal,Ottawa Centre,,,Catherine.McKenna@parl.gc.ca,https://twitter.com/cathmckenna,88892
88894,Andrew Leslie,Liberal,liberal,Orléans,,,Andrew.Leslie@parl.gc.ca,,88894
88910,Arif Virani,Liberal,liberal,Parkdale—High Park,,,Arif.Virani@parl.gc.ca,https://twitter.com/viraniarif,88910
88917,John Nater,Conservative,conservative,Perth—Wellington,,,John.Nater@parl.gc.ca,https://twitter.com/JLNater,88917
88922,Maryam Monsef,Liberal,liberal,Peterborough—Kawartha,,,Maryam.Monsef@parl.gc.ca,https://twitter.com/MaryamMonsef,88922
88925,Jennifer O'Connell,Liberal,liberal,Pickering—Uxbridge,,,Jennifer.OConnell@parl.gc.ca,https://twitter.com/jenoconnell_,88925
88929,Majid Jowhari,Liberal,liberal,Richmond Hill,,,Majid.Jowhari@parl.gc.ca,https://twitter.com/MajidJowhari,88929
88934,Chris Bittle,Liberal,liberal,St. Catharines,,,Chris.Bittle@parl.gc.ca,https://twitter.com/Chris_Bittle,88934
88938,Marilyn Gladu,Conservative,conservative,Sarnia—Lambton,,,Marilyn.Gladu@parl.gc.ca,,88938
88944,Terry Sheehan,Liberal,liberal,Sault Ste. Marie,,,Terry.Sheehan@parl.gc.ca,https://twitter.com/VoteTerry,88944
88950,Salma Zahid,Liberal,liberal,Scarborough Centre,,,Salma.Zahid@parl.gc.ca,https://twitter.com/SalmaZahid15,88950
88953,Shaun Chen,Liberal,liberal,Scarborough North,,,Shaun.Chen@parl.gc.ca,https://twitter.com/Shaun_Chen,88953
88961,William Blair,Liberal,liberal,Scarborough Southwest,,,Bill.Blair@parl.gc.ca,https://twitter.com/BillBlair,88961
88973,Paul Lefebvre,Liberal,liberal,Sudbury,,,Paul.Lefebvre@parl.gc.ca,https://twitter.com/LefebvrePaul,88973
88982,Don Rusnak,Liberal,liberal,Thunder Bay—Rainy River,,,Don.Rusnak@parl.gc.ca,https://twitter.com/DonRusnakMP,88982
88984,Patricia Hajdu,Liberal,liberal,Thunder Bay—Superior North,,,Patty.Hajdu@parl.gc.ca,https://twitter.com/PattyHajdu,88984
88992,Bill Morneau,Liberal,liberal,Toronto Centre,,,Bill.Morneau@parl.gc.ca,https://twitter.com/Bill_Morneau,88992
88994,Julie Dabrusin,Liberal,liberal,Toronto—Danforth,,,Julie.Dabrusin@parl.gc.ca,https://twitter.com/juliedabrusin,88994
88999,Francesco Sorbara,Liberal,liberal,Vaughan—Woodbridge,,,Francesco.Sorbara@parl.gc.ca,https://twitter.com/fsorbara,88999
89000,Bardish Chagger,Liberal,liberal,Waterloo,,,Bardish.Chagger@parl.gc.ca,https://twitter.com/BardishKW,89000
89010,Ali Ehsassi,Liberal,liberal,Willowdale,,,Ali.Ehsassi@parl.gc.ca,https://twitter.com/AliEhsassi,89010
89012,Cheryl Hardcastle,NDP,ndp,Windsor—Tecumseh,,,Cheryl.Hardcastle@parl.gc.ca,https://twitter.com/CHardcastleNDP,89012
89018,Michael Levitt,Liberal,liberal,York Centre,,,Michael.Levitt@parl.gc.ca,https://twitter.com/LevittMichael,89018
89020,Ahmed Hussen,Liberal,liberal,York South—Weston,,,Ahmed.Hussen@parl.gc.ca,https://twitter.com/AhmedHussenMP,89020
89027,Doug Eyolfson,Liberal,liberal,Charleswood—St. James—Assiniboia—Headingley,,,Doug.Eyolfson@parl.gc.ca,https://twitter.com/DougEyolfson,89027
89032,Daniel Blaikie,NDP,ndp,Elmwood—Transcona,,,Daniel.Blaikie@parl.gc.ca,https://twitter.com/DBlaikieNDP,89032
89037,MaryAnn Mihychuk,Liberal,liberal,Kildonan—St. Paul,,,MaryAnn.Mihychuk@parl.gc.ca,https://twitter.com/MPMihychuk,89037
89045,Dan Vandal,Liberal,liberal,Saint Boniface—Saint Vital,,,Dan.Vandal@parl.gc.ca,https://twitter.com/stbdan,89045
89059,Jim Carr,Liberal,liberal,Winnipeg South Centre,,,Jim.Carr@parl.gc.ca,https://twitter.com/jimcarr_wpg,89059
89065,Georgina Jolibois,NDP,ndp,Desnethé—Missinippi—Churchill River,,,Georgina.Jolibois@parl.gc.ca,https://twitter.com/GeorginaNDP,89065
89084,Kevin Waugh,Conservative,conservative,Saskatoon—Grasswood,,,Kevin.Waugh@parl.gc.ca,https://twitter.com/KevinWaugh_CPC,89084
89090,Sheri Benson,NDP,ndp,Saskatoon West,,,Sheri.Benson@parl.gc.ca,https://twitter.com/sherirbenson,89090
89095,Robert Kitchen,Conservative,conservative,Souris—Moose Mountain,,,Robert.Kitchen@parl.gc.ca,,89095
89098,Cathay Wagantall,Conservative,conservative,Yorkton—Melville,,,Cathay.Wagantall@parl.gc.ca,,89098
891,Dave MacKenzie,Conservative,conservative,Oxford,http://www.parl.gc.ca/Parliamentarians/Images/OfficialMPPhotos/41/MacKenzieDave_CPC.jpg,,dave.mackenzie@parl.gc.ca,https://twitter.com/DaveMacKenzieMP,891
89109,Martin Shields,Conservative,conservative,Bow River,,,Martin.Shields@parl.gc.ca,https://twitter.com/MartinBowRiver,89109
89111,Kent Hehr,Liberal,liberal,Calgary Centre,,,Kent.Hehr@parl.gc.ca,https://twitter.com/kenthehr,89111
89116,Len Webber,Conservative,conservative,Calgary Confederation,,,Len.Webber@parl.gc.ca,https://twitter.com/Webber4Confed,89116
89130,Pat Kelly,Conservative,conservative,Calgary Rocky Ridge,,,Pat.Kelly@parl.gc.ca,https://twitter.com/votepatkelly,89130
89136,Tom Kmiec,Conservative,conservative,Calgary Shepard,,,Tom.Kmiec@parl.gc.ca,https://twitter.com/tomaszkmiec,89136
89139,Ron Liepert,Conservative,conservative,Calgary Signal Hill,,,Ron.Liepert@parl.gc.ca,https://twitter.com/RonLiepert,89139
89144,Darshan Singh Kang,Liberal,liberal,Calgary Skyview,,,DarshanSingh.Kang@parl.gc.ca,https://twitter.com/darshankang,89144
89147,Randy Boissonnault,Liberal,liberal,Edmonton Centre,,,Randy.Boissonnault@parl.gc.ca,https://twitter.com/R_Boissonnault,89147
89150,Kerry Diotte,Conservative,conservative,Edmonton Griesbach,,,Kerry.Diotte@parl.gc.ca,https://twitter.com/KerryDiotte,89150
89156,Ziad Aboultaif,Conservative,conservative,Edmonton Manning,,,Ziad.Aboultaif@parl.gc.ca,https://twitter.com/ziad4manning,89156
89163,Amarjeet Sohi,Liberal,liberal,Edmonton Mill Woods,,,Amarjeet.Sohi@parl.gc.ca,https://twitter.com/SohiAmarjeet,89163
89167,Matt Jeneroux,Conservative,conservative,Edmonton Riverbend,,,Matt.Jeneroux@parl.gc.ca,https://twitter.com/jeneroux,89167
89179,Kelly McCauley,Conservative,conservative,Edmonton West,,,Kelly.McCauley@parl.gc.ca,https://twitter.com/KellyMcCauleyMP,89179
89198,Shannon Stubbs,Conservative,conservative,Lakeland,,,Shannon.Stubbs@parl.gc.ca,https://twitter.com/ShannonLStubbs,89198
89200,Rachael Harder,Conservative,conservative,Lethbridge,,,Rachael.Harder@parl.gc.ca,,89200
89211,Arnold Viersen,Conservative,conservative,Peace River—Westlock,,,Arnold.Viersen@parl.gc.ca,https://twitter.com/ArnoldViersen,89211
89219,Michael Cooper,Conservative,conservative,St. Albert—Edmonton,,,Michael.Cooper@parl.gc.ca,https://twitter.com/Cooper4SAE,89219
89226,Garnett Genuis,Conservative,conservative,Sherwood Park—Fort Saskatchewan,,,Garnett.Genuis@parl.gc.ca,https://twitter.com/GarnettGenuis,89226
89236,Terry Beech,Liberal,liberal,Burnaby North—Seymour,,,Terry.Beech@parl.gc.ca,https://twitter.com/terrybeech,89236
89249,Todd Doherty,Conservative,conservative,Cariboo—Prince George,,,Todd.Doherty@parl.gc.ca,https://twitter.com/ToddDohertyMP,89249
89258,John Aldag,Liberal,liberal,Cloverdale—Langley City,,,John.Aldag@parl.gc.ca,https://twitter.com/jwaldag,89258
89263,Gord Johns,NDP,ndp,Courtenay—Alberni,,,Gord.Johns@parl.gc.ca,https://twitter.com/GordJohns,89263
89269,Alistair MacGregor,NDP,ndp,Cowichan—Malahat—Langford,,,Alistair.MacGregor@parl.gc.ca,https://twitter.com/AMacGregor4CML,89269
89272,Carla Qualtrough,Liberal,liberal,Delta,,,Carla.Qualtrough@parl.gc.ca,https://twitter.com/CQualtro,89272
89274,Ken Hardie,Liberal,liberal,Fleetwood—Port Kells,,,Ken.Hardie@parl.gc.ca,https://twitter.com/KenHardie,89274
89279,Stephen Fuhr,Liberal,liberal,Kelowna—Lake Country,,,Stephen.Fuhr@parl.gc.ca,https://twitter.com/Fuhr2015,89279
89281,Wayne Stetski,NDP,ndp,Kootenay—Columbia,,,Wayne.Stetski@parl.gc.ca,https://twitter.com/WayneStetski,89281
89288,Jati Sidhu,Liberal,liberal,Mission—Matsqui—Fraser Canyon,,,Jati.Sidhu@parl.gc.ca,https://twitter.com/JatiSidhuLPC,89288
89294,Mel Arnold,Conservative,conservative,North Okanagan—Shuswap,,,Mel.Arnold@parl.gc.ca,https://twitter.com/MelArnold2015,89294
89300,Jonathan Wilkinson,Liberal,liberal,North Vancouver,,,Jonathan.Wilkinson@parl.gc.ca,https://twitter.com/JonathanWNV,89300
89304,Dan Ruimy,Liberal,liberal,Pitt Meadows—Maple Ridge,,,Dan.Ruimy@parl.gc.ca,https://twitter.com/danruimy2015,89304
89327,Richard Cannings,NDP,ndp,South Okanagan—West Kootenay,,,Richard.Cannings@parl.gc.ca,https://twitter.com/CanningsNDP,89327
89333,Dianne Watts,Conservative,conservative,South Surrey—White Rock,,,Dianne.Watts@parl.gc.ca,https://twitter.com/DianneLWatts,89333
89339,Randeep Sarai,Liberal,liberal,Surrey Centre,,,Randeep.Sarai@parl.gc.ca,https://twitter.com/randeepssarai,89339
89346,Jenny Kwan,NDP,ndp,Vancouver East,,,Jenny.Kwan@parl.gc.ca,https://twitter.com/JennyKwanBC,89346
89354,Rachel Blaney,NDP,ndp,North Island—Powell River,,,Rachel.Blaney@parl.gc.ca,https://twitter.com/RABlaney,89354
89370,Pam Goldsmith-Jones,Liberal,liberal,West Vancouver—Sunshine Coast—Sea to Sky Country,,,Pam.Goldsmith-Jones@parl.gc.ca,https://twitter.com/pgoldsmithjones,89370
89374,Michael McLeod,Liberal,liberal,Northwest Territories,,,Michael.McLeod@parl.gc.ca,https://twitter.com/MMcLeodNWT,89374
89383,René Arseneault,Liberal,liberal,Madawaska—Restigouche,,,Rene.Arseneault@parl.gc.ca,,89383
89407,Joël Godin,Conservative,conservative,Portneuf—Jacques-Cartier,,,Joel.Godin@parl.gc.ca,,89407
89408,Jean-Yves Duclos,Liberal,liberal,Québec,,,Jean-Yves.Duclos@parl.gc.ca,https://twitter.com/jyduclos,89408
89449,Gary Anandasangaree,Liberal,liberal,Scarborough—Rouge Park,,,Gary.Anandasangaree@parl.gc.ca,https://twitter.com/gary_srp,89449
89466,Robert-Falcon Ouellette,Liberal,liberal,Winnipeg Centre,,,Robert-Falcon.Ouellette@parl.gc.ca,https://twitter.com/DrRobbieO,89466
89486,Sheila Malcolmson,NDP,ndp,Nanaimo—Ladysmith,,,Sheila.Malcolmson@parl.gc.ca,https://twitter.com/s_malcolmson,89486
89494,Jody Wilson-Raybould,Liberal,liberal,Vancouver Granville,,,Jody.Wilson-Raybould@parl.gc.ca,https://twitter.com/Puglaas,89494
89497,Harjit S. Sajjan,Liberal,liberal,Vancouver South,,,HarjitS.Sajjan@parl.gc.ca,https://twitter.com/HarjitSajjan,89497
89527,William Amos,Liberal,liberal,Pontiac,,,,https://twitter.com/WillAAmos,89527
89535,Omar Alghabra,Liberal,liberal,Mississauga Centre,,,,https://twitter.com/OmarAlghabra,89535
9137,Brian Masse,NDP,ndp,Windsor West,http://www.parl.gc.ca/Parliamentarians/Images/OfficialMPPhotos/41/MasseBrian_NDP.jpg,,brian.masse@parl.gc.ca,https://twitter.com/BrianMasseMP,9137
9486,David McGuinty,Liberal,liberal,Ottawa South,http://www.parl.gc.ca/Parliamentarians/Images/OfficialMPPhotos/41/McGuintyDavidJ_Lib.jpg,,david.mcguinty@parl.gc.ca,https://twitter.com/DavidMcGuinty,9486
957,John McKay,Liberal,liberal,Scarborough—Guildwood,http://www.parl.gc.ca/Parliamentarians/Images/OfficialMPPhotos/41/McKayJohnNorman_Lib.jpg,,john.mckay@parl.gc.ca,https://twitter.com/JohnMcKayLib,957
992,Carolyn Bennett,Liberal,liberal,Toronto—St. Paul's,http://www.parl.gc.ca/Parliamentarians/Images/OfficialMPPhotos/41/BennettCarolyn_Lib.jpg,,carolyn.bennett@parl.gc.ca,https://twitter.com/Carolyn_Bennett,992
