id,name,sort_name,email,twitter,facebook,group,group_id,area_id,area,chamber,term,start_date,end_date,image,gender
b883709f-ee2e-4918-b1db-d1a6d640e676,ABBA BOUKAR,ABBA BOUKAR,boukar.abba@assnat.cm,,,CNU,cnu,area/north,NORTH,Assemblée Nationale,3,,,,
df5f0680-a3ff-4cb0-900c-dc06ccb19dce,ABBA TIPOUE MALALHA,ABBA TIPOUE MALALHA,malalha.abba@assnat.cm,,,CPDM,cpdm,area/far-north,FAR-NORTH,Assemblée Nationale,3,,,,
dde19e3b-3fa6-497c-b7b0-0f9fd363177b,ABDOULAYE DJINTAL VAYE,ABDOULAYE DJINTAL VAYE,vaye.djintal@assnat.cm,,,CPDM,cpdm,area/far-north,FAR-NORTH,Assemblée Nationale,3,,,,
93a9fd50-98f5-4eae-b96c-c48dc9f15b5c,ABDOULAYE FADIMATOU,ABDOULAYE FADIMATOU,fadimatou.abdoulaye@assnat.cm,,,CNU,cnu,area/north,NORTH,Assemblée Nationale,3,,,,
8b34a7c2-42de-408f-8805-9cc244b205c7,ABOUBAKAR WABBI,ABOUBAKAR WABBI,wabbi.aboubakar@assnat.cm,,,CNU,cnu,area/north,NORTH,Assemblée Nationale,3,,,,
1bdb5f86-f3e3-483e-8350-1ea547f16c3d,ACHA Francis YAH,ACHA Francis YAH,francis.yah@assnat.cm,,,CNU,cnu,area/north-west,NORTH-WEST,Assemblée Nationale,3,,,,
9880f111-e937-4c7c-be8e-35bd23c20e8a,ADAMA HOULY DJONKREO,ADAMA HOULY DJONKREO,djonkreo.adama@assnat.cm,,,CNU,cnu,area/north,NORTH,Assemblée Nationale,3,,,,
770577f7-68f4-4ccc-9c1a-6dd9995240a6,AMOUGOU NGUELE Paul,AMOUGOU NGUELE Paul,paul.nguele@assnat.cm,,,CNU,cnu,area/centre,CENTRE,Assemblée Nationale,3,,,,
3478cd3b-4d2a-4489-8619-0753c3730944,AMYE Gérard,AMYE Gérard,gérard.amye@assnat.cm,,,CNU,cnu,area/centre,CENTRE,Assemblée Nationale,3,,,,
50c2f2c1-a2ef-44b4-97b6-c9b0224964c7,ANGWAFOR III A.N. Salomon,ANGWAFOR III A.N. Salomon,salomon.angwafor@assnat.cm,,,CNU,cnu,area/north-west,NORTH-WEST,Assemblée Nationale,3,,,,
5c3cf1fe-7c1a-4d17-aeca-8bd3093eac47,ASSIGA AHANDA Marie-Thérèse née ATANGANA,ASSIGA AHANDA Marie-Thérèse née ATANGANA,marie-thérèse.assiga@assnat.cm,,,CNU,cnu,area/centre,CENTRE,Assemblée Nationale,3,,,,
eb8d2a24-0f20-4f5b-94d7-801c180751e7,AVA AVA Jean Louis,AVA AVA Jean Louis,louis.ava@assnat.cm,,,CNU,cnu,area/centre,CENTRE,Assemblée Nationale,3,,,,
4a043f4b-3d51-451b-9ef9-5474415b3a0b,AZAOU DOGO,AZAOU DOGO,dogo.azaou@assnat.cm,,,CNU,cnu,area/north,NORTH,Assemblée Nationale,3,,,,
9aa78704-6a63-4769-b258-deb0ec5fe20f,BALA MBARGA Henri,BALA MBARGA Henri,henri.bala@assnat.cm,,,CNU,cnu,area/centre,CENTRE,Assemblée Nationale,3,,,,
a606549f-8ced-4fe6-bea0-c3d1b11b14bd,BETAMBO EPOKO Jean,BETAMBO EPOKO Jean,jean.epoko@assnat.cm,,,CNU,cnu,area/littoral,LITTORAL,Assemblée Nationale,3,,,,
0cf82c13-f766-46e7-bf43-815bd46700b8,BEYINA MESSANGA Jean-Baptiste,BEYINA MESSANGA Jean-Baptiste,jean-baptiste.beyina@assnat.cm,,,CNU,cnu,area/centre,CENTRE,Assemblée Nationale,3,,,,
86084f4c-7090-4059-a1da-a5bc6cff263a,BIKOUL Thérèse,BIKOUL Thérèse,thérèse.bikoul@assnat.cm,,,CNU,cnu,area/east,EAST,Assemblée Nationale,3,,,,
a075ccad-20ef-43c7-b4ca-aac449f649d1,BOUBA BELLO GONI,BOUBA BELLO GONI,bello.bouba@assnat.cm,,,CNU,cnu,area/north,NORTH,Assemblée Nationale,3,,,,
9b7fdae4-66d0-4219-93ae-dc7e26554ed9,BOUBA DANKY,BOUBA DANKY,danky.bouba@assnat.cm,,,CNU,cnu,area/north,NORTH,Assemblée Nationale,3,,,,
4bfbbc06-0474-488f-b5c7-52dc6c5041a4,BOUBAKARY TCHOUDE,BOUBAKARY TCHOUDE,tchoude.boubakary@assnat.cm,,,CNU,cnu,area/north,NORTH,Assemblée Nationale,3,,,,
75f50b74-e390-4dae-abb7-10669684e7f8,BOUTO Daniel Béribeau,BOUTO Daniel Béribeau,daniel.bouto@assnat.cm,,,CNU,cnu,area/east,EAST,Assemblée Nationale,3,,,,
9c27ca30-2516-4e4a-bbb1-0214cd747c96,BUINDA Johnson KAKWI,BUINDA Johnson KAKWI,johnson.kakwi@assnat.cm,,,CNU,cnu,area/north-west,NORTH-WEST,Assemblée Nationale,3,,,,
ec1bfd28-77d3-4f0f-8642-f17875ef68d8,BURNLEY Gwendoline E.,BURNLEY Gwendoline E.,gwendoline.burnley@assnat.cm,,,CNU,cnu,area/south-west,SOUTH-WEST,Assemblée Nationale,3,,,,
e585be34-d502-4f94-93d2-fe12e4134d26,CAVAYE YEGUIE Djibril,CAVAYE YEGUIE Djibril,djibril.cavaye@assnat.cm,,,CNU,cnu,area/north,NORTH,Assemblée Nationale,3,,,,
2543fa42-0755-4aa1-ac18-f67d22e94d7f,DAOUA YOUSSOUFA,DAOUA YOUSSOUFA,youssoufa.daoua@assnat.cm,,,CNU,cnu,area/north,NORTH,Assemblée Nationale,3,,,,
6db2a823-24d1-46f3-9bb2-85d7a44544c3,DIN SAME Richard,DIN SAME Richard,richard.ame@assnat.cm,,,CNU,cnu,area/littoral,LITTORAL,Assemblée Nationale,3,,,,
0e71f7e2-e49b-4284-a463-f9759741cbbf,DISSAKE NGONDI Victor,DISSAKE NGONDI Victor,victor.dissake@assnat.cm,,,CNU,cnu,area/littoral,LITTORAL,Assemblée Nationale,3,,,,
1d527666-78ae-4acb-855e-30679a101072,DJOULDE MOHAMAN,DJOULDE MOHAMAN,mohaman.djoulde@assnat.cm,,,CNU,cnu,area/north,NORTH,Assemblée Nationale,3,,,,
70632bcc-5eee-404d-b7c1-91894d33ea2c,EBANDA Isabelle née MASSOMA,EBANDA Isabelle née MASSOMA,isabelle.massoma@assnat.cm,,,CNU,cnu,area/littoral,LITTORAL,Assemblée Nationale,3,,,,
e9083680-4f19-4e32-9497-d819d62e0588,EBEN Fancisca,EBEN Fancisca,francisca.eben@assnat.cm,,,CNU,cnu,area/south-west,SOUTH-WEST,Assemblée Nationale,3,,,,
b48993f5-1bd2-4441-afa5-b2a79422af96,EBONGALAME Thomas,EBONGALAME Thomas,thomas.ebongalame@assnat.cm,,,CNU,cnu,area/south-west,SOUTH-WEST,Assemblée Nationale,3,,,,
e0535375-0e9d-404c-94d2-e75821c357fd,EFFIOM Willie NDEP OROCK,EFFIOM Willie NDEP OROCK,willie.ndep@assnat.cm,,,CNU,cnu,area/south-west,SOUTH-WEST,Assemblée Nationale,3,,,,
a04e0047-f895-46ba-9da2-55cf465458a8,EMAH Basile,EMAH Basile,basil.emah@assnat.cm,,,CNU,cnu,area/centre,CENTRE,Assemblée Nationale,3,,,,
89e1bbb3-c907-4168-b26a-2d51aba59f9a,ENDELEY M.L. Emmanuel,ENDELEY M.L. Emmanuel,emmanuel.endeley@assnat.cm,,,CNU,cnu,area/south-west,SOUTH-WEST,Assemblée Nationale,3,,,,
b496c10d-b98d-4e51-a63e-a655c79e8da2,ETONGO Gabriel IYASSA,ETONGO Gabriel IYASSA,gabriel.iyassa@assnat.cm,,,CNU,cnu,area/south-west,SOUTH-WEST,Assemblée Nationale,3,,,,
2dc1a5e0-d5c8-4177-98b0-4df4195f324d,EYAMO NDONGO Robert,EYAMO NDONGO Robert,robert.eyamo@assnat.cm,,,CNU,cnu,area/centre,CENTRE,Assemblée Nationale,3,,,,
815baf07-9687-40ff-b934-ca9b0915c415,EYEFFA Salomé,EYEFFA Salomé,salomé.eyaffa@assnat.cm,,,CNU,cnu,area/centre,CENTRE,Assemblée Nationale,3,,,,
d0235584-c4f8-41ec-9ccd-d90261b255a1,FONKA SHANG Lawrence,FONKA SHANG Lawrence,lawrence.shang@assnat.cm,,,CNU,cnu,area/north-west,NORTH-WEST,Assemblée Nationale,3,,,,
f3ce3ad3-d7af-4b7d-8db3-646b6e850e8a,FORETIA BEJA TAJOH Bernard,FORETIA BEJA TAJOH Bernard,bernard.beja@assnat.cm,,,CNU,cnu,area/south-west,SOUTH-WEST,Assemblée Nationale,3,,,,
62bb7d50-6a3b-4a53-b698-e3f267379ad1,FOUDA ANABA Géneviève,FOUDA ANABA Géneviève,géneviève.fouda@assnat.cm,,,CNU,cnu,area/centre,CENTRE,Assemblée Nationale,3,,,,
4e677c8b-4214-4621-b822-4af991d55572,FUGWOH James Jam,FUGWOH James Jam,jam.fugwoh@assnat.cm,,,CNU,cnu,area/north-west,NORTH-WEST,Assemblée Nationale,3,,,,
02337cd5-69fa-498c-84f2-19b194a90d52,GUEIME GARBA,GUEIME GARBA,garba.gueime@assnat.cm,,,CNU,cnu,area/north,NORTH,Assemblée Nationale,3,,,,
3db0a307-dcf3-4646-a740-93834a8d5c78,GUIBAI MAMOUDOU MADAKOUA,GUIBAI MAMOUDOU MADAKOUA,mamoudou.guibai@assnat.cm,,,CNU,cnu,area/north,NORTH,Assemblée Nationale,3,,,,
77368e3a-e906-4f70-ab08-dad94e8e4c4a,HAMADJAM SAH PASSOUTE,HAMADJAM SAH PASSOUTE,passoute.sah@assnat.cm,,,CNU,cnu,area/north,NORTH,Assemblée Nationale,3,,,,
fea950a4-e181-443a-8cf5-7139a3d982c9,HAMADOU ABBAWA,HAMADOU ABBAWA,abbawa.hamadou@assnat.cm,,,CNU,cnu,area/north,NORTH,Assemblée Nationale,3,,,,
9808a2be-dd28-4389-bad9-c5d33abf2b3e,HAMOA HAMATOUKOUR,HAMOA HAMATOUKOUR,hamatoukour.hamoa@assnat.cm,,,CNU,cnu,area/north,NORTH,Assemblée Nationale,3,,,,
bbd0e6ae-dcf1-4e6d-8814-55cfb03336da,HOULY HARAMBE,HOULY HARAMBE,harambe.houly@assnat.cm,,,CNU,cnu,area/north,NORTH,Assemblée Nationale,3,,,,
c5b901b1-04c6-496d-a1ff-cbdd03c2f093,KAMGA Antoine,KAMGA Antoine,antoine.kamga@assnat.cm,,,CNU,cnu,area/west,WEST,Assemblée Nationale,3,,,,
4388ff62-d393-48c1-b75f-4f7bdab18abc,KANAA KANAA Silas,KANAA KANAA Silas,silas.kanaa@assnat.cm,,,CNU,cnu,area/littoral,LITTORAL,Assemblée Nationale,3,,,,
68e0953a-f3ff-4a12-b72e-7ed717121379,KATHOU NDENGUE Jean,KATHOU NDENGUE Jean,jean.kathou@assnat.cm,,,CNU,cnu,area/centre,CENTRE,Assemblée Nationale,3,,,,
a5872e0a-fe0f-4491-ba46-a78701d0e667,KOFA SAID Sylvestre,KOFA SAID Sylvestre,sylvestre.said@assnat.cm,,,CNU,cnu,area/north,NORTH,Assemblée Nationale,3,,,,
6c626831-9467-4c91-aa35-b875471e9d66,KOLOKO Levis,KOLOKO Levis,levis.koloko@assnat.cm,,,CNU,cnu,area/littoral,LITTORAL,Assemblée Nationale,3,,,,
87e6fd7b-f183-4160-a5af-4b1480f8c241,KOTRO ISSA,KOTRO ISSA,issa.kotro@assnat.cm,,,CNU,cnu,area/north,NORTH,Assemblée Nationale,3,,,,
740d4586-daa2-4d02-b3c5-b53f2f70f139,KUCHAH Simon,KUCHAH Simon,simon.kuchah@assnat.cm,,,CNU,cnu,area/north-west,NORTH-WEST,Assemblée Nationale,3,,,,
368547d0-923a-47f3-9718-49847ef6efbd,KUE TAGNE Jean,KUE TAGNE Jean,jean.kue@assnat.cm,,,CNU,cnu,area/west,WEST,Assemblée Nationale,3,,,,
0350dca5-512f-4dd4-8975-c70ae8b1e3bf,LEMLON Bridget NSAWIR,LEMLON Bridget NSAWIR,bridget.lemlon@assnat.cm,,,CNU,cnu,area/north-west,NORTH-WEST,Assemblée Nationale,3,,,,
c4e2f676-c0de-4eef-bf6c-1b27c0ec66c5,LOGMO NNYB Antoine,LOGMO NNYB Antoine,antoine.logmo@assnat.cm,,,CNU,cnu,area/littoral,LITTORAL,Assemblée Nationale,3,,,,
f141110a-4ab5-41ab-973c-c72c6b8b7d41,MAFFO MONDJI Cécile,MAFFO MONDJI Cécile,cécile.maffo@assnat.cm,,,CNU,cnu,area/littoral,LITTORAL,Assemblée Nationale,3,,,,
64621b3e-2705-4e3b-9d51-f939417102de,MAIGARI BELLO,MAIGARI BELLO,bello.maigari@assnat.cm,,,CNU,cnu,area/north,NORTH,Assemblée Nationale,3,,,,
b014d265-bd06-4d4d-bbde-4558ce7c4999,MALIKI ADJI,MALIKI ADJI,adji.maliki@assnat.cm,,,CNU,cnu,area/north,NORTH,Assemblée Nationale,3,,,,
37f100a4-b206-4743-a22d-a0fc32557a57,MANDI NKUMBA Augustin,MANDI NKUMBA Augustin,augustin.mandi@assnat.cm,,,CNU,cnu,area/south-west,SOUTH-WEST,Assemblée Nationale,3,,,,
b8aa4f9e-7a3b-40fc-bebf-e273930f7c4d,MAYI MATIP Théodore,MAYI MATIP Théodore,théodore.mayi@assnat.cm,,,CNU,cnu,area/centre,CENTRE,Assemblée Nationale,3,,,,
4ed8a432-2b9b-4576-9af3-3dbf9ec47d1b,MBA EVINA Jean-Baptiste,MBA EVINA Jean-Baptiste,jean-baptiste.mba@assnat.cm,,,CNU,cnu,area/centre,CENTRE,Assemblée Nationale,3,,,,
f5a3217c-9fed-47cc-bf2b-21e0a58237c5,MBA'ALE Emiliene,MBA'ALE Emiliene,emilienne.mba'ale@assnat.cm,,,CNU,cnu,area/centre,CENTRE,Assemblée Nationale,3,,,,
5f031de4-4436-459b-8fcc-dd8220f49137,MBONO SAMBA Madeleine née AZANG,MBONO SAMBA Madeleine née AZANG,madeleine.mbono@assnat.cm,,,CNU,cnu,area/centre,CENTRE,Assemblée Nationale,3,,,,
23680ba5-212d-4e2e-b28f-7848b3886cf2,MEKOULOU Hénoch,MEKOULOU Hénoch,hénoch.mekoulou@assnat.cm,,,CNU,cnu,area/east,EAST,Assemblée Nationale,3,,,,
d5d32300-71b9-4d3c-967a-03815735bcb9,MENDOUGA Prosper,MENDOUGA Prosper,prosper.mendouga@assnat.cm,,,CNU,cnu,area/centre,CENTRE,Assemblée Nationale,3,,,,
12b554e8-7a97-464c-9448-41a2d18df136,MILLA ASSOUTE,MILLA ASSOUTE,assoute.milla@assnat.cm,,,CNU,cnu,area/west,WEST,Assemblée Nationale,3,,,,
58245f85-dc14-4f74-b86f-711c3d87985e,MINDJA DJAORO OUMAROU,MINDJA DJAORO OUMAROU,oumarou.djaoro@assnat.cm,,,CNU,cnu,area/north,NORTH,Assemblée Nationale,3,,,,
7136b082-c4ef-4fd6-8eb7-419a33a182e9,MJI MOULIOM MOPA ADAMOU,MJI MOULIOM MOPA ADAMOU,adamou.mopa@assnat.cm,,,CNU,cnu,area/west,WEST,Assemblée Nationale,3,,,,
d4c5e725-5261-4474-9c40-570540dbf238,MOHAMADOU GALDIMA,MOHAMADOU GALDIMA,galdima.mohamadou@assnat.cm,,,CNU,cnu,area/north,NORTH,Assemblée Nationale,3,,,,
31fea7c0-84b4-4381-910b-d876f51c4c66,MOHAMADOU OUMAROU HINA,MOHAMADOU OUMAROU HINA,hina.oumarou@assnat.cm,,,CNU,cnu,area/north,NORTH,Assemblée Nationale,3,,,,
da2d28c7-a897-471a-9f79-db6443f392d8,MOUKOLO EBANGA Samuel,MOUKOLO EBANGA Samuel,samuel.ebanga@assnat.cm,,,CNU,cnu,area/littoral,LITTORAL,Assemblée Nationale,3,,,,
c2a64618-1487-4491-b364-7d94aecf423d,MOUKOURI NGANDO Jacques,MOUKOURI NGANDO Jacques,jacques.ngando@assnat.cm,,,CNU,cnu,area/littoral,LITTORAL,Assemblée Nationale,3,,,,
18ae755f-bd1d-44e3-8118-729ef10cbbb7,MOUSSA MADI,MOUSSA MADI,madi.moussa@assnat.cm,,,CNU,cnu,area/north,NORTH,Assemblée Nationale,3,,,,
7c77e168-780f-4945-873f-c5d45cfd00df,MOUSSA MALIKI,MOUSSA MALIKI,maliki.moussa@assnat.cm,,,CNU,cnu,area/north,NORTH,Assemblée Nationale,3,,,,
b42f2112-0eb7-437c-908d-58a3dc41e534,MOUSSA ZANGA Pierre,MOUSSA ZANGA Pierre,pierre.zanga@assnat.cm,,,CNU,cnu,area/centre,CENTRE,Assemblée Nationale,3,,,,
148936c1-7ed3-449f-baee-8365215cd27d,MUA Josepha,MUA Josepha,josepha.mua@assnat.cm,,,CNU,cnu,area/north-west,NORTH-WEST,Assemblée Nationale,3,,,,
94e542cc-7995-41ae-922c-7665268e056f,MUNA TANDENG Solomon,MUNA TANDENG Solomon,solomon.muna@assnat.cm,,,CNU,cnu,area/north-west,NORTH-WEST,Assemblée Nationale,3,,,,
2e5febd0-ae9e-4b81-911c-43de5d851217,MUNONGO AKAMBA David,MUNONGO AKAMBA David,david.akamba@assnat.cm,,,CNU,cnu,area/south-west,SOUTH-WEST,Assemblée Nationale,3,,,,
09ac5584-e885-45a1-bd76-3765d72e6929,MVENG EVINA Etienne,MVENG EVINA Etienne,etienne.evina@assnat.cm,,,CNU,cnu,area/centre,CENTRE,Assemblée Nationale,3,,,,
35a85d92-7646-4ed2-80d9-c6f2326734b9,NANA DEMEN Pierre,NANA DEMEN Pierre,pierre.nana@assnat.cm,,,CNU,cnu,area/littoral,LITTORAL,Assemblée Nationale,3,,,,
7d45ef2b-2c5f-4113-bf7f-8c17b81857ff,NANA HAMDJA,NANA HAMDJA,hamdja.nana@assnat.cm,,,CNU,cnu,area/north,NORTH,Assemblée Nationale,3,,,,
5e1d7154-0159-48c5-ab66-14e067d97245,NDIWANE PILANGE Paul,NDIWANE PILANGE Paul,paul.pilange@assnat.cm,,,CNU,cnu,area/north-west,NORTH-WEST,Assemblée Nationale,3,,,,
574ef725-3ee9-415d-b19a-3bd9e09bf413,NGANG MBILE Samuel,NGANG MBILE Samuel,samuel.mbile@assnat.cm,,,CNU,cnu,area/centre,CENTRE,Assemblée Nationale,3,,,,
100c7993-3e8d-432b-9fa6-95728b41668f,NGAPNA Paul Salvador,NGAPNA Paul Salvador,paul.nmgapna@assnat.cm,,,CNU,cnu,area/west,WEST,Assemblée Nationale,3,,,,
4372a7da-1003-4e41-b78f-151cdfa56008,NGASSA Lydie,NGASSA Lydie,lydie.ngassa@assnat.cm,,,CNU,cnu,area/west,WEST,Assemblée Nationale,3,,,,
17a75396-4ae2-4004-951e-f6cb1d89618e,NGUEPI Joseph,NGUEPI Joseph,joseph.nguepi@assnat.cm,,,CNU,cnu,area/littoral,LITTORAL,Assemblée Nationale,3,,,,
7dc09059-f5f8-4d44-906d-fb5cc16d0b6b,NJI NCHOUWAT YACOUBOU,NJI NCHOUWAT YACOUBOU,yacoubou.Nji@assnat.cm,,,CNU,cnu,area/west,WEST,Assemblée Nationale,3,,,,
a42fe33c-bce1-46a0-b9ca-73d27be8c187,NKEMBE Albert,NKEMBE Albert,albert.nkembe@assnat.cm,,,CNU,cnu,area/littoral,LITTORAL,Assemblée Nationale,3,,,,
97a70bf2-83cb-4307-8b0c-d716c77cf5bd,NOA NKOLO Laurent,NOA NKOLO Laurent,laurent.noa@assnat.cm,,,CNU,cnu,area/centre,CENTRE,Assemblée Nationale,3,,,,
e7154bb9-d430-40c4-958d-6c6b40052611,NSAKWA NGI Peter,NSAKWA NGI Peter,peter.ngi@assnat.cm,,,CNU,cnu,area/north-west,NORTH-WEST,Assemblée Nationale,3,,,,
0dcea5c2-a9fd-41b0-9efa-7605863fca40,NSAMBAM Evaristus,NSAMBAM Evaristus,evaristus.nsambam@assnat.cm,,,CNU,cnu,area/north-west,NORTH-WEST,Assemblée Nationale,3,,,,
9b83a37d-b9f4-4548-b4fc-ca71be6b24c7,NWALIPENJA LOBE EKWELLE,NWALIPENJA LOBE EKWELLE,lobe.ekwelle@assnat.cm,,,CNU,cnu,area/west,WEST,Assemblée Nationale,3,,,,
b969b722-1efa-4a9c-813c-39bb976d3ffc,NWANACK Sara,NWANACK Sara,sara.nwanack@assnat.cm,,,CNU,cnu,area/centre,CENTRE,Assemblée Nationale,3,,,,
6c935784-8855-41f7-a0d5-f8e6eeff2c7f,NZOGNOU dit FOTSA NGONG,NZOGNOU dit FOTSA NGONG,fotsa.ngong@assnat.cm,,,CNU,cnu,area/west,WEST,Assemblée Nationale,3,,,,
4fa1b241-7bd0-46c8-aab3-e6e166166939,NZOUESSA Jean Lebrun,NZOUESSA Jean Lebrun,jean.nzouessa@assnat.cm,,,CNU,cnu,area/west,WEST,Assemblée Nationale,3,,,,
289baf41-96d3-4f4f-8b44-d5f4177f1f5e,OMBANGLIL Jean-Marc,OMBANGLIL Jean-Marc,jean-marc.ombanglil@assnat.cm,,,CNU,cnu,area/centre,CENTRE,Assemblée Nationale,3,,,,
d30c4d32-6c78-42dc-90f6-14d6b6bae743,OMBENOU Emile,OMBENOU Emile,emile.ombenou@assnat.cm,,,CNU,cnu,area/centre,CENTRE,Assemblée Nationale,3,,,,
815a505b-adca-463a-8359-775e5e6c4ed4,OUMAROU DIGUIR GAIMA,OUMAROU DIGUIR GAIMA,gaima.diguir@assnat.cm,,,CNU,cnu,area/north,NORTH,Assemblée Nationale,3,,,,
a2e8e3c7-4ad0-4238-9a03-3644fab9e7b2,OUMAROU SADOU,OUMAROU SADOU,sadou.oumarou@assnat.cm,,,CNU,cnu,area/north,NORTH,Assemblée Nationale,3,,,,
69313c76-78b6-4b2c-8408-bcd7e412cd5d,PAHANE Julienne,PAHANE Julienne,julienne.pahane@assnat.cm,,,CNU,cnu,area/west,WEST,Assemblée Nationale,3,,,,
90067cc2-d125-45a2-a45e-42d24fae9999,POUFONG Etienne,POUFONG Etienne,etienne.poufong@assnat.cm,,,CNU,cnu,area/west,WEST,Assemblée Nationale,3,,,,
9ce7a6bf-19e7-43a2-81e9-4ab5fec4fe73,SADOU MADI,SADOU MADI,madi.sadou@assnat.cm,,,CNU,cnu,area/north,NORTH,Assemblée Nationale,3,,,,
5d575173-612a-4525-ade2-8924dda23705,SANDJOL ZAMBO Frédéric,SANDJOL ZAMBO Frédéric,frédéric.zambo@assnat.cm,,,CNU,cnu,area/east,EAST,Assemblée Nationale,3,,,,
372051bb-3f6e-4ff9-806a-26e6b090a975,SISSINVOU OUMAROU,SISSINVOU OUMAROU,oumarou.sissinvou@assnat.cm,,,CNU,cnu,area/north,NORTH,Assemblée Nationale,3,,,,
8301f187-a7d5-4a3e-83a0-c6961ba6baf6,SOBZE HENRI Gilbert,SOBZE HENRI Gilbert,gilbert.henri@assnat.cm,,,CNU,cnu,area/west,WEST,Assemblée Nationale,3,,,,
a73ccad9-25ad-455e-8e65-4d7125f7cf97,SOULEYMANOU KORAOU,SOULEYMANOU KORAOU,koraou.souleymanou@assnat.cm,,,CNU,cnu,area/north,NORTH,Assemblée Nationale,3,,,,
694d6842-f73c-4e8e-9f95-816482282af7,TALBA MALLA OUMATE,TALBA MALLA OUMATE,oumate.malla@assnat.cm,,,CNU,cnu,area/north,NORTH,Assemblée Nationale,3,,,,
f311cc15-47c0-4f28-b841-3a9a1c716707,TAMEZA FOGUE Christian,TAMEZA FOGUE Christian,christian.fogue@assnat.cm,,,CNU,cnu,area/west,WEST,Assemblée Nationale,3,,,,
a719ecac-6b4b-4a78-bbfb-6e255d4a17d8,TATAH MFORME John,TATAH MFORME John,john.tatah@assnat.cm,,,CNU,cnu,area/north-west,NORTH-WEST,Assemblée Nationale,3,,,,
98544ccf-8cae-4c43-a296-43dc8fd120d6,TCHINDA YARRO Bertino,TCHINDA YARRO Bertino,bertino.yarro@assnat.cm,,,CNU,cnu,area/west,WEST,Assemblée Nationale,3,,,,
63090e53-a762-4d7e-bee1-6ed0bbc5300e,TEINKALA Jean,TEINKALA Jean,jean.teinkala@assnat.cm,,,CNU,cnu,area/west,WEST,Assemblée Nationale,3,,,,
29e6cc2a-319c-477d-84a9-82eb02828f3d,TEMDIE François,TEMDIE François,françois.temdie@assnat.cm,,,CNU,cnu,area/west,WEST,Assemblée Nationale,3,,,,
acdc7610-fac5-4810-ad7d-e4c11cbdd26e,TIENTCHEU David,TIENTCHEU David,david.tientcheu@assnat.cm,,,CNU,cnu,area/west,WEST,Assemblée Nationale,3,,,,
f9adadf5-150d-41ae-8ab1-e0fd311998ca,TITA Clétus,TITA Clétus,clétus.tita@assnat.cm,,,CNU,cnu,area/north-west,NORTH-WEST,Assemblée Nationale,3,,,,
913d0e41-4852-45d9-8f24-ab0b76810f74,TONGTONG Madeleine,TONGTONG Madeleine,madeleine.tongtong@assnat.cm,,,CNU,cnu,area/west,WEST,Assemblée Nationale,3,,,,
350093ac-6bb9-4e51-bc55-6b882b63ac91,Voumia Rigobert,Voumia Rigobert,rigobert.voumia@assnat.cm,,,CNU,cnu,area/east,EAST,Assemblée Nationale,3,,,,
f09ccd7e-824d-47bb-bd52-037793e1a208,WALIDJO WASSIA,WALIDJO WASSIA,wassia.walidjo@assnat.cm,,,CNU,cnu,area/north,NORTH,Assemblée Nationale,3,,,,
95edc3e2-c23e-4d95-83c8-d2b81e2a85b9,YOUGOUDA MALOUDA,YOUGOUDA MALOUDA,malouda.yougouda@assnat.cm,,,CNU,cnu,area/north,NORTH,Assemblée Nationale,3,,,,
1f4e8a8c-0d06-40d5-bd17-cbbb7a8799ed,YOUSSOUPHA GONI,YOUSSOUPHA GONI,goni.youssoupha@assnat.cm,,,CNU,cnu,area/north,NORTH,Assemblée Nationale,3,,,,
5313f1b3-1688-4432-98c4-da0c23813e89,ZAORO ADAMOU Samuel,ZAORO ADAMOU Samuel,samuel.adamou@assnat.cm,,,CNU,cnu,area/east,EAST,Assemblée Nationale,3,,,,
