id,name,sort_name,email,twitter,facebook,group,group_id,area_id,area,chamber,term,start_date,end_date,image,gender
84b22ecf-8dd5-45ae-a2cc-303dfd9a4635,ABAKAR MAHAMAT,ABAKAR MAHAMAT,,,,CPDM,cpdm,area/far-north,FAR-NORTH,Assemblée Nationale,7,,,,
dcfbfaa0-26aa-4a87-8dc7-1eadf30a5beb,ABANDA METOGO VaLère,ABANDA METOGO VaLère,,,,CPDM,cpdm,area/centre,CENTRE,Assemblée Nationale,7,,,,
a3742bf8-1b8b-4fa4-ba31-40f12fb5af91,ABBA BOUKAR,ABBA BOUKAR,,,,CPDM,cpdm,area/far-north,FAR-NORTH,Assemblée Nationale,7,,,,
b1e6de4d-0ec0-4dd7-b0ef-2ef9fd861837,ABDOULAYE BOUGUE,ABDOULAYE BOUGUE,,,,CPDM,cpdm,area/north,NORTH,Assemblée Nationale,7,,,,
352fbf90-7375-44b6-98bf-b374527f4f14,ABUNAW Rose AGBOR,ABUNAW Rose AGBOR,,,,CPDM,cpdm,area/south-west,SOUTH-WEST,Assemblée Nationale,7,,,,
cc4bf44d-f3e4-4773-a9a0-9d78c15afe0d,ADAMOU NDAM NJOYA,ADAMOU NDAM NJOYA,,,,CDU,cdu,area/west,WEST,Assemblée Nationale,7,,,,
07518f41-00ed-4e71-bc22-e0e3d50d7a12,ADJIBOLO Philémon,ADJIBOLO Philémon,,,,CPDM,cpdm,area/east,EAST,Assemblée Nationale,7,,,,
75cc4635-04cd-4324-b8b7-57e9762a3a7b,AHMADOU BAKOURA,AHMADOU BAKOURA,,,,CPDM,cpdm,area/north,NORTH,Assemblée Nationale,7,,,,
75059a7d-6cce-4e1f-aa75-4882981dccce,AKA AMUAM Joseph,AKA AMUAM Joseph,,,,SDF,sdf,area/north_west,NORTH WEST,Assemblée Nationale,7,,,,
523c5614-0865-4914-8b62-ed1108fad8dd,ALAKE ATENGOUASSI Joseph,ALAKE ATENGOUASSI Joseph,,,,CPDM,cpdm,area/centre,CENTRE,Assemblée Nationale,7,,,,
3fabe036-c2ce-45da-8192-5fe2f1be0259,ALI ADJIT,ALI ADJIT,,,,CPDM,cpdm,area/far-north,FAR-NORTH,Assemblée Nationale,7,,,,
a9220bd4-7db9-4da8-8273-73396a7d7f4a,ALIOUM ALHADJI HAMADOU,ALIOUM ALHADJI HAMADOU,,,,CPDM,cpdm,area/far-north,FAR-NORTH,Assemblée Nationale,7,,,,
2583dd49-6404-47e7-b4f3-3acbaec0619d,ALIYOUM FADIL,ALIYOUM FADIL,,,,CPDM,cpdm,area/north,NORTH,Assemblée Nationale,7,,,,
5a7e807e-f488-4056-a58e-0e7b4fef0245,AMADOU MOHAMAN,AMADOU MOHAMAN,,,,NUDP,nudp,area/north,NORTH,Assemblée Nationale,7,,,,
ff99e3f2-7e53-452e-bd5c-149225d740c2,AMASSOUMOU NDIFOANE,AMASSOUMOU NDIFOANE,,,,CPDM,cpdm,area/adamawa,ADAMAWA,Assemblée Nationale,7,,,,
61a977c4-cec2-4314-b661-e1e1d22d08c4,AMOUGOU EKOMA Marcel D.,AMOUGOU EKOMA Marcel D.,,,,CPDM,cpdm,area/south,SOUTH,Assemblée Nationale,7,,,,
e3128ecd-3608-49a5-a682-75768cb8dab8,AMOUGOU NKOLO Jean Pierre,AMOUGOU NKOLO Jean Pierre,,,,CPDM,cpdm,area/south,SOUTH,Assemblée Nationale,7,,,,
0ef05e1f-6ac2-44db-87a4-0d7fadd1a526,AMOUGOU NOMA Nicolas,AMOUGOU NOMA Nicolas,,,,CPDM,cpdm,area/centre,CENTRE,Assemblée Nationale,7,,,,
5bc70dbf-ab82-4173-8d3c-8e55f905b55a,AMRAKAYE MARTIN,AMRAKAYE MARTIN,,,,CPDM,cpdm,area/far-north,FAR-NORTH,Assemblée Nationale,7,,,,
0fc2314e-f118-4a83-82a5-1a2823688bfa,ANDZE ANDZE Emile,ANDZE ANDZE Emile,,,,CPDM,cpdm,area/centre,CENTRE,Assemblée Nationale,7,,,,
4833b920-beac-415e-95e5-9f420c7bdfdf,ANYANGWE A. Christopher,ANYANGWE A. Christopher,,,,SDF,sdf,area/north_west,NORTH WEST,Assemblée Nationale,7,,,,
0022918a-a0a5-4813-8005-56708cc81e6f,ASSENE NKOU,ASSENE NKOU,,,,CPDM,cpdm,area/centre,CENTRE,Assemblée Nationale,7,,,,
f8d9f85e-630c-4581-9a66-47b40d306a29,ATEAWUNG FOJU Bernard,ATEAWUNG FOJU Bernard,,,,CPDM,cpdm,area/south-west,SOUTH-WEST,Assemblée Nationale,7,,,,
76ec665f-a1d3-485c-bac0-405bcf5d03d3,AVA AVA Joseph Emmanuel C.,AVA AVA Joseph Emmanuel C.,,,,CPDM,cpdm,area/south-west,SOUTH-WEST,Assemblée Nationale,7,,,,
f80d5d34-1ce1-443b-8498-1a3358bb149f,AWUDU MBAYA Cyprian,AWUDU MBAYA Cyprian,,,,SDF,sdf,area/north_west,NORTH WEST,Assemblée Nationale,7,,,,
0b8dbc80-615d-4341-9b61-69d1d8f1995c,AYAH Paul ABINE,AYAH Paul ABINE,,,,CPDM,cpdm,area/south-west,SOUTH-WEST,Assemblée Nationale,7,,,,
ec9b9c06-284f-45e3-8c2a-5e79fd8f4816,AYUK ARREY Peter,AYUK ARREY Peter,,,,CPDM,cpdm,area/south-west,SOUTH-WEST,Assemblée Nationale,7,,,,
5a310cb7-7ccc-482a-a681-fa5a4f1b55b1,BANADZEM Joseph LUKONG,BANADZEM Joseph LUKONG,,,,SDF,sdf,area/north_west,NORTH WEST,Assemblée Nationale,7,,,,
5a985556-c92e-4471-af87-51a9fe028496,BANGSI Emmanuel,BANGSI Emmanuel,,,,SDF,sdf,area/north_west,NORTH WEST,Assemblée Nationale,7,,,,
3c76a724-5abf-407f-a34b-e2599abb50b1,BAORO Théophile,BAORO Théophile,,,,CPDM,cpdm,area/adamawa,ADAMAWA,Assemblée Nationale,7,,,,
43940583-55fe-4c4b-b0e1-d8861a42834e,BATOUM Themotio,BATOUM Themotio,,,,CPDM,cpdm,area/littoral,LITTORAL,Assemblée Nationale,7,,,,
0ffb3d30-09d8-4dca-a376-45eee8c5a6b7,BELONG Maurice,BELONG Maurice,,,,CPDM,cpdm,area/littoral,LITTORAL,Assemblée Nationale,7,,,,
e95ae1fb-7199-4622-9203-b538a5e7bacd,BENAE Serge Gabriel,BENAE Serge Gabriel,,,,CPDM,cpdm,area/south,SOUTH,Assemblée Nationale,7,,,,
2b04496e-2870-4733-801c-66608484cd3a,BLAMA MALLA,BLAMA MALLA,,,,CPDM,cpdm,area/far-north,FAR-NORTH,Assemblée Nationale,7,,,,
4211ef7f-f048-4d23-b2ff-7b45513fd6a6,BOKWE Samuel NGOE,BOKWE Samuel NGOE,,,,CPDM,cpdm,area/south-west,SOUTH-WEST,Assemblée Nationale,7,,,,
79e7c8a4-0195-46c6-97e1-1f8a9e2969a3,BOOTO à NGON André,BOOTO à NGON André,,,,CPDM,cpdm,area/centre,CENTRE,Assemblée Nationale,7,,,,
a79e9b38-1df8-47ee-a1a3-bf04f88acb6e,BOUBA DJOULDE,BOUBA DJOULDE,,,,CPDM,cpdm,area/far-north,FAR-NORTH,Assemblée Nationale,7,,,,
665fd8fd-941e-4aca-8aa9-43f5a11be003,BOUBA SAMALI Bernard,BOUBA SAMALI Bernard,,,,CPDM,cpdm,area/north,NORTH,Assemblée Nationale,7,,,,
a58af620-49c2-49db-9796-be5d19b148a7,BOULOU NGUIZI Joseph,BOULOU NGUIZI Joseph,,,,CPDM,cpdm,area/far-north,FAR-NORTH,Assemblée Nationale,7,,,,
4b7fa7fa-ee3f-49a7-a813-592710ceac97,BUNGONG JINKA,BUNGONG JINKA,,,,SDF,sdf,area/north_west,NORTH WEST,Assemblée Nationale,7,,,,
8d2216a4-0539-4cf9-a1c3-962ab64c7c52,BiLE BIDJANG Martin,BiLE BIDJANG Martin,,,,CPDM,cpdm,area/south,SOUTH,Assemblée Nationale,7,,,,
4013fc7e-e0ac-4812-bdff-d8a2debf36fc,CAVAYE Yéguié Djibril,CAVAYE Yéguié Djibril,,,,CPDM,cpdm,area/far-north,FAR-NORTH,Assemblée Nationale,7,,,,
cc580878-8c80-494b-8bed-6c84da1261f4,CHE Philip,CHE Philip,,,,SDF,sdf,area/north_west,NORTH WEST,Assemblée Nationale,7,,,,
bea29bb8-1492-462d-a620-9563434de8f5,CHEDJOU Gabriel,CHEDJOU Gabriel,,,,CPDM,cpdm,area/west,WEST,Assemblée Nationale,7,,,,
e8eaa633-1d06-4f22-8202-9706977ff468,CHEMO SAMA EYIKESHI,CHEMO SAMA EYIKESHI,,,,SDF,sdf,area/north_west,NORTH WEST,Assemblée Nationale,7,,,,
16ad2d98-0b98-44e1-b80f-258f7cbe1506,Chief ESONG Joseph NTONGWE,Chief ESONG Joseph NTONGWE,,,,CPDM,cpdm,area/south-west,SOUTH-WEST,Assemblée Nationale,7,,,,
ce232deb-eccc-41c3-8a92-21ee2c9d7b95,DANATA Paul,DANATA Paul,,,,CPDM,cpdm,area/east,EAST,Assemblée Nationale,7,,,,
6ff6d8ae-5949-4361-a50f-7341cd177653,DANWE RAIDANDI,DANWE RAIDANDI,,,,CPDM,cpdm,area/far-north,FAR-NORTH,Assemblée Nationale,7,,,,
45bbb36b-cb14-47fc-8d6a-2105216e45b2,DAOUA YOUSSOUFA,DAOUA YOUSSOUFA,,,,CPDM,cpdm,area/north,NORTH,Assemblée Nationale,7,,,,
4338e0ad-3e89-4662-bae6-61ea9d397c1e,DASSIDI SADANI,DASSIDI SADANI,,,,CPDM,cpdm,area/far-north,FAR-NORTH,Assemblée Nationale,7,,,,
9344231f-4986-4146-b816-dc25f0a6a068,DENTALE DOUNA Joel,DENTALE DOUNA Joel,,,,CPDM,cpdm,area/adamawa,ADAMAWA,Assemblée Nationale,7,,,,
fac82f8a-0a98-420b-8fdd-f8b55d98783e,DIN BELL Armande,DIN BELL Armande,,,,CPDM,cpdm,area/littoral,LITTORAL,Assemblée Nationale,7,,,,
1e97f37f-7cb6-459e-ac10-39d036464a82,DJAMARA LOURSANTOU,DJAMARA LOURSANTOU,,,,CPDM,cpdm,area/far-north,FAR-NORTH,Assemblée Nationale,7,,,,
fbfb06d4-8364-46c1-9a1a-1dc137951340,DONGHO Clément,DONGHO Clément,,,,CPDM,cpdm,area/west,WEST,Assemblée Nationale,7,,,,
26971517-b7f7-47eb-bca9-d188df798824,EFITE Andrew ENGANGE,EFITE Andrew ENGANGE,,,,CPDM,cpdm,area/south-west,SOUTH-WEST,Assemblée Nationale,7,,,,
64dabbda-e73b-4941-8059-cb44c471171e,EKANDE FREDERIC,EKANDE FREDERIC,,,,CPDM,cpdm,area/littoral,LITTORAL,Assemblée Nationale,7,,,,
7fd42027-1cca-4b12-8bef-c056fe7526cd,EKOUM Emilienne,EKOUM Emilienne,,,,CPDM,cpdm,area/littoral,LITTORAL,Assemblée Nationale,7,,,,
358274e4-5a84-4500-acf8-d8b3058af747,ELINGUI Léonie née KOUNANGA,ELINGUI Léonie née KOUNANGA,,,,CPDM,cpdm,area/centre,CENTRE,Assemblée Nationale,7,,,,
0cfb80d0-46b0-4f5c-b441-82f52796a483,ESSAME François,ESSAME François,,,,CPDM,cpdm,area/south,SOUTH,Assemblée Nationale,7,,,,
55821cc1-4679-4844-8705-7e1a989e2ed9,ESSAME Joseph Ernest Pierre,ESSAME Joseph Ernest Pierre,,,,CPDM,cpdm,area/littoral,LITTORAL,Assemblée Nationale,7,,,,
c55ef09c-0b2f-4d68-b210-f385c9e9a9cd,ESSOMBA TSOUNGUI Elie Victor,ESSOMBA TSOUNGUI Elie Victor,,,,CPDM,cpdm,area/centre,CENTRE,Assemblée Nationale,7,,,,
7a75e938-7a47-4f9f-9ce9-2b33b1db5d6e,ETONDO EKOTO Edouard N.,ETONDO EKOTO Edouard N.,,,,CPDM,cpdm,area/littoral,LITTORAL,Assemblée Nationale,7,,,,
5bfbbdf3-39a6-4944-abc9-2158aa742893,EYEFFA Salomé,EYEFFA Salomé,,,,CPDM,cpdm,area/centre,CENTRE,Assemblée Nationale,7,,,,
4f01f44f-d622-416a-af5f-e50d41537db2,EtTONG NDJOK Hilarion,EtTONG NDJOK Hilarion,,,,CPDM,cpdm,area/centre,CENTRE,Assemblée Nationale,7,,,,
f54c10e0-df85-4847-831a-de644a1c5d61,FAI MBUH YANG Daniel,FAI MBUH YANG Daniel,,,,SDF,sdf,area/north_west,NORTH WEST,Assemblée Nationale,7,,,,
99383a7f-ef36-41e4-aa66-536e6c0c6f78,FETEKOUE MADE,FETEKOUE MADE,,,,CPDM,cpdm,area/far-north,FAR-NORTH,Assemblée Nationale,7,,,,
2e069002-dbf9-481a-9787-a855c6015185,FEUTHEU Jean-Claude,FEUTHEU Jean-Claude,,,,CPDM,cpdm,area/west,WEST,Assemblée Nationale,7,,,,
199378be-6d47-4940-b264-1c57bd3a1e6b,FOINDING CALVIN,FOINDING CALVIN,,,,CPDM,cpdm,area/west,WEST,Assemblée Nationale,7,,,,
c3a72ca5-a117-4ba7-a073-791814a2dc84,FON DOH GAH GWANYIN III,FON DOH GAH GWANYIN III,,,,CPDM,cpdm,area/north_west,NORTH WEST,Assemblée Nationale,7,,,,
1e80a1f0-866d-4f2e-82f4-fa171c5944c0,FONGANG Joseph Confiance,FONGANG Joseph Confiance,,,,CPDM,cpdm,area/west,WEST,Assemblée Nationale,7,,,,
552c7617-f129-49e8-afbf-7c22d9b5d09a,FONING née T.N Françoise,FONING née T.N Françoise,,,,CPDM,cpdm,area/littoral,LITTORAL,Assemblée Nationale,7,,,,
a5ff4a77-ec56-4af6-b7fa-75345cd970a7,FONSO Peter CHOO,FONSO Peter CHOO,,,,SDF,sdf,area/north_west,NORTH WEST,Assemblée Nationale,7,,,,
6120ea2b-e64d-4199-ab57-5fbd3c0f66bb,FOSSI Jacob,FOSSI Jacob,,,,CPDM,cpdm,area/west,WEST,Assemblée Nationale,7,,,,
56e50fa2-0d80-4145-a604-6abf118c1622,FOTABE née BASUA Hannah,FOTABE née BASUA Hannah,,,,CPDM,cpdm,area/south-west,SOUTH-WEST,Assemblée Nationale,7,,,,
d7b065df-7631-4da8-90ad-d51ea92baf88,FOTI Pierre,FOTI Pierre,,,,CPDM,cpdm,area/west,WEST,Assemblée Nationale,7,,,,
bd6d31ed-655b-4542-bf9b-26ddf854d64f,FOUDA FOUDA Frédéric,FOUDA FOUDA Frédéric,,,,CPDM,cpdm,area/east,EAST,Assemblée Nationale,7,,,,
4ad043a9-0139-4a91-ac7f-812a87fe7c4f,FOYET MICHEL,FOYET MICHEL,,,,CPDM,cpdm,area/littoral,LITTORAL,Assemblée Nationale,7,,,,
8987e150-cf47-4949-a931-cbf7ed830c0b,GAMANAN LAOBOL,GAMANAN LAOBOL,,,,CPDM,cpdm,area/north,NORTH,Assemblée Nationale,7,,,,
fc9f0e7d-7260-459e-87c7-24bac1059275,GONDJI Elias,GONDJI Elias,,,,CPDM,cpdm,area/far-north,FAR-NORTH,Assemblée Nationale,7,,,,
a9037456-a3ce-4f5a-938d-7c7a3b068dec,GONONDO Jean,GONONDO Jean,,,,CPDM,cpdm,area/far-north,FAR-NORTH,Assemblée Nationale,7,,,,
f74eb9a2-788f-4878-9b88-8e97f944609e,HAMADOU SEIDOU,HAMADOU SEIDOU,,,,CPDM,cpdm,area/far-north,FAR-NORTH,Assemblée Nationale,7,,,,
81c7fd5e-4f4e-4401-9c2a-16d465ea9c8f,HAMAN TCHIOUTO,HAMAN TCHIOUTO,,,,CPDM,cpdm,area/far-north,FAR-NORTH,Assemblée Nationale,7,,,,
54a6c509-51f8-4a60-98ed-787d0e468b5e,HAMATOUKOUR BOBBO,HAMATOUKOUR BOBBO,,,,CPDM,cpdm,area/adamawa,ADAMAWA,Assemblée Nationale,7,,,,
e95396af-e9e4-4605-a279-aa968b04b594,HAMIDOU,HAMIDOU,,,,CPDM,cpdm,area/adamawa,ADAMAWA,Assemblée Nationale,7,,,,
8e2ef744-0443-4221-ada1-2e16e7c6e7a7,HAROUNA NYAKO,HAROUNA NYAKO,,,,CPDM,cpdm,area/north,NORTH,Assemblée Nationale,7,,,,
d61f73c9-94cf-4041-8788-3d5ac691cea1,Hamadou Ali BACHIR,Hamadou Ali BACHIR,,,,CPDM,cpdm,area/adamawa,ADAMAWA,Assemblée Nationale,7,,,,
dd287a85-f753-4406-9f91-bc7c5d1fa4b1,Hamadou SALI,Hamadou SALI,,,,CPDM,cpdm,area/far-north,FAR-NORTH,Assemblée Nationale,7,,,,
3ec5119e-7aba-4900-a9a3-07c217556514,IBRAHIMA DEWA,IBRAHIMA DEWA,,,,CPDM,cpdm,area/adamawa,ADAMAWA,Assemblée Nationale,7,,,,
381b9aee-1b74-4251-acb9-643e7fdb3ecf,IMBIA Sylvester ITHO,IMBIA Sylvester ITHO,,,,CPDM,cpdm,area/south-west,SOUTH-WEST,Assemblée Nationale,7,,,,
6fae0ae5-0cd9-49f1-8b6b-c7d7b94bfb29,JUA Paulinus TOH,JUA Paulinus TOH,,,,SDF,sdf,area/north_west,NORTH WEST,Assemblée Nationale,7,,,,
fcd95d90-0b43-44dc-8665-50822992374a,KALVOKSOU Rigobert,KALVOKSOU Rigobert,,,,CPDM,cpdm,area/far-north,FAR-NORTH,Assemblée Nationale,7,,,,
d6344e2e-5c5c-4f6e-ac0c-eca965e29e8d,KAMBALA NDANGAYA Jean-Pierre,KAMBALA NDANGAYA Jean-Pierre,,,,CPDM,cpdm,area/east,EAST,Assemblée Nationale,7,,,,
e9fe1c76-cd18-458c-ab59-2e8a281117a0,KAMSSOULOUM ABBA KABIR,KAMSSOULOUM ABBA KABIR,,,,CPDM,cpdm,area/far-north,FAR-NORTH,Assemblée Nationale,7,,,,
13fe6973-7dec-46f0-b4d8-590fa9934b9b,KEGNE M.Joséphine ép.FOTSO,KEGNE M.Joséphine ép.FOTSO,,,,CPDM,cpdm,area/west,WEST,Assemblée Nationale,7,,,,
a624b46c-f332-4b9e-95a2-e765099cfad6,KELDAI KAVAYE,KELDAI KAVAYE,,,,CPDM,cpdm,area/far-north,FAR-NORTH,Assemblée Nationale,7,,,,
78009106-575b-44f7-abc8-16811bde592c,KOA Luc,KOA Luc,,,,CPDM,cpdm,area/centre,CENTRE,Assemblée Nationale,7,,,,
e71334ef-0fab-41d7-88da-6cb8737153c7,KODOCK BAHIHA Augustin F.,KODOCK BAHIHA Augustin F.,,,,UPC,upc,area/centre,CENTRE,Assemblée Nationale,7,,,,
35380f71-18bb-43df-b417-356b94083065,KWEMO Pierre,KWEMO Pierre,,,,SDF,sdf,area/west,WEST,Assemblée Nationale,7,,,,
92f925f2-972f-49e4-aa62-a0d63b29e0f3,LIMI ADAMOU,LIMI ADAMOU,,,,CDU,cdu,area/west,WEST,Assemblée Nationale,7,,,,
eb89be90-84fd-45f3-8264-e7d0f9166db4,LOMIE MABIA Gérard,LOMIE MABIA Gérard,,,,CPDM,cpdm,area/east,EAST,Assemblée Nationale,7,,,,
810562f7-75cf-4634-93dd-a9bfa87c0ff5,MATTA Joseph Roland,MATTA Joseph Roland,,,,CPDM,cpdm,area/east,EAST,Assemblée Nationale,7,,,,
4848e098-0295-41c4-947c-ea2db03d742c,MBAH Ndam Joseph NJANG,MBAH Ndam Joseph NJANG,,,,SDF,sdf,area/north_west,NORTH WEST,Assemblée Nationale,7,,,,
89f633fb-171c-47b9-993c-a46b5a5eada6,MBASSI AWONO,MBASSI AWONO,,,,CPDM,cpdm,area/centre,CENTRE,Assemblée Nationale,7,,,,
52f5949b-23ae-48f1-bc84-53c711eaa065,MBE ASSAE MENDOMO T. A,MBE ASSAE MENDOMO T. A,,,,CPDM,cpdm,area/south,SOUTH,Assemblée Nationale,7,,,,
7f3a9bd1-ba64-47a9-b0f0-674561f7bcf4,MBILE Norbert NANGIYA,MBILE Norbert NANGIYA,,,,CPDM,cpdm,area/south-west,SOUTH-WEST,Assemblée Nationale,7,,,,
465ccebf-348f-4875-a019-cd0c3400a6ff,MBOCK Gabriel Charly,MBOCK Gabriel Charly,,,,UPC,upc,area/littoral,LITTORAL,Assemblée Nationale,7,,,,
4fc71cb3-c310-4d43-aaf0-5f97e46fedc7,MBONDA ELIE,MBONDA ELIE,,,,CPDM,cpdm,area/west,WEST,Assemblée Nationale,7,,,,
15a610e1-d64f-493a-a523-c83fdc859317,MBOTCHAK Philippe,MBOTCHAK Philippe,,,,CPDM,cpdm,area/west,WEST,Assemblée Nationale,7,,,,
f8fbcbd2-2bde-4af5-a1c1-3ecac2ae3d14,MBOUI Joseph,MBOUI Joseph,,,,CPDM,cpdm,area/littoral,LITTORAL,Assemblée Nationale,7,,,,
660647a9-3094-45a6-a287-51bdc7ac995d,MEBANDE Brigitte ép.ABDOULBAGUI,MEBANDE Brigitte ép.ABDOULBAGUI,,,,CPDM,cpdm,area/east,EAST,Assemblée Nationale,7,,,,
47a8a7d8-b00d-49c1-8dd7-94aeb16fd524,MEBOKA Cathérine Eposi,MEBOKA Cathérine Eposi,catherine.meboka@assnat.cm,,,CPDM,cpdm,area/south-west,SOUTH-WEST,Assemblée Nationale,7,,,,
048da50e-0a14-43a8-b273-4e5244d5b7f8,MISSI Jean Raymond,MISSI Jean Raymond,jean.missi@assnat.cm,,,CPDM,cpdm,area/littoral,LITTORAL,Assemblée Nationale,7,,,,
751c3f97-88a6-4695-a087-6aaf76b49fc1,MOHAMADOU GASSIMOU,MOHAMADOU GASSIMOU,mohamadou.gassimou@assnat.cm,,,CPDM,cpdm,area/north,NORTH,Assemblée Nationale,7,,,,
977ebd39-33ca-4ad8-8873-333de0fa54ed,MONJOWA LIFAKA Emilia,MONJOWA LIFAKA Emilia,Emilia.monjonwa@assnat.cm,,,CPDM,cpdm,area/south-west,SOUTH-WEST,Assemblée Nationale,7,,,,
425d7d9b-42d1-4429-a3ba-9881be4390a9,MOUTASSI Bénoit Roger,MOUTASSI Bénoit Roger,roger.moutassi@assnat.cm,,,CPDM,cpdm,area/littoral,LITTORAL,Assemblée Nationale,7,,,,
c80e6b38-f0d6-4cae-bc52-0bfbf0659db2,MVINDI OBAMA Gaston,MVINDI OBAMA Gaston,gaston.mvindi@assnat.cm,,,CPDM,cpdm,area/centre,CENTRE,Assemblée Nationale,7,,,,
16969797-5e69-4547-9891-cdb1fa84041e,Man Jacqueline ép.SIMBE,Man Jacqueline ép.SIMBE,,,,CPDM,cpdm,area/east,EAST,Assemblée Nationale,7,,,,
f9c72d5e-f255-4f5f-8a08-a25901440a7a,NASELI Emmanuel SAKO,NASELI Emmanuel SAKO,emmanuel.naseli@assnat,,,CPDM,cpdm,area/south-west,SOUTH-WEST,Assemblée Nationale,7,,,,
7de6755d-f420-488d-b5af-bdb4060ba5db,NDEMBIYAMBE PAUL CELESTIN,NDEMBIYAMBE PAUL CELESTIN,paul.ndembiyembe@assnat.cm,,,CPDM,cpdm,area/centre,CENTRE,Assemblée Nationale,7,,,,
47d5a8e7-b23f-405e-836d-88063807a399,NDI François,NDI François,françois.ndi@assnat.cm,,,CPDM,cpdm,area/west,WEST,Assemblée Nationale,7,,,,
f7294daf-768d-419d-afdc-dcc53dbb4751,NDINDA NDINDA Ferdinand,NDINDA NDINDA Ferdinand,ferdinand.ndinda@assnat.cm,,,CPDM,cpdm,area/south,SOUTH,Assemblée Nationale,7,,,,
8a5b8fb0-7619-4d6e-916c-04527a8ee62e,NDO née ENGOLO EVINA,NDO née ENGOLO EVINA,evina.ndo@assnat.cm,,,CPDM,cpdm,area/south,SOUTH,Assemblée Nationale,7,,,,
61d808d5-d04d-4223-8561-f8f28f96f193,NDONGO ESSOMBA Jean-Bernard,NDONGO ESSOMBA Jean-Bernard,bernard.ndongo@assnat.cm,,,CPDM,cpdm,area/centre,CENTRE,Assemblée Nationale,7,,,,
7be13eda-777a-4fb7-a80d-3c1b2a3232ce,NDONGO NDJEMBA Benjamin,NDONGO NDJEMBA Benjamin,benjamin.ndongo@assnat,,,CPDM,cpdm,area/south,SOUTH,Assemblée Nationale,7,,,,
626cd2e3-cb3a-46e8-abf0-d35747c26cc0,NEBA Aoron SUH,NEBA Aoron SUH,aaron.neba@assnat.cm,,,SDF,sdf,area/north-west,NORTH-WEST,Assemblée Nationale,7,,,,
9b5ef6a8-fa35-4e5b-9ab8-01c8944cd39a,NGAHANE Isaac,NGAHANE Isaac,isaac.ngahane@assnat.cm,,,CPDM,cpdm,area/littoral,LITTORAL,Assemblée Nationale,7,,,,
94505dc0-1b8e-4bcc-8809-8928bf6a0b62,NGAIMA,NGAIMA,ngaima@assnat.cm,,,CPDM,cpdm,area/far-north,FAR-NORTH,Assemblée Nationale,7,,,,
91de9986-34ab-40ef-b1f3-93d993f8c030,NGETCHAM,NGETCHAM,ngetcham@assnat.cm,,,SDF,sdf,area/littoral,LITTORAL,Assemblée Nationale,7,,,,
209d2385-c896-4469-b4f3-b1682e0f5a15,NGORAN Lawrence TONDZE,NGORAN Lawrence TONDZE,lawrence.tondze@assnat.cm,,,SDF,sdf,area/north-west,NORTH-WEST,Assemblée Nationale,7,,,,
33d898f0-6047-4ca9-90f8-d8e8c4244e07,NGOULA Anne,NGOULA Anne,anne.ngoula@assnat.cm,,,CPDM,cpdm,area/littoral,LITTORAL,Assemblée Nationale,7,,,,
ce3a2bb5-f959-461b-9047-cbe558a584b1,NGUINI EFFA Marie-Rose,NGUINI EFFA Marie-Rose,marie.effa@assnat.cm,,,CPDM,cpdm,area/centre,CENTRE,Assemblée Nationale,7,,,,
6a08e14e-011b-42d6-b0d1-c02049747e54,NGWASIRI Clement NFORTI,NGWASIRI Clement NFORTI,clement.nforti@assnat.cm,,,SDF,sdf,area/north-west,NORTH-WEST,Assemblée Nationale,7,,,,
b0ae0b38-3eb2-4e16-9b2e-f67198066e74,NJIE MEOTO Paul,NJIE MEOTO Paul,paul.njie@assnat.cm,,,CPDM,cpdm,area/south-west,SOUTH-WEST,Assemblée Nationale,7,,,,
06781c9a-1a2d-4352-a387-c6dc24bb009d,NJOCKE Abel Calvin,NJOCKE Abel Calvin,abel.njocke@assnat.cm,,,CPDM,cpdm,area/littoral,LITTORAL,Assemblée Nationale,7,,,,
7ba9a5af-8fce-4b59-b63c-a27274b64683,NKELE PALMY William MBOE,NKELE PALMY William MBOE,william.palmy@assnat.cm,,,SDF,sdf,area/south-west,SOUTH-WEST,Assemblée Nationale,7,,,,
92ddee21-0a57-4f21-9232-77983278614d,NKODO DANG Roger,NKODO DANG Roger,roger.nkodo@assnat.cm,,,CPDM,cpdm,area/centre,CENTRE,Assemblée Nationale,7,,,,
b91ee22e-e9fd-4476-9157-d90485b0838e,NNANGA née ESSOMBA M.D.,NNANGA née ESSOMBA M.D.,essomba.nnanga@assnat.cm,,,CPDM,cpdm,area/centre,CENTRE,Assemblée Nationale,7,,,,
aa3952f1-471d-4956-90f7-4e872b1617a8,NNEMDE Emmanuel,NNEMDE Emmanuel,emmanuel.nnembe@assnat.cm,,,CPDM,cpdm,area/centre,CENTRE,Assemblée Nationale,7,,,,
700194bd-bb4b-4fe1-bdd0-f95f06eaae41,NSANGOU MAMADOU,NSANGOU MAMADOU,mamadou.nsangou@assanat.cm,,,CDU,cdu,area/west,WEST,Assemblée Nationale,7,,,,
b0e664ed-cc9c-4497-a4d1-f21dc9f4a233,NSANYUY AUDU,NSANYUY AUDU,audu.nsayuy@assnat.cm,,,SDF,sdf,area/west,WEST,Assemblée Nationale,7,,,,
bb576c09-fdd0-4c85-9f72-5a99fbba7b40,NTONE Henri,NTONE Henri,henri.ntone@assnat.cm,,,CPDM,cpdm,area/littoral,LITTORAL,Assemblée Nationale,7,,,,
ce1677da-e675-4377-8b59-a4ff5dc4b120,NYASSA Louis Claude,NYASSA Louis Claude,claude.nyassa@assnat.cm,,,CPDM,cpdm,area/centre,CENTRE,Assemblée Nationale,7,,,,
39c7015d-45ab-4fd0-96b1-45df2dd29e51,NZEFA TSACHOUA Pierre,NZEFA TSACHOUA Pierre,pierre.nzefa@assnat.cm,,,CPDM,cpdm,area/west,WEST,Assemblée Nationale,7,,,,
6e9842a9-deb4-497e-8d7e-2ac7fbd89e33,OLOUME Ernest,OLOUME Ernest,ernest.oloume@assnat.cm,,,CPDM,cpdm,area/centre,CENTRE,Assemblée Nationale,7,,,,
d74f583b-4eb3-4681-8811-544df1b86938,ONANA Vincent,ONANA Vincent,vincent.onana@assnat.cm,,,CPDM,cpdm,area/centre,CENTRE,Assemblée Nationale,7,,,,
8b792635-87ff-4ae8-b03a-6277e3e07d78,ONDIGUI THADDEUS,ONDIGUI THADDEUS,thaddeus.ondigui@assnat.cm,,,CPDM,cpdm,area/centre,CENTRE,Assemblée Nationale,7,,,,
39e8db78-c916-4297-97e0-0bd828bd5bdd,ONDOUA MENYE Paul-Aimé,ONDOUA MENYE Paul-Aimé,paul.ondoua@assnat.cm,,,CPDM,cpdm,area/centre,CENTRE,Assemblée Nationale,7,,,,
bce42c99-8083-440b-8a1f-19e050d508af,OUSMANOU,OUSMANOU,ousmanou@assnat.cm,,,CPDM,cpdm,area/adamawa,ADAMAWA,Assemblée Nationale,7,,,,
d9a6ad66-0f17-4fdb-9c57-cf0afa474a3d,OUSMANOU TOUMBA,OUSMANOU TOUMBA,toumba.ousmanou@assnat.cm,,,CPDM,cpdm,area/far-north,FAR-NORTH,Assemblée Nationale,7,,,,
45242f7b-7852-45ed-9faa-354e432e6d9e,OWANA KONO Joseph Hyacinthe,OWANA KONO Joseph Hyacinthe,joseph.kono@assnat.cm,,,CPDM,cpdm,area/littoral,LITTORAL,Assemblée Nationale,7,,,,
fee6bc77-704d-42d7-84ad-3512c9b3eec5,OWONA ESOMBA Réné,OWONA ESOMBA Réné,réné.owona@assnat.cm,,,CPDM,cpdm,area/south,SOUTH,Assemblée Nationale,7,,,,
188a472e-259f-47d6-b43f-2ad480c1ea6a,PATEHALE Jean Claude,PATEHALE Jean Claude,claude.patehale@assnat.cm,,,CPDM,cpdm,area/north,NORTH,Assemblée Nationale,7,,,,
8285ed1c-905b-4910-aa42-88bf7a783653,PEYIPAHOUO Riratou,PEYIPAHOUO Riratou,,,,CDU,cdu,area/west,WEST,Assemblée Nationale,7,,,,
88cd4d8c-7d7f-43c6-8ff9-2dcec50a2df3,SAKATAÏ Claude,SAKATAÏ Claude,claude.sakatai@assnat.cm,,,CPDM,cpdm,area/far-north,FAR-NORTH,Assemblée Nationale,7,,,,
77d36880-2252-4b48-b5c7-a1c55b7499a3,SALE Charles,SALE Charles,charles.sale@assnat.cm,,,CPDM,cpdm,area/east,EAST,Assemblée Nationale,7,,,,
2856934b-7875-4ed1-ac21-8f5010b84f0a,SALI DAÏROU,SALI DAÏROU,dairou.sali@assnat.cm,,,CPDM,cpdm,area/far-north,FAR-NORTH,Assemblée Nationale,7,,,,
84058a07-c94b-41ab-90de-204f9740be02,SAMBA LETINA Alphonse,SAMBA LETINA Alphonse,alphonse.letina@assnat.cm,,,CPDM,cpdm,area/east,EAST,Assemblée Nationale,7,,,,
0f040584-52e9-49a7-96b4-11f82af158bf,SANI MOHAMADOU,SANI MOHAMADOU,mohamadou.sani@assnat.cm,,,CPDM,cpdm,area/adamawa,ADAMAWA,Assemblée Nationale,7,,,,
03e6ecbb-ad97-43c5-a7ee-eae5bde0f1dc,SASSOUAN HIRI HIRI,SASSOUAN HIRI HIRI,,,,CPDM,cpdm,area/far-north,FAR-NORTH,Assemblée Nationale,7,,,,
086a02b0-5535-44d7-9fbf-eb986872c69b,SENDE Pierre,SENDE Pierre,pierre.sende@assnat.cm,,,UPC,upc,area/centre,CENTRE,Assemblée Nationale,7,,,,
3d15d23b-7e91-4535-b714-1b9e23f51c3b,SILIKAM née MANAMOUROU I.M.,SILIKAM née MANAMOUROU I.M.,manamourou.silikam@assnat.cm,,,CPDM,cpdm,area/adamawa,ADAMAWA,Assemblée Nationale,7,,,,
ed1025c1-cc81-4088-96f3-a86fe7a34abc,SIME Pierre,SIME Pierre,pierre.sime@assnat.cm,,,CPDM,cpdm,area/littoral,LITTORAL,Assemblée Nationale,7,,,,
14842bb4-2175-4fd3-9337-956041725e37,SINGAI KANGOU Célestin,SINGAI KANGOU Célestin,célestin.kangou@assnat.cm,,,CPDM,cpdm,area/north,NORTH,Assemblée Nationale,7,,,,
cec149da-8c0a-4cb5-a52a-a5f1db911230,SONKE Benjamin,SONKE Benjamin,benjamin.sonke@assnat.cm,,,CPDM,cpdm,area/west,WEST,Assemblée Nationale,7,,,,
90a429e8-aef9-4f81-aba2-194bee75801b,TANSAH Jones NDZI,TANSAH Jones NDZI,,,,SDF,sdf,area/north-west,NORTH-WEST,Assemblée Nationale,7,,,,
eb93b33d-8645-43c6-a780-a60ddb7d6321,TASI NTANG Lucas,TASI NTANG Lucas,lucas.ntang@assnat,,,SDF,sdf,area/north-west,NORTH-WEST,Assemblée Nationale,7,,,,
725f5c3c-6fda-4135-92d9-8837f9f166b6,TCHOFFO Lucas,TCHOFFO Lucas,lucas.tchoffo@assnat.cm,,,CPDM,cpdm,area/west,WEST,Assemblée Nationale,7,,,,
7dd13572-34ae-47ab-b3e2-0f568c4ac419,TCHOUTA MOUSSA MBATKAM Jean,TCHOUTA MOUSSA MBATKAM Jean,jean.tchouta@assnat.cm,,,CPDM,cpdm,area/west,WEST,Assemblée Nationale,7,,,,
6cde8ea2-fb13-41aa-9f60-c14f27e29dd6,TEMHOUL Thomas Lucie,TEMHOUL Thomas Lucie,lucie.temhoul@assnat.cm,,,CPDM,cpdm,area/north,NORTH,Assemblée Nationale,7,,,,
bd0c64bd-bb38-4f9f-9569-502a34618249,TIAKO née TANKEU Clémentine,TIAKO née TANKEU Clémentine,,,,CPDM,cpdm,area/west,WEST,Assemblée Nationale,7,,,,
0775ab6f-914d-4afd-b5fe-5bf53a751149,VICHE TAGA,VICHE TAGA,taga.viche@assnat.cm,,,CPDM,cpdm,area/far-north,FAR-NORTH,Assemblée Nationale,7,,,,
9acd6a3c-4c45-4645-b5ba-55012cd9933f,VOUMIA BAHOUE Rigobert,VOUMIA BAHOUE Rigobert,rigobert.bahoue@assnat.cm,,,CPDM,cpdm,area/east,EAST,Assemblée Nationale,7,,,,
57311283-77ea-4de5-8eb5-0884d062e572,WA MATHURIN Martial,WA MATHURIN Martial,martial.wa@assnat.cm,,,CPDM,cpdm,area/west,WEST,Assemblée Nationale,7,,,,
6f11a87e-7b2b-49aa-9579-4b81c8947af5,WEMBE Joseph,WEMBE Joseph,joseph.wembe@assnat.cm,,,CPDM,cpdm,area/west,WEST,Assemblée Nationale,7,,,,
d58b5355-3716-46bf-bca1-0ae9a868480e,YAMEKUE Samuel,YAMEKUE Samuel,samuel.yamekue@assnat.cm,,,CDU,cdu,area/west,WEST,Assemblée Nationale,7,,,,
8c96ae25-8a52-46d3-a912-dacd517bc87d,YAYA DOUMBA MARIUS,YAYA DOUMBA MARIUS,marius.yaya@assnat.cm,,,CPDM,cpdm,area/adamawa,ADAMAWA,Assemblée Nationale,7,,,,
444db262-1dd3-411e-8dfd-c3e48c9af182,YOYO MOHMBANKAH Emmanuel,YOYO MOHMBANKAH Emmanuel,emmanuel.yoyo@assnat.cm,,,SDF,sdf,area/north-west,NORTH-WEST,Assemblée Nationale,7,,,,
40c5119d-05c9-432d-ade3-ae4b14d5f2ca,Youwo Bernard,Youwo Bernard,bernard.youwo@assnat.cm,,,CPDM,cpdm,area/west,WEST,Assemblée Nationale,7,,,,
76a6b9fb-d06c-47d6-bc1e-c01cb63e47de,ZAM Jean-Jacques Noel,ZAM Jean-Jacques Noel,jean.zam@assnat.cm,,,CPDM,cpdm,area/south,SOUTH,Assemblée Nationale,7,,,,
677eb5b4-c206-4965-bc08-e1df3554a246,ZONDOL HERSSESSE,ZONDOL HERSSESSE,herssesse.zondol@assnat.cm,,,CPDM,cpdm,area/far-north,FAR-NORTH,Assemblée Nationale,7,,,,
