id,name,sort_name,email,twitter,facebook,group,group_id,area_id,area,chamber,term,start_date,end_date,image,gender
d019d13d-caad-436d-bf37-d18c8661e392,ABAKAR MAHAMAT,ABAKAR MAHAMAT,mahamat.abakar@assnat.cm,,,CPDM,cpdm,area/far-north,FAR-NORTH,Assemblée Nationale,8,,,,
08826605-f8e1-43e6-955c-747a3dc8ac51,ABBA MALLA BOUKAR,ABBA MALLA BOUKAR,,,,CPDM,cpdm,area/far-north,FAR-NORTH,Assemblée Nationale,8,,,,
9af9e96f-ad3c-4db3-90c8-b1d695b16307,ABDOU KIDANTANG,ABDOU KIDANTANG,abdou.kidantang@assnat.cm,,,CPDM,cpdm,area/far-north,FAR-NORTH,Assemblée Nationale,8,,,,
4c09f42a-a871-40d9-9ced-a188bcdda79f,ABDOU-KADRI BELLO,ABDOU-KADRI BELLO,bello.abdoul@assnat.cm,,,CPDM,cpdm,area/adamawa,ADAMAWA,Assemblée Nationale,8,,,,
570a9b7f-e6d7-490a-b6b5-8405ebe80231,ABDOULAYE BOUGUE,ABDOULAYE BOUGUE,,,,CPDM,cpdm,area/north,NORTH,Assemblée Nationale,8,,,,
3b1b5598-e677-4fc4-ae05-e73c6b3bc2b6,ABUNAW Rose MAKIA AGBOR,ABUNAW Rose MAKIA AGBOR,rose.makia@assnat.cm,,,CPDM,cpdm,area/south-west,SOUTH-WEST,Assemblée Nationale,8,,,,
15147675-ae36-42bc-b259-12d8385e7f33,ADAMA MODI,ADAMA MODI,modi.adama@assnat.cm,,,CPDM,cpdm,area/far-north,FAR-NORTH,Assemblée Nationale,8,,,,
9a9aa5c9-fa57-4760-a98c-1f5bbbbb1d2e,ADAMOU SAÏDOU,ADAMOU SAÏDOU,saidou.adamou@assnat.cm,,,CPDM,cpdm,area/north,NORTH,Assemblée Nationale,8,,,,
c2813363-2c53-4362-a670-e0f2ef7ecba9,ADJIBOLO Philémon,ADJIBOLO Philémon,philémon.adjibolo@assnat.cm,,,CPDM,cpdm,area/east,EAST,Assemblée Nationale,8,,,,
e0a8a532-039a-403e-8000-34dd1a3e29a1,AHIDJO MOHAMADOU,AHIDJO MOHAMADOU,mohamadou.ahidjo@assnat.cm,,,NUDP,nudp,area/north,NORTH,Assemblée Nationale,8,,,,
1d6dae77-d2a4-4cc2-b4e4-0a967c1b645f,AKAMBA ASSEMBE Pierre Georges,AKAMBA ASSEMBE Pierre Georges,pierre.akamba@assnat.cm,,,CPDM,cpdm,area/centre,CENTRE,Assemblée Nationale,8,,,,
db7e4726-8055-460a-9bc1-7aad39c07e95,ALI ADJIT,ALI ADJIT,adjit.ali@assnat,,,CPDM,cpdm,area/far-north,FAR-NORTH,Assemblée Nationale,8,,,,
ae16be61-7c29-4730-967d-f624d9523c0c,ALI MAMOUDA,ALI MAMOUDA,mamouda.ali@assnat.cm,,,CPDM,cpdm,area/north,NORTH,Assemblée Nationale,8,,,,
3d54b738-ecea-4ea8-ab3a-b50d82a10990,ALIYOUM FADIL,ALIYOUM FADIL,fadil.aliyoum@assnat.cm,,,CPDM,cpdm,area/north,NORTH,Assemblée Nationale,8,,,,
85c85098-2c0b-4899-914d-4d743b41369a,AMADOU MOHAMAN,AMADOU MOHAMAN,mohaman.amadou@assnat,,,NUDP,nudp,area/north,NORTH,Assemblée Nationale,8,,,,
3a7692ef-8031-4b00-914f-e650cee887fc,AMASSOUMOU NDIFOANE,AMASSOUMOU NDIFOANE,ndifoane.amassoumou@assnat.cm,,,CPDM,cpdm,area/adamawa,ADAMAWA,Assemblée Nationale,8,,,,
bedbc875-d1d3-4c92-8aaa-b5a020fc06a4,AMBASSA ZANG Dieudonné,AMBASSA ZANG Dieudonné,dieudonné.zang@assnat.cm,,,CPDM,cpdm,area/centre,CENTRE,Assemblée Nationale,8,,,,
65922c24-d9df-4af4-b0fb-1f278490a01b,AMOUGOU EKOMAN Marcel D.,AMOUGOU EKOMAN Marcel D.,marcel.ekoman@assnat.cm,,,CPDM,cpdm,area/south,SOUTH,Assemblée Nationale,8,,,,
bcdaa0bc-3d55-48f8-a115-074f67346a93,AMOUGOU MEZANG Norbert,AMOUGOU MEZANG Norbert,norbert.mezang@assnat,,,CPDM,cpdm,area/south,SOUTH,Assemblée Nationale,8,,,,
f1d7ac39-05e3-4af2-b6f9-6b58e86d60ca,ASU Georges MBANDA,ASU Georges MBANDA,georges.asu@assnat.cm,,,CPDM,cpdm,area/south-west,SOUTH-WEST,Assemblée Nationale,8,,,,
15e6f6e5-a0d6-4bd8-bbd7-c2e918a0126b,ATEAWUNG FOJU Bernard,ATEAWUNG FOJU Bernard,bernard.foju@assnat.cm,,,CPDM,cpdm,area/south-west,SOUTH-WEST,Assemblée Nationale,8,,,,
7030582d-3f21-4441-afae-7e793f1758e2,AWUDU MBAYA Cyprian,AWUDU MBAYA Cyprian,,,,SDF,sdf,area/north-west,NORTH-WEST,Assemblée Nationale,8,,,,
1c145989-74bf-4fd4-aa5d-56af5f730ae3,AYAH Paul ABINE,AYAH Paul ABINE,,,,CPDM,cpdm,area/south-west,SOUTH-WEST,Assemblée Nationale,8,,,,
eb19edf7-0126-4fd4-8278-15187709d847,Amadou ADJI,Amadou ADJI,adji.amadou@assnat.cm,,,NUDP,nudp,area/far-north,FAR-NORTH,Assemblée Nationale,8,,,,
7a335f7f-f584-48dd-b20f-cea1adda9112,BADAMA Paul,BADAMA Paul,paul.badama@assnat.cm,,,NUDP,nudp,area/far-north,FAR-NORTH,Assemblée Nationale,8,,,,
5e25c56e-7210-4513-905d-bc50aa4b29cb,BANADZEM Joseph LUKONG,BANADZEM Joseph LUKONG,joseph.banadzem@assnat,,,SDF,sdf,area/north-west,NORTH-WEST,Assemblée Nationale,8,,,,
220cf95d-e8b3-4d79-b625-ca16939fb901,BANGOUI BATADJOMO Gervais,BANGOUI BATADJOMO Gervais,gervais.bangoui@assnat.cm,,,CPDM,cpdm,area/east,EAST,Assemblée Nationale,8,,,,
f00998dc-3016-4412-8376-8fb482f6ce0a,BANMI Emmanuel DINGHA,BANMI Emmanuel DINGHA,emmanuel.banmi@assnat.cm,,,CPDM,cpdm,area/north-west,NORTH-WEST,Assemblée Nationale,8,,,,
a13bfefb-7b5d-442a-81a0-f04e0e411317,BAORO Théophile,BAORO Théophile,theophile.baoro@assnat.cm,,,CPDM,cpdm,area/adamawa,ADAMAWA,Assemblée Nationale,8,,,,
ac7c6c22-ca40-4d76-af53-d5dde14e9145,BASSA BOTIBA Florence Eugénie,BASSA BOTIBA Florence Eugénie,florence.bassa@assnat.cm,,,CPDM,cpdm,area/centre,CENTRE,Assemblée Nationale,8,,,,
fccc1904-848d-4656-b4d4-917f6adc22c8,BATIKBONAK Jean-Marie,BATIKBONAK Jean-Marie,,,,CPDM,cpdm,area/centre,CENTRE,Assemblée Nationale,8,,,,
6a7b09e0-7934-4d99-80ca-3243c98b293a,BOKWE Samuel NGOE,BOKWE Samuel NGOE,samuel.bokwe@assnat.cm,,,CPDM,cpdm,area/south-west,SOUTH-WEST,Assemblée Nationale,8,,,,
c06cf4c7-be53-43cb-ac5f-6f827554d8fc,BOTOULI née BIANG Paulette,BOTOULI née BIANG Paulette,paulette.botouli@assnat.cm,,,CPDM,cpdm,area/south,SOUTH,Assemblée Nationale,8,,,,
2f5bb0d7-8b0e-4f3a-9e9e-d5c5cbe24506,BOUBA André,BOUBA André,andré.bouba@assnat.cm,,,CPDM,cpdm,area/north,NORTH,Assemblée Nationale,8,,,,
182a650f-ade2-447f-87a3-ce07ab85b112,BOULOU NGUIZI Joseph,BOULOU NGUIZI Joseph,,,,CPDM,cpdm,area/far-north,FAR-NORTH,Assemblée Nationale,8,,,,
1b7f65a1-e087-4acb-96fd-af2b8de2b6ca,BOUOBDA,BOUOBDA,bouoba@assnat.cm,,,CPDM,cpdm,area/west,WEST,Assemblée Nationale,8,,,,
fa911882-9116-40e7-a17b-1a4c1dbc1f32,BUJUNG BEDE James,BUJUNG BEDE James,james.bede@assnat.cm,,,SDF,sdf,area/north-west,NORTH-WEST,Assemblée Nationale,8,,,,
4a5a7535-36c8-47bb-aa5e-d623ab7db691,CAVAYE Yéguié Djibril,CAVAYE Yéguié Djibril,djibril.yéguié@assnat.cm,,,CPDM,cpdm,area/far-north,FAR-NORTH,Assemblée Nationale,8,,,,
1166a957-652e-4edc-ba2b-88bca84306c5,DANATA Paul,DANATA Paul,paul.danat@assnat.cm,,,CPDM,cpdm,area/east,EAST,Assemblée Nationale,8,,,,
6783ec3a-1ead-45be-b7d2-7e4a91d96f7e,DATOUO Théodore,DATOUO Théodore,,,,CPDM,cpdm,area/west,WEST,Assemblée Nationale,8,,,,
4e1c0379-076a-452b-af4a-d0492d1084f4,DJAMARA LOURSANTA,DJAMARA LOURSANTA,loursanta.djamara@assnat.cm,,,CPDM,cpdm,area/far-north,FAR-NORTH,Assemblée Nationale,8,,,,
b53cf8e0-b202-42e1-af7c-0995a556e94d,DJIBRILLA KAOU BAKARY,DJIBRILLA KAOU BAKARY,bakary.djibrilla@assnat,,,CPDM,cpdm,area/far-north,FAR-NORTH,Assemblée Nationale,8,,,,
7a1caa4a-dede-4397-9767-649eb6541258,DJOMGOUE Paul Eric,DJOMGOUE Paul Eric,eric.djomgoue@assnat.cm,,,CPDM,cpdm,area/centre,CENTRE,Assemblée Nationale,8,,,,
9f778e9c-5b2e-4d26-84a3-0585a8980388,DOOH Collins Albert KOUOH,DOOH Collins Albert KOUOH,albert.dooh@assnat,,,CPDM,cpdm,area/littoral,LITTORAL,Assemblée Nationale,8,,,,
33df5d21-ba67-4966-b1da-7d24f2cec4fa,DOUGOUF DJONKIO Ali,DOUGOUF DJONKIO Ali,ali.dougouf@assnat.cm,,,CPDM,cpdm,area/far-north,FAR-NORTH,Assemblée Nationale,8,,,,
a3c107e4-96db-435f-b3cb-3fa688a19266,EDIMO NDOUMBE Oscar,EDIMO NDOUMBE Oscar,oscar.edimo@assnat.cm,,,CPDM,cpdm,area/littoral,LITTORAL,Assemblée Nationale,8,,,,
51d8f583-9a37-4876-b81d-63a102048425,EKEN Christophe,EKEN Christophe,christophe.eken@assnat.cm,,,CPDM,cpdm,area/west,WEST,Assemblée Nationale,8,,,,
f6839a59-560d-4139-a570-4dc401b72351,EKINDI Jean-Jacques,EKINDI Jean-Jacques,jean.ekindi.cm@assnat.cm,,,PM,pm,area/littoral,LITTORAL,Assemblée Nationale,8,,,,
681a4973-0786-4feb-ab38-39ade17c7240,EKOUE Bienvenue,EKOUE Bienvenue,bienvenue.ekoue@assnat.cm,,,CPDM,cpdm,area/littoral,LITTORAL,Assemblée Nationale,8,,,,
e074644e-f0b3-41fb-8d7b-edb1448b37ad,ELIAS GONDJI,ELIAS GONDJI,elias.gondji@assnat.cm,,,CPDM,cpdm,area/far-north,FAR-NORTH,Assemblée Nationale,8,,,,
0147224e-ce84-41fd-b172-8c5b8d496e20,EMAH ETOUNDI Vincent de Paul,EMAH ETOUNDI Vincent de Paul,vincent.etoundi@assnat.cm,,,CPDM,cpdm,area/centre,CENTRE,Assemblée Nationale,8,,,,
967c6c02-88a7-4f6e-a825-481d90c3ec72,EMANA Marius,EMANA Marius,marius.emana@assnat.cm,,,CPDM,cpdm,area/east,EAST,Assemblée Nationale,8,,,,
2c61f7b3-38ae-4b51-bdde-ed50224d09f0,ENWE Françis ABI,ENWE Françis ABI,françis.enwe@assnat.cm,,,CPDM,cpdm,area/north-west,NORTH-WEST,Assemblée Nationale,8,,,,
e425d2c3-e53e-4a25-a126-77e204260dac,EONNE Jean,EONNE Jean,jean.eonne@assnat.cm,,,CPDM,cpdm,area/centre,CENTRE,Assemblée Nationale,8,,,,
5dbc9b4e-c022-462c-9b64-487c16947a21,EPOUBE Lydienne née EYOUM M.,EPOUBE Lydienne née EYOUM M.,lydienne.eyoum@assnat.cm,,,CPDM,cpdm,area/littoral,LITTORAL,Assemblée Nationale,8,,,,
9bdb1e29-9b28-42b6-ae2d-921537320d8a,ESSAME François,ESSAME François,françois.essame@assnat.cm,,,CPDM,cpdm,area/south,SOUTH,Assemblée Nationale,8,,,,
efa77a1c-d1d7-4d4b-a305-c17278d408af,ESSOLA ETOA Louis Roger,ESSOLA ETOA Louis Roger,roger.etoa@assnat.cm,,,CPDM,cpdm,area/east,EAST,Assemblée Nationale,8,,,,
c6e1473d-281d-46d2-88f0-e2faaecf31d4,ETONG NDZOK Hilarion,ETONG NDZOK Hilarion,hilarion.etong@assnat.cm,,,CPDM,cpdm,area/east,EAST,Assemblée Nationale,8,,,,
51c4f3c4-3c66-478c-8ff4-2b0373398126,EYEBE Lucas,EYEBE Lucas,lucas.eyebe@assnat.cm,,,CPDM,cpdm,area/centre,CENTRE,Assemblée Nationale,8,,,,
e8e12315-c68d-444d-ab50-09a0a558e4fb,FEUTHEU Jean-Claude,FEUTHEU Jean-Claude,,,,CPDM,cpdm,area/west,WEST,Assemblée Nationale,8,,,,
74d86d1b-8eed-48f1-bb11-8b7569aba1e8,FOBI NCHINDA Simon,FOBI NCHINDA Simon,simon.nchinda@assnat.cm,,,SDF,sdf,area/north-west,NORTH-WEST,Assemblée Nationale,8,,,,
154badc0-52e0-4bee-9086-83c501d9075e,FOINDING Calvin,FOINDING Calvin,calvin.foinding@assnat.cm,,,CPDM,cpdm,area/west,WEST,Assemblée Nationale,8,,,,
b8be2de0-0377-44ea-975a-a17f2a403dea,FONGANG Joseph Confiance,FONGANG Joseph Confiance,confiance.fongang@assnat.cm,,,CPDM,cpdm,area/west,WEST,Assemblée Nationale,8,,,,
b9982e1f-d50d-41c6-9cef-ebf5029a0554,FONSO Peter CHOO,FONSO Peter CHOO,peter.fonso@assnat.cm,,,SDF,sdf,area/north-west,NORTH-WEST,Assemblée Nationale,8,,,,
cb72b048-c65f-4906-8c70-5623fc8b6295,FOSSI Jacob,FOSSI Jacob,jacob.fossi@assnat.cm,,,CPDM,cpdm,area/west,WEST,Assemblée Nationale,8,,,,
1a78777f-ede3-4fa2-b180-d854a1160324,FUH CALISTUS Gentry,FUH CALISTUS Gentry,gentry.fuh@assnat.cm,,,CPDM,cpdm,area/north-west,NORTH-WEST,Assemblée Nationale,8,,,,
dd0faa7d-4842-437e-920a-e6dc751f4f8b,GONONDO Jean,GONONDO Jean,jean.gonondo@assnat.cm,,,CPDM,cpdm,area/far-north,FAR-NORTH,Assemblée Nationale,8,,,,
2856d9fa-1cf3-4ac2-86d6-bf1c25ecc483,Genesis MBUCKSEK,Genesis MBUCKSEK,,,,CPDM,cpdm,area/north-west,NORTH-WEST,Assemblée Nationale,8,,,,
1a07d691-ff20-4e17-b093-54c15cd9b0e8,HAMADAMA DJIDJIOUA,HAMADAMA DJIDJIOUA,hamadama.djidjioua@assnat.cm,,,CPDM,cpdm,area/adamawa,ADAMAWA,Assemblée Nationale,8,,,,
06226567-ccb2-4600-9a22-7cfbf8f17ace,HAMADOU ALI BACHIR,HAMADOU ALI BACHIR,ali.bachir@assnat.cm,,,CPDM,cpdm,area/adamawa,ADAMAWA,Assemblée Nationale,8,,,,
a9a65509-56cb-4770-9bba-c3633c25450a,HAMADOU SALI,HAMADOU SALI,sali.hamadou@assnat.cm,,,CPDM,cpdm,area/far-north,FAR-NORTH,Assemblée Nationale,8,,,,
37332665-aadb-4dbf-95ff-475598f93b0a,Halia MOUSSA MOUFTA,Halia MOUSSA MOUFTA,moufta.halia@assnat.cm,,,CPDM,cpdm,area/adamawa,ADAMAWA,Assemblée Nationale,8,,,,
