id,name__fr,name,name__de,name__en,image,gender,identifier__ISNI,identifier__VIAF,identifier__GND,identifier__LCAuth,birth_date,identifier__freebase,given_name,identifier__Muzinger,identifier__parlamentDOTch,identifier__BNF,website,family_name,identifier__NTA,identifier__PACE,identifier__HDS,death_date,wikipedia__fr,wikipedia__de,wikipedia__en,identifier__Munzinger,identifier__SUDOC,name__zh_hans,name__zh_hant,name__zh_hk,name__zh_cn,name__zh_sg,name__zh_tw,name__pt,name__eo,name__gsw,name__pl,name__ku_arab,name__ku_latn,name__ru,name__es,name__fi,name__it,name__la,name__id,name__rm,name__nl,name__sv,name__zh,name__ku,name__nb,name__da,name__nn,name__ca,name__is,name__lb,name__et,name__tr,name__cs,name__sk,wikipedia__als,wikipedia__commons,wikipedia__dewikiquote,wikipedia__eo,wikipedia__es,wikipedia__fi,wikipedia__frwikiquote,wikipedia__id,wikipedia__it,wikipedia__ku,wikipedia__la,wikipedia__nl,wikipedia__no,wikipedia__pl,wikipedia__plwikiquote,wikipedia__pt,wikipedia__rm,wikipedia__ru,wikipedia__sv,wikipedia__zh,name__br,name__en_ca,name__en_gb,name__sr,name__oc,wikipedia__br,wikipedia__sr,wikipedia__cs,name__gl,wikipedia__gl,name__af,name__an,name__ast,name__bar,name__co,name__cy,name__de_at,name__de_ch,name__eu,name__frp,name__fur,name__ga,name__gd,name__hr,name__hu,name__ia,name__ie,name__io,name__kg,name__li,name__lij,name__mg,name__min,name__ms,name__nap,name__nds,name__nds_nl,name__nrm,name__pcd,name__pms,name__pt_br,name__ro,name__sc,name__scn,name__sco,name__sl,name__sr_el,name__sw,name__vec,name__vi,name__vls,name__vo,name__wa,name__wo,name__zu,name__vmf,name__yo,name__ko,name__el,name__kk,name__fa,name__uk,name__be,name__ar,wikipedia__ar,wikipedia__be,wikipedia__el,wikipedia__et,wikipedia__fa,wikipedia__kk,wikipedia__ko,wikipedia__tr,wikipedia__uk,wikipedia__yo,wikipedia__cswikiquote,name__lmo,wikipedia__lmo,wikipedia__ja,wikipedia__simple,wikipedia__vi,name__ja,linkedin
Q123857,Christoph Blocher,Christoph Blocher,Christoph Blocher,Christoph Blocher,"https://upload.wikimedia.org/wikipedia/commons/a/ab/Christoph_Blocher_(Bundesrat,_2004).jpg",male,0000 0000 2447 3022,22945749,11918785X,n85297668,1940-10-11,/m/01yp1g,Christoph,,21,,,,,,,,Christoph Blocher,Christoph Blocher,Christoph Blocher,00000020813,119548496,克里斯托夫·布劳赫,克里斯托夫·布勞赫,克里斯托夫·布勞赫,克里斯托夫·布劳赫,克里斯托夫·布劳赫,克里斯托夫·布勞赫,Christoph Blocher,Christoph Blocher,Christoph Blocher,Christoph Blocher,جهرستۆپه بلۆجهەر,Christoph Blocher,Кристоф Блохер,Christoph Blocher,Christoph Blocher,Christoph Blocher,Christophorus Blocher,Christoph Blocher,Christoph Blocher,Christoph Blocher,Christoph Blocher,克里斯托夫·布勞赫,Christoph Blocher,Christoph Blocher,Christoph Blocher,Christoph Blocher,Christoph Blocher,Christoph Blocher,Christoph Blocher,Christoph Blocher,Christoph Blocher,Christoph Blocher,Christoph Blocher,Christoph Blocher,Category:Christoph Blocher,Christoph Blocher,Christoph Blocher,Christoph Blocher,Christoph Blocher,Christoph Blocher,Christoph Blocher,Christoph Blocher,Christoph Blocher,Christophorus Blocher,Christoph Blocher,Christoph Blocher,Christoph Blocher,Christoph Blocher,Christoph Blocher,Christoph Blocher,"Блохер, Кристоф",Christoph Blocher,克里斯托夫·布勞赫,,,,,,,,,,,,,,,,,,,,,,,,,,,,,,,,,,,,,,,,,,,,,,,,,,,,,,,,,,,,,,,,,,,,,,,,,,,,,,,,,,
Q118295,Manuel Tornare,Manuel Tornare,Manuel Tornare,Manuel Tornare,,male,,305956163,,,1951-04-20,,Manuel,,4113,,http://www.manueltornare.ch,,,,,,Manuel Tornare,Manuel Tornare,,,,,,,,,,,,,,,,,Manuel Tornare,,Manuel Tornare,Manuel Tornare,,Manuel Tornare,,Manuel Tornare,,,Manuel Tornare,Manuel Tornare,Manuel Tornare,,,,,,,,,,,,,,,,,,Manuel Tornare,,,,,,,,,,,,,,,,,,,,,,,,,,,,,,,,,,,,,,,,,,,,,,,,,,,,,,,,,,,,,,,,,,,,,,,,,,,,,,,,,,,,,,,,,,,
Q123109,Oskar Freysinger,Oskar Freysinger,Oskar Freysinger,Oskar Freysinger,https://upload.wikimedia.org/wikipedia/commons/8/82/Oskar_Freysinger_(2007).jpg,male,0000 0001 1871 4106,42949193,130568104,,1960-06-12,/m/09gm6_2,Oskar,,1127,16268878n,http://www.ofreysinger.ch,,,,,,Oskar Freysinger,Oskar Freysinger,Oskar Freysinger,,147766796,,,,,,,,,,,,,,Oskar Freysinger,Oskar Freysinger,Oskar Freysinger,,,Oskar Freysinger,Oskar Freysinger,Oskar Freysinger,,,Oskar Freysinger,Oskar Freysinger,Oskar Freysinger,Oskar Freysinger,,,,,,,,Category:Oskar Freysinger,,,,Oskar Freysinger,Oskar Freysinger,,,,,Oskar Freysinger,,,,,,,Oskar Freysinger,,Oskar Freysinger,Oskar Freysinger,Oskar Freysinger,Оскар Фрејсингер,Oskar Freysinger,Oskar Freysinger,Оскар Фрејсингер,,,,,,,,,,,,,,,,,,,,,,,,,,,,,,,,,,,,,,,,,,,,,,,,,,,,,,,,,,,,,,,,,,,,,,,,,,,
Q120724,Roger Nordmann,Roger Nordmann,Roger Nordmann,Roger Nordmann,https://upload.wikimedia.org/wikipedia/commons/6/64/Roger_Nordmann_(2007).jpg,male,,122189643,,,1973-03-23,,Roger,,1279,,,,,,,,Roger Nordmann (homme politique),Roger Nordmann (Politiker),,,,,,,,,,,,,,,,,,,Roger Nordmann,,,Roger Nordmann,,Roger Nordmann,,,Roger Nordmann,Roger Nordmann,Roger Nordmann,,,,,,,,,,,,,,,,,,,,,,,,,,,,,,,,,,,,,,,,,,,,,,,,,,,,,,,,,,,,,,,,,,,,,,,,,,,,,,,,,,,,,,,,,,,,,,,,,,,,,,,,,,,,,
Q118308,Christian Levrat,Christian Levrat,Christian Levrat,Christian Levrat,https://upload.wikimedia.org/wikipedia/commons/7/70/Christian_Levrat_am_30._April_2008_in_St._Gallen.jpg,male,,88380482,,n2009027252,1970-07-07,,Christian,,1150,,,,,,,,Christian Levrat,Christian Levrat,Christian Levrat,,,,,,,,,,,,,,,,Christian Levrat,,Christian Levrat,Christianus Levrat,,Christian Levrat,,Christian Levrat,,,Christian Levrat,Christian Levrat,Christian Levrat,,,,,,,,,Christian Levrat,,,,,,,,,Christianus Levrat,,,,,,,,,,,,,,,,,,Christian Levrat,Christian Levrat,,,,,,,,,,,,,,,,,,,,,,,,,,,,,,,,,,,,,,,,,,,,,,,,,,,,,,,,,,,,,,,,,,,,,,,,
Q121160,Guy Parmelin,Guy Parmelin,Guy Parmelin,Guy Parmelin,https://upload.wikimedia.org/wikipedia/commons/0/00/Guy_Parmelin_(2007).jpg,male,,305967901,,,1959-11-09,/m/0cgkr9s,Guy,,1108,,http://www.guyparmelin.ch/,,,,,,Guy Parmelin,Guy Parmelin,,,,,,,,,,,,,,,,,,,Guy Parmelin,Guido Parmelin,,Guy Parmelin,,Guy Parmelin,,,Guy Parmelin,Guy Parmelin,Guy Parmelin,,,,,,,,,,,,,,Guy Parmelin,,,,Guido Parmelin,,,,,,,,,,,,,,,,,,,,,,,,,,,,,,,,,,,,,,,,,,,,,,,,,,,,,,,,,,,,,,,,,,,,,,,,,,,,,,,,,,,,,,,,,,,
Q120917,Viola Amherd,Viola Amherd,Viola Amherd,Viola Amherd,https://upload.wikimedia.org/wikipedia/commons/e/ec/Viola_Amherd_(2007).jpg,female,,,,,1962-06-07,,Viola,,1288,,,,,,,,Viola Amherd,Viola Amherd,,,,,,,,,,,,,,,,,,,Viola Amherd,Viola Amherd,,Viola Amherd,Viola Amherd,Viola Amherd,,,Viola Amherd,Viola Amherd,Viola Amherd,,,,,,,,,,,,,,,,,,Viola Amherd,,,,,,,,,,,,,,,,,,,,,,,,,,,,,,,,,,,,,,,,,,,,,,,,,,,,,,,,,,,,,,,,,,,,,,,,,,,,,,,,,,,,,,,,,,,
Q122902,Isabelle Chevalley,Isabelle Chevalley,Isabelle Chevalley,Isabelle Chevalley,https://upload.wikimedia.org/wikipedia/commons/6/65/Isabelle_Chevalley.jpg,female,,205145470,,,1972-04-13,,Isabelle,,4108,,,,,,,,Isabelle Chevalley,Isabelle Chevalley,,,146532457,,,,,,,,,,,,,,,,Isabelle Chevalley,,,Isabelle Chevalley,Isabelle Chevalley,Isabelle Chevalley,,,Isabelle Chevalley,Isabelle Chevalley,Isabelle Chevalley,,,,,,,,,,,,,,,,,,,,,,,,,,,,,,,,,,,,,,,,,,,,,,,,,,,,,,,,,,,,,,,,,,,,,,,,,,,,,,,,,,,,,,,,,,,,,,,,,,,,,,,,,,,,,
Q117941,André Bugnon,André Bugnon,André Bugnon,André Bugnon,https://upload.wikimedia.org/wikipedia/commons/1/1a/André_Bugnon.jpg,male,,306250802,,,1947-09-13,/m/03cycpn,André,,453,,,,,,,,André Bugnon,André Bugnon,André Bugnon,,,,,,,,,,,,,,,,André Bugnon,,André Bugnon,,,André Bugnon,André Bugnon,André Bugnon,,,André Bugnon,André Bugnon,André Bugnon,André Bugnon,,,,,,,,,,,,,,,,,,,,,,,,,,,,,,,André Bugnon,,,,,,,,,,,,,,,,,,,,,,,,,,,,,,,,,,,,,,,,,,,,,,,,,,,,,,,,,,,,,,,,,,,,,,,,,,,,,
Q119978,Yvan Perrin,Yvan Perrin,Yvan Perrin,Yvan Perrin,https://upload.wikimedia.org/wikipedia/commons/7/72/Yvan_Perrin.jpg,male,,305970710,,,1966-12-09,,Yvan,,1145,,,Perrin,,,,,Yvan Perrin,Yvan Perrin,,,,,,,,,,,,,,,,,,,Yvan Perrin,,,Yvan Perrin,,Yvan Perrin,,,Yvan Perrin,Yvan Perrin,Yvan Perrin,,,,,,,,,,,,,,Yvan Perrin,,,,,,,,,,,,,,,,,,,,,,,,,,,,,,,,,,,,,,,,,,,,,,,,,,,,,,,,,,,,,,,,,,,,,,,,,,,,,,,,,,,,,,,,,,,,,,,
Q116891,Lukas Reimann,Lukas Reimann,Lukas Reimann,Lukas Reimann,https://upload.wikimedia.org/wikipedia/commons/a/a6/Lukas_Reimann.jpg,male,,184435056,1014063841,,1982-09-18,/m/02wwggd,Lukas,,3901,,http://www.lukas-reimann.ch,,,,,,Lukas Reimann,Lukas Reimann,Lukas Reimann,,,,,,,,,,,,,,,,Lukas Reimann,,Lukas Reimann,,,Lukas Reimann,Lukas Reimann,Lukas Reimann,,,Lukas Reimann,Lukas Reimann,Lukas Reimann,Lukas Reimann,,,,,Lukas Reimann,,,,,,,,Lukas Reimann,,,,,,,,,,,,,,,,,,Lukas Reimann,,,Lukas Reimann,,,,,,,,,,,,,,,,,,,,,,,,,,,,,,,,,,,,,,,,,,,,,,,,,,,,,,,,,,,,,,,,,,,,,,,,,,
Q119811,Yves Nidegger,Yves Nidegger,Yves Nidegger,Yves Nidegger,https://upload.wikimedia.org/wikipedia/commons/a/a4/Yves_nidegger.jpg,male,,305967501,,,1957-05-17,/m/0cgkshc,Yves,,3898,,http://nideggerlaw.ch/,,,,,,Yves Nidegger,Yves Nidegger,,,,,,,,,,,,,,,,,,,Yves Nidegger,,,Yves Nidegger,,Yves Nidegger,,,Yves Nidegger,Yves Nidegger,Yves Nidegger,,,,,,,,,,,,,,Yves Nidegger,,,,,,,,,,,,,,,,,,,,,,,,,,,,,,,,,,,,,,,,,,,,,,,,,,,,,,,,,,,,,,,,,,,,,,,,,,,,,,,,,,,,,,,,,,,,,,,
Q116392,Christian Lüscher,Christian Lüscher,Christian Lüscher,Christian Lüscher,https://upload.wikimedia.org/wikipedia/commons/b/b3/Christian_luescher.jpg,male,,121672758,,,1963-12-06,/m/07s3q80,Christian,,3895,,,,,,,,Christian Lüscher,Christian Lüscher,Christian Lüscher,,149710127,,,,,,,,,,Christian Lüscher,,,,Christian Lüscher,,"Luscher, Christian",Christianus Lüscher,,Christian Lüscher,Christian Lüscher,Christian Lüscher,,,Christian Lüscher,Christian Lüscher,Christian Lüscher,Christian Lüscher,,,,,,,,,,,,,,,,,Christianus Lüscher,,,Christian Lüscher,,,,,,,,,,,Christian Lüscher,,,,,,,,,,,,,,,,,,,,,,,,,,,,,,,,,,,,,,,,,,,,,,,,,,,,,,,,,,,,,,,,,,,,,,,,,,,,,
Q119460,Jean-François Steiert,Jean-François Steiert,Jean-François Steiert,Jean-François Steiert,https://upload.wikimedia.org/wikipedia/commons/c/ca/Jean-François_Steiert_(2007).jpg,male,,69633049,,,1961-02-07,,Jean-François,,3865,,,,,,,,Jean-François Steiert,Jean-François Steiert,,,,,,,,,,,,,,,,,,,Jean-François Steiert,,,Jean-François Steiert,,Jean-François Steiert,,,Jean-François Steiert,Jean-François Steiert,Jean-François Steiert,,,,,,,,,,,,,,,,,,,,,,,,,,,,,,,,,,,,,,,,,,,,,,,,,,,,,,,,,,,,,,,,,,,,,,,,,,,,,,,,,,,,,,,,,,,,,,,,,,,,,,,,,,,,,
Q115614,Toni Brunner,Toni Brunner,Toni Brunner,Toni Brunner,,male,,306251395,,,1974-08-23,/m/0405jzn,Toni,,307,,http://www.tonibrunner.ch/,Brunner,,,,,Toni Brunner,Toni Brunner,Toni Brunner,,,,,,,,,Toni Brunner,,,Toni Brunner,,,,Toni Brunner,Toni Brunner,Toni Brunner,Antonius Brunner,,Toni Brunner,Toni Brunner,Toni Brunner,,,Toni Brunner,Toni Brunner,Toni Brunner,Toni Brunner,,,,,,,,Category:Toni Brunner,,,,Toni Brunner,Toni Brunner,,Toni Brunner,,Antonius Brunner,,,Toni Brunner,,Toni Brunner,,,Toni Brunner,,,,,,Toni Brunner,,,,Toni Brunner,Toni Brunner,,,,,,,,,,,,,,,,,,,,,,,,,,,,,,,,,,,,,,,,Toni Brunner,,,,,,,,,,,,,,,,,,,,,,,,,,,,トニー・ブルンナー,Toni Brunner,Toni Brunner,トニー・ブルンナー,
Q117154,Christoph Mörgeli,Christoph Mörgeli,Christoph Mörgeli,Christoph Mörgeli,https://upload.wikimedia.org/wikipedia/commons/d/d2/Christoph_Mörgeli_(2007).jpg,male,0000 0001 1634 3225,46783978,121609006,n86009977,1960-07-16,,Christoph,,542,120727698,,,167014498,,,,Christoph Mörgeli,Christoph Mörgeli,,,029012031,,,,,,,,,,,,,,Christoph Mörgeli,,Christoph Mörgeli,Christophorus Mörgeli,,Christoph Mörgeli,Christoph Mörgeli,Christoph Mörgeli,,,Christoph Mörgeli,Christoph Mörgeli,Christoph Mörgeli,,,,,,,,,Category:Christoph Mörgeli,,,,,Christoph Mörgeli,,,,Christophorus Mörgeli,,,,,,,,,,,,,,,,,,,,,,,,,,,,,,,,,,,,,,,,,,,,,,,,,,,,,,,,,,,,,,,,,,,,,,,,,,,,,,,,,,,,,,,,,,,
Q117400,Ada Marra,Ada Marra,Ada Marra,Ada Marra,https://upload.wikimedia.org/wikipedia/commons/a/a2/Ada_Marra.jpg,female,,305972516,,,1973-03-10,,Ada,,3923,,,,,,,,Ada Marra,Ada Marra,,,,,,,,,,,,,,,,,Ada Marra,,Ada Marra,Ada Marra,,Ada Marra,Ada Marra,Ada Marra,,,Ada Marra,Ada Marra,Ada Marra,,,,,,,,,,,,,,,,,,Ada Marra,,,,,,,,,,,,,,,,,,,,,,,,,,,,,,,,,,,,,,,,,,,,,,,,,,,,,,,,,,,,,,,,,,,,,,,,,,,,,,,,,,,,,,,,,,,
Q120742,Isabelle Moret,Isabelle Moret,Isabelle Moret,Isabelle Moret,https://upload.wikimedia.org/wikipedia/commons/6/69/Portrait_d'Isabelle_Moret.jpg,female,,305967715,,,1970-12-30,,Isabelle,,1346,,,,,,,,Isabelle Moret,Isabelle Moret,,,,,,,,,,,,,,,,,,,Isabelle Moret,,,Isabelle Moret,Isabelle Moret,Isabelle Moret,,,Isabelle Moret,Isabelle Moret,Isabelle Moret,,,,,,,,,Category:Isabelle Moret,,,,,,,,,,,,,,,,,,,,,,,,,,,,,,,,,,,,,,,,,,,,,,,,,,,,,,,,,,,,,,,,,,,,,,,,,,,,,,,,,,,,,,,,,,,,,,,,,,,,
Q116074,Adrian Amstutz,Adrian Amstutz,Adrian Amstutz,Adrian Amstutz,https://upload.wikimedia.org/wikipedia/commons/7/70/Adrian_Amstutz_(2007).jpg,male,,306251397,,,1953-12-02,/m/03cp4h3,Adrian,,1135,,http://www.adrian-amstutz.ch/,,,,,,Adrian Amstutz,Adrian Amstutz,Adrian Amstutz,,,,,,,,,,,Adrian Amstutz,,,,,Adrian Amstutz,,Adrian Amstutz,Hadrianus Amstutz,,Adrian Amstutz,Adrian Amstutz,Adrian Amstutz,,,Adrian Amstutz,Adrian Amstutz,Adrian Amstutz,Adrian Amstutz,,,,,,,Adrian Amstutz,,,,,,Adrian Amstutz,,,,Hadrianus Amstutz,,,,,,,,,,,,,,Adrian Amstutz,,,,,,,,,,,,,,,,,,,,,,,,,,,,,,,,,,,,,,,,,,,,,,,,,,,,,,,,,,,,,,,,,,,,,,,,,,,,,
Q117403,Andreas Aebi,Andreas Aebi,Andreas Aebi,Andreas Aebi,https://upload.wikimedia.org/wikipedia/commons/6/6a/Andreas_aebi.jpg,male,,,,,1958-11-26,,Andreas,,3867,,,,,,,,Andreas Aebi,Andreas Aebi,,,,,,,,,,,,,,,,,Andreas Aebi,,Andreas Aebi,Andreas Aebi,,Andreas Aebi,Andreas Aebi,Andreas Aebi,,,Andreas Aebi,Andreas Aebi,Andreas Aebi,,,,,,,,,,,,,,Andreas Aebi,,,,Andreas Aebi,,,,,,,,,,,,,,,,,,,,,,,,,,,,,,,,,,,,,,,,,,,,,,,,,,,,,,,,,,,,,,,,,,,,,,,,,,,,,,,,,,,,,,,,,,,
Q118497,Adèle Thorens Goumaz,Adèle Thorens Goumaz,Adèle Thorens Goumaz,Adèle Thorens Goumaz,https://upload.wikimedia.org/wikipedia/commons/7/79/Adèle_Thorens-Goumaz.jpg,female,,,,,1971-12-15,,Adèle,,3907,,,,,,,,Adèle Thorens Goumaz,Adèle Thorens Goumaz,,,,,,,,,,,,,,,,,,,Adèle Thorens Goumaz,,,Adèle Thorens Goumaz,Adèle Thorens Goumaz,Adèle Thorens Goumaz,,,Adèle Thorens Goumaz,Adèle Thorens Goumaz,Adèle Thorens Goumaz,,,,,,,,,,,,,,,,,,,,,,,,,,,,,,,,,,,,,,,,,,,,,,,,,,,,,,,,,,,,,,,,,,,,,,,,,,,,,,,,,,,,,,,,,,,,,,,,,,,,,,,,,,,,,
Q116424,Jacqueline Fehr,Jacqueline Fehr,Jacqueline Fehr,Jacqueline Fehr,https://upload.wikimedia.org/wikipedia/commons/3/3b/Jacqueline_Fehr_(2007).jpg,female,,57549244,124561160,,1963-06-01,/m/0dgshs5,Jacqueline,,405,,,Fehr,,,,,Jacqueline Fehr,Jacqueline Fehr,Jacqueline Fehr,,,,,,,,,,,,,,,,Jacqueline Fehr,,Jacqueline Fehr,Iacoba Fehr,,Jacqueline Fehr,Jacqueline Fehr,Jacqueline Fehr,,,Jacqueline Fehr,Jacqueline Fehr,Jacqueline Fehr,Jacqueline Fehr,,,,,,,,Category:Jacqueline Fehr,,,,,,,,,Iacoba Fehr,,,,,,,,,,,,,,Jacqueline Fehr,,,,,,,,,,,,,,,,,,,,,,,,,,,,,,,,,,,,,,,,,,,,,,,,,,,,,,,,,,,,,,,,,,,,,,,,,,,,,
Q121330,Stéphane Rossini,Stéphane Rossini,Stéphane Rossini,Stéphane Rossini,https://upload.wikimedia.org/wikipedia/commons/7/70/Stéphane_Rossini_(2007).jpg,male,,226419459,1011767120,,1963-08-09,,Stéphane,,504,16257252v,,,,,,,Stéphane Rossini,Stéphane Rossini,,,148532268,,,,,,,,,,,,,,Stéphane Rossini,,Stéphane Rossini,,,Stéphane Rossini,Ste?phane Rossini,Stéphane Rossini,,,Stéphane Rossini,Stéphane Rossini,Stéphane Rossini,Stéphane Rossini,,,,,,,,,,,,,,,,,,,,,,,,,,,,,,,Stéphane Rossini,,,,,,,,,,,,,,,,,,,,,,,,,,,,,,,,,,,,,,,,,,,,,,,,,,,,,,,,,,,,,,,,,,,,,,,,,,,,,
Q117117,Maximilian Reimann,Maximilian Reimann,Maximilian Reimann,Maximilian Reimann,https://upload.wikimedia.org/wikipedia/commons/0/04/Maximilian_reimann.jpg,male,,47287763,,,1942-05-07,,Maximilian,,173,,http://maximilian-reimann.ch,,,4323,,,Maximilian Reimann,Maximilian Reimann,,,,,,,,,,,,,,,,,Maximilian Reimann,,Maximilian Reimann,Maximilianus Reimann,,Maximilian Reimann,Maximilian Reimann,Maximilian Reimann,,,Maximilian Reimann,Maximilian Reimann,Maximilian Reimann,,,,,,,,,,,,,,,,,,Maximilianus Reimann,,,,,,,,,,,,,,,,,,,,,,,,,,,,,,,,,,,,,,,,,,,,,,,,,,,,,,,,,,,,,,,,,,,,,,,,,,,,,,,,,,,,,,,,,,,
Q116079,Jean-François Rime,Jean-François Rime,Jean-François Rime,Jean-François Rime,https://upload.wikimedia.org/wikipedia/commons/3/3d/Jean-François_Rime_(2007).jpg,male,,122239920,,,1950-06-28,/m/0czddj3,Jean-François,,1119,,,,,,,,Jean-François Rime,Jean-François Rime,Jean-François Rime,,,,,,,,,,,Jean-François Rime,,,,,Jean-François Rime,,Jean-François Rime,Ioannes Franciscus Rime,,Jean-François Rime,Jean-François Rime,Jean-François Rime,,,Jean-François Rime,Jean-François Rime,Jean-François Rime,Jean-François Rime,,,,,,,Jean-François Rime,Category:Jean-François Rime,,,,,Jean-François Rime,,,,Ioannes Franciscus Rime,,,,,,,,,,,,,,Jean-François Rime,,,,,,,,,,,,,,,,,,,,,,,,,,,,,,,,,,,,,,,,,,,,,,,,,,,,,,,,,,,,,,,,,,,,,,,,,,,,,
Q118516,Sylvie Perrinjaquet,Sylvie Perrinjaquet,Sylvie Perrinjaquet,Sylvie Perrinjaquet,https://upload.wikimedia.org/wikipedia/commons/a/a7/Sylvie_perrinjaquet.jpg,female,,,,,1955-08-24,,Sylvie,,3900,,,,,,,,Sylvie Perrinjaquet,Sylvie Perrinjaquet,,,,,,,,,,,,,,,,,,,Sylvie Perrinjaquet,,,Sylvie Perrinjaquet,Sylvie Perrinjaquet,Sylvie Perrinjaquet,,,Sylvie Perrinjaquet,Sylvie Perrinjaquet,Sylvie Perrinjaquet,Sylvie Perrinjaquet,,,,,,,,,,,,,,,,,,,,,,,,,,,,,,,Sylvie Perrinjaquet,,,,,,,,,,,,,,,,,,,,,,,,,,,,,,,,,,,,,,,,,,,,,,,,,,,,,,,,,,,,,,,,,,,,,,,,,,,,,
Q120650,Olivier Français,Olivier Français,Olivier Français,Olivier Français,https://upload.wikimedia.org/wikipedia/commons/2/24/Olivier_Français_(2007).jpg,male,,305969389,,,1955-10-01,,Olivier,,3879,,,,,,,,Olivier Français,Olivier Français,,,,,,,,,,,,,,,,,,,Olivier Français,,,Olivier Français,Olivier Français,Olivier Français,,,Olivier Français,Olivier Français,Olivier Français,,,,,,,,,,,,,,,,,,,,,,,,,,,,,,,,,,,,,,,,,,,,,,,,,,,,,,,,,,,,,,,,,,,,,,,,,,,,,,,,,,,,,,,,,,,,,,,,,,,,,,,,,,,,,
Q116834,Yvette Estermann,Yvette Estermann,Yvette Estermann,Yvette Estermann,"https://upload.wikimedia.org/wikipedia/commons/b/b3/Yvette_Estermann_(Nationalrat,_2007).jpg",female,,306251420,1048753050,,1967-02-26,/m/03gqm34,Yvette,,3876,,,,,,,,Yvette Estermann,Yvette Estermann,Yvette Estermann,,,,,,,,,Yvette Estermann,,,,,,,Yvette Estermann,,Yvette Estermann,,,Yvette Estermann,Yvette Estermann,Yvette Estermann,,,Yvette Estermann,Yvette Estermann,Yvette Estermann,Yvette Estermann,,,,,,,,,,,,,,,,,,,,,,Yvette Estermann,,,,,,,,,Yvette Estermann,,,,,,,,,,,,,,,,,,,,,,,,,,,,,,,,,,,,,,,,,,,,,,,,,,,,,,,,,,,,,,,,,,,,,,,,,,,,,
Q121837,Hansruedi Wandfluh,Hansruedi Wandfluh,Hansruedi Wandfluh,Hansruedi Wandfluh,https://upload.wikimedia.org/wikipedia/commons/8/8d/Hansruedi_Wandfluh_(2007).jpg,male,,,,,1952-01-16,,Hansruedi,,520,,,,,,,,Hansruedi Wandfluh,Hansruedi Wandfluh,,,,,,,,,,,,,,,,,,,Hansruedi Wandfluh,,,Hansruedi Wandfluh,,Hansruedi Wandfluh,,,Hansruedi Wandfluh,Hansruedi Wandfluh,Hansruedi Wandfluh,,,,,,,,,,,,,,,,,,,,,,,,,,,,,,,,,,,,,,,,,,,,,,,,,,,,,,,,,,,,,,,,,,,,,,,,,,,,,,,,,,,,,,,,,,,,,,,,,,,,,,,,,,,,,
Q118471,Hansjörg Walter,Hansjörg Walter,Hansjörg Walter,Hansjörg Walter,https://upload.wikimedia.org/wikipedia/commons/6/66/Hansjörg_Walter_(2007).jpg,male,0000 0000 7283 3619,88081659,,,1951-02-05,/m/0523dvp,Hansjörg,,519,14412710b,http://www.hansjoerg-walter.ch,,,,,,Hansjörg Walter,Hansjörg Walter,Hansjörg Walter,,,,,,,,,,,,,,,,Hansjörg Walter,,Hansjörg Walter,,,Hansjörg Walter,Hansjörg Walter,Hansjörg Walter,,,Hansjörg Walter,Hansjörg Walter,Hansjörg Walter,Hansjörg Walter,,,,,,,,,,,,,Hansjörg Walter,,,,,,,,,,,,,,,,,,Hansjörg Walter,,,,,,,,,,,,,,,,,,,,,,,,,,,,,,,,,,,,,,,,,,,,,,,,,,,,,,,,,,,,,,,,,,,,,,,,,,,,,
Q870066,Peter Spuhler,Peter Spuhler,Peter Spuhler,Peter Spuhler,"https://upload.wikimedia.org/wikipedia/commons/1/1a/Peter_Spuhler,_2007.jpg",male,,306251396,,,1959-01-09,/m/058s11t,Peter,,513,,http://www.pcs-holding.ch/peter-spuhler/,,,,,,Peter Spuhler,Peter Spuhler (Unternehmer),Peter Spuhler,,,,,,,,,,,,,,,,Peter Spuhler,,Peter Spuhler,,,Peter Spuhler,Peter Spuhler,Peter Spuhler,,,Peter Spuhler,Peter Spuhler,Peter Spuhler,,,,,,,,,,,,,,,,,,,,,,,,,,,,,,,,,,,,,,,,,,,,,,,,,,,,,,,,,,,,,,,,,,,,,,,,,,,,,,,,,,,,,,,,,,,,,,,,,,,,,,,,,,,,,
Q121166,Andrea Geissbühler,Andrea Geissbühler,Andrea Geissbühler,Andrea Geissbühler,https://upload.wikimedia.org/wikipedia/commons/5/51/Andrea_Geissbühler.jpg,female,,,,,1976-08-03,,Andrea,,3880,,,,,,,,Andrea Geissbühler,Andrea Geissbühler,,,,,,,,,,,,,,,,,,,Andrea Geissbühler,,,Andrea Geissbühler,Andrea Geissbühler,Andrea Geissbühler,,,Andrea Geissbühler,Andrea Geissbühler,Andrea Geissbühler,Andrea Geissbühler,,,,,,,,,,,,,Andrea Geissbühler,,,,,,,,,,,,,,,,,,Andrea Geissbühler,,,,,,,,,,,,,,,,,,,,,,,,,,,,,,,,,,,,,,,,,,,,,,,,,,,,,,,,,,,,,,,,,,,,,,,,,,,,,
Q116446,Bruno Zuppiger,Bruno Zuppiger,Bruno Zuppiger,Bruno Zuppiger,https://upload.wikimedia.org/wikipedia/commons/7/7b/Bruno_Zuppiger_(2007).jpg,male,,,,,1952-02-24,,Bruno,,526,,,,,,,,Bruno Zuppiger,Bruno Zuppiger,Bruno Zuppiger,,,,,,,,,,,,,,,,Bruno Zuppiger,,Bruno Zuppiger,Bruno Zuppiger,,Bruno Zuppiger,Bruno Zuppiger,Bruno Zuppiger,,,Bruno Zuppiger,Bruno Zuppiger,Bruno Zuppiger,Bruno Zuppiger,,,,,,,,,,,,,Bruno Zuppiger,,,,Bruno Zuppiger,,,,,,,,,,,,,,Bruno Zuppiger,,,,,,,,,,,,,,,,,,,,,,,,,,,,,,,,,,,,,,,,,,,,,,,,,,,,,,,,,,,,,,,,,,,,,,,,,,,,,
Q116886,Ulrich Giezendanner,Ulrich Giezendanner,Ulrich Giezendanner,Ulrich Giezendanner,https://upload.wikimedia.org/wikipedia/commons/5/51/Ulrich_Giezendanner_(2013).jpg,male,,,,,1953-10-31,,Ulrich,,91,,,,,,,,Ulrich Giezendanner,Ulrich Giezendanner,Ulrich Giezendanner,,,,,,,,,,,,,,,,Ulrich Giezendanner,,Ulrich Giezendanner,,,Ulrich Giezendanner,Ulrich Giezendanner,Ulrich Giezendanner,,,Ulrich Giezendanner,Ulrich Giezendanner,Ulrich Giezendanner,Ulrich Giezendanner,,,,,,,,,,,,,,,,,,,,,,,,,,,,,,,Ulrich Giezendanner,,,,,,,,,,,,,,,,,,,,,,,,,,,,,,,,,,,,,,,,,,,,,,,,,,,,,,,,,,,,,,,,,,,,,,,,,,,,,
Q117169,Ernst Schibli,Ernst Schibli,Ernst Schibli,Ernst Schibli,https://upload.wikimedia.org/wikipedia/commons/c/c4/Ernst_Schibli_(2007).jpg,male,,,,,1952-08-16,,Ernst,,820,,,,,,,,Ernst Schibli,Ernst Schibli,,,,,,,,,,,,,,,,,Ernst Schibli,,Ernst Schibli,Ernestus Schibli,,Ernst Schibli,,Ernst Schibli,,,Ernst Schibli,Ernst Schibli,Ernst Schibli,,,,,,,,,,,,,,,,,,Ernestus Schibli,,,,,,,,,,,,,,,,,,,,,,,,,,,,,,,,,,,,,,,,,,,,,,,,,,,,,,,,,,,,,,,,,,,,,,,,,,,,,,,,,,,,,,,,,,,
Q122842,Philipp Müller,Philipp Müller,Philipp Müller,Philipp Müller,https://upload.wikimedia.org/wikipedia/commons/b/b8/Philipp.Müller.jpg,male,,307499668,,,1952-09-05,,Philipp,,1141,,,Müller,,,,,Philipp Müller (homme politique),Philipp Müller (Politiker),Philipp Müller (politician),,,,,,,,,,,,,,,,,,Philipp Müller,,,Philipp Müller,,Philipp Müller,,,Philipp Müller,Philipp Müller,Philipp Müller,,,,,,,,,Category:Philipp Müller (Politician),,,,,,,,,,,,,,,,,,,,,,,,,,,Philipp Müller,Philipp Müller,,,,,,,,,,,,,,,,,,,,,,,,,,Philipp Müller,,,,,,,,,,,,,,,,,,,,Philipp Müller,,,,,,,,,,,,,,,,,,,,,,,,,,
Q120673,Jean-Pierre Grin-Hofmann,Jean-Pierre Grin-Hofmann,Jean-Pierre Grin-Hofmann,Jean-Pierre Grin-Hofmann,https://upload.wikimedia.org/wikipedia/commons/3/3a/Jean-Pierre_Grin-Hofmann.jpg,male,,,,,1947-03-16,,Jean-Pierre,,3885,,,,,,,,Jean-Pierre Grin-Hofmann,Jean-Pierre Grin-Hofmann,,,,,,,,,,,,,,,,,,,Jean-Pierre Grin-Hofmann,,,Jean-Pierre Grin-Hofmann,Jean-Pierre Grin-Hofmann,Jean-Pierre Grin-Hofmann,,,Jean-Pierre Grin-Hofmann,Jean-Pierre Grin-Hofmann,Jean-Pierre Grin-Hofmann,,,,,,,,,,,,,,,,,,,,,,,,,,,,,,,,,,,,,,,,,,,,,,,,,,,,,,,,,,,,,,,,,,,,,,,,,,,,,,,,,,,,,,,,,,,,,,,,,,,,,,,,,,,,,
Q119186,Erich von Siebenthal,Erich von Siebenthal,Erich von Siebenthal,Erich von Siebenthal,https://upload.wikimedia.org/wikipedia/commons/d/da/Erich_von_siebenthal.jpg,male,,,,,1958-12-30,,Erich,,3910,,,,,,,,Erich von Siebenthal,Erich von Siebenthal,,,,,,,,,,,,,,,,,Erich von Siebenthal,,Erich von Siebenthal,,,Erich von Siebenthal,,,,,,,,,,,,,,,,,,,,,Erich von Siebenthal,,,,,,,,,,,,,,,,,,,,,,,,,,,,,,,,,,,,,,,,,,,,,,,,,,,,,,,,,,,,,,,,,,,,,,,,,,,,,,,,,,,,,,,,,,,,,,,
Q528262,Sylvia Flückiger-Bäni,Sylvia Flückiger-Bäni,Sylvia Flückiger-Bäni,Sylvia Flückiger-Bäni,https://upload.wikimedia.org/wikipedia/commons/b/b9/Sylvia_Flückiger-Bäni.jpg,female,,,,,1952-06-01,/m/09gb8qf,Sylvia,,3878,,http://www.politikerin.ch/,,,,,,Sylvia Flückiger-Bäni,Sylvia Flückiger-Bäni,Sylvia Flückiger-Bäni,,,,,,,,,,,,,,,,Sylvia Flückiger-Bäni,,Sylvia Flückiger-Bäni,,,Sylvia Flückiger-Bäni,Sylvia Flückiger-Bäni,Sylvia Flückiger-Bäni,,,Sylvia Flückiger-Bäni,Sylvia Flückiger-Bäni,Sylvia Flückiger-Bäni,,,,,,,,,,,,,,Sylvia Flückiger-Bäni,,,,,,,,,,,,,,,,,,,,,,,,,,,,,,,,,,,,,,,,,,,,,,,,,,,,,,,,,,,,,,,,,,,,,,,,,,,,,,,,,,,,,,,,,,,,,,,
Q116500,Hans Kaufmann,Hans Kaufmann,Hans Kaufmann,Hans Kaufmann,https://upload.wikimedia.org/wikipedia/commons/3/39/Hans_Kaufmann_(2007).jpg,male,,,,,1948-06-13,/m/0f8w1p,Hans,,479,,,Kaufmann,,,,,Hans Kaufmann,Hans Kaufmann,Hans Kaufmann,,,,,,,,,,,,,,,,Hans Kaufmann,,Hans Kaufmann,Ioannes Kaufmann,,Hans Kaufmann,Hans Kaufmann,Hans Kaufmann,,,Hans Kaufmann,Hans Kaufmann,Hans Kaufmann,Hans Kaufmann,,,,,,,,Category:Hans Kaufmann (Politician),,,Hans Kaufmann,,Hans Kaufmann,,,,Ioannes Kaufmann,,,,,,,,,,,,,,Hans Kaufmann,,,,,,,,,,,,,,,,,,,,,,,,,,,,,,,,,,,,,,,,,,,,,,,,,,,,,,,,,,,,,,,,,,,,,,,,,,,,,
Q120637,Pirmin Schwander,Pirmin Schwander,Pirmin Schwander,Pirmin Schwander,https://upload.wikimedia.org/wikipedia/commons/6/67/Pirmin_Schwander_(2007).jpg,male,,64686985,113536275,n96031257,1961-12-28,,Pirmin,,1159,,,,,,,,Pirmin Schwander,Pirmin Schwander,,,,,,,,,,,,,,,,,Pirmin Schwander,,Pirmin Schwander,,,Pirmin Schwander,Pirmin Schwander,Pirmin Schwander,,,Pirmin Schwander,Pirmin Schwander,Pirmin Schwander,,,,,,,,,,,,,,Pirmin Schwander,,,,,,,,,,,,,,,,,,,,,,,,,,,,,,,,,,,,,,,,,,,,,,,,,,,,,,,,,,,,,,,,,,,,,,,,,,,,,,,,,,,,,,,,,,,,,,,
Q117165,Natalie Rickli,Natalie Rickli,Natalie Rickli,Natalie Rickli,https://upload.wikimedia.org/wikipedia/commons/3/3d/Natalie_Rickli.jpg,female,,,,,1976-11-19,/m/09g6nhx,Natalie,,3902,,,,,,,,Natalie Rickli,Natalie Rickli,Natalie Rickli,,,,,,,,,,,,,,,,Natalie Rickli,,Natalie Rickli,Natalie Rickli,,Natalie Rickli,Natalie Rickli,Natalie Rickli,,,Natalie Rickli,Natalie Rickli,Natalie Rickli,Natalie Rickli,,,,,,,,Category:Natalie Rickli,,,,,,,,,Natalie Rickli,,,,,,,,,,,,,,Natalie Rickli,,,,,,,,,,,,,,,,,,,,,,,,,,,,,,,,,,,,,,,,,,,,,,,,,,,,,,,,,,,,,,,,,,,,,,,,,,,,,
Q121277,Felix Müri,Felix Müri,Felix Müri,Felix Müri,https://upload.wikimedia.org/wikipedia/commons/8/85/Felix_Müri_(2007).jpg,male,,,,,1958-01-22,,Felix,,1111,,,,,,,,Felix Müri,Felix Müri,,,,,,,,,,,,,,,,,,,Felix Müri,,,Felix Müri,,Felix Müri,,,Felix Müri,Felix Müri,Felix Müri,,,,,,,,,,,,,,,,,,,,,,,,,,,,,,,,,,,,,,,,,,,,,,,,,,,,,,,,,,,,,,,,,,,,,,,,,,,,,,,,,,,,,,,,,,,,,,,,,,,,,,,,,,,,,
Q118126,Walter Wobmann,Walter Wobmann,Walter Wobmann,Walter Wobmann,https://upload.wikimedia.org/wikipedia/commons/0/05/Walter_Wobmann_(2007).jpg,male,,,,,1957-11-21,,Walter,,1142,,,,,,,,Walter Wobmann,Walter Wobmann,Walter Wobmann,,,,,,,,,,,,,,,,Walter Wobmann,,Walter Wobmann,,,Walter Wobmann,Walter Wobmann,Walter Wobmann,,,Walter Wobmann,Walter Wobmann,Walter Wobmann,Walter Wobmann,,,,,,,,,,,,,,,,,,,,,,,,,,,,,,,Walter Wobmann,,,,,,,,,,,,,,,,,,,,,,,,,,,,,,,,,,,,,,,,,,,,,,,,,,,,,,,,,,,,,,,,,,,,,,,,,,,,,
Q119435,Luzi Stamm,Luzi Stamm,Luzi Stamm,Luzi Stamm,https://upload.wikimedia.org/wikipedia/commons/a/a9/Luzi_Stamm_(2007).jpg,male,,18103338,122361393,n2002026758,1952-09-09,,Luzi,,214,,,,,,,,Luzi Stamm,Luzi Stamm,,,111975999,,,,,,,,,,,,,,Luzi Stamm,,Luzi Stamm,,,Luzi Stamm,Luzi Stamm,Luzi Stamm,,,Luzi Stamm,Luzi Stamm,Luzi Stamm,,,,,,,,,,,,,,Luzi Stamm,,,,,,,,,,,,,,,,,,,,,,,,,,,,,,,,,,,,,,,,,,,,,,,,,,,,,,,,,,,,,,,,,,,,,,,,,,,,,,,,,,,,,,,,,,,,,,,
Q119047,Pierre-François Veillon,Pierre-François Veillon,Pierre-François Veillon,Pierre-François Veillon,https://upload.wikimedia.org/wikipedia/commons/1/13/Pierre-François_Veillon_(2007).jpg,male,,,,,1950-04-30,,Pierre-François,,1123,,,,,,,,Pierre-François Veillon,Pierre-François Veillon,,,,,,,,,,,,,,,,,,,Pierre-François Veillon,,,Pierre-François Veillon,,Pierre-François Veillon,,,Pierre-François Veillon,Pierre-François Veillon,Pierre-François Veillon,,,,,,,,,,,,,,,,,,,,,,,,,,,,,,,,,,,,,,,,,,,,,,,,,,,,,,,,,,,,,,,,,,,,,,,,,,,,,,,,,,,,,,,,,,,,,,,,,,,,,,,,,,,,,
Q122845,Hans Killer,Hans Killer,Hans Killer,Hans Killer,https://upload.wikimedia.org/wikipedia/commons/9/9f/Hans_Killer.jpg,male,,,,,1948-03-09,,Hans,,3892,,,,,,,,Hans Killer,Hans Killer,,,,,,,,,,,,,,,,,,,Hans Killer,,,Hans Killer,,Hans Killer,,,Hans Killer,Hans Killer,Hans Killer,,,,,,,,,,,,,,,,,,,,,,,,,,,,,,,,,,,,,,,,,,,,,,,,,,,,,,,,,,,,,,,,,,,,,,,,,,,,,,,,,,,,,,,,,,,,,,,,,,,,,,,,,,,,,
Q3301761,Mauro Poggia,Mauro Poggia,Mauro Poggia,Mauro Poggia,,male,,306251347,,,1959-04-25,,Mauro,,,,,,,,,,Mauro Poggia,Mauro Poggia,Mauro Poggia,,,,,,,,,,,,,,,,Mauro Poggia,,Mauro Poggia,,,Mauro Poggia,,Mauro Poggia,,,Mauro Poggia,Mauro Poggia,Mauro Poggia,,,,,,,,,,,,,,Mauro Poggia,,,,,,,,,,,,,,,,,,,,,,,,,,,,,,,,,,,,,,,,,,,,,,,,,,,,,,,,,,,,,,,,,,,,,,,,,,,,,,,,,,,,,,,,,,,,,,,
Q122928,Jacques Bourgeois,Jacques Bourgeois,Jacques Bourgeois,Jacques Bourgeois,https://upload.wikimedia.org/wikipedia/commons/0/08/Jacques_Bourgeois.jpg,male,,305972271,,,1958-03-15,,Jacques,,3872,,,,,,,,Jacques Bourgeois (homme politique),Jacques Bourgeois,,,,,,,,,,,,,,,,,,,Jacques Bourgeois,,,Jacques Bourgeois,Jacques Bourgeois,Jacques Bourgeois,,,Jacques Bourgeois,Jacques Bourgeois,Jacques Bourgeois,,,,,,,,,,,,,,,,,,,,,,,,,,,,,,,,,,,,,,,,,,,,,,,,,,,,,,,,,,,,,,,,,,,,,,,,,,,,,,,,,,,,,,,,,,,,,,,,,,,,,,,,,,,,,
Q693305,Ruedi Noser,Ruedi Noser,Ruedi Noser,Ruedi Noser,https://upload.wikimedia.org/wikipedia/commons/1/17/Ruedi_Noser_(2007).jpg,male,,305969828,,,1961-04-14,,Ruedi,,1153,,,,,,,,Ruedi Noser,Ruedi Noser,,,,,,,,,,,,,,,,,,,Ruedi Noser,Ruedi Noser,,Ruedi Noser,,Ruedi Noser,,,Ruedi Noser,Ruedi Noser,Ruedi Noser,,,,,,,,,,,,,,,,,,Ruedi Noser,,,,,,,,,,,,,,,,,,,,,,,,,,,,,,,,,,,,,,,,,,,,,,,,,,,,,,,,,,,,,,,,,,,,,,,,,,,,,,,,,,,,,,,,,,,
Q121335,Franziska Teuscher,Franziska Teuscher,Franziska Teuscher,Franziska Teuscher,https://upload.wikimedia.org/wikipedia/commons/9/92/Franziska_Teuscher_(Grüne).jpg,female,,,,,1958-03-07,,Franziska,,359,,,,,,,,Franziska Teuscher,Franziska Teuscher,,,,,,,,,,,,,,,,,,,Franziska Teuscher,,,Franziska Teuscher,Franziska Teuscher,Franziska Teuscher,,,Franziska Teuscher,Franziska Teuscher,Franziska Teuscher,Franziska Teuscher,,,,,,,,,,,,,,,,,,,,,,,,,,,,,,,Franziska Teuscher,,,,,,,,,,,,,,,,,,,,,,,,,,,,,,,,,,,,,,,,,,,,,,,,,,,,,,,,,,,,,,,,,,,,,,,,,,,,,
Q121347,Sebastian Frehner,Sebastian Frehner,Sebastian Frehner,Sebastian Frehner,https://upload.wikimedia.org/wikipedia/commons/a/ae/Sebastian_Frehner.jpg,male,,,,,1973-09-02,,Sebastian,,4042,,,,,,,,Sebastian Frehner,Sebastian Frehner,,,,,,,,,,,,,,,,,,,Sebastian Frehner,,,Sebastian Frehner,Sebastian Frehner,Sebastian Frehner,,,Sebastian Frehner,Sebastian Frehner,Sebastian Frehner,,,,,,,,,,,,,,,,,,,,,,,,,,,,,,,,,,,,,,,,,,,,,,,,,,,,,,,,,,,,,,,,,,,,,,,,,,,,,,,,,,,,,,,,,,,,,,,,,,,,,,,,,,,,,
Q119997,Thomas Müller,Thomas Müller,Thomas Müller,Thomas Müller,https://upload.wikimedia.org/wikipedia/commons/d/dd/Thomas_Müller_(2007).jpg,male,,,,,1952-12-01,,Thomas,,1345,,,Müller,,,,,Thomas Müller (personnalité politique),Thomas Müller (Politiker),,,,,,,,,,Thomas Müller,Thomas Müller,Thomas Müller,Thomas Müller,,,,Thomas Müller,Thomas Müller,Thomas Müller,,Thomas Müller,Thomas Müller,Thomas Müller,Thomas Müller,,,Thomas Müller,Thomas Müller,Thomas Müller,Thomas Müller,Thomas Müller,Thomas Müller,Thomas Müller,,Thomas Müller,Thomas Müller,,,,,,,Thomas Müller,,,,,,,,,,,,,,Thomas Müller,Thomas Müller,Thomas Müller,,Thomas Müller,,,,Thomas Müller,,Thomas Müller,Thomas Müller,Thomas Müller,Thomas Müller,Thomas Müller,Thomas Müller,Thomas Müller,Thomas Müller,Thomas Müller,Thomas Müller,Thomas Müller,Thomas Müller,Thomas Müller,Thomas Müller,Thomas Müller,Thomas Müller,Thomas Müller,Thomas Müller,Thomas Müller,Thomas Müller,Thomas Müller,Thomas Müller,Thomas Müller,Thomas Müller,Thomas Müller,Thomas Müller,Thomas Müller,Thomas Müller,Thomas Müller,Thomas Müller,Thomas Müller,Thomas Müller,Thomas Müller,Thomas Müller,Thomas Müller,Thomas Müller,Thomas Müller,Thomas Müller,Thomas Müller,Thomas Müller,Thomas Müller,Thomas Müller,Thomas Müller,Thomas Müller,Thomas Müller,Thomas Müller,,,,,,,,,,,,,,,,,,,,,,,,,,
Q118071,Rudolf Joder,Rudolf Joder,Rudolf Joder,Rudolf Joder,https://upload.wikimedia.org/wikipedia/commons/6/61/Rudolf_Joder_(2007).jpg,male,,,,,1950-06-10,,Rudolf,,478,,,,,,,,Rudolf Joder,Rudolf Joder,Rudolf Joder,,,,,,,,,,,,,,,,Rudolf Joder,,Rudolf Joder,,,Rudolf Joder,Rudolf Joder,Rudolf Joder,,,Rudolf Joder,Rudolf Joder,Rudolf Joder,Rudolf Joder,,,,,,,,,,,,,,,,,,,,,,,,,,,,,,,Rudolf Joder,,,,,,,,,,,,,,,,,,,,,,,,,,,,,,,,,,,,,,,,,,,,,,,,,,,,,,,,,,,,,,,,,,,,,,,,,,,,,
Q118502,Roland Rino Büchel,Roland Rino Büchel,Roland Rino Büchel,Roland Rino Büchel,"https://upload.wikimedia.org/wikipedia/commons/d/da/Roland_Rino_Büchel,_2010.jpg",male,,,,,1965-10-08,,Roland,,4025,,http://www.rolandbuechel.ch/,,,,,,Roland Rino Büchel,Roland Rino Büchel,,,,,,,,,,,,,,,,,,,Roland Rino Büchel,,,Roland Rino Büchel,Roland Rino Büchel,Roland Rino Büchel,,,Roland Rino Büchel,Roland Rino Büchel,Roland Rino Büchel,,,,,,,,,,,,,,Roland Rino Büchel,,,,,,,,,,,,,,,,,,,,,,,,,,,,,,,,,,,,,,,,,,,,,,,,,,,,,,,,,,,,,,,,,,,,,,,,,,,,,,,,,,,,,,,,,,,,,,,
Q3259501,Lorenzo Quadri,Lorenzo Quadri,Lorenzo Quadri,Lorenzo Quadri,https://upload.wikimedia.org/wikipedia/commons/d/d0/Lorenzo_Quadri.jpg,male,,,,,1974-11-05,,Lorenzo,,,,,,,,,,Lorenzo Quadri,Lorenzo Quadri,,,,,,,,,,,,,,,,,,,Lorenzo Quadri,,,Lorenzo Quadri,,Lorenzo Quadri,,,Lorenzo Quadri,Lorenzo Quadri,Lorenzo Quadri,,,,,,,,,,,,,,,,Lorenzo Quadri,,,,,,,,,,,,,,,,,,,,,,,,,,,,,,,,,,,,,,,,,,,,,,,,,,,,,,,,,,,,,,,,,,,,,,,,,,,,,,,,,,,,,,,,,,,,,
Q3298593,Mathias Reynard,Mathias Reynard,Mathias Reynard,Mathias Reynard,https://upload.wikimedia.org/wikipedia/commons/2/24/Mathias_Reynard.jpg,male,,305968456,,,1987-09-07,,Mathias,,,,,,,,,,Mathias Reynard,Mathias Reynard,,,,,,,,,,,,,,,,,,,Mathias Reynard,,,Mathias Reynard,,Mathias Reynard,,,Mathias Reynard,Mathias Reynard,Mathias Reynard,,,,,,,,,,,,,,,,,,,,,,,,,,,,,,,,,,,,,,,,,,,,,,,,,,,,,,,,,,,,,,,,,,,,,,,,,,,,,,,,,,,,,,,,,,,,,,,,,,,,,,,,,,,,,
Q120883,Céline Amaudruz,Céline Amaudruz,Céline Amaudruz,Céline Amaudruz,https://upload.wikimedia.org/wikipedia/commons/3/30/Céline_Amaudruz.jpg,female,,305978041,,,1979-03-15,,Céline,,4090,,,,,,,,Céline Amaudruz,Céline Amaudruz,,,,,,,,,,,,,,,,,,,Céline Amaudruz,Céline Amaudruz,,Céline Amaudruz,Céline Amaudruz,Céline Amaudruz,,,Céline Amaudruz,Céline Amaudruz,Céline Amaudruz,,,,,,,,,,,,,,Céline Amaudruz,,,,Céline Amaudruz,,,,,,,,,,,,,,,,,,,,,,,,,,,,,,,,,,,,,,,,,,,,,,,,,,,,,,,,,,,,,,,,,,,,,,,,,,,,,,,,,,,,,,,,,,,
Q118550,Fathi Derder,Fathi Derder,Fathi Derder,Fathi Derder,https://upload.wikimedia.org/wikipedia/commons/3/34/Fathi_Derder.jpg,male,,305968971,,,1970-12-04,,Fathi,,4079,,,,,,,,Fathi Derder,Fathi Derder,,,,,,,,,,,,,,,,,,,Fathi Derder,,,Fathi Derder,Fathi Derder,Fathi Derder,,,Fathi Derder,Fathi Derder,Fathi Derder,,,,,,,,,,,,,,,,,,,,,,,,,,,,,,,,,,,,,,,,,,,,,,,,,,,,,,,,,,,,,,,,,,,,,,,,,,,,,,,,,,,,,,,,,,,,,,,,,,,,,,,,,,,,,
Q117105,Nadja Pieren,Nadja Pieren,Nadja Pieren,Nadja Pieren,https://upload.wikimedia.org/wikipedia/commons/3/33/Nadja_Pieren.jpg,female,,,,,1980-02-14,,Nadia,,4065,,,,,,,,Nadja Pieren,Nadja Pieren,,,,,,,,,,,,,,,,,Nadja Pieren,,Nadja Pieren,Nadia Pieren,,Nadja Pieren,Nadja Pieren,Nadja Pieren,,,Nadja Pieren,Nadja Pieren,Nadja Pieren,,,,,,,,,,,,,,Nadja Pieren,,,,Nadia Pieren,,,,,,,,,,,,,,,,,,,,,,,,,,,,,,,,,,,,,,,,,,,,,,,,,,,,,,,,,,,,,,,,,,,,,,,,,,,,,,,,,,,,,,,,,,,
Q119388,Albert Rösti,Albert Rösti,Albert Rösti,Albert Rösti,https://upload.wikimedia.org/wikipedia/commons/3/3a/Albert_Rösti.jpg,male,,64827164,120007401,,1967-08-07,,Albert,,4100,,http://albertroesti.ch/,,,,,,Albert Rösti,Albert Rösti,,,,,,,,,,,,,,,,,Albert Rösti,,Albert Rösti,,,Albert Rösti,Albert Rösti,Albert Rösti,,,Albert Rösti,Albert Rösti,Albert Rösti,Albert Rösti,,,,,,,,,,,,,,,,,,,,,,,,,,,,,,,Albert Rösti,,,,,,,,,,,,,,,,,,,,,,,,,,,,,,,,,,,,,,,,,,,,,,,,,,,,,,,,,,,,,,,,,,,,,,,,,,,,,
Q118541,Hansjörg Knecht,Hansjörg Knecht,Hansjörg Knecht,Hansjörg Knecht,https://upload.wikimedia.org/wikipedia/commons/4/47/Hansjörg_Knecht.jpg,male,,,,,1960-03-24,,Hansjörg,,4114,,http://www.hansjoerg-knecht.ch/,,,,,,Hansjörg Knecht,Hansjörg Knecht,,,,,,,,,,,,,,,,,,,Hansjörg Knecht,,,Hansjörg Knecht,,Hansjörg Knecht,,,Hansjörg Knecht,Hansjörg Knecht,Hansjörg Knecht,Hansjörg Knecht,,,,,,,,,,,,,Hansjörg Knecht,,,,,,,,,,,,,,,,,,Hansjörg Knecht,,,,,,,,,,,,,,,,,,,,,,,,,,,,,,,,,,,,,,,,,,,,,,,,,,,,,,,,,,,,,,,,,,,,,,,,,,,,,
Q3436801,Roberta Pantani,Roberta Pantani,Roberta Pantani,Roberta Pantani,https://upload.wikimedia.org/wikipedia/commons/9/9b/Roberta_Pantani.jpg,female,,,,,1965-09-19,,Roberta,,4073,,,,,,,,Roberta Pantani,Roberta Pantani,,,,,,,,,,,,,,,,,,,Roberta Pantani,,,Roberta Pantani,,Roberta Pantani,,,Roberta Pantani,Roberta Pantani,Roberta Pantani,,,,,,,,,,,,,,,,Roberta Pantani,,,,,,,,,,,,,,,,,,,,,,,,,,,,,,,,,,,,,,,,,,,,,,,,,,,,,,,,,,,,,,,,,,,,,,,,,,,,,,,,,,,,,,,,,,,,,
Q3386893,Pierre Rusconi,Pierre Rusconi,Pierre Rusconi,Pierre Rusconi,https://upload.wikimedia.org/wikipedia/commons/d/de/Pierre_Rusconi.jpg,male,,315536969,,,1949-12-03,,Pierre,,4048,,,,,,,,Pierre Rusconi,Pierre Rusconi,,,,,,,,,,,,,,,,,,,Pierre Rusconi,,,Pierre Rusconi,,Pierre Rusconi,,,Pierre Rusconi,Pierre Rusconi,Pierre Rusconi,,,,,,,,,,,,,,,,,,,,,,,,,,,,,,,,,,,,,,,,,,,,,,,,,,,,,,,,,,,,,,,Pierre Rusconi,,,,,,,,,,,,,,,,,,,,,,,,,,,,,,,,,,,,,,,,,,,,,,
Q3571733,Yannick Buttet,Yannick Buttet,Yannick Buttet,Yannick Buttet,https://upload.wikimedia.org/wikipedia/commons/3/36/YannickButtet.jpg,male,,305959184,,,1977-07-12,,Yannick,,4086,,,,,,,,Yannick Buttet,Yannick Buttet,,,,,,,,,,,,,,,,,,,Yannick Buttet,,,Yannick Buttet,Yannick Buttet,Yannick Buttet,,,Yannick Buttet,Yannick Buttet,Yannick Buttet,,,,,,,,,,,,,,,,,,,,,,,,,,,,,,,,,,,,,,,,,,,,,,,,,,,,,,,,,,,,,,,,,,,,,,,,,,,,,,,,,,,,,,,,,,,,,,,,,,,,,,,,,,,,,
Q3129527,Heinz Brand,Heinz Brand,Heinz Brand,Heinz Brand,https://upload.wikimedia.org/wikipedia/commons/2/21/Heinz_Brand.jpg,male,,,,,1955-09-06,,Heinz,,4067,,http://www.heinz-brand.ch/,,,,,,Heinz Brand,Heinz Brand,,,,,,,,,,,,,,,,,,,Heinz Brand,,,Heinz Brand,Heinz Brand,Heinz Brand,,,Heinz Brand,Heinz Brand,Heinz Brand,,,,,,,,,,,,,,,,,,,,,,,,,,,,,,,,,,,,,,,,,,,,,,,,,,,,,,,,,,,,,,,,,,,,,,,,,,,,,,,,,,,,,,,,,,,,,,,,,,,,,,,,,,,,,
Q118565,Markus Hausammann,Markus Hausammann,Markus Hausammann,Markus Hausammann,https://upload.wikimedia.org/wikipedia/commons/b/b8/Markus_Hausammann.jpg,male,,,,,1964-09-20,,Markus,,4103,,,,,,,,Markus Hausammann,Markus Hausammann,,,,,,,,,,,,,,,,,,,Markus Hausammann,,,Markus Hausammann,,Markus Hausammann,,,Markus Hausammann,Markus Hausammann,Markus Hausammann,,,,,,,,,,,,,,,,,,,,,,,,,,,,,,,,,,,,,,,,,,,,,,,,,,,,,,,,,,,,,,,,,,,,,,,,,,,,,,,,,,,,,,,,,,,,,,,,,,,,,,,,,,,,,
Q118493,Thomas de Courten,Thomas de Courten,Thomas de Courten,Thomas de Courten,https://upload.wikimedia.org/wikipedia/commons/4/44/Thomas_de_Courten.jpg,male,,309905625,,,1966-07-29,,Thomas,,4051,,http://decourten.info/,,,,,,Thomas de Courten,Thomas de Courten,,,,,,,,,,,,,,,,,,,Thomas de Courten,,,Thomas de Courten,Thomas de Courten,,,,,,,,,,,,,,,,,,,,Thomas de Courten,,,,,,,,,,,,,,,,,,,,,,,,,,,,,,,,,,,,,,,,,,,,,,,,,,,,,,,,,,,,,,,,,,,,,,,,,,,,,,,,,,,,,,,,,,,,,,,https://www.linkedin.com/in/thomas-de-courten-99b96256
Q118558,Thomas Aeschi,Thomas Aeschi,Thomas Aeschi,Thomas Aeschi,https://upload.wikimedia.org/wikipedia/commons/4/4d/Thomas_Aeschi.jpg,male,,,,,1979-01-13,,Thomas,,4053,,http://www.aeschi.com,,,,,,Thomas Aeschi,Thomas Aeschi,,,,,,,,,,,,,,,,,,,Thomas Aeschi,Thomas Aeschi,,Thomas Aeschi,Thomas Aeschi,Thomas Aeschi,,,Thomas Aeschi,Thomas Aeschi,Thomas Aeschi,,,,,,,,,,,,,,,,,,Thomas Aeschi,,,,,,,,,,,,,,,,,,,,,,,,,,,,,,,,,,,,,,,,,,,,,,,,,,,,,,,,,,,,,,,,,,,,,,,,,,,,,,,,,,,,,,,,,,,
Q118489,Jean Christophe Schwaab,Jean Christophe Schwaab,Jean Christophe Schwaab,Jean Christophe Schwaab,https://upload.wikimedia.org/wikipedia/commons/4/4a/Jean_Christophe_Schwaab.jpg,male,,,,,1979-08-23,,Jean,,4115,,,,,,,,Jean Christophe Schwaab,Jean Christophe Schwaab,,,,,,,,,,,,,,,,,,,Jean Christophe Schwaab,,,Jean Christophe Schwaab,,Jean Christophe Schwaab,,,Jean Christophe Schwaab,Jean Christophe Schwaab,Jean Christophe Schwaab,,,,,,,,,,,,,,,,,,,,,,,,,,,,,,,,,,,,,,,,,,,,,,,,,,,,,,,,,,,,,,,,,,,,,,,,,,,,,,,,,,,,,,,,,,,,,,,,,,,,,,,,,,,,,
Q121115,Hans Grunder,Hans Grunder,Hans Grunder,Hans Grunder,https://upload.wikimedia.org/wikipedia/commons/4/42/Hans_grunder.jpg,male,,305971905,,,1956-06-13,,Hans,,3886,,,,,,,,Hans Grunder,Hans Grunder,,,,,,,,,,,,,,,,,,,Hans Grunder,,,Hans Grunder,Hans Grunder,Hans Grunder,,,Hans Grunder,Hans Grunder,Hans Grunder,,,,,,,,,,,,,,,,,,,,,,,,,,,,,,,,,,,,,,,,,,,,,,,,,,,,,,,,,,,,,,,,,,,,,,,,,,,,,,,,,,,,,,,,,,,,,,,,,,,,,,,,,,,,,
Q121095,Ursula Haller,Ursula Haller,Ursula Haller,Ursula Haller,https://upload.wikimedia.org/wikipedia/commons/2/2a/Ursula_Haller_2.jpg,female,,,,,1948-11-04,,Ursula,,472,,,,,,,,Ursula Haller Vannini,Ursula Haller,,,,,,,,,,,,,,,,,,,Ursula Haller,,,Ursula Haller,Ursula Haller,Ursula Haller,,,Ursula Haller,Ursula Haller,Ursula Haller,,,,,,,,,,,,,,,,,,,,,,,,,,,,,,,,,,,,,,,,,,,,,,,,,,,,,,,,,,,,,,,,,,,,,,,,,,,,,,,,,,,,,,,,,,,,,,,,,,,,,,,,,,,,,
Q120954,Cesla Amarelle,Cesla Amarelle,Cesla Amarelle,Cesla Amarelle,https://upload.wikimedia.org/wikipedia/commons/4/4f/Cesla_Amarelle.jpg,female,,308252275,,,1973-09-14,,Cesla,,4107,,,,,,,,Cesla Amarelle,Cesla Amarelle,,,,,,,,,,,,,,,,,,,Cesla Amarelle,Cesla Amarelle,,Cesla Amarelle,Cesla Amarelle,Cesla Amarelle,,,Cesla Amarelle,Cesla Amarelle,Cesla Amarelle,,,,,,,,,,,,,,,,,,Cesla Amarelle,,,,,,,,,,,,,,,,,,,,,,,,,,,,,,,,,,,,,,,,,,,,,,,,,,,,,,,,,,,,,,,,,,,,,,,,,,,,,,,,,,,,,,,,,,,
Q1029622,Regula Rytz,Regula Rytz,Regula Rytz,Regula Rytz,https://upload.wikimedia.org/wikipedia/commons/c/cf/Regula_Rytz.jpg,female,,,,,1962-03-02,,Regula,,4095,,,,,,,,Regula Rytz,Regula Rytz,,,,,,,,,,,,,,,,,,,Regula Rytz,,,Regula Rytz,Regula Rytz,Regula Rytz,,,Regula Rytz,Regula Rytz,Regula Rytz,,,,,,,,,,,,,,,,,,,,,,,,,,,,,,,,,,,,Regula Rytz,Regula Rytz,,,,,,,,,,,,,,,,,,,,,,,,,,,,,,,,,,,,,,,,,,,,,,,,,,,,,,,,,,,,,,,,,,,,,,,,
Q121896,Alec von Graffenried,Alec von Graffenried,Alec von Graffenried,Alec von Graffenried,https://upload.wikimedia.org/wikipedia/commons/e/e8/Alec_von_graffenried.jpg,male,,,,,1962-08-16,,Alec,,3908,,http://www.avg.ch,,,,,,Alec von Graffenried,Alec von Graffenried,,,,,,,,,,,,,,,,,,,Alec von Graffenried,,,Alec von Graffenried,Alec von Graffenried,,,,,,,,,,,,,,,,,,,,,,,,,,,,,,,,,,,,,,,,,,,,,,,,,,,,,,,,,,,,,,,,,,,,,,,,,,,,,,,,,,,,,,,,,,,,,,,,,,,,,,,,,,,,,,,,,,,
Q1417673,Gregor Rutz,Gregor Rutz,Gregor Rutz,Gregor Rutz,https://upload.wikimedia.org/wikipedia/commons/6/6c/Rutz.JPG,male,,74732107,,,1972-10-12,/m/0cgqmb_,Gregor,,4125,,http://www.gregor-rutz.ch/,,,,,,Gregor Rutz,Gregor A. Rutz,,,,,,,,,,,,,,,,,,,Gregor Rutz,,,Gregor Rutz,,Gregor Rutz,,,Gregor Rutz,Gregor Rutz,Gregor Rutz,,,,,,,,,,,,,,,,,,,,,,,,,,,,,,,,,,,,,,,,,,,,,,,,,,,,,,,,,,,,,,,,,,,,,,,,,,,,,,,,,,,,,,,,,,,,,,,,,,,,,,,,,,,,,https://www.linkedin.com/in/gregor-rutz-68844a7a
Q118535,Christa Markwalder,Christa Markwalder,Christa Markwalder,Christa Markwalder,https://upload.wikimedia.org/wikipedia/commons/5/5c/Christa_Markwalder.jpg,female,,,,,1975-07-27,,Christa,,1139,,http://www.christa-markwalder.ch/,,,,,,Christa Markwalder,Christa Markwalder,,,,,,,,,,,,,,,,,,,Christa Markwalder,,,Christa Markwalder,Christa Markwalder,Christa Markwalder,,,Christa Markwalder,Christa Markwalder,Christa Markwalder,,,,,,,,,Christa Markwalder,,,,,,,,,,,,,,,,,,,,,,,,,,,,,,,,,,,,,,,,,,,,,,,,,,,,,,,,,,,,,,,,,,,,,,,,,,,,,,,,,,,,,,,,,,,,,,,,,,,,
Q118524,Kathrin Bertschy,Kathrin Bertschy,Kathrin Bertschy,Kathrin Bertschy,https://upload.wikimedia.org/wikipedia/commons/c/c7/Kathrin_Bertschy_2012.jpg,female,,,,,1979-07-02,,Kathrin,,4102,,,,,,,,Kathrin Bertschy,Kathrin Bertschy,,,,,,,,,,,,,,,,,,,Kathrin Bertschy,,,Kathrin Bertschy,Kathrin Bertschy,Kathrin Bertschy,,,Kathrin Bertschy,Kathrin Bertschy,Kathrin Bertschy,,,,,,,,,,,,,,,,,,,,,,,,,,,,,,,,,,,,,,,,,,,,,,,,,,,,,,,,,,,,,,,,,,,,,,,,,,,,,,,,,,,,,,,,,,,,,,,,,,,,,,,,,,,,,
Q119144,Matthias Aebischer,Matthias Aebischer,Matthias Aebischer,Matthias Aebischer,https://upload.wikimedia.org/wikipedia/commons/b/b9/Matthias_Aebischer.jpg,male,,67562239,,,1967-10-18,,Matthias,,4049,,http://www.matthiasaebischer.ch/,,,,,,Matthias Aebischer,Matthias Aebischer,,,,,,,,,,,,,,,,,Matthias Aebischer,,Matthias Aebischer,,,Matthias Aebischer,Matthias Aebischer,Matthias Aebischer,,,Matthias Aebischer,Matthias Aebischer,Matthias Aebischer,,,,,,,,,Category:Matthias Aebischer,,,,,,,,,,,,,,,,,,,,,,,,,,,,,,,,,,,,,,,,,,,,,,,,,,,,,,,,,,,,,,,,,,,,,,,,,,,,,,,,,,,,,,,,,,,,,,,,,,,,
Q63449,Urs Gasche,Urs Gasche,Urs Gasche,Urs Gasche,https://upload.wikimedia.org/wikipedia/commons/e/e9/Urs_Gasche.jpg,male,,,,,1955-03-15,/m/0cgkrvv,Urs,,4071,,,,,,,,Urs Gasche,Urs Gasche,,,,,,,,,,Urs Gasche,,,Urs Gasche,,,,Urs Gasche,,Urs Gasche,,,Urs Gasche,Urs Gasche,Urs Gasche,,,Urs Gasche,Urs Gasche,Urs Gasche,Urs Gasche,,,,Urs Gasche,Urs Gasche,,,,,,,,,,,,,Urs Gasche,,,,,,,,,,,,,Urs Gasche,,,,,,,,,,,,,,,,,,,,,,,,,,,,,,,,,,,,,,,,,,,,,,,,,,,,,,,,,,,,,,,,,,,,,,,,,,,,,
Q63453,Ursula Wyss,Ursula Wyss,Ursula Wyss,Ursula Wyss,https://upload.wikimedia.org/wikipedia/commons/d/d6/Ursula_Wyss_2.jpg,female,,45168389,121858642,,1973-02-08,,Ursula,,522,,http://www.ursulawyss.ch/,,,,,,Ursula Wyss,Ursula Wyss,,00000028995,,,,,,,,Ursula Wyss,,,Ursula Wyss,,,,Ursula Wyss,,Ursula Wyss,Ursula Wyss,,Ursula Wyss,Ursula Wyss,Ursula Wyss,,,Ursula Wyss,Ursula Wyss,Ursula Wyss,,,,,Ursula Wyss,Ursula Wyss,,,,,,,,,,,,Ursula Wyss,,,,,,,,,,,,,,,,,,,,,,,,,,,,,,,,,,,,,,,,,,,,,,,,,,,,,,,,,,,,,,,,,,,,,,,,,,,,,,,,,,,,,,,,,,,
Q74519,Jürg Grossen,Jürg Grossen,Jürg Grossen,Jürg Grossen,https://upload.wikimedia.org/wikipedia/commons/a/a3/Jürg_Grossen.jpg,male,,,,,1969-08-24,,Jürg,,4083,,http://www.juerg-grossen.ch/,,,,,,Jürg Grossen,Jürg Grossen,,,,,,,,,,Jürg Grossen,,,Jürg Grossen,,,,Jürg Grossen,,Jürg Grossen,,,Jürg Grossen,Jürg Grossen,Jürg Grossen,,,Jürg Grossen,Jürg Grossen,Jürg Grossen,,,,,Jürg Grossen,Jürg Grossen,,,,,,,,,,,,,,,,,,,,,,,,,,,,,,,,,,,,,,,,,,,,,,,,,,,,,,,,,,,,,,,,,,,,,,,,,,,,,,,,,,,,,,,,,,,,,,,,,,,,,,,
Q74144,Alexander Tschäppät,Alexander Tschäppät,Alexander Tschäppät,Alexander Tschäppät,https://upload.wikimedia.org/wikipedia/commons/e/e4/Alexander_Tschäppät.jpg,male,,,,,1952-04-16,/m/0cgqm97,Alexander,,224,,,,,,,,Alexander Tschäppät,Alexander Tschäppät,Alexander Tschäppät,,,,,,,,,Alexander Tschäppät,,,Alexander Tschäppät,,,Александр Шаппат,Alexander Tschäppät,,Alexander Tschäppät,,,Alexander Tschäppät,Alexander Tschäppät,Alexander Tschäppät,,,Alexander Tschäppät,Alexander Tschäppät,Alexander Tschäppät,Alexander Tschäppät,,,,Alexander Tschäppät,Alexander Tschäppät,,,,,,Alexander Tschäppät,,,,,,,Alexander Tschäppät,,,,,,,,,,,,,Alexander Tschäppät,,,,,,,,,,,,,,,,,,,,Alexander Tschäppät,,,,,,,,,,,,,,,,,,,,,,,,,,,,,,,,,,,,,,,,,,,,,,,,,,,,,,,,,
Q73883,Christian Wasserfallen,Christian Wasserfallen,Christian Wasserfallen,Christian Wasserfallen,https://upload.wikimedia.org/wikipedia/commons/7/7d/Christian_Wasserfallen.jpg,male,,,,,1981-06-30,,Christian,,3912,,http://www.cewe.ch/,,,,,,Christian Wasserfallen,Christian Wasserfallen,,,,,,,,,,Christian Wasserfallen,,,Christian Wasserfallen,,,,Christian Wasserfallen,,Christian Wasserfallen,,,Christian Wasserfallen,Christian Wasserfallen,Christian Wasserfallen,,,Christian Wasserfallen,Christian Wasserfallen,Christian Wasserfallen,,,,,Christian Wasserfallen,Christian Wasserfallen,,,,,,,,,,,,,,,,,,,,,,,,,,,,,,,,,,,,,,,,,,,,,,,,,,,,,,,,,,,,,,,,,,,,,,,,,,,,,,,,,,,,,,,,,,,,,,,,,,,,,,,
Q81967,Lorenz Hess,Lorenz Hess,Lorenz Hess,Lorenz Hess,https://upload.wikimedia.org/wikipedia/commons/5/54/Lorenz_Hess.jpg,male,,,,,1961-06-28,,Lorenz,,4094,,,,,,,,Lorenz Hess,Lorenz Hess,,,,,,,,,,Lorenz Hess,,,Lorenz Hess,,,,Lorenz Hess,,Lorenz Hess,,,Lorenz Hess,Lorenz Hess,Lorenz Hess,,,Lorenz Hess,Lorenz Hess,Lorenz Hess,,,,,Lorenz Hess,Lorenz Hess,,,,,,,,,,,,,,,,,,,,,,,,,,,,,,,,,,,,,,,,,,,,,,,,,,,,,,,,,,,,,,,,,,,,,,,,,,,,,,,,,,,,,,,,,,,,,,,,,,,,,,,
Q81968,Corrado Pardini,Corrado Pardini,Corrado Pardini,Corrado Pardini,https://upload.wikimedia.org/wikipedia/commons/0/04/Corrado_Pardini.jpg,male,,,,,1965-06-19,,Corrado,,4045,,http://www.pardini.ch/,,,,,,Corrado Pardini,Corrado Pardini,,,,,,,,,,Corrado Pardini,,,Corrado Pardini,,,,Corrado Pardini,,Corrado Pardini,,,Corrado Pardini,Corrado Pardini,Corrado Pardini,,,Corrado Pardini,Corrado Pardini,Corrado Pardini,,,,,Corrado Pardini,Corrado Pardini,,,,,,,,,,,,,,,,,,,,,,,,,,,,,,,,,,,,,,,,,,,,,,,,,,,,,,,,,,,,,,,,,,,,,,,,,,,,,,,,,,,,,,,,,,,,,,,,,,,,,,,
Q402548,Marianne Streiff,Marianne Streiff,Marianne Streiff,Marianne Streiff,https://upload.wikimedia.org/wikipedia/commons/2/26/Marianne_Streiff.jpg,female,,,,,1957-08-17,,Marianne,,4036,,http://www.marianne-streiff.ch/,,,,,,Marianne Streiff,Marianne Streiff,,,,,,,,,,,,,,,,,,,Marianne Streiff,,,Marianne Streiff,Marianne Streiff,Marianne Streiff,,,Marianne Streiff,Marianne Streiff,Marianne Streiff,,,,,,,,,,,,,,,,,,,,,,,,,,,,,,,,,,,,Marianne Streiff,Marianne Streiff,,,,,,,,,,,,,,,,,,,,,,,,,,,,,,,,,,,,,,,,,,,,,,,,,,,,,,,,,,,,,,,,,,,,,,,,
Q422099,Margret Kiener Nellen,Margret Kiener Nellen,Margret Kiener Nellen,Margret Kiener Nellen,https://upload.wikimedia.org/wikipedia/commons/e/eb/Margret_Kiener_Nellen_(2007).jpg,female,,,,,1953-04-17,,Margret,,1147,,http://www.kienernellen.ch/,,,,,,Margret Kiener Nellen,Margret Kiener Nellen,,,,,,,,,,,,,,,,,,,Margret Kiener Nellen,,,Margret Kiener Nellen,Margret Kiener Nellen,Margret Kiener Nellen,,,Margret Kiener Nellen,Margret Kiener Nellen,Margret Kiener Nellen,,,,,,,,,,,,,,,,,,,,,,,,,,,,,,,,,,,,,,,,,,,,,,,,,,,,,,,,,,,,,,,,,,,,,,,,,,,,,,,,,,,,,,,,,,,,,,,,,,,,,,,,,,,,,
Q6373721,Verena Herzog,Verena Herzog,Verena Herzog,Verena Herzog,https://upload.wikimedia.org/wikipedia/commons/6/60/Verena_Herzog.jpg,female,,311494580,,,1956-02-07,,Verena,,4129,,http://www.verena-herzog.ch,,,,,,Verena Herzog,Verena Herzog,,,,,,,,,,,,,,,,,,,Verena Herzog,,,Verena Herzog,Verena Herzog,Verena Herzog,,,Verena Herzog,Verena Herzog,Verena Herzog,,,,,,,,,,,,,,,,,,,,,,,,,,,,,,,,,,,,,,,,,,,,,Verena Herzog,,,,,,,,,,,,,,,,,,,,,,,,,,,,,,,,,,,,,,,,,,,,,,,,,,,,,,,,,,,,,,,,
Q16269596,Roger Golay,Roger Golay,Roger Golay,Roger Golay,,male,,,,,1959-01-01,,Roger,,,,,,,,,,Roger Golay,Roger Golay,,,,,,,,,,,,,,,,,,,Roger Golay,,,Roger Golay,,,,,,,,,,,,,,,,,,,,,Roger Golay,,,,,,,,,,,,,,,,,,,,,,Roger Golay,Roger Golay,,,,,,,,,,,,,,,,,,,,,,,,,,,,,,,,,,,,,,,,,,,,,,,,,,,,,,,,,,,,,,,,,,,,,,,,
Q16672268,Raymond Clottu,Raymond Clottu,Raymond Clottu,Raymond Clottu,https://upload.wikimedia.org/wikipedia/commons/a/ad/Raymond_Clottu.jpg,male,,,,,1967-12-18,,Raymond,,,,,,,,,,Raymond Clottu,Raymond Clottu,,,,,,,,,,,,,,,,,,,Raymond Clottu,,,Raymond Clottu,Raymond Clottu,,,,,,,,,,,,,,,,,,,,,,,,,,,,,,,,,,,,,,,,,,,,,,,,,,,,,,,,,,,,,,,,,,,,,,,,,,,,,,,,,,,,,,,,,,,,,,,,,,,,,,,,,,,,,,,,,,,
Q1475381,Olivier Feller,Olivier Feller,Olivier Feller,Olivier Feller,https://upload.wikimedia.org/wikipedia/commons/2/23/Olivier_Feller.jpg,male,,311494414,,,1974-08-30,,Olivier,,4077,,,,,,,,Olivier Feller,Olivier Feller,,,,,,,,,,,,,,,,,,,Olivier Feller,,,Olivier Feller,Olivier Feller,Olivier Feller,,,Olivier Feller,Olivier Feller,Olivier Feller,,,,,,,,,,,,,,,,,,,,,,,,,,,,,,,,,,,,,,,,,,,,,,,,,,,,,,,,,,,,,,,,,,,,,,,,,,,,,,,,,,,,,,,,,,,,,,,,,,,,,,,,,,,,,
Q17305571,Thomas Matter,Thomas Matter,Thomas Matter,Thomas Matter,,male,,,,,1966-03-23,,Thomas,,,,http://www.thomasmatter.ch,,,,,,Thomas Matter,Thomas Matter,,,,,,,,,,,,,,,,,,,Thomas Matter,,,,,,,,,,,,,,,,,,,,,,,,,,,,,,,,,,,,,,,,,,,,,,,,,,,,,,,,,,,,,,,,,,,,,,,,,,,,,,,,,,,,,,,,,,,,,,,,,,,,,,,,,,,,,,,,,,,,,,,
Q15123025,Rebecca Ruiz,Rebecca Ruiz,Rebecca Ruiz,Rebecca Ruiz,https://upload.wikimedia.org/wikipedia/commons/5/56/Rebecca_Ana_Ruiz.jpg,female,,305978512,,,1982-02-04,,Rebecca,,4143,,,,,,,,Rebecca Ruiz,Rebecca Ruiz,,,,,,,,,,Rebecca Ruiz,Rebecca Ruiz,Rebecca Ruiz,Rebecca Ruiz,,,,Rebecca Ruiz,Rebecca Ruiz,Rebecca Ruiz,,Rebecca Ruiz,Rebecca Ruiz,Rebecca Ruiz,Rebecca Ruiz,,,Rebecca Ruiz,Rebecca Ruiz,Rebecca Ruiz,Rebecca Ruiz,Rebecca Ruiz,Rebecca Ruiz,Rebecca Ruiz,,Rebecca Ruiz,Rebecca Ruiz,,,,,,,,,,,,,,,,,,,,,Rebecca Ruiz,Rebecca Ruiz,Rebecca Ruiz,,Rebecca Ruiz,,,,Rebecca Ruiz,,Rebecca Ruiz,Rebecca Ruiz,Rebecca Ruiz,Rebecca Ruiz,Rebecca Ruiz,Rebecca Ruiz,Rebecca Ruiz,Rebecca Ruiz,Rebecca Ruiz,Rebecca Ruiz,Rebecca Ruiz,Rebecca Ruiz,Rebecca Ruiz,Rebecca Ruiz,Rebecca Ruiz,Rebecca Ruiz,Rebecca Ruiz,Rebecca Ruiz,Rebecca Ruiz,Rebecca Ruiz,Rebecca Ruiz,Rebecca Ruiz,Rebecca Ruiz,Rebecca Ruiz,Rebecca Ruiz,Rebecca Ruiz,Rebecca Ruiz,Rebecca Ruiz,Rebecca Ruiz,Rebecca Ruiz,Rebecca Ruiz,Rebecca Ruiz,Rebecca Ruiz,Rebecca Ruiz,Rebecca Ruiz,Rebecca Ruiz,Rebecca Ruiz,Rebecca Ruiz,Rebecca Ruiz,Rebecca Ruiz,Rebecca Ruiz,Rebecca Ruiz,Rebecca Ruiz,Rebecca Ruiz,Rebecca Ruiz,,,,,,,,,,,,,,,,,,,,,,,,,,,
Q493598,Andrea Caroni,Andrea Caroni,Andrea Caroni,Andrea Caroni,https://upload.wikimedia.org/wikipedia/commons/2/23/ACaroni_Nr405_RGB.jpg,male,0000 0000 7264 0649,78932238,137071825,no2009018486,1980-04-19,,Andrea,,4075,,http://www.andrea-caroni.ch,,,,,,Andrea Caroni,Andrea Caroni,,,,,,,,,,,,,,,,,Andrea Caroni,,Andrea Caroni,,,Andrea Caroni,Andrea Caroni,Andrea Caroni,,,Andrea Caroni,Andrea Caroni,Andrea Caroni,,,,,,,,,,,,,,,,,,,,,,,,,,,,,,,,,,,,,,,,,,,,,,,,,,,,,,,,,,,,,,,,,,,,,,,,,,,,,,,,,,,,,,,,,,,,,,,,,,,,,,,,,,,,,
Q1132782,Corina Eichenberger-Walther,Corina Eichenberger-Walther,Corina Eichenberger-Walther,Corina Eichenberger-Walther,https://upload.wikimedia.org/wikipedia/commons/5/56/Corina_Eichenberger-Walther.jpg,female,,,,,1954-10-14,,Corina,,3875,,,,,,,,Corina Eichenberger-Walther,Corina Eichenberger-Walther,,,,,,,,,,,,,,,,,,,Corina Eichenberger-Walther,,,Corina Eichenberger-Walther,,Corina Eichenberger-Walther,,,Corina Eichenberger-Walther,Corina Eichenberger-Walther,Corina Eichenberger-Walther,,,,,,,,,,,,,,,,,,,,,,,,,,,,,,,,,,,,,,,,,,,,,,,,,,,,,,,,,,,,,,,,,,,,,,,,,,,,,,,,,,,,,,,,,,,,,,,,,,,,,,,,,,,,,
Q1307186,Elisabeth Schneider-Schneiter,Elisabeth Schneider-Schneiter,Elisabeth Schneider-Schneiter,Elisabeth Schneider-Schneiter,https://upload.wikimedia.org/wikipedia/commons/b/b4/Elisabeth_Schneider-Schneiter.jpg,female,,,,,1964-02-19,,Elisabeth,,4040,,,,,,,,Elisabeth Schneider-Schneiter,Elisabeth Schneider-Schneiter,,,,,,,,,,,,,,,,,,,Elisabeth Schneider-Schneiter,,,Elisabeth Schneider-Schneiter,,Elisabeth Schneider-Schneiter,,,Elisabeth Schneider-Schneiter,Elisabeth Schneider-Schneiter,Elisabeth Schneider-Schneiter,,,,,,,,,,,,,,,,,,,,,,,,,,,,,,,,,,,,,,,,,,,,,,,,,,,,,,,,,,,,,,,,,,,,,,,,,,,,,,,,,,,,,,,,,,,,,,,,,,,,,,,,,,,,,
Q1163549,Daniela Schneeberger,Daniela Schneeberger,Daniela Schneeberger,Daniela Schneeberger,https://upload.wikimedia.org/wikipedia/commons/f/f0/Daniela.Schneeberger.jpg,female,,,,,1967-09-19,,Daniela,,4060,,,,,,,,Daniela Schneeberger,Daniela Schneeberger,,,,,,,,,,,,,,,,,,,Daniela Schneeberger,,,Daniela Schneeberger,Daniela Schneeberger,Daniela Schneeberger,,,Daniela Schneeberger,Daniela Schneeberger,Daniela Schneeberger,,,,,,,,,,,,,,,,,,,,,,,,,,,,,,,,,,,,,,,,,,,,,,,,,,,,,,,,,,,,,,,,,,,,,,,,,,,,,,,,,,,,,,,,,,,,,,,,,,,,,,,,,,,,,
Q120937,Daniel Jositsch,Daniel Jositsch,Daniel Jositsch,Daniel Jositsch,https://upload.wikimedia.org/wikipedia/commons/1/18/Daniel_jositsch.jpg,male,,67151018,113684339,n2006011620,1965-03-25,,Daniel,,3891,,http://www.jositsch.ch/,,,,,,Daniel Jositsch,Daniel Jositsch,Daniel Jositsch,,130023523,,,,,,,,,,,,,,Daniel Jositsch,,Daniel Jositsch,Daniel Jositsch,,Daniel Jositsch,Daniel Jositsch,Daniel Jositsch,,,Daniel Jositsch,Daniel Jositsch,Daniel Jositsch,,,,,,,,,,,,,,,,,,Daniel Jositsch,,,,,,,,,,,,,,,,,,,,,,,,,,,,,,,,,,,,,,,,,,,,,,,,,,,,,,,,,,,,,,,,,,,,,,,,,,,,,,,,,,,,,,,,,,,
Q122099,Silva Semadeni,Silva Semadeni,Silva Semadeni,Silva Semadeni,https://upload.wikimedia.org/wikipedia/commons/1/18/Silva_Semadeni.jpg,female,,12062581,,,1952-02-08,,Silva,,354,,,,,,,,Silva Semadeni,Silva Semadeni,,,,,,,,,,,,,,,,,,,Silva Semadeni,Silva Semadeni,,Silva Semadeni,Silva Semadeni,Silva Semadeni,,,Silva Semadeni,Silva Semadeni,Silva Semadeni,,,,,,,,,,,,,,,,Silva Semadeni,,Silva Semadeni,,,,,,Silva Semadeni,,,,,,,,,,,,,,,,,,,,,,,,,,,,,,,,,,,,,,,,,,,,,,,,,,,,,,,,,,,,,,,,,,,,,,,,,,,,,,,Silva Semadeni,Silva Semadeni,,,,,
Q1083465,Christine Bulliard-Marbach,Christine Bulliard-Marbach,Christine Bulliard-Marbach,Christine Bulliard-Marbach,https://upload.wikimedia.org/wikipedia/commons/2/20/Christine_Bulliard-Marbach.jpg,female,,,,,1959-10-13,,Christine,,4101,,,,,,,,Christine Bulliard-Marbach,Christine Bulliard-Marbach,,,,,,,,,,,,,,,,,,,Christine Bulliard-Marbach,,,Christine Bulliard-Marbach,,Christine Bulliard-Marbach,,,Christine Bulliard-Marbach,Christine Bulliard-Marbach,Christine Bulliard-Marbach,,,,,,,,,,,,,,,,,,,,,,,,,,,,,,,,,,,,,,,,,,,,,,,,,,,,,,,,,,,,,,,,,,,,,,,,,,,,,,,,,,,,,,,,,,,,,,,,,,,,,,,,,,,,,
Q18413490,Valérie Piller Carrard,Valérie Piller Carrard,Valérie Piller Carrard,Valérie Piller Carrard,https://upload.wikimedia.org/wikipedia/commons/9/92/Valérie_Piller_Carrard.jpg,female,,,,,1978-09-09,,Valérie,,,,,,,,,,Valérie Piller Carrard,Valérie Piller Carrard,,,,,,,,,,,,,,,,,,,Valérie Piller Carrard,,,Valérie Piller Carrard,,,,,,,,,,,,,,,,,,,,,,,,,,,,,,,,,,,,,,,,,,,,,,,,,,,,,,,,,,,,,,,,,,,,,,,,,,,,,,,,,,,,,,,,,,,,,,,,,,,,,,,,,,,,,,,,,,,,
Q16739430,Pierre-Alain Fridez,Pierre-Alain Fridez,Pierre-Alain Fridez,Pierre-Alain Fridez,,male,,,,,1957-11-20,,Pierre-Alain,,4074,,,,,,,,Pierre-Alain Fridez,Pierre-Alain Fridez,,,,,,,,,,Pierre-Alain Fridez,Pierre-Alain Fridez,Pierre-Alain Fridez,Pierre-Alain Fridez,,,,Pierre-Alain Fridez,Pierre-Alain Fridez,Pierre-Alain Fridez,,Pierre-Alain Fridez,Pierre-Alain Fridez,Pierre-Alain Fridez,Pierre-Alain Fridez,,,Pierre-Alain Fridez,Pierre-Alain Fridez,Pierre-Alain Fridez,Pierre-Alain Fridez,Pierre-Alain Fridez,Pierre-Alain Fridez,Pierre-Alain Fridez,,Pierre-Alain Fridez,Pierre-Alain Fridez,,,,,,,,,,,,,,,,,,,,,Pierre-Alain Fridez,Pierre-Alain Fridez,Pierre-Alain Fridez,,Pierre-Alain Fridez,,,,Pierre-Alain Fridez,,Pierre-Alain Fridez,Pierre-Alain Fridez,Pierre-Alain Fridez,Pierre-Alain Fridez,Pierre-Alain Fridez,Pierre-Alain Fridez,Pierre-Alain Fridez,Pierre-Alain Fridez,Pierre-Alain Fridez,Pierre-Alain Fridez,Pierre-Alain Fridez,Pierre-Alain Fridez,Pierre-Alain Fridez,Pierre-Alain Fridez,Pierre-Alain Fridez,Pierre-Alain Fridez,Pierre-Alain Fridez,Pierre-Alain Fridez,Pierre-Alain Fridez,Pierre-Alain Fridez,Pierre-Alain Fridez,Pierre-Alain Fridez,Pierre-Alain Fridez,Pierre-Alain Fridez,Pierre-Alain Fridez,Pierre-Alain Fridez,Pierre-Alain Fridez,Pierre-Alain Fridez,Pierre-Alain Fridez,Pierre-Alain Fridez,Pierre-Alain Fridez,Pierre-Alain Fridez,Pierre-Alain Fridez,Pierre-Alain Fridez,Pierre-Alain Fridez,Pierre-Alain Fridez,Pierre-Alain Fridez,Pierre-Alain Fridez,Pierre-Alain Fridez,Pierre-Alain Fridez,Pierre-Alain Fridez,Pierre-Alain Fridez,Pierre-Alain Fridez,Pierre-Alain Fridez,Pierre-Alain Fridez,,,,,,,,,,,,,,,,,,,,,,,,,,,
Q15820891,Jean-Paul Gschwind,Jean-Paul Gschwind,Jean-Paul Gschwind,Jean-Paul Gschwind,https://upload.wikimedia.org/wikipedia/commons/0/0e/Jean-Paul_Gschwind.jpg,male,,,,,1952-10-31,,Jean-Paul,,4087,,,,,,,,Jean-Paul Gschwind,Jean-Paul Gschwind,,,,,,,,,,Jean-Paul Gschwind,Jean-Paul Gschwind,Jean-Paul Gschwind,Jean-Paul Gschwind,,,,Jean-Paul Gschwind,Jean-Paul Gschwind,Jean-Paul Gschwind,,Jean-Paul Gschwind,Jean-Paul Gschwind,Jean-Paul Gschwind,Jean-Paul Gschwind,,,Jean-Paul Gschwind,Jean-Paul Gschwind,Jean-Paul Gschwind,Jean-Paul Gschwind,Jean-Paul Gschwind,Jean-Paul Gschwind,Jean-Paul Gschwind,,Jean-Paul Gschwind,Jean-Paul Gschwind,,,,,,,,,,,,,,,,,,,,,Jean-Paul Gschwind,Jean-Paul Gschwind,Jean-Paul Gschwind,,Jean-Paul Gschwind,,,,Jean-Paul Gschwind,,Jean-Paul Gschwind,Jean-Paul Gschwind,Jean-Paul Gschwind,Jean-Paul Gschwind,Jean-Paul Gschwind,Jean-Paul Gschwind,Jean-Paul Gschwind,Jean-Paul Gschwind,Jean-Paul Gschwind,Jean-Paul Gschwind,Jean-Paul Gschwind,Jean-Paul Gschwind,Jean-Paul Gschwind,Jean-Paul Gschwind,Jean-Paul Gschwind,Jean-Paul Gschwind,Jean-Paul Gschwind,Jean-Paul Gschwind,Jean-Paul Gschwind,Jean-Paul Gschwind,Jean-Paul Gschwind,Jean-Paul Gschwind,Jean-Paul Gschwind,Jean-Paul Gschwind,Jean-Paul Gschwind,Jean-Paul Gschwind,Jean-Paul Gschwind,Jean-Paul Gschwind,Jean-Paul Gschwind,Jean-Paul Gschwind,Jean-Paul Gschwind,Jean-Paul Gschwind,Jean-Paul Gschwind,Jean-Paul Gschwind,Jean-Paul Gschwind,Jean-Paul Gschwind,Jean-Paul Gschwind,Jean-Paul Gschwind,Jean-Paul Gschwind,Jean-Paul Gschwind,Jean-Paul Gschwind,Jean-Paul Gschwind,Jean-Paul Gschwind,Jean-Paul Gschwind,Jean-Paul Gschwind,,,,,,,,,,,,,,,,,,,,,,,,,,,
Q118484,Daniel Brélaz,Daniel Brélaz,Daniel Brélaz,Daniel Brélaz,"https://upload.wikimedia.org/wikipedia/commons/e/e7/Daniel_Brélaz_(Nationalrat,_2007).jpg",male,,197984006,,,1950-01-04,,Daniel,,724,,,,,,,,Daniel Brélaz,Daniel Brélaz,Daniel Brélaz,,113995512,,,,,,,,,,,,,,Daniel Brélaz,,Daniel Brélaz,Daniel Brélaz,,Daniel Brélaz,Daniel Brélaz,Daniel Brélaz,,,Daniel Brélaz,Daniel Brélaz,Daniel Brélaz,Daniel Brélaz,,,,,,,,Category:Daniel Brélaz,,,,,,,,,Daniel Brélaz,,,,,,,,,,,,,,Daniel Brélaz,,,,,,,,,,,,,,,,,,,,,,,,,,,,,,,,,,,,,,,,,,,,,,,,,,,,,,,,,,,,,,,,,,,,,,,,,,,,,
Q123979,Ueli Maurer,Ueli Maurer,Ueli Maurer,Ueli Maurer,"https://upload.wikimedia.org/wikipedia/commons/a/ac/Ueli_Maurer,_2010.jpg",male,,161789385,1023936070,,1950-12-01,/m/04z__gq,Ueli,,146,,,,,,49422,,Ueli Maurer,Ueli Maurer,Ueli Maurer,,,,,,,,,Ueli Maurer,Ueli Maurer,Ueli Maurer,Ueli Maurer,,,"Маурер, Ули",Ueli Maurer,Ueli Maurer,Ueli Maurer,Ueli Maurer,Ueli Maurer,Ueli Maurer,Ueli Maurer,Ueli Maurer,於利·毛雷爾,,Ueli Maurer,Ueli Maurer,Ueli Maurer,Ueli Maurer,Ueli Maurer,Ueli Maurer,Ueli Maurer,Ueli Maurer,Ueli Maurer,Ueli Maurer,Ueli Maurer,Category:Ueli Maurer,,Ueli Maurer,Ueli Maurer,Ueli Maurer,Ueli Maurer,,Ueli Maurer,,Ulricus Maurer,Ueli Maurer,Ueli Maurer,Ueli Maurer,,Ueli Maurer,Ueli Maurer,"Маурер, Ули",Ueli Maurer,於利·毛雷爾,Ueli Maurer,Ueli Maurer,Ueli Maurer,,Ueli Maurer,,,,Ueli Maurer,Ueli Maurer,Ueli Maurer,Ueli Maurer,Ueli Maurer,Ueli Maurer,Ueli Maurer,Ueli Maurer,Ueli Maurer,Ueli Maurer,Ueli Maurer,Ueli Maurer,Ueli Maurer,Ueli Maurer,Ueli Maurer,Ueli Maurer,Ueli Maurer,Ueli Maurer,Ueli Maurer,Ueli Maurer,Ueli Maurer,Ueli Maurer,Ueli Maurer,Ueli Maurer,Ueli Maurer,Ueli Maurer,Ueli Maurer,Ueli Maurer,Ueli Maurer,Ueli Maurer,Ueli Maurer,Ueli Maurer,Ueli Maurer,Ueli Maurer,Ueli Maurer,Ueli Maurer,Ueli Maurer,Ueli Maurer,Ueli Maurer,Ueli Maurer,Ueli Maurer,Ueli Maurer,Ueli Maurer,Ueli Maurer,Ueli Maurer,Ueli Maurer,Ueli Maurer,,Ueli Maurer,윌리 마우러,Ουέλι Μάουρερ,Ули Маурер,اولی ماورر,Улі Маурер,Улі Маўрэр,أولي ماورر,أولي ماورر,Улі Маўрэр,Ουέλι Μάουρερ,Ueli Maurer,اولی ماورر,Ули Маурер,윌리 마우러,Ueli Maurer,Улі Маурер,Ueli Maurer,,,,,,,,
Q122852,Hans Stöckli,Hans Stöckli,Hans Stöckli,Hans Stöckli,https://upload.wikimedia.org/wikipedia/commons/7/73/Hans_Stöckli.jpg,male,,260388774,1024598411,,1952-04-12,,Hans,,1267,,http://www.hansstoeckli.ch/,,,,,,Hans Stöckli,Hans Stöckli,,,,,,,,,,,,,,,,,Hans Sto?ckli,,Hans Stöckli,,,Hans Stöckli,Hans Sto?ckli,Hans Stöckli,,,Hans Stöckli,Hans Stöckli,Hans Stöckli,,,,,,,,,,,,,,,,,,,,,,,,,,,,,,,,,,,,,,,,,,,,,,,,,,,,,,,,,,,,,,,,,,,,,,,,,,,,,,,,,,,,,,,,,,,,,,,,,,,,,,,,,,,,,
Q122935,André Reymond,André Reymond,André Reymond,André Reymond,https://upload.wikimedia.org/wikipedia/commons/a/a8/André_Reymond.jpg,male,,,,,1940-01-07,,André,,1115,,,,,,,,André Reymond,André Reymond,,,,,,,,,,,,,,,,,,,André Reymond,,,André Reymond,André Reymond,André Reymond,,,André Reymond,André Reymond,André Reymond,,,,,,,,,,,,,,,,,,,,,,,,,,,,,,,,,,,,,,,,,,,,,,,,,,,,,,,,,,,,,,,,,,,,,,,,,,,,,,,,,,,,,,,,,,,,,,,,,,,,,,,,,,,,,
Q116454,Ulrich Schlüer,Ulrich Schlüer,Ulrich Schlüer,Ulrich Schlüer,https://upload.wikimedia.org/wikipedia/commons/e/ec/Ulrich_Schlüer.jpg,male,,75117766,,,1944-10-17,,Ulrich,,352,,,,,,,,Ulrich Schlüer,Ulrich Schlüer,Ulrich Schlüer,,,,,,,,,,,,,,,,Ulrich Schlüer,,Ulrich Schlüer,Huldericus Schlüer,,Ulrich Schlüer,Ulrich Schlüer,Ulrich Schlüer,,,Ulrich Schlüer,Ulrich Schlüer,Ulrich Schlüer,Ulrich Schlüer,,,,,Ulrich Schlüer,,,,,,,,,,,,Huldericus Schlüer,,,,,,,,,,,,,,Ulrich Schlüer,,,,,,,,,,,,,,,,,,,,,,,,,,,,,,,,,,,,,,,,,,,,,,,,,,,,,,,,,,,,,,,,,,,,,,Ulrich Schlüer,,,,,,,
Q116457,Verena Diener,Verena Diener,Verena Diener,Verena Diener,https://upload.wikimedia.org/wikipedia/commons/7/7f/Verena_Diener.jpg,female,,,,,1949-03-27,/m/03d2z14,Verena,,61,,http://www.verenadiener.ch/,,,,,,Verena Diener,Verena Diener,Verena Diener,,,,,,,,,,,,,,,,Verena Diener,,Verena Diener,Verena Diener,,Verena Diener,Verena Diener,Verena Diener,,,Verena Diener,Verena Diener,Verena Diener,Verena Diener,,,,,,,,,,,,,,,,,Verena Diener,Verena Diener,,,,,,,,,,,,,Verena Diener,,,,,,,,,,,,,,,,,,,,,,,,,,,,,,,,,,,,,,,,,,,,,,,,,,,,,,,,,,,,,,,,,,,,,,,,,,,,,
Q117805,Jasmin Hutter,Jasmin Hutter,Jasmin Hutter,Jasmin Hutter,https://upload.wikimedia.org/wikipedia/commons/e/e9/Jasmin_Hutter.jpg,female,,,,,1978-06-11,,Jasmin,,1121,,,,,,,,Jasmin Hutter,Jasmin Hutter,Jasmin Hutter,,,,,,,,,,,,,,,,Jasmin Hutter,,Jasmin Hutter,,,Jasmin Hutter,Jasmin Hutter,Jasmin Hutter,,,Jasmin Hutter,Jasmin Hutter,Jasmin Hutter,Jasmin Hutter,,,,,,,,,,,,,,,,,,,,,,,,,,,,,,,Jasmin Hutter,,,,,,,,,,,,,,,,,,,,,,,,,,,,,,,,,,,,,,,,,,,,,,,,,,,,,,,,,,,,,,,,,,,,,,,,,,,,,
Q117131,Hans Rutschmann,Hans Rutschmann,Hans Rutschmann,Hans Rutschmann,https://upload.wikimedia.org/wikipedia/commons/9/97/Hans_Rutschmann_(2007).jpg,male,,,,,1947-07-04,,Hans,,1233,,,,,,,,Hans Rutschmann,Hans Rutschmann,,,,,,,,,,,,,,,,,Hans Rutschmann,,Hans Rutschmann,Ioannes Rutschmann,,Hans Rutschmann,,Hans Rutschmann,,,Hans Rutschmann,Hans Rutschmann,Hans Rutschmann,,,,,,,,,,,,,,,,,,Ioannes Rutschmann,,,,,,,,,,,,,,,,,,,,,,,,,,,,,,,,,,,,,,,,,,,,,,,,,,,,,,,,,,,,,,,,,,,,,,,,,,,,,,,,,,,,,,,,,,,
Q117064,Christian Waber,Christian Waber,Christian Waber,Christian Waber,https://upload.wikimedia.org/wikipedia/commons/1/15/Christian_Waber.jpg,male,,,,,1948-05-07,,Christian,,396,,,,,,,,Christian Waber,Christian Waber,Christian Waber,,,,,,,,,,,,,,,,Christian Waber,,Christian Waber,,,Christian Waber,Christian Waber,Christian Waber,,,Christian Waber,Christian Waber,Christian Waber,Christian Waber,,,,,,,,,,,,,,,,,,,,,,,,,,,,,,,Christian Waber,,,,,,,,,,,,,,,,,,,,,,,,,,,,,,,,,,,,,,,,,,,,,,,,,,,,,,,,,,,,,,,,,,,,,,,,,,,,,
Q119484,Theophil Pfister,Theophil Pfister,Theophil Pfister,Theophil Pfister,https://upload.wikimedia.org/wikipedia/commons/3/3f/Theophil_Pfister_(2007).jpg,male,,,,,1942-07-16,,Theophil,,500,,,,,,,2012-08-06,Theophil Pfister,Theophil Pfister,,,,,,,,,,,,,,,,,,,Theophil Pfister,,,Theophil Pfister,Theophil Pfister,Theophil Pfister,,,Theophil Pfister,Theophil Pfister,Theophil Pfister,,,,,,,,,,,,,,,,,,,,,,,,,,,,,,,,,,,,,,,,,,,,,,,,,,,,,,,,,,,,,,,,,,,,,,,,,,,,,,,,,,,,,,,,,,,,,,,,,,,,,,,,,,,,,
Q119888,Peter Föhn,Peter Föhn,Peter Föhn,Peter Föhn,https://upload.wikimedia.org/wikipedia/commons/d/d7/Peter_Föhn_(2007).jpg,male,,,,,1952-12-11,,Peter,,321,,http://www.peter-foehn.ch,,,,,,Peter Föhn,Peter Föhn,,,,,,,,,,,,,,,,,,,Peter Föhn,,,Peter Föhn,Peter Föhn,Peter Föhn,,,Peter Föhn,Peter Föhn,Peter Föhn,,,,,,,,,,,,,,,,,,,,,,,,,,,,,,,,,,,,,,,,,,,,,,,,,,,,,,,,,,,,,,,,,,,,,,,,,,,,,,,,,,,,,,,,,,,,,,,,,,,,,,,,,,,,,
Q118316,Christoph von Rotz,Christoph von Rotz,Christoph von Rotz,Christoph von Rotz,https://upload.wikimedia.org/wikipedia/commons/5/5e/Christoph_von_Rotz.jpg,male,,,,,1966-10-15,,Christoph,,3909,,,,,,,,Christoph von Rotz,Christoph von Rotz,,,,,,,,,,,,,,,,,Christoph von Rotz,,Christoph von Rotz,Christophorus de Rotz,,Christoph von Rotz,,,,,,,,,,,,,,,,,,,,,,,,,Christophorus de Rotz,,,,,,,,,,,,,,,,,,,,,,,,,,,,,,,,,,,,,,,,,,,,,,,,,,,,,,,,,,,,,,,,,,,,,,,,,,,,,,,,,,,,,,,,,,,
Q119873,Christian Miesch,Christian Miesch,Christian Miesch,Christian Miesch,https://upload.wikimedia.org/wikipedia/commons/c/c8/Christian_Miesch_(2007).jpg,male,,,,,1948-02-27,,Christian,,151,,,,,,,,Christian Miesch,Christian Miesch,,,,,,,,,,,,,,,,,,,Christian Miesch,,,Christian Miesch,,Christian Miesch,,,Christian Miesch,Christian Miesch,Christian Miesch,Christian Miesch,,,,,,,,,,,,,,,,,,,,,,,,,,,,,,,Christian Miesch,,,,,,,,,,,,,,,,,,,,,,,,,,,,,,,,,,,,,,,,,,,,,,,,,,,,,,,,,,,,,,,,,,,,,,,,,,,,,
Q1911278,Maurice Chevrier,Maurice Chevrier,Maurice Chevrier,Maurice Chevrier,https://upload.wikimedia.org/wikipedia/commons/c/c9/Maurice_Chevrier_(2007).jpg,male,,,,,1961-03-28,,Maurice,,455,,,,,,,,Maurice Chevrier,Maurice Chevrier,,,,,,,,,,,,,,,,,,,Maurice Chevrier,,,Maurice Chevrier,Maurice Chevrier,Maurice Chevrier,,,Maurice Chevrier,Maurice Chevrier,Maurice Chevrier,,,,,,,,,,,,,,,,,,,,,,,,,,,,,,,,,,,,,,,,,,,,,,,,,,,,,,,,,,,,,,,,,,,,,,,,,,,,,,,,,,,,,,,,,,,,,,,,,,,,,,,,,,,,,
Q116100,Pascale Bruderer,Pascale Bruderer,Pascale Bruderer,Pascale Bruderer,https://upload.wikimedia.org/wikipedia/commons/8/8a/Pascale_Bruderer_NRCR_President_cropped.jpg,female,,73677204,,no2008139458,1977-07-28,/m/09v0zrp,Pascale,,823,,http://www.pascale-bruderer.ch/,,,,,,Pascale Bruderer,Pascale Bruderer,Pascale Bruderer,,,,,,,,,,,Pascale Bruderer,,,,Паскаль Брудерер,Pascale Bruderer,,Pascale Bruderer,Paschalina Bruderer,,Pascale Bruderer,Pascale Bruderer,Pascale Bruderer,,,Pascale Bruderer,Pascale Bruderer,Pascale Bruderer,Pascale Bruderer,,,,,,,Pascale Bruderer,Category:Pascale Bruderer,,,,,,,Pascale Bruderer,,Paschalina Bruderer,,,,,,,"Брудерер, Паскаль",,,,,,,Pascale Bruderer,,,,,,,,,,,,,,,,,,,,,,,,,,,,,,,,,,,,,,,,,,,,,,,,,,,,,,,,,,,,,,,,,,,,,,,,,,,,,
Q118347,Fabio Abate,Fabio Abate,Fabio Abate,Fabio Abate,"https://upload.wikimedia.org/wikipedia/commons/9/9c/Fabio_Abate_(Nationalrat,_2008).jpg",male,,,,,1966-01-04,,Fabio,,801,,,,,,,,Fabio Abate,Fabio Abate,,,,,,,,,,,,,,,,,Fabio Abate,,Fabio Abate,Fabius Abate,,Fabio Abate,Fabio Abate,Fabio Abate,,,Fabio Abate,Fabio Abate,Fabio Abate,Fabio Abate,,,,,,,,,,,,,,,,,Fabius Abate,,,,,,,,,,,,,,Fabio Abate,,,,,,,,,,,,,,,,,,,,,,,,,,,,,,,,,,,,,,,,,,,,,,,,,,,,,,,,,,,,,,,,,,,,,,,,,,,,,
Q118545,Roberto Schmidt,Roberto Schmidt,Roberto Schmidt,Roberto Schmidt,https://upload.wikimedia.org/wikipedia/commons/0/04/Roberto_Schmidt.jpg,male,,52800055,,,1962-07-16,,Roberto,,3905,,,,,,,,Roberto Schmidt,Roberto Schmidt,,,,,,,,,,,,,,,,,,,Roberto Schmidt,,,Roberto Schmidt,,Roberto Schmidt,,,Roberto Schmidt,Roberto Schmidt,Roberto Schmidt,,,,,,,,,,,,,,,,,,,,,,,,,,,,,,,,,,,,,,,,,,,,,,,,,,,,,,,,,,,,,,,,,,,,,,,,,,,,,,,,,,,,,,,,,,,,,,,,,,,,,,,,,,,,,
Q120881,Evi Allemann,Evi Allemann,Evi Allemann,Evi Allemann,https://upload.wikimedia.org/wikipedia/commons/d/d6/Evi_Allemann_(2007).jpg,female,,,,,1978-07-16,,Evi,,1131,,,,,,,,Evi Allemann,Evi Allemann,,,,,,,,,,,,,,,,,,,Evi Allemann,Evi Allemann,,Evi Allemann,Evi Allemann,Evi Allemann,,,Evi Allemann,Evi Allemann,Evi Allemann,Evi Allemann,,,,,,,,,,,,,,,,,Evi Allemann,,,,,,,,,,,,,,Evi Allemann,,,,,,,,,,,,,,,,,,,,,,,,,,,,,,,,,,,,,,,,,,,,,,,,,,,,,,,,,,,,,,,,,,,,,,,,,,,,,
Q117269,Norman Gobbi,Norman Gobbi,Norman Gobbi,Norman Gobbi,,male,,,,,1977-03-23,,Norman,,4024,,http://vais.ch,Gobbi,,,,,Norman Gobbi,Norman Gobbi,,,,,,,,,,,,,,,,,Norman Gobbi,,Norman Gobbi,Normannus Gobbi,,Norman Gobbi,Norman Gobbi,Norman Gobbi,,,Norman Gobbi,Norman Gobbi,Norman Gobbi,,,,,,,,,,,,,,Norman Gobbi,,Norman Gobbi,,Normannus Gobbi,,,,,,,,,,,,,,,,,,,,,,,,,,,,,,,,,,,,,,,,,,,,,,,,,,,,,,,,,,,,,,,,,,,,,,,,,,,,,,,,,,,,,,,,,,,
Q121134,Brigitte Häberli-Koller,Brigitte Häberli-Koller,Brigitte Häberli-Koller,Brigitte Häberli-Koller,https://upload.wikimedia.org/wikipedia/commons/f/fc/Brigitte_Häberli-Koller_(2007).jpg,female,,,,,1958-08-23,,Brigitte,,1106,,http://www.brigitte-haeberli.ch,,,,,,Brigitte Häberli-Koller,Brigitte Häberli-Koller,,,,,,,,,,,,,,,,,,,Brigitte Häberli-Koller,,,Brigitte Häberli-Koller,Brigitte Häberli-Koller,Brigitte Häberli-Koller,,,Brigitte Häberli-Koller,Brigitte Häberli-Koller,Brigitte Häberli-Koller,,,,,,,,,,,,,,,,,,,,,,,,,,,,,,,,,,,,,,,,,,,,,,,,,,,,,,,,,,,,,,,,,,,,,,,,,,,,,,,,,,,,,,,,,,,,,,,,,,,,,,,,,,,,,
Q121853,Pirmin Bischof,Pirmin Bischof,Pirmin Bischof,Pirmin Bischof,"https://upload.wikimedia.org/wikipedia/commons/c/cb/Pirmin_Bischof,_2007.jpg",male,,17913277,171490878,n95079346,1959-02-24,,Pirmin,,3871,,http://pirmin-bischof.ch,,,,,,Pirmin Bischof,Pirmin Bischof,,,,,,,,,,,,,,,,,Pirmin Bischof,,Pirmin Bischof,,,Pirmin Bischof,Pirmin Bischof,Pirmin Bischof,,,Pirmin Bischof,Pirmin Bischof,Pirmin Bischof,,,,,,,,,,,,,,,,,,,,,,,,,,,,,,,,,,,,,,,,,,,,,,,,,,,,,,,,,,,,,,,,,,,,,,,,,,,,,,,,,,,,,,,,,,,,,,,,,,,,,,,,,,,,,
Q119440,Paul Rechsteiner,Paul Rechsteiner,Paul Rechsteiner,Paul Rechsteiner,https://upload.wikimedia.org/wikipedia/commons/8/80/Paul_Rechsteiner_(2007).jpg,male,,232791215,1020883006,,1952-08-26,,Paul,,172,,http://paulrechsteiner.ch,,,,,,Paul Rechsteiner,Paul Rechsteiner,,,,,,,,,,,,,,,,,Paul Rechsteiner,,Paul Rechsteiner,,,Paul Rechsteiner,Paul Rechsteiner,Paul Rechsteiner,,,Paul Rechsteiner,Paul Rechsteiner,Paul Rechsteiner,,,,,,,,,,,,,,,,,,,,,,,,,,,,,,,,,,,,,,,,,,,,,,,,,,,,,,,,,,,,,,,,,,,,,,,,,,,,,,,,,,,,,,,,,,,,,,,,,,,,,,,,,,,,,
Q125433,Martin Landolt,Martin Landolt,Martin Landolt,Martin Landolt,"https://upload.wikimedia.org/wikipedia/commons/a/aa/Martin_Landolt,_2009_2.jpg",male,,,,,1968-06-30,,Martin,,4008,,,,,,,,Martin Landolt,Martin Landolt,,,,,,,,,,Martin Landolt,Martin Landolt,Martin Landolt,Martin Landolt,,,,Martin Landolt,Martin Landolt,Martin Landolt,Martinus Landolt,Martin Landolt,Martin Landolt,Martin Landolt,Martin Landolt,,,Martin Landolt,Martin Landolt,Martin Landolt,Martin Landolt,Martin Landolt,Martin Landolt,Martin Landolt,,Martin Landolt,Martin Landolt,,Category:Martin Landolt,,,,,,,,,Martinus Landolt,,,,,,,,,,Martin Landolt,Martin Landolt,Martin Landolt,,Martin Landolt,,,,Martin Landolt,Martin Landolt,Martin Landolt,Martin Landolt,Martin Landolt,Martin Landolt,Martin Landolt,Martin Landolt,Martin Landolt,Martin Landolt,Martin Landolt,Martin Landolt,Martin Landolt,Martin Landolt,Martin Landolt,Martin Landolt,Martin Landolt,Martin Landolt,Martin Landolt,Martin Landolt,Martin Landolt,Martin Landolt,Martin Landolt,Martin Landolt,Martin Landolt,Martin Landolt,Martin Landolt,Martin Landolt,Martin Landolt,Martin Landolt,Martin Landolt,Martin Landolt,Martin Landolt,Martin Landolt,Martin Landolt,Martin Landolt,Martin Landolt,Martin Landolt,Martin Landolt,Martin Landolt,Martin Landolt,Martin Landolt,Martin Landolt,Martin Landolt,Martin Landolt,Martin Landolt,Martin Landolt,,,,,,,,,,,,,,,,,,,,,,,,,,,
Q116648,Liliane Maury Pasquier,Liliane Maury Pasquier,Liliane Maury Pasquier,Liliane Maury Pasquier,https://upload.wikimedia.org/wikipedia/commons/6/61/Maury_Pasquier_Liliane.jpg,female,,184258854,,,1956-12-16,,Liliane,,341,,,,,6297,,,Liliane Maury Pasquier,Liliane Maury Pasquier,Liliane Maury Pasquier,,,,,,,,,,,,,,,,Liliane Maury Pasquier,,Liliane Maury Pasquier,Liliana Maury Pasquier,,Liliane Maury Pasquier,Liliane Maury Pasquier,Liliane Maury Pasquier,,,Liliane Maury Pasquier,Liliane Maury Pasquier,Liliane Maury Pasquier,,,,,,,,,,,,,,,,,,Liliana Maury Pasquier,,,,,,,,,,,,,,,,,,,,,,,,,,,,,,,,,,,,,,,,,,,,,,,,,,,,,,,,,,,,,,,,,,,,,,,,,,,,,,,,,,,,,,,,,,,
Q116923,Pierre-Yves Maillard,Pierre-Yves Maillard,Pierre-Yves Maillard,Pierre-Yves Maillard,https://upload.wikimedia.org/wikipedia/commons/4/44/Pierre-Yves_Maillard.jpg,male,0000 0001 1803 8099,2684742,132507358,n2011017195,1968-03-16,/m/0cgksw5,Pierre-Yves,,491,,,,,,,,Pierre-Yves Maillard,Pierre-Yves Maillard,Pierre-Yves Maillard,,,,,,,,,,,,,,,,Pierre-Yves Maillard,,Pierre-Yves Maillard,,,Pierre-Yves Maillard,Pierre-Yves Maillard,Pierre-Yves Maillard,,,Pierre-Yves Maillard,Pierre-Yves Maillard,Pierre-Yves Maillard,Pierre-Yves Maillard,,,,,,,,,,,,,,,,,,,,,,,,,,,,,,,Pierre-Yves Maillard,,,,,,,,,,,,,,,,,,,,,,,,,,,,,,,,,,,,,,,,,,,,,,,,,,,,,,,,,,,,,,,,,,,,,,,,,,,,,
Q121072,Bernhard Hess,Bernhard Hess,Bernhard Hess,Bernhard Hess,https://upload.wikimedia.org/wikipedia/commons/b/b0/Bernhard_Hess.jpg,male,,,,,1966-04-05,,Bernhard,,474,,,,,,,,Bernhard Hess,Bernhard Hess,Bernhard Hess,,,,,,,,,,,,,,,,,,Bernhard Hess,,,Bernhard Hess,,Bernhard Hess,,,Bernhard Hess,Bernhard Hess,Bernhard Hess,,,,,,,,,,,,,,,,,,,,,,,,,,,,,,,,,,,,,,,,,,,,,,,,,,,,,,,,,,,,,,,,,,,,,,,,,,,,,,,,,,,,,,,,,,,,,,,,,,,,,,,,,,,,,
Q117230,Géraldine Savary,Géraldine Savary,Géraldine Savary,Géraldine Savary,https://upload.wikimedia.org/wikipedia/commons/6/63/Géraldine_Savary_(2007).jpg,female,,305970521,,,1968-11-14,,Géraldine,,1148,,,,,,,,Géraldine Savary,Géraldine Savary,,,,,,,,,,,,,,,,,Géraldine Savary,,Géraldine Savary,Geraldina Savary,,Géraldine Savary,Géraldine Savary,Géraldine Savary,,,Géraldine Savary,Géraldine Savary,Géraldine Savary,,,,,,Géraldine Savary,,,,,,,,,,,,Geraldina Savary,,,,,,,,,,,,,,,,,Géraldine Savary,,,,,,,,,,,,,,,,,,,,,,,,,,,,,,,,,,,,,,,,,,,,,,,,,,,,,,,,,,,,,,,,,,,,,,,,,,
Q358447,Luc Recordon,Luc Recordon,Luc Recordon,Luc Recordon,https://upload.wikimedia.org/wikipedia/commons/0/04/Luc_Recordon_(2007).jpg,male,,242847784,,,1955-09-20,/m/03d3by5,Luc,,1134,,,,,,,,Luc Recordon,Luc Recordon,Luc Recordon,,,,,,,,,,,,,,,,Luc Recordon,,Luc Recordon,Lucas Recordon,,Luc Recordon,,Luc Recordon,,,Luc Recordon,Luc Recordon,Luc Recordon,,,,,,,,,Category:Luc Recordon,,,,,,,,,Lucas Recordon,,,,,,,,,,,,,,,,,,,,,,,,,,,,,,,,,,,,,,,,,,,,,,,,,,,,,,,,,,,,,,,,,,,,,,,,,,,,,,,,,,,,,,,,,,,
Q3159705,Jacques Pagan,Jacques Pagan,Jacques Pagan,Jacques Pagan,https://upload.wikimedia.org/wikipedia/commons/b/b8/Jacques_Pagan.jpg,male,,,,,1942-07-17,,Jacques,,,,,,,,,,Jacques Pagan,,,,,,,,,,,,,,,,,,,,Jacques Pagan,,,Jacques Pagan,,Jacques Pagan,,,Jacques Pagan,Jacques Pagan,Jacques Pagan,,,,,,,,,,,,,,,,,,,,,,,,,,,,,,,,,,,,,,,,,,,,,,,,,,,,,,,,,,,,,,,,,,,,,,,,,,,,,,,,,,,,,,,,,,,,,,,,,,,,,,,,,,,,,
Q3168266,Jean-Noël Rey,Jean-Noël Rey,Jean-Noël Rey,Jean-Noël Rey,,male,,210028354,,,1949-12-23,,Jean-Noël,,1132,,http://www.jnrey.ch,,,,,,Jean-Noël Rey,,,,069874034,,,,,,,,,,,,,,,,Jean-Noël Rey,,,Jean-Noël Rey,,Jean-Noël Rey,,,Jean-Noël Rey,Jean-Noël Rey,Jean-Noël Rey,,,,,,,,,,,,,,,,,,,,,,,,,,,,,,,,,,,,,,,,,,,,,,,,,,,,,,,,,,,,,,,,,,,,,,,,,,,,,,,,,,,,,,,,,,,,,,,,,,,,,,,,,,,,,
Q116461,Claude Janiak,Claude Janiak,Claude Janiak,Claude Janiak,https://upload.wikimedia.org/wikipedia/commons/5/5e/Claude_Janiak.jpg,male,,306250861,,,1948-10-30,/m/091hhb,Claude,,477,,http://www.janiak.ch,,,,,,Claude Janiak,Claude Janiak,Claude Janiak,,,,,,,,,,,,Claude Janiak,,,,Claude Janiak,,Claude Janiak,Claudius Janiak,,Claude Janiak,Claude Janiak,Claude Janiak,,,Claude Janiak,Claude Janiak,Claude Janiak,Claude Janiak,,,,,,,,Category:Claude Janiak,,,,,,,,,Claudius Janiak,,,Claude Janiak,,,,,,,,,,,Claude Janiak,,,,,,,,,,,,,,,,,,,,,,,,,,,,,,,,,,,,,,,,,,,,,,,,,,,,,,,,,,,,,,,,,,,,,,,,,,,,,
Q1901891,Markus Wäfler,Markus Wäfler,Markus Wäfler,Markus Wäfler,https://upload.wikimedia.org/wikipedia/commons/4/47/Markus_Wäfler.jpg,male,,,,,1948-12-21,,Markus,,1128,,,,,,,,Markus Wäfler,Markus Wäfler,,,,,,,,,,,,,,,,,,,Markus Wäfler,,,Markus Wäfler,,Markus Wäfler,,,Markus Wäfler,Markus Wäfler,Markus Wäfler,,,,,,,,,,,,,,,,,,,,,,,,,,,,,,,,,,,,,,,,,,,,,,,,,,,,,,,,,,,,,,,,,,,,,,,,,,,,,,,,,,,,,,,,,,,,,,,,,,,,,,,,,,,,,
Q3369002,Patrice Mugny,Patrice Mugny,Patrice Mugny,Patrice Mugny,,male,,262035949,,,1953-01-01,,Patrice,,,15035070v,,,,,,,Patrice Mugny,,,,116343532,,,,,,,,,,,,,,,,Patrice Mugny,,,Patrice Mugny,,Patrice Mugny,,,Patrice Mugny,Patrice Mugny,Patrice Mugny,,,,,,,,,,,,,,,,,,,,,,,,,,,,,,,,,,,,,,,,,,,,,,,,,,,,,,,,,,,,,,,,,,,,,,,,,,,,,,,,,,,,,,,,,,,,,,,,,,,,,,,,,,,,,
Q118337,Roberto Zanetti,Roberto Zanetti,Roberto Zanetti,Roberto Zanetti,,male,,,,,1954-12-14,,Roberto,,525,,,,,,,,Roberto Zanetti,Roberto Zanetti,,,,,,,,,,Roberto Zanetti,Roberto Zanetti,Roberto Zanetti,Roberto Zanetti,,,,Roberto Zanetti,Roberto Zanetti,Roberto Zanetti,Robertus Zanetti,Roberto Zanetti,Roberto Zanetti,Roberto Zanetti,Roberto Zanetti,,,Roberto Zanetti,Roberto Zanetti,Roberto Zanetti,Roberto Zanetti,Roberto Zanetti,Roberto Zanetti,Roberto Zanetti,,Roberto Zanetti,Roberto Zanetti,,,,,,,,,,,Robertus Zanetti,,,,,,,,,,Roberto Zanetti,Roberto Zanetti,Roberto Zanetti,,Roberto Zanetti,,,,Roberto Zanetti,,Roberto Zanetti,Roberto Zanetti,Roberto Zanetti,Roberto Zanetti,Roberto Zanetti,Roberto Zanetti,Roberto Zanetti,Roberto Zanetti,Roberto Zanetti,Roberto Zanetti,Roberto Zanetti,Roberto Zanetti,Roberto Zanetti,Roberto Zanetti,Roberto Zanetti,Roberto Zanetti,Roberto Zanetti,Roberto Zanetti,Roberto Zanetti,Roberto Zanetti,Roberto Zanetti,Roberto Zanetti,Roberto Zanetti,Roberto Zanetti,Roberto Zanetti,Roberto Zanetti,Roberto Zanetti,Roberto Zanetti,Roberto Zanetti,Roberto Zanetti,Roberto Zanetti,Roberto Zanetti,Roberto Zanetti,Roberto Zanetti,Roberto Zanetti,Roberto Zanetti,Roberto Zanetti,Roberto Zanetti,Roberto Zanetti,Roberto Zanetti,Roberto Zanetti,Roberto Zanetti,Roberto Zanetti,Roberto Zanetti,Roberto Zanetti,,,,,,,,,,,,,,,,,,,,,,,,,,,
Q690192,Giuliano Bignasca,Giuliano Bignasca,Giuliano Bignasca,Giuliano Bignasca,,male,,314864776,,,1945-04-10,,Giuliano,,279,,,,,,,2013-03-07,Giuliano Bignasca,Giuliano Bignasca,Giuliano Bignasca,,,,,,,,,,,,,,,,,,Giuliano Bignasca,Iulianus Bignasca,,Giuliano Bignasca,Giuliano Bignasca,Giuliano Bignasca,,,Giuliano Bignasca,Giuliano Bignasca,Giuliano Bignasca,,,,,,,,,,,,,,,,Giuliano Bignasca,,Iulianus Bignasca,,,,,,,,,,,,,,,,,,,,,,,,,,,,,,,,,,,,,,,,,,,,,,,,,,,,,,,,,,,,,,,,,,,,,,,,,,,,,,,,,,,,,Giuliano Bignasca,Giuliano Bignasca,,,,,
Q118321,Anita Fetz,Anita Fetz,Anita Fetz,Anita Fetz,https://upload.wikimedia.org/wikipedia/commons/0/0d/Anita_Fetz_(2007).jpg,female,,54751912,,n86067572,1957-03-19,,Anita,,466,,http://www.fetz.ch,,,,,,Anita Fetz,Anita Fetz,,,,,,,,,,,,,,,,,Anita Fetz,,Anita Fetz,Anita Fetz,,Anita Fetz,Anita Fetz,Anita Fetz,,,Anita Fetz,Anita Fetz,Anita Fetz,,,,,,,,,,,,,,,,,,Anita Fetz,,,,,,,,,,,,,,,,,,,,,,,,,,,,,,,,,,,,,,,,,,,,,,,,,,,,,,,,,,,,,,,,,,,,,,,,,,,,,,,,,,,,,,,,,,,
Q119029,Simon Epiney,Simon Epiney,Simon Epiney,Simon Epiney,https://upload.wikimedia.org/wikipedia/commons/c/c0/Simon_Epiney.jpg,male,,,,,1950-02-12,,Simon,,72,,,,,,,,Simon Epiney,Simon Epiney,,,,,,,,,,,,,,,,,,,Simon Epiney,,,Simon Epiney,Simon Epiney,Simon Epiney,,,Simon Epiney,Simon Epiney,Simon Epiney,,,,,,,,,,,,,,,,,,,,,,,,,,,,,,,,,,,,,,,,,,,,,,,,,,,,,,,,,,,,,,,,,,,,,,,,,,,,,,,,,,,,,,,,,,,,,,,,,,,,,,,,,,,,,
Q118808,Christiane Brunner,Christiane Brunner,Christiane Brunner,Christiane Brunner,https://upload.wikimedia.org/wikipedia/commons/d/d3/Christiane_Brunner.jpg,female,,17962029,115862277,n90650545,1947-03-23,/m/0c8vvb,Christiane,,30,,,Brunner,,,,,Christiane Brunner,Christiane Brunner (SP),Christiane Brunner,00000023480,,,,,,,,,,,,,,,Christiane Brunner,,Christiane Brunner,,,Christiane Brunner,Christiane Brunner,Christiane Brunner,,,Christiane Brunner,Christiane Brunner,Christiane Brunner,Christiane Brunner,,,,,,,,,,,,,,,,,,,,,,,,,,,,,,,Christiane Brunner,,,,,,,,,,,,,,,,,,,,,,,,,,,,,,,,,,,,,,,,,,,,,,,,,,,,,,,,,,,,,,,,,,,,,,,,,,,,,
Q1065795,Charles Poncet,Charles Poncet,Charles Poncet,Charles Poncet,,male,,41870962,,,1946-12-31,,Charles,,,12110444j,,,,,,,Charles Poncet,Charles Poncet,,,029487382,,,,,,,,,,,,,,,,Charles Poncet,,,Charles Poncet,,Charles Poncet,,,Charles Poncet,Charles Poncet,Charles Poncet,,,,,,,,,,,,,,,,,,,,,,,,,,,,,,,,,,,,,,,,,,,,,,,,,,,,,,,,,,,,,,,,,,,,,,,,,,,,,,,,,,,,,,,,,,,,,,,,,,,,,,,,,,,,,
