id,name,sort_name,email,twitter,facebook,group,group_id,area_id,area,chamber,term,start_date,end_date,image,gender
497778df-eee8-4d40-9869-d60c2a0cca46,Alfred GHIRO,"Ghiro, Hon. Alfred",,,,Democratic Alliance Party,democratic_alliance_party,area/east_makira,East Makira,National Parliament,10,,,http://www.parliament.gov.sb/memberfiles/10th_Parliament/memberpics/Hon_Alfred_Ghiro.JPG,male
58f00bb9-1bb0-4a0c-80f5-a2f55a15cc57,Andrew MANEPORA'A,"Manepora’a, Hon Andrew",,,,Kadare Party of Solomon Islands,kadare_party_of_solomon_islands,area/east_are_are,East Are Are,National Parliament,10,,,http://www.parliament.gov.sb/memberfiles/9th_Parliament/memberpics/Hon.%20Andrew%20Manepora'a.jpg,
ef6cb7f9-3d12-4885-aa62-20d2a149106e,Bartholomew PARAPOLO,"Parapolo, Hon. Bartholomew",,,,Independent,independent,area/ngella,Ngella,National Parliament,10,,,http://www.parliament.gov.sb/memberfiles/10th_Parliament/memberpics/Hon_Bartholomew_Parapolo.jpg,
ff2e0d7d-a5fe-4beb-817e-7aeda67917e5,Bradley TOVOSIA,"Tovosia, Hon. Bradley",,,,Independent,independent,area/east_guadalcanal,East Guadalcanal,National Parliament,10,,,http://www.parliament.gov.sb/memberfiles/10th_Parliament/memberpics%5CHon_Bradley_Tovosia.jpg,male
ea638737-1e48-47de-8acf-b6f30e96592b,Charles SIGOTO,"Sigoto, Hon. Charles",,,,Independent,independent,area/rannogga/simbo,Rannogga/Simbo,National Parliament,10,,,http://www.parliament.gov.sb/memberfiles/9th_Parliament/memberpics/Hon.%20Charles%20Sigoto.jpg,male
59fa0361-139b-442e-a93c-2b848edb1410,Christopher LAORE,"Laore, Hon. Christopher",,,,Independent,independent,area/shortlands,Shortlands,National Parliament,10,,,http://www.parliament.gov.sb/memberfiles/9th_Parliament/memberpics/Hon.%20Christopher%20Laore.jpg,
edee3a31-19a1-4976-bd2a-9b2f20a09b0a,Commins Aston MEWA,"Mewa, Hon. Commins Aston",,,,Independent,independent,area/temotu_nende,Temotu Nende,National Parliament,10,,,http://www.parliament.gov.sb/memberfiles/9th_Parliament/memberpics/Hon.%20Commins%20Aston%20Mewa.jpg,male
1dca87de-2976-4ae6-bcd8-450df449b4d0,Connelly Matthew SANDAKABATU,"Sadakabatu, Hon. Connelly Mathew",,,,Democratic Alliance Party,democratic_alliance_party,area/north_west_choiseul,North West Choiseul,National Parliament,10,,,http://www.parliament.gov.sb/memberfiles/9th_Parliament/memberpics/Hon.%20Connelly%20Sandakabatu.jpg,
6455a9a4-a732-4aa8-85ac-73a480c98348,Culwick TOGAMANA,"Togamana, Hon. Dr. Culwick",,,,Independent,independent,area/maringe/kokota,Maringe/Kokota,National Parliament,10,,,http://www.parliament.gov.sb/memberfiles/10th_Parliament/memberpics/Hon_Dr%20Calwick_Togamana.JPG,
57bee211-b367-4a39-af87-f7ae39abd7cb,Danny Phillip,"Philip, Hon. Danny",,,,United Democratic Party,united_democratic_party,area/south_new_georgia_r_&t,South New Georgia R &T,National Parliament,10,,,http://www.parliament.gov.sb/memberfiles/9th_Parliament/memberpics/Hon.%20Danny%20Philip.jpg,male
b0c1821e-84e6-46d8-83c2-4e86ddf2171d,David Tome WANESIOFA,"Tome, Hon. David Wanesiofa",,,,Independent,independent,area/baegu/asifola,Baegu/Asifola,National Parliament,10,,,http://www.parliament.gov.sb/memberfiles/9th_Parliament/memberpics%5CHon.%20David%20Tome.jpg,
8ba895c2-3fe8-4fd9-bb10-80a7c4beaf47,David day PACHA,"Pacha, Hon. David Day",,,,Independent,independent,area/south_guadalcanal,South Guadalcanal,National Parliament,10,,,http://www.parliament.gov.sb/memberfiles/memberpics/pacha.jpg,male
22ea25ff-c1f4-4899-9aeb-f77eedc40c7c,Derek Rawcliff MANU'ARI,"Manu’ari, Hon. Derick Rawcliff",,,,Solomon Islands People First Party,solomon_islands_people_first_party,area/west_makira,West Makira,National Parliament,10,,,http://www.parliament.gov.sb/memberfiles/10th_Parliament/memberpics%5CHon_Derrick_Manuari.JPG,
dc97fb4e-9248-4e79-81e2-1095437863e2,Derek SIKUA,"Sikua, Hon. Dr. Derek",,,,Independent,independent,area/north_east_guadalcanal,North East Guadalcanal,National Parliament,10,,,http://www.parliament.gov.sb/memberfiles/9th_Parliament/memberpics/Hon.%20Dr.%20Derek%20Sikua.JPG,male
72fa50c6-357c-411a-82c5-98514e6c884b,Dettke Horst Heinz BODO,"Dettke, Hon. Horst Heinz Bodo",,,,Independent,independent,area/north_west_guadalcanal,North West Guadalcanal,National Parliament,10,,,http://www.parliament.gov.sb/memberfiles/9th_Parliament/memberpics/Hon.%20Bodo%20Dettke.jpg,male
3b3855de-98bc-4668-88cb-78949927a00f,Dickson Mua PANAKITASI,"Panakitasi, Hon. Dickson Mua",,,,Independent,independent,area/russells_and_savo,Russells and Savo,National Parliament,10,,,http://www.parliament.gov.sb/memberfiles/9th_Parliament/memberpics/Hon.%20Dickson%20Mua.jpg,male
9e2d4c30-8abf-44fe-918e-2927d5bb13b2,Douglas ETE,"Ete, Hon. Douglas",,,,Independent,independent,area/east_honiara,East Honiara,National Parliament,10,,,http://www.parliament.gov.sb/memberfiles/10th_Parliament/memberpics/Hon_Douglas_Ete.JPG,male
1eb5f7cc-21e8-49df-8e02-16087bd51ca5,Dudley KOPU,"Kopu, Hon. Duddley",,,,Independent,independent,area/temotu_pele,Temotu Pele,National Parliament,10,,,http://www.parliament.gov.sb/memberfiles/10th_Parliament/memberpics/Hon.%20Duddley%20Kopu.JPG,
df19b493-385c-43f8-b6d7-524715df4d72,Elijah Doro MUALA,"Muala, Hon. Elijah Doro",,,,Independent,independent,area/south_choiseul,South Choiseul,National Parliament,10,,,http://www.parliament.gov.sb/memberfiles/9th_Parliament/memberpics/Hon.%20Elijah%20Doro%20Muala.jpg,male
c43c5454-d3f3-4cc6-94ca-2d23d6e66ecc,FredaAB Tuki Soria COMUA,"Soriacomua, Hon. Freda A.B. Tuki",,,,People's Alliance Party,people's_alliance_party,area/temotu_vatud,Temotu Vatud,National Parliament,10,,,http://www.parliament.gov.sb/memberfiles/10th_Parliament/memberpics/Hon_FredaTuki_Soriocomua.JPG,
28870b0e-2dc6-4978-acde-6d41b5fc09a8,Ishmael Mali AVUI,"Avui, Hon. Ishmael Mali",,,,United Democratic Party,united_democratic_party,area/east_central_guadalcanal,East Central Guadalcanal,National Parliament,10,,,http://www.parliament.gov.sb/memberfiles/10th_Parliament/memberpics/Hon_Ismael_Avui.jpg,
5e9b7fce-343b-4870-b0f7-83d4abd0158a,Jackson FIULAUA,"Fiulaua, Hon. Jackson",,,,Independent,independent,area/central_kwara'ae,Central Kwara'ae,National Parliament,10,,,http://www.parliament.gov.sb/memberfiles/10th_Parliament/memberpics/Hon_Jackson_Fiulaua.JPG,male
e390d1d1-ab91-430a-a8f0-98e8443ba39f,Jeremiah MANELE,"Manele, Hon. Jeremiah",,,,Democratic Alliance Party,democratic_alliance_party,area/hograno/kia/havulei,Hograno/Kia/Havulei,National Parliament,10,,,http://www.parliament.gov.sb/memberfiles/10th_Parliament/memberpics/Hon.%20Jeremiah%20Manele.jpg,
0b66ee8b-a00a-424f-b6ee-b50f893f7921,Jimmy LUSIBAEA,"Lusibaea, Hon. Jimmy",,,,Independent,independent,area/north_malaita,North Malaita,National Parliament,10,,,http://www.parliament.gov.sb/memberfiles/10th_Parliament/memberpics/Hon.%20Jimmy%20Lusibaea.jpg,
9f1d0b1d-2706-49f0-b8f7-8b63005404ee,Jimson Fiau TANANGADA,"Tanangada, Hon. Jimson Fiau",,,,United Democratic Party,united_democratic_party,area/gizo/kolombangara,Gizo/Kolombangara,National Parliament,10,,,http://www.parliament.gov.sb/memberfiles/10th_Parliament/memberpics/Hon_Jimson_Fiau%20Tanangada.jpg,
65348c4e-46b8-4c9c-b188-171ca36c50f3,John Dean KUKU,"Kuku, Hon. John Dean",,,,Independent,independent,area/north_new_georgia,North New Georgia,National Parliament,10,,,http://www.parliament.gov.sb/memberfiles/10th_Parliament/memberpics/Hon_John_Dean_Kuku.JPG,
a49f504e-4e6e-4fbb-ad0f-c39c4368b169,John MANENIARU,"Maneniaru, Hon. John",,,,Independent,independent,area/west_are_are,West Are Are,National Parliament,10,,,http://www.parliament.gov.sb/memberfiles/9th_Parliament/memberpics/Hon.%20John%20Mane.jpg,
6d9dfb0f-7700-43cc-a8b1-078116d86604,John Moffat FUGUI,"Fugui, Hon. John Moffat",,,,Independent,independent,area/central_honiara,Central Honiara,National Parliament,10,,,http://www.parliament.gov.sb/memberfiles/10th_Parliament/memberpics/Hon_Moffat_Fugui.JPG,male
b40b3b27-205d-46d5-958b-114aa58701d3,Maeue Augustine AGA,"Maeue, Hon. Augustine Auga",,,,Independent,independent,area/lau/mbaelelea,Lau/Mbaelelea,National Parliament,10,,,http://www.parliament.gov.sb/memberfiles/10th_Parliament/memberpics/Hon.%20Augustine%20Auga.JPG,
7491a8df-abe2-4376-af68-1e4d48038896,Manasseh Damukana SOGAVARE,"Sogavare, Hon. Manasseh Damukana",,,,Independent,independent,area/east_choiseul,East Choiseul,National Parliament,10,,,http://www.parliament.gov.sb/memberfiles/9th_Parliament/memberpics/Hon.%20Manasseh%20Sogavare.JPG,male
5ba2c2c5-ce9e-4570-ab03-3b381c448f60,Manasseh MAELANGA,"Maelanga, Hon. Manasseh",,,,Independent,independent,area/east_malaita,East Malaita,National Parliament,10,,,http://www.parliament.gov.sb/memberfiles/9th_Parliament/memberpics/Hon.%20Manasseh%20Maelanga.jpg,male
3d13c6b9-0e4a-4559-b6ee-aa8851ca3283,Martin KEALOE,"Kealoe, Hon. Martin",,,,Independent,independent,area/malaita_outer_islands,Malaita Outer Islands,National Parliament,10,,,http://www.parliament.gov.sb/memberfiles/9th_Parliament/memberpics/Hon.%20Martin%20Kealoe.jpg,
6b954a06-5d4b-413c-9faf-14dd6088f1d2,Matthew C WALE,"Wale, Hon. Matthew C.",,,,Independent,independent,area/aoke_langalanga,Aoke Langalanga,National Parliament,10,,,http://www.parliament.gov.sb/memberfiles/10th_Parliament/memberpics%5CHon_Matthew_C_Wale.jpg,male
d86150c3-6129-42e7-9e4a-219b6f2f8efd,Milner TOZAKA,"Tozaka, Hon. Milner",,,,People's Alliance Party,people's_alliance_party,area/north_vella_la_vella,North Vella La Vella,National Parliament,10,,,http://www.parliament.gov.sb/memberfiles/10th_Parliament/memberpics%5CHon_Milner_Tozaka.JPG,male
f472cc30-8acb-4da1-8ba6-33d09d6bca53,Moses GARU,"Garu, Hon. Moses",,,,Democratic Alliance Party,democratic_alliance_party,area/west_guadalcanal,West Guadalcanal,National Parliament,10,,,http://www.parliament.gov.sb/memberfiles/10th_Parliament/memberpics/Hon_Moses_Garu.JPG,male
443cfebe-692f-4748-a0b5-0a63e312a08d,Namson TRAN,"Tran, Hon. Namson",,,,Independent,independent,area/west_honiara,West Honiara,National Parliament,10,,,http://www.parliament.gov.sb/memberfiles/10th_Parliament/memberpics%5CHon_Namson_Tran.jpg,male
1250f7bf-08be-49c2-8091-983832cbd5e0,Nestor GIRO,"Giro, Hon. Nestor",,,,Independent,independent,area/central_makira,Central Makira,National Parliament,10,,,http://www.parliament.gov.sb/memberfiles/10th_Parliament/memberpics/Hon_Nesto_Ghiro.JPG,
ad43cf2d-63d6-4552-b523-8a8a943ec72f,Peter Shanel AGOVAKA,"Agovaka, Hon. Peter Shanel",,,,Independent,independent,area/central_guadalcanal,Central Guadalcanal,National Parliament,10,,,http://www.parliament.gov.sb/memberfiles/10th_Parliament/memberpics/Hon_Peter_Shanel_Agovaka.JPG,male
b09769a7-f6c2-4a10-b193-d3e7b14564bb,Peter TOM,"Tom, Hon. Peter",,,,Democratic Alliance Party,democratic_alliance_party,area/west_kwaio,West Kwaio,National Parliament,10,,,http://www.parliament.gov.sb/memberfiles/memberpics/tom.jpg,male
44f27988-e7e5-4859-a4d1-e4bb3b30866e,Qora Alex LIONAL,"Qora, Hon. Lionel Alex",,,,Independent,independent,area/south_vella_la_vella,South Vella La Vella,National Parliament,10,,,http://www.parliament.gov.sb/memberfiles/9th_Parliament/memberpics/Hon.%20Lionel%20Alex.jpg,male
7f0b8bfa-9f48-4baa-a8b3-4683c83b95a4,Rick Nelson HOUENIPWELA,"Houenipwela, Hon. Rick Nelson",,,,Democratic Alliance Party,democratic_alliance_party,area/small_malaita,Small Malaita,National Parliament,10,,,http://www.parliament.gov.sb/memberfiles/10th_Parliament/memberpics/Hon_Rick_Houenipwela.JPG,male
3704d7dd-4f87-486d-9c20-66de212a2a40,Sam Shemuel IDURI,"Iduri, Hon. Sam Shemuel",,,,Democratic Alliance Party,democratic_alliance_party,area/west_kwara'ae,West Kwara'ae,National Parliament,10,,,http://www.parliament.gov.sb/memberfiles/9th_Parliament/memberpics/Hon.%20ShemuelSam%20Iduri.jpg,male
99b95ddf-33f5-476f-8ea3-75e1b0a1b76a,Sameul MANETOALI,"Manetoali, Hon. Samuel",,,,Independent,independent,area/gao/bogotu,Gao/Bogotu,National Parliament,10,,,http://www.parliament.gov.sb/memberfiles/10th_Parliament/memberpics/Hon_Samuel_Manetoali.JPG,male
ce55d51d-2cc3-47d8-b8dc-9ca8811b0732,Samson MANEKA,"Maneka, Hon. Samson",,,,United Democratic Party,united_democratic_party,area/north_guadalcanal,North Guadalcanal,National Parliament,10,,,http://www.parliament.gov.sb/memberfiles/10th_Parliament/memberpics/Hon.%20Sam%20Maneka.JPG,
cccb0dbe-31d3-43a3-a60f-2d50870e5c63,Silas Kerry Vaqara TAUSINGA,"Tausinga, Hon. Silas Kerry Vaqara",,,,Solomon Islands Party for Rural Advancement,solomon_islands_party_for_rural_advancement,area/west_new_georgia_-_vona_vona,West New Georgia - Vona Vona,National Parliament,10,,,http://www.parliament.gov.sb/memberfiles/9th_Parliament/memberpics/Hon.%20Silas%20Tausinga.JPG,male
d4bc8672-b9d3-4e63-ab06-300f2688d7a9,Snyder RINI,"Rini, Hon. Snyder",,,,Independent,independent,area/marovo,Marovo,National Parliament,10,,,http://www.parliament.gov.sb/memberfiles%5Cmemberpics%5Crini.jpg,male
b20cffc3-5083-4c36-8e8c-d892ced25caf,Stanley Festus SOFU,"Sofu, Hon. Stanley Festus",,,,Independent,independent,area/east_kwaio,East Kwaio,National Parliament,10,,,http://www.parliament.gov.sb/memberfiles/memberpics/sofu.jpg,male
cda8f798-b82b-493c-8c7e-8c0ec8bb97b0,Steve ABANA,"Abana, Hon. Steve William",,,,Independent,independent,area/fataleka,Fataleka,National Parliament,10,,,http://www.parliament.gov.sb/memberfiles/10th_Parliament/memberpics/Hon_Steve_Abana.jpg,male
e2c77a7f-d159-47f2-afae-0bac54322c88,Tautai Agikimua KAITU'U,"Kaitu’u, Hon. Dr. Tautai Angikimua",,,,United Democratic Party,united_democratic_party,area/rennell-bellona,Rennell-Bellona,National Parliament,10,,,http://www.parliament.gov.sb/memberfiles/10th_Parliament/memberpics/Hon.%20Dr.%20Tautai%20Angikimua%20Kaitu%E2%80%99u.jpg,
92a329b3-d116-46d2-ab64-b47535541264,Willie Bradford MARAU,"Marau, Hon. William Bradford",,,,People's Alliance Party,people's_alliance_party,area/ulawa/ugi,Ulawa/Ugi,National Parliament,10,,,http://www.parliament.gov.sb/memberfiles/10th_Parliament/memberpics%5CHon_Willie_Bradford_Marau.JPG,
