id,name__en,name__zh,name__es,name__yue,name__de,name__fr,name,wikipedia__en,wikipedia__zh_yue,wikipedia__zh,image,gender,birth_date,given_name,name__en_ca,name__en_gb,name__ja,name__zh_hant,name__zh_hans,name__nl,name__zh_hk,name__zh_cn,name__zh_tw,name__vi,name__zh_mo,name__zh_my,name__zh_sg,wikipedia__ja,wikipedia__zhwikiquote,identifier__freebase,family_name,name__hak,wikipedia__hak,name__ca,name__oc,name__it,name__id,name__pl,wikipedia__fr,wikipedia__id,wikipedia__plwikiquote,identifier__VIAF,identifier__LCAuth,name__nb,wikipedia__commons,wikipedia__no,name__tr,name__ko,wikipedia__es,wikipedia__ko,wikipedia__tr,name__ar,wikipedia__ar,name__ru,facebook,wikipedia__enwikiquote
Q4669150,Abraham Razack,石禮謙,Abraham Razack,石禮謙,Abraham Razack,Abraham Razack,Abraham Razack,Abraham Shek,石禮謙,石禮謙,https://upload.wikimedia.org/wikipedia/commons/8/80/Abraham_Shek_2015.jpg,male,1945-06-24,Abraham,,,,,,,,,,,,,,,,,,,,,,,,,,,,,,,,,,,,,,,,,,
Q200518,Alan Leong,梁家傑,Alan Leong,梁家傑,Alan Leong,Alan Leong,Alan Leong,Alan Leong,梁家傑,梁家傑,https://upload.wikimedia.org/wikipedia/commons/a/a1/Alan_Leong_2015.jpg,male,1958-02-22,Alan,Alan Leong,Alan Leong,梁家傑,梁家傑,梁家杰,Alan Leong,梁家傑,梁家杰,梁家傑,Lương Gia Kiệt,梁家傑,梁家杰,梁家杰,梁家傑,梁家傑,/m/06jhky,Liang,,,,,,,,,,,,,,,,,,,,,,,,,
Q701670,Albert Chan,陳偉業,Albert Chan,陳偉業,Albert Chan,Albert Chan,Albert Chan,Albert Chan,陳偉業,陳偉業,"https://upload.wikimedia.org/wikipedia/commons/5/52/Albert_Chan_Wai_Yip,_23_Sept_07,_close.JPG",male,1955-03-03,Albert,,,,陳偉業,陈伟业,Albert Chan,陳偉業,,,,,,,,,,Chen,Tshṳ̀n Ví-ngia̍p,Tshṳ̀n Ví-ngia̍p,,,,,,,,,,,,,,,,,,,,,,,
Q23626,Albert Ho,何俊仁,Albert Ho,何俊仁,Albert Ho,Albert Ho,Albert Ho,Albert Ho,何俊仁,何俊仁,https://upload.wikimedia.org/wikipedia/commons/8/87/Albert_Ho_Chun_Yan.jpg,male,1951-12-01,Albert,Albert Ho,Albert Ho,,何俊仁,何俊仁,Albert Ho,何俊仁,何俊仁,何俊仁,,,,,,,,He,,,Albert Ho,Albert Ho,Albert Ho,Albert Ho,Albert Ho,Albert Ho,Albert Ho,Albert Ho,299629988,no2013047727,,,,,,,,,,,,,
Q4757753,Andrew Leung,梁君彥,Andrew Leung,梁君彥,Andrew Leung,Andrew Leung,Andrew Leung,Andrew Leung,梁君彥,梁君彥,https://upload.wikimedia.org/wikipedia/commons/8/8d/Leung_Kwan-yuen_Andrew.JPG,male,1951-02-24,Andrew,,,,梁君彥,,Andrew Leung,梁君彥,,梁君彥,,梁君彥,,,,,,Liang,,,,,,,,,,,,,,,,,,,,,,,,,
Q5070323,Chan Kam-lam,陳鑑林,Chan Kam-lam,陳鑑林,,Chan Kam-lam,Chan Kam-lam,Chan Kam-lam,陳鑑林,陳鑑林,https://upload.wikimedia.org/wikipedia/commons/5/5f/Chan_Kam_Lam.jpg,male,1949-01-22,,,,,,,Chan Kam-lam,,,,,,,,,,,Chen,,,,,,,,,,,,,,,,,,,,,,,,,
Q5070327,Chan Kin-por,陳健波,Chan Kin-por,陳健波,,Chan Kin-por,Chan Kin-por,Chan Kin-por,陳健波,陳健波,,male,1954-01-01,,,,,,,Chan Kin-por,,,,,,,,,,,Chen,,,,,,,,,,,,,,,,,,,,,,,,,
Q5070393,Chan Yuen-han,陳婉嫻,Chan Yuen-han,陳婉嫻,,Chan Yuen-han,Chan Yuen-han,Chan Yuen-han,陳婉嫻,陳婉嫻,https://upload.wikimedia.org/wikipedia/commons/b/ba/Chan_Yuen_Han_FTU_20070211_01.jpg,female,1946-11-15,,,,,陳婉嫻,陈婉娴,Chan Yuen-han,,,,,,,,,,,Chen,,,,,,,,,,,,,,,,,,,,,تشان يون هان,تشان يون هان,,,
Q5094254,Cheung Kwok-che,張國柱,Cheung Kwok-che,張國柱,,Cheung Kwok-che,Cheung Kwok-che,Cheung Kwok-che,張國柱,張國柱 (立法會議員),https://upload.wikimedia.org/wikipedia/commons/e/ed/Cheungkwokche.jpg,male,1951-11-08,,,,,,,Cheung Kwok-che,,,,,,,,,,,Zhang,,,,,,,,,,,,,,,,,,,,,,,,,
Q5129223,Claudia Mo,毛孟靜,Claudia Mo,,Claudia Mo,Claudia Mo,Claudia Mo,Claudia Mo,,毛孟靜,https://upload.wikimedia.org/wikipedia/commons/e/ed/Claudia_Mo_in_2011_Hong_Kong_Book_Fair.jpg,female,1957-01-18,Claudia,,,,,,Claudia Mo,,,,,,,,,,,Mao,,,,,,,,,,,,,,,,,,,,,,,,,
Q4275406,Cyd Ho,何秀蘭,Cyd Ho,何秀蘭,Cyd Ho,Cyd Ho,Cyd Ho,Cyd Ho,何秀蘭,何秀蘭,https://upload.wikimedia.org/wikipedia/commons/1/15/Cyd_Ho_at_January_2013_protest_(cropped).jpg,female,1954-07-24,,Cyd Ho,Cyd Ho,,何秀蘭,何秀兰,Cyd Ho,何秀蘭,何秀兰,何秀蘭,,何秀蘭,何秀兰,何秀兰,,,,He,,,,,,,,,,,,,,,,,,,,,,,,,
Q698557,Emily Lau,劉慧卿,Emily Lau,劉慧卿,Emily Lau,Emily Lau,Emily Lau,Emily Lau,劉慧卿,劉慧卿,https://upload.wikimedia.org/wikipedia/commons/b/b7/Emily_Lau_Wai_Hing_2010.jpg,female,1952-01-21,Emily,,,,劉慧卿,刘慧卿,Emily Lau,劉慧卿,刘慧卿,劉慧卿,,劉慧卿,刘慧卿,刘慧卿,,,,Liu,,,,,,,,,,,101574874,,Emily Lau,Category:Emily Lau,Emily Lau,,,,,,,,,,
Q5491095,Frankie Yick,易志明,,,Frankie Yick,Frankie Yick,Frankie Yick,Frankie Yick,,易志明,https://upload.wikimedia.org/wikipedia/commons/5/5b/Frankie_Yick_2015.jpg,male,1954-01-01,Frankie,,,,,,,,,,,,,,,,,,,,,,,,,,,,,,,,,,,,,,,,,,
Q200501,Frederick Fung,馮檢基,Frederick Fung,馮檢基,Frederick Fung,Frederick Fung,Frederick Fung,Frederick Fung,馮檢基,馮檢基,https://upload.wikimedia.org/wikipedia/commons/c/cf/Frederick_Fung_at_Alliance_for_True_Democracy.jpg,male,1953-03-17,Frederick,Frederick Fung,Frederick Fung,,馮檢基,冯检基,Frederick Fung,馮檢基,冯检基,馮檢基,,馮檢基,冯检基,冯检基,,,,Fung,,,,,,,,,,,,,,,,,,,,,,,,,
Q4254145,Gary Fan,范國威,Gary Fan,范國威,Gary Fan,Gary Fan,Gary Fan,Gary Fan,,范國威,https://upload.wikimedia.org/wikipedia/commons/4/44/Gary_Fan_Kwok-wai.jpg,male,1966-10-30,Gary,Gary Fan,Gary Fan,,,,Gary Fan,,,,,,,,,,,Fan,,,,,,,,,,,,,,,,,,,,,,,,,
Q3051666,Ip Kwok-him,葉國謙,Ip Kwok-him,葉國謙,,Ip Kwok-him,Ip Kwok-him,Ip Kwok-him,葉國謙,葉國謙,https://upload.wikimedia.org/wikipedia/commons/5/52/Ip_Kwok_Him.jpg,male,1951-11-08,,Ip Kwok-him,Ip Kwok-him,,葉國謙,,Ip Kwok-him,,,,,,,,,,,,,,,,,,,,,,,,,,,,,,,,,,,,
Q4368021,James Tien,田北俊,James Tien,田北俊,James Tien,James Tien,James Tien,James Tien (politician),田北俊,田北俊,https://upload.wikimedia.org/wikipedia/commons/c/c2/James_Tien.jpg,male,1947-01-08,James,James Tien,James Tien,,田北俊,田北俊,James Tien,田北俊,田北俊,田北俊,,田北俊,田北俊,田北俊,,,,,,,,,,,,,,,,,,,,,,,,,,,Джеймс Тьен,,
Q6144316,James To,涂謹申,James To,涂謹申,James To,James To,James To,James To,涂謹申,涂謹申,https://upload.wikimedia.org/wikipedia/commons/0/0c/James_TO_Kun-sun_201201.JPG,male,1963-03-11,James,,,,涂謹申,涂谨申,James To,涂謹申,涂谨申,涂謹申,,涂謹申,涂谨申,涂谨申,,,,,,,,,,,,,,,,,,,,,,,,,,,,,
Q6176119,Jeffrey Lam,林健鋒,Jeffrey Lam,林健鋒,Jeffrey Lam,Jeffrey Lam,Jeffrey Lam,Jeffrey Lam,林健鋒,林健鋒,https://upload.wikimedia.org/wikipedia/commons/0/01/Lam_Kin-fung_Jeffrey.JPG,male,1951-10-23,Jeffrey,,,,,,Jeffrey Lam,,,,,,,,,,,Lin,,,,,,,,,,,,,,,,,,,,,,,,,
Q6284882,Joseph Lee,李國麟,Joseph Lee,李國麟 (議員),Joseph Lee,Joseph Lee,Joseph Lee,Joseph Lee (Hong Kong politician),李國麟 (議員),李國麟 (議員),https://upload.wikimedia.org/wikipedia/commons/8/81/HK_Sai_Ying_Pun_Centre_Street_pink_banner_Joseph_Lee_Kok-long_Aug-2012.JPG,male,1959-08-14,Joseph,,,,,,,,,,,,,,,,,,,,,,,,,,,,,,,,,,,,,,,,Джозеф Ли,,
Q704032,Lam Tai-fai,林大輝,Lam Tai-fai,林大輝,,Lam Tai-fai,Lam Tai-fai,Lam Tai-fai,林大輝,林大輝,,male,1959-01-01,,,,林大輝,林大輝,林大辉,Lam Tai-fai,林大輝,,,,,,,林大輝,,,Lin,,,,,,,,,,,,,,,,,,,,,,,,,
Q6497659,Lau Wong-fat,劉皇發,Lau Wong-fat,劉皇發,,Lau Wong-fat,Lau Wong-fat,Lau Wong-fat,劉皇發,劉皇發,https://upload.wikimedia.org/wikipedia/commons/1/1b/Lau_Wong-fat_at_Victoria_Park_20100619.jpg,male,1936-10-15,,,,,,,Lau Wong-fat,,,,,,,,,,,Liu,,,,,,,,,,,,,,Category:Lau Wong Fat,,,,,,,,,,,
Q23641,Lee Cheuk-yan,李卓人,Lee Cheuk-yan,李卓人,Lee Cheuk-yan,Lee Cheuk-yan,Lee Cheuk-yan,Lee Cheuk-yan,李卓人,李卓人,https://upload.wikimedia.org/wikipedia/commons/0/00/Lee_Cheuk_Yan_at_Alliance_for_True_Democracy.jpg,male,1957-02-12,,Lee Cheuk-yan,Lee Cheuk-yan,,李卓人,李卓人,Lee Cheuk-yan,李卓人,李卓人,李卓人,,李卓人,李卓人,李卓人,,,,,,,,,Lee Cheuk-yan,,,,,,,,,,,,,,,,,,,,
Q6534575,Leung Ka-lau,梁家騮,Leung Ka-lau,梁家騮,,Leung Ka-lau,Leung Ka-lau,Leung Ka-lau,梁家騮,梁家騮,,male,1962-01-01,,,,,,,,,,,,,,,,,,Liang,,,,,,,,,,,,,,,,,,,,,,,,,
Q712854,Leung Kwok-hung,梁國雄,Leung Kwok-hung,梁國雄,,Leung Kwok-Hung,Leung Kwok-hung,Leung Kwok-hung,梁國雄,梁國雄,https://upload.wikimedia.org/wikipedia/commons/4/42/長毛梁國雄.JPG,male,1956-03-27,,Leung Kwok-hung,Leung Kwok-hung,,梁國雄,梁国雄,,梁國雄,梁国雄,梁國雄,,,,,,梁國雄,/m/03v68s,Liang,Liòng Kuet-hiùng,Liòng Kuet-hiùng,,,,,,Leung Kwok-Hung,,,170748208,,,Leung Kwok-hung,,Leung Kwok-hung,양국웅,Leung Kwok-hung,양국웅,Leung Kwok-hung,,,,,
Q6534595,Leung Yiu-chung,梁耀忠,Leung Yiu-chung,梁耀忠,,Leung Yiu-chung,Leung Yiu-chung,Leung Yiu-chung,梁耀忠,梁耀忠,,male,1953-05-19,,,,,,,,,,,,,,,,,,Liang,,,,,,,,,,,,,,,,,,,,,,,,,
Q6720732,Ma Fung-kwok,馬逢國,Ma Fung-kwok,馬逢國,,Ma Fung-kwok,Ma Fung-kwok,Ma Fung-kwok,馬逢國,馬逢國,,male,1955-07-22,,,,,,,,,,,,,,,,,,Ma,,,,,,,,,,,,,,,,,,,,,,,,,
Q80332,Michael Tien,田北辰,Michael Tien,田北辰,Michael Tien Puk-sun,Michael Tien,Michael Tien,Michael Tien,田北辰,田北辰,https://upload.wikimedia.org/wikipedia/commons/8/86/Michael_Tien_Puk_Sun.jpg,male,1950-01-01,Michael,,,,田北辰,田北辰,,田北辰,田北辰,田北辰,,田北辰,田北辰,田北辰,,,,,,,,,,,,,,,,,,,,,,,,,,,,,
Q1522364,Ng Leung-sing,吳亮星,Ng Leung-sing,吳亮星,,Ng Leung-sing,Ng Leung-sing,Ng Leung-sing,吳亮星,吳亮星,,male,1949-07-11,,,,,吳亮星,吴亮星,Ng Leung-sing,吳亮星,,,,,,,,,,,,,,,,,,,,,,,,,,,,,,,,,,,
Q3479098,Paul Tse,謝偉俊,Paul Tse,謝偉俊,Paul Tse,Paul Tse,Paul Tse,Paul Tse,謝偉俊,謝偉俊,,male,1959-01-21,Paul,Paul Tse,Paul Tse,,,,Paul Tse,,,,,,,,,,,,,,,,,,,,,,,,,Category:Paul Tse,,,,,,,,,,,
Q7245609,Priscilla Leung,梁美芬,Priscilla Leung,梁美芬,Priscilla Leung,Priscilla Leung,Priscilla Leung,Priscilla Leung,梁美芬,梁美芬,https://upload.wikimedia.org/wikipedia/commons/6/6b/Priscilla_Leung_Mei_Fun.jpg,female,1961-11-18,Priscilla,,,,梁美芬,梁美芬,,梁美芬,梁美芬,梁美芬,,梁美芬,梁美芬,梁美芬,,,,Liang,,,,,,,,,,,,,,,,,,,,,,,,,
Q50835,Regina Ip,葉劉淑儀,Regina Ip,葉劉淑儀,Regina Ip,Regina Ip,Regina Ip,Regina Ip,葉劉淑儀,葉劉淑儀,https://upload.wikimedia.org/wikipedia/commons/0/00/Regina_Ip_at_VP_New_Year_Fair_2009.jpg,female,1950-08-24,Regina,Regina Ip,Regina Ip,,葉劉淑儀,叶刘淑仪,Regina Ip,葉劉淑儀,叶刘淑仪,葉劉淑儀,,葉劉淑儀,叶刘淑仪,叶刘淑仪,,,,Liu,,,,,Regina Ip,Regina Ip,,,Regina Ip,,31769504,no2007031666,,,,,,,,,,,,,
Q7930020,Ronny Tong,湯家驊,Ronny Tong,湯家驊,Ronny Tong,Ronny Tong,Ronny Tong,Ronny Tong,湯家驊,湯家驊,https://upload.wikimedia.org/wikipedia/commons/c/c6/Ronny_Tong_Enlarged.jpg,male,1950-08-28,Ronny,,,,湯家驊,汤家骅,Ronny Tong,湯家驊,汤家骅,湯家驊,,湯家驊,汤家骅,汤家骅,,,,Tang,,,,,,,,,,,,,,Category:Ronny Tong,,,,,,,,,,,
Q1548856,Starry Lee,李慧琼,Starry Lee,李慧琼,Starry Lee,Starry Lee,Starry Lee,Starry Lee,李慧琼,李慧琼,https://upload.wikimedia.org/wikipedia/commons/8/83/Starry_Lee_Wai_King.jpg,female,1974-03-13,,Starry Lee,Starry Lee,,李慧琼,,,李慧琼,,,,,,,,,,Li,,,,,,,,,,,,,,,,,,,,,,,,,
Q7680491,Tam Yiu-chung,譚耀宗,Tam Yiu-chung,譚耀宗,,Tam Yiu-chung,Tam Yiu-chung,Tam Yiu-chung,譚耀宗,譚耀宗,https://upload.wikimedia.org/wikipedia/commons/6/6f/Tam_Yau_Chung.jpg,male,1949-12-15,,,,,譚耀宗,,,,,,,,,,,,,,,,,,,,,,,,,,,,,,,,,,,,,,
Q7819303,Tommy Cheung,張宇人,Tommy Cheung,張宇人,Tommy Cheung,Tommy Cheung,Tommy Cheung,Tommy Cheung,張宇人,張宇人,https://upload.wikimedia.org/wikipedia/commons/a/aa/Tommy_Cheung_2015.jpg,male,1949-09-30,Tommy,,,,,,Tommy Cheung,,,,,,,,,,,Zhang,,,,,,,,,,,,,,,,,,,,,,,,,
Q8032000,Wong Kwok-hing,王國興,Wong Kwok-hing,王國興,,Wong Kwok-hing,Wong Kwok-hing,Wong Kwok-hing,王國興,王國興 (香港),https://upload.wikimedia.org/wikipedia/commons/2/2a/Wong_Kwok_Hing.jpg,male,1949-03-29,,,,,,,,,,,,,,,,,,Wang,,,,,,,,,,,,,,,,,,,,,,,,,
Q8032004,Wong Kwok-kin,黃國健,Wong Kwok-kin,黃國健,,Wong Kwok-kin,Wong Kwok-kin,Wong Kwok-kin,黃國健,黃國健,https://upload.wikimedia.org/wikipedia/commons/f/f5/Wong_Kwok-kin_2015.jpg,male,1952-05-01,,,,,,,,,,,,,,,,,,Huang,,,,,,,,,,,,,,Category:Wong Kwok-kin,,,,,,,,,,,
Q8032036,Wong Ting-kwong,黃定光,Wong Ting-kwong,黃定光,,Wong Ting-kwong,Wong Ting-kwong,Wong Ting-kwong,黃定光,黃定光,https://upload.wikimedia.org/wikipedia/commons/f/fc/Wong_Ting-kwong.JPG,male,1949-09-12,,,,,,,,,,,,,,,,,,Huang,,,,,,,,,,,,,,,,,,,,,,,,,
Q8038881,Wu Chi-wai,胡志偉,Wu Chi-wai,,,Wu Chi-wai,Wu Chi-wai,Wu Chi-wai,,胡志偉 (政治人物),https://upload.wikimedia.org/wikipedia/commons/c/c9/Wu_Chi_Wai.jpg,male,1962-10-18,,,,,胡志偉,胡志伟,,胡志偉,胡志伟,胡志偉,,,,,,,,Hu,,,,,,,,,,,,,,,,,,,,,,,,,
Q8053940,Yiu Si-wing,姚思榮,,,,,Yiu Si-wing,Yiu Si-wing,,姚思榮,,male,,,,,,,,,,,,,,,,,,,,,,,,,,,,,,,,,,,,,,,,,,,yiusiwing,
Q4885408,Ben Chan,陳恒鑌,Ben Chan,,Ben Chan,Ben Chan,Ben Chan,Ben Chan,,陳恒鑌,https://upload.wikimedia.org/wikipedia/commons/b/b4/Ben_Chan_2015.jpg,male,1975-01-01,Ben,,,,,,Ben Chan,,,,,,,,,,,Chen,,,,,,,,,,,,,,"Category:CHAN Han-pan, Ben",,,,,,,,,,,
Q5081014,Charles Mok,莫乃光,莫乃光,莫乃光,Charles Mok,Charles Mok,Charles Mok,Charles Mok,莫乃光,莫乃光,https://upload.wikimedia.org/wikipedia/commons/4/48/2007FoDC_Taipei_CharlesMok.jpg,male,1964-10-25,Charles,,,,莫乃光,莫乃光,Charles Mok,莫乃光,莫乃光,莫乃光,,莫乃光,莫乃光,莫乃光,,,,Mo,,,,,,,,,,,,,,,,,,,,,,,,,
Q5524836,Gary Chan,陳克勤,Gary Chan,陳克勤,Gary Chan,Gary Chan,Gary Chan,Gary Chan,陳克勤,陳克勤,https://upload.wikimedia.org/wikipedia/commons/d/d0/Gary_Chan_Hak-kan.JPG,male,1976-07-13,Gary,,,,,,Gary Chan,,,,,,,,,,,Chen,,,,,,,,,,,,,,,,,,,,,,,,,
Q163404,Tsang Yok-sing,曾鈺成,Jasper Tsang,曾鈺成,,Jasper Tsang,Tsang Yok-sing,Jasper Tsang Yok-sing,曾鈺成,曾鈺成,https://upload.wikimedia.org/wikipedia/commons/2/24/Tsang_Yok_Sing_Photo.JPG,male,1947-05-17,Jasper,Jasper Tsang,Jasper Tsang,,曾鈺成,曾钰成,Jasper Tsang,曾鈺成,曾钰成,曾鈺成,,,,,,,,,,,,,,Jasper Tsang Yok-sing,,,Jasper Tsang Yok-sing,,29436761,,,,,,,Jasper Tsang,,,,,,,
Q6389965,Kenneth Chan,陳家洛 (香港),Kenneth Chan,,Kenneth Chan,Kenneth Chan,Kenneth Chan,Kenneth Chan Ka-lok,,陳家洛 (香港),,male,1968-06-12,Kenneth,,,,,,Kenneth Chan,,,,,,,,,,,Chen,,,,,,,,,,,,,,"Category:Chan Ka Lok, Kenneth",,,,,,,,,Кеннет Чан,,
Q26668,Ray Chan,陳志全,Ray Chan,陳志全,Ray Chan,Ray Chan,Ray Chan,Raymond Chan Chi-chuen,陳志全,陳志全,https://upload.wikimedia.org/wikipedia/commons/0/08/陳志全.jpg,male,1972-04-16,Ray,Ray Chan,Ray Chan,,陳志全,陈志全,Ray Chan,陳志全,陈志全,陳志全,,陳志全,陈志全,陈志全,,,,Chen,,,,,Ray Chan,Raymond Chan Chi-chuen,,,Raymond Chan Chi-chuen,,,,,,,,,,,,راي تشان,راي تشان,,,
Q701707,Raymond Wong,黃毓民,Raymond Wong,黃毓民,Raymond Wong,Raymond Wong,Raymond Wong,Raymond Wong Yuk-man,黃毓民,黃毓民,https://upload.wikimedia.org/wikipedia/commons/a/a8/Wong_Yuk_Man.jpg,male,1951-10-01,Raymond,,,,黃毓民,黄毓民,Raymond Wong,黃毓民,,,,,,,,,,,Vòng Ngiuk-mìn,Vòng Ngiuk-mìn,,,,,,,,,,,,,,,,,,,,,Рэймонд Вонг,,
Q7614821,Steven Ho,何俊賢,Steven Ho,,,Steven Ho,Steven Ho,Steven Ho (politician),,何俊賢,https://upload.wikimedia.org/wikipedia/commons/0/07/Steven_Ho_2015.jpg,male,1979-01-01,Steven,,,,何俊賢,,,,,,,,,,,,,He,,,,,,,,,,,,,,,,,,,,,,,Стивен Хо,,
Q7931787,Vincent Fang,方剛,Vincent Fang,方剛 (議員),Vincent Fang,Vincent Fang,Vincent Fang,Vincent Fang (entrepreneur),方剛 (議員),方剛,https://upload.wikimedia.org/wikipedia/commons/f/ff/Vincent_Fang_2015.jpg,male,1943-05-07,Vincent,,,,,,Vincent Fang,,,,,,,,,,,,,,,,,,,,,,,,,,,,,,,,,,,,
Q5112099,Christopher Cheung,張華峯,Christopher Cheung,,Christopher Cheung,Christopher Cheung,Christopher Cheung,Christopher Cheung,,張華峰,https://upload.wikimedia.org/wikipedia/commons/c/ca/Christopher_Cheung_2015.jpg,male,1952-05-01,Christopher,,,,,,Christopher Cheung,,,,,,,,,,,,,,,,,,,,,,,,,,,,,,,,,,,,
Q5112105,Christopher Chung,鍾樹根,Christopher Chung,,Christopher Chung,Christopher Chung,Christopher Chung,Christopher Chung,,鍾樹根,https://upload.wikimedia.org/wikipedia/commons/b/b6/Christopher_Chung_Shu_Kun.jpg,male,1957-01-01,Christopher,,,,鍾樹根,,Christopher Chung,,,,,,,,,,,,,,,,,,,,,,,,,,,,,,,,,,,,
Q5258620,Dennis Kwok,郭榮鏗,Dennis Kwok,郭榮鏗,Dennis Kwok,Dennis Kwok,Dennis Kwok,Dennis Kwok,,郭榮鏗,https://upload.wikimedia.org/wikipedia/commons/3/35/Dennis_Kwok.jpg,male,1978-04-15,Dennis,,,,郭榮鏗,郭荣铿,,郭榮鏗,郭荣铿,郭榮鏗,,郭榮鏗,郭荣铿,郭荣铿,,,,Guo,,,,,,,,,,,,,,,,,,,,,,,,,
Q5363394,Elizabeth Quat,葛珮帆,Elizabeth Quat,葛珮帆,Elizabeth Quat,Elizabeth Quat,Elizabeth Quat,Elizabeth Quat,葛珮帆,葛珮帆,https://upload.wikimedia.org/wikipedia/commons/2/24/Elizabeth_Quat.JPG,female,1967-12-23,Elizabeth,,,,,,,,,,,,,,,,,,,,,,,,,,,,,,,,,,,,,,,,,,
Q5444657,Fernando Cheung,張超雄,Fernando Cheung,張超雄,Fernando Cheung,Fernando Cheung,Fernando Cheung,Fernando Cheung,張超雄,張超雄,https://upload.wikimedia.org/wikipedia/commons/3/3f/Fernando_Cheung_Chiu_Hung.jpg,male,1957-02-23,Fernando,,,,,,Fernando Cheung,,,,,,,,,,,Zhang,,,,,,,,,,,,,,,,,,,,,,,,,
Q6064839,Ip Kin-yuen,葉建源,Ip Kin-yuen,,,Ip Kin-yuen,Ip Kin-yuen,Ip Kin-yuen,,葉建源,,male,1961-01-01,,,,,,,,,,,,,,,,,,,,,,,,,,,,,,,,Category:Ip Kin-yuen,,,,,,,,,,,
Q6390376,Kenneth Leung,梁繼昌,Kenneth Leung,梁繼昌,Kenneth Leung,,Kenneth Leung,Kenneth Leung,梁繼昌,梁繼昌,,male,1962-01-01,Kenneth,,,,,,,,,,,,,,,,,Liang,,,,,,,,,,,,,,,,,,,,,,,,,
Q7930030,Kwok Ka-ki,郭家麒,Kwok Ka-ki,郭家麒,,Kwok Ka-ki,Kwok Ka-ki,Kwok Ka-ki,郭家麒,郭家麒,https://upload.wikimedia.org/wikipedia/commons/0/0a/Kwok_Ka-ki_(2).jpg,male,1961-07-20,,,,,郭家麒,郭家麒,Kwok Ka-ki,郭家麒,郭家麒,郭家麒,,郭家麒,郭家麒,郭家麒,,,,Guo,,,,,,,,,,,,,,Category:Kwok Ka-ki,,,,,,,,,,,
Q13642421,Kwok Wai-keung,郭偉強,,,,,Kwok Wai-keung,Kwok Wai-keung,,郭偉强,https://upload.wikimedia.org/wikipedia/commons/8/8a/KWOK_Wai_Keung_Photo.tiff,male,,,,,,,,,,,,,,,,,,,Guo,,,,,,,,,,,,,,,,,,,,,,,,,
Q6534559,Leung Che-cheung,梁志祥,Leung Che-cheung,,,Leung Che-cheung,Leung Che-cheung,Leung Che-cheung,,梁志祥,https://upload.wikimedia.org/wikipedia/commons/8/82/Leung_Che-cheung_2015.jpg,male,1957-01-01,,,,,,,,,,,,,,,,,,Liang,,,,,,,,,,,,,,,,,,,,,,,,,
Q12140214,Lo Wai-kwok,盧偉國,Lo Wai-kwok,,,,Lo Wai-kwok,Lo Wai-kwok,,盧偉國,https://upload.wikimedia.org/wikipedia/commons/2/21/Lo_Wai-kwok_2015.jpg,male,,,,,,,,,,,,,,,,,,,,,,,,,,,,,,,,,,,,,,,,,,,,
Q1522171,Martin Liao,廖長江,Martin Liao,廖長江,Martin Liao,Martin Liao,Martin Liao,Martin Liao,廖長江,廖長江,,male,1957-01-01,Martin,,,,廖長江,廖长江,,廖長江,,,,,,,,,,,,,,,,,,,,,,,,,,,,,,,,,,,
Q7228682,Poon Siu-ping,潘兆平,Poon Siu-ping,,,Poon Siu-ping,Poon Siu-ping,Poon Siu-ping,,潘兆平,,male,,,,,,,,,,,,,,,,,,,,,,,,,,,,,,,,,Category:Poon Siu-ping,,,,,,,,,,,
Q6465949,Sin Chung-kai,單仲偕,Sin Chung-kai,單仲偕,,Sin Chung-kai,Sin Chung-kai,Sin Chung-kai,單仲偕,單仲偕,https://upload.wikimedia.org/wikipedia/commons/3/38/Sin_Chung_Kai.JPG,male,1960-06-15,,Sin Chung-kai,Sin Chung-kai,,單仲偕,,,,,,,,,,,,,,,,,,,Sin Chung-kai,,,Sin Chung-kai,,,,,,,,,,,,,,,,
Q14476291,Tang Ka-piu,鄧家彪,Tang Ka-piu,,,,Tang Ka-piu,Tang Ka-piu,,鄧家彪,,male,,,,,,,,,,,,,,,,,,,Deng,,,,,,,,,,,,,,,,,,,,,,,,,
Q5541244,Tony Tse,謝偉銓,,,Tony Tse,Tony Tse,Tony Tse,Tony Tse,,謝偉銓,,male,1954-10-27,Tony,Tony Tse,Tony Tse,,謝偉銓,,,,,,,,,,,,,,,,,,,,,,,,,,,,,,,,,,,,,TonyTseWaiChuen,
Q4725987,Alice Mak Mei-kuen,麥美娟,,,Alice Mak,Alice Mak,Alice Mak Mei-kuen,Alice Mak (politician),,麥美娟,,female,1971-01-01,Alice,,,,麥美娟,麦美娟,,,,,,,,,,,,,,,,,,,,,,,,,,,,,,,,,,,,,
Q3040547,Ann Chiang,蔣麗芸,Ann Chiang,蔣麗芸,Ann Chiang,Ann Chiang,Ann Chiang,Ann Chiang,蔣麗芸,蔣麗芸,https://upload.wikimedia.org/wikipedia/commons/8/89/ChiangLaiWan.JPG,female,1955-05-16,Ann,Ann Chiang,Ann Chiang,,蔣麗芸,蒋丽芸,Ann Chiang,,,,,,,,,,,Jiang,,,,,,,,,,,,,,,,,,,,,,,,,Ann Chiang
Q13634462,Felix Chung,鍾國斌,Felix Chung,,Felix Chung,Felix Chung,Felix Chung,Felix Chung,,鍾國斌,https://upload.wikimedia.org/wikipedia/commons/9/92/Felix_Chung_2015.jpg,male,1964-11-04,Felix,,,,,,Felix Chung,,,,,,,,,,,,,,,,,,,,,,,,,,,,,,,,,,,,
Q8425912,Helena Wong,黃碧雲,Helena Wong,黃碧雲,Helena Wong,,Helena Wong,Helena Wong (politician),黃碧雲,黃碧雲 (學者),https://upload.wikimedia.org/wikipedia/commons/3/33/Helena_Wong_Pik-wan.JPG,female,1959-01-01,Helena,,,,黃碧雲,黄碧云,,黃碧雲,,,,,,,,,,,,,,,,,,,,,,,,,,,,,,,,,,,
