id,name__sw,name__en,name__de,name__fr,name,wikipedia__en,wikipedia__sw,gender,birth_date,original_wikiname,name__es,name__nb,name__da,name__nn,name__sv,name__eo,wikipedia__eo,wikipedia__simple,image,identifier__ISNI,identifier__VIAF,identifier__LCAuth,death_date,given_name,name__zh_hans,name__zh_hant,name__zh_hk,name__zh_cn,name__zh_sg,name__zh_tw,name__pt,name__pl,name__hr,name__nl,name__zh,wikipedia__de,wikipedia__fr,wikipedia__hr,wikipedia__pl,wikipedia__pt,wikipedia__zh,identifier__SUDOC,identifier__freebase,identifier__NTA,name__id,name__ru,name__yo,wikipedia__id,wikipedia__ru,wikipedia__sv,wikipedia__yo,name__it,name__ca,name__oc,wikipedia__enwikiquote,wikipedia__es,twitter,name__mg,wikipedia__mg,website,name__tr,name__ro,name__fi,name__et,name__ja,name__el,name__sr,name__ko,wikipedia__da,wikipedia__el,wikipedia__et,wikipedia__fi,wikipedia__it,wikipedia__ja,wikipedia__ko,wikipedia__no,wikipedia__ro,wikipedia__sr,wikipedia__tr,wikipedia__commons,name__en_ca,name__en_gb,name__is,wikipedia__is,name__la,name__hi,name__de_ch,name__lb,wikipedia__hi,wikipedia__la,wikipedia__lb,name__ml,wikipedia__ml
Q461710,Asha-Rose Mtengeti Migiro,Asha-Rose Migiro,Asha-Rose Migiro,Asha-Rose Migiro,Asha-Rose Migiro,Asha-Rose Migiro,Asha-Rose Mtengeti Migiro,female,1956-07-09,Asha-Rose Migiro,Asha-Rose Migiro,Asha-Rose Mtengeti Migiro,Asha-Rose Mtengeti Migiro,Asha-Rose Mtengeti Migiro,Asha-Rose Migiro,Asha-Rose Migiro,Asha-Rose Migiro,,https://upload.wikimedia.org/wikipedia/commons/3/38/Asha-Rose_Migiro_cropped.jpg,,233092797,no2012040181,,Asha,阿莎-罗丝·米吉罗,阿莎-羅絲·米吉羅,阿莎-羅絲·米吉羅,阿莎-罗丝·米吉罗,阿莎-罗丝·米吉罗,阿莎-羅絲·米吉羅,Asha-Rose Migiro,,,Asha-Rose Migiro,阿莎-罗丝·米吉罗,Asha-Rose Migiro,Asha-Rose Migiro,,,Asha-Rose Migiro,阿莎-罗丝·米吉罗,,/m/09wcz8,,Asha-Rose Migiro,"Мигиро, Аша Роза",Asha-Rose Migiro,Asha-Rose Migiro,"Мигиро, Аша Роза",Asha-Rose Migiro,Asha-Rose Migiro,,,,,,,,,,,,,,,,,,,,,,,,,,,,,,,,,,,,,,,,,,
Q16189332,,Dalaly Kafumu,Dalaly Kafumu,,Dalaly Kafumu,Dalaly Kafumu,,male,1957-08-04,Dalaly Kafumu,,,,,,,,,https://upload.wikimedia.org/wikipedia/commons/c/c0/Dalaly_Kafumu.jpg,,,,,,,,,,,,,,,,,,,,,,,,,,,,,,,,,,,,,,,,,,,,,,,,,,,,,,,,,,,,,,,,,,,,,,,,,,
Q16733187,,Joshua Nassari,Joshua Nassari,,Joshua Nassari,Joshua Nassari,,male,,Joshua Nassari,,,,,,,,,https://upload.wikimedia.org/wikipedia/commons/4/47/Joshua_Nassari.jpg,,,,,Joshua,,,,,,,,,,,,,,,,,,,,,,,,,,,,,,,,,,,,,,,,,,,,,,,,,,,,,,,,,,,,,,,,,,,,,
Q6738666,,Makame Mbarawa,Makame Mbarawa,,Makame Mbarawa,Makame Mbarawa,,male,,Makame Mbarawa,Makame Mbarawa,,,,,,,,https://upload.wikimedia.org/wikipedia/commons/9/90/Makame_Mbarawa_IAEA.png,,,,,,,,,,,,,,,,,,,,,,,,,,,,,,,,,,,,,,,,,,,,,,,,,,,,,,,,,,,,,,,,,,,,,,,,,,
Q7563912,,Sospeter Muhongo,Sospeter Muhongo,Sospeter Muhongo,Sospeter Muhongo,Sospeter Muhongo,,male,1954-06-25,Sospeter Muhongo,Sospeter Muhongo,,,,,,,,https://upload.wikimedia.org/wikipedia/commons/0/05/Sospeter_Muhongo_IAEA.png,,,,,,,,,,,,,,,,,,,,,,,,,,,,,,,,,Sospeter Muhongo,,,,,,,,,,,,,,,,,,,,,,,,,,,,,,,,,,,,,,,,,
Q8065091,,Zakia Meghji,Zakia Meghji,Zakia Meghji,Zakia Meghji,Zakia Meghji,,female,1946-12-31,Zakia Meghji,Zakia Meghji,,,,,,,,"https://upload.wikimedia.org/wikipedia/commons/d/dd/Zakia_Meghji,_IMF_2007.jpg",,,,,,,,,,,,,,,,,,,,,,,,,,,,,,,,,,,,,,,,,,,,,,,,,,,,,,,,,,,,,Category:Zakia Meghji,,,,,,,,,,,,,
Q13122536,Abbas Zubeir Mtemvu,Abas Mtemvu,Abas Mtemvu,Abas Mtemvu,Abas Mtemvu,Abas Mtemvu,Abbas Zubeir Mtemvu,male,1959-11-01,Abas Mtemvu,,,,,,,,,,,,,,,,,,,,,,,,,,,,,,,,,,,,,,,,,,,,,,,,,,,,,,,,,,,,,,,,,,,,,,,,,,,,,,,,,,,
Q16196389,,Agripina Buyogera,Agripina Buyogera,Agripina Buyogera,Agripina Buyogera,Agripina Buyogera,,female,1966-08-16,Agripina Buyogera,,,,,,,,,,,,,,Agripina,,,,,,,,,,Agripina Buyogera,,,,,,,,,,,,,,,,,,,,,,,,,,,,,,,,,,,,,,,,,,,,,,,,,,,,,,,,,,,
Q456003,Anna Tibaijuka,Anna Tibaijuka,Anna Tibaijuka,Anna Tibaijuka,Anna Tibaijuka,Anna Tibaijuka,Anna Tibaijuka,female,1950-10-12,Anna Tibaijuka,Anna Tibaijuka,Anna Tibaijuka,Anna Tibaijuka,Anna Tibaijuka,Anna Tibaijuka,,,,https://upload.wikimedia.org/wikipedia/commons/8/89/Anna_Tibaijuka_-_World_Economic_Forum_on_Africa_2010.jpg,0000 0001 1436 8226,3185806,n82119935,,Anna,安娜·卡朱摩洛·提拜朱卡,安娜·卡朱摩洛·提拜朱卡,安娜·卡朱摩洛·提拜朱卡,安娜·卡朱摩洛·提拜朱卡,安娜·卡朱摩洛·提拜朱卡,安娜·卡朱摩洛·提拜朱卡,Anna Tibaijuka,Anna Tibaijuka,Anna Tibaijuka,Anna Tibaijuka,安娜·卡朱摩洛·提拜朱卡,Anna Tibaijuka,Anna Tibaijuka,Anna Tibaijuka,Anna Tibaijuka,Anna Tibaijuka,安娜·卡朱摩洛·提拜朱卡,13090807X,/m/0dt4pp,106053248,,,,,,,,,,,,,,,,,,,,,,,,,,,,,,,,,,,,,,,,,,,,,,,,,
Q4768588,Anna Makinda,Anne Makinda,Anne Makinda,Anne Makinda,Anne Makinda,Anne Makinda,Anna Makinda,female,1949-07-26,Anne Makinda,,Anna Makinda,Anna Makinda,Anna Makinda,Anna Makinda,,,,,,,,,Anne,,,,,,,,,,,,,,,,,,,,,,,,,,,,,,,,,,,,http://www.annemakinda.com,,,,,,,,,,,,,,,,,,,,Category:Anne Makinda,,,,,,,,,,,,,
Q16214077,,Antony Mbassa,Antony Mbassa,Antony Mbassa,Antony Mbassa,Antony Mbassa,,male,1972-02-03,Antony Mbassa,,,,,,,,,,,,,,Antony,,,,,,,,,,,,,,,,,,,,,,,,,,,,,,,,,,,,,,,,,,,,,,,,,,,,,,,,,,,,,,,,,,,,,
Q16732939,,Assumpter Mshama,Assumpter Mshama,,Assumpter Mshama,Assumpter Mshama,,female,,Assumpter Mshama,,,,,,,,,,,,,,,,,,,,,,,,,,,,,,,,,,,,,,,,,,Assumpter Mshama,,,,,,,,,,,,,,,,,,,,,,,,,,,,,,,,,,,,,,,,,
Q5506432,Binilith Satano Mahenge,Binilith Mahenge,Binilith Mahenge,Binilith Mahenge,Binilith Mahenge,Binilith Mahenge,Binilith Satano Mahenge,male,1962-04-01,Binilith Mahenge,Binilith Mahenge,Binilith Satano Mahenge,Binilith Satano Mahenge,Binilith Satano Mahenge,Binilith Satano Mahenge,,,,,,,,,,,,,,,,,,,,,,,,,,,,,,,,,,,,,,,,,,,,,,,,,,,,,,,,,,,,,,,,,,Binilith Mahenge,Binilith Mahenge,,,,,,,,,,,
Q16733084,,Charles Mwijage,Charles Mwijage,,Charles Mwijage,Charles Mwijage,,male,,Charles Mwijage,,,,,,,,,,,,,,Charles,,,,,,,,,,,,,,,,,,,,,,,,,,,,,,,,,,,,,,,,,,,,,,,,,,,,,,,,,,,,,,,,,,,,,
Q5018715,Christopher Kajoro Chiza,Christopher Chiza,Christopher Chiza,Christopher Chiza,Christopher Chiza,Christopher Chiza,Christopher Kajoro Chiza,male,1953-04-13,Christopher Chiza,Christopher Chiza,Christopher Kajoro Chiza,Christopher Kajoro Chiza,Christopher Kajoro Chiza,Christopher Kajoro Chiza,,,,https://upload.wikimedia.org/wikipedia/commons/a/a5/Christopher_Chiza.png,,,,,Christopher,,,,,,,,,,Christopher Chiza,,,,,,,,,,,,,,,,,,,,,,,,Christopher Chiza,Christopher Chiza,,,,,,,,,,,,,,,,,,,,,,,,,,,,,,,,,,
Q16221813,,David Kafulila,David Kafulila,David Kafulila,David Kafulila,David Kafulila,,male,1982-02-15,David Kafulila,,,,,,,,,,,,,,David,,,,,,,,,,,,,,,,,,,,,,,,,,,,,,,,,,,,,,,,,,,,,,,,,,,,,,,,,,,,,,,,,,,,,
Q16186778,,David Mallole,David Mallole,David Mallole,David Mallole,David Mallole,,male,1955-12-26,David Mallole,,,,,,,,,,,,,,David,,,,,,,,,,,,,,,,,,,,,,,,,,,,David Mallole,,,,,,,,,,,,,,,,,,,,,,,,,,,,,,,,,,,,,,,,,
Q16213952,,Deo Filikunjombe,Deo Filikunjombe,Deo Filikunjombe,Deo Filikunjombe,Deo Filikunjombe,,male,1972-03-04,Deo Filikunjombe,,,,,,,,,,,,,2015-10-16,,,,,,,,,,,Deo Filikunjombe,,,,,,,,,,,,,,,,,,,,,,,,,,,,,,,,,,,,,,,,,,,,,,,,,,,,,,,,,,,
Q16187295,,Deo Sanga,Deo Sanga,Deo Sanga,Deo Sanga,Deo Sanga,,male,1956-01-01,Deo Sanga,,,,,,,,,,,,,,,,,,,,,,,,,,,,,,,,,,,,,,,,,,Deo Sanga,,,,,,,,,,,,,,,,,,,,,,,,,,,,,,,,,,,,,,,,,
Q16733513,,Deogratias Ntukamazina,Deogratias Ntukamazina,,Deogratias Ntukamazina,Deogratias Ntukamazina,,male,,Deogratias Ntukamazina,,,,,,,,,,,,,,,,,,,,,,,,,,,,,,,,,,,,,,,,,,,,,,,,,,,,,,,,,,,,,,,,,,,,,,,,,,,,,,,,,,,
Q451885,Edward Ngoyai Lowassa,Edward Lowassa,Edward Lowassa,Edward Lowassa,Edward Lowassa,Edward Lowassa,Edward Ngoyai Lowassa,male,1953-08-26,Edward Lowassa,Edward Lowassa,Edward Lowassa,Edward Ngoyai Lowassa,Edward Ngoyai Lowassa,Edward Lowassa,,,,,,,,,Edward,爱德华·洛瓦萨,愛德華·洛瓦薩,愛德華·洛瓦薩,爱德华·洛瓦萨,爱德华·洛瓦萨,愛德華·洛瓦薩,Edward Lowassa,Edward Lowassa,,Edward Lowassa,爱德华·洛瓦萨,Edward Lowassa,Edward Lowassa,,Edward Lowassa,Edward Lowassa,爱德华·洛瓦萨,,/m/09lkss,,Edward Lowassa,,Edward Lowassa,Edward Lowassa,,Edward Lowassa,Edward Lowassa,,,,,Edward Lowassa,,,,,,,Edward Lowassa,,,Έντουαρντ Λογουάσα,,에드워드 로와사,,Έντουαρντ Λογουάσα,,Edward Lowassa,,,에드워드 로와사,Edward Lowassa,,,,,,,Edward Lowassa,Edward Lowassa,,,,,,,,,
Q15047198,,Eugen Mwaiposa,Eugen Mwaiposa,Eugen Mwaiposa,Eugen Mwaiposa,Eugen Mwaiposa,,female,1960-11-23,Eugen Mwaiposa,Eugen Mwaiposa,,,,,,,,,,,,2015-06-02,Eugen,,,,,,,,,,Eugen Mwaiposa,,,Eugen Mwaiposa,,,,,,,,,,,,,,,,,,,,,,,,,,,,,,,,,,,,,,,,,,,,,,,,,,,,,,,,
Q5414313,Eustace Osler Katagira,Eustace Osler Katagira,Eustace Osler Katagira,,Eustace Osler Katagira,Eustace Katagira,Eustace Osler Katagira,male,1948-07-14,Eustace Katagira,,Eustace Osler Katagira,Eustace Osler Katagira,Eustace Osler Katagira,Eustace Osler Katagira,,,,,,,,,Eustace,,,,,,,,,,,,,,,,,,,,,,,,,,,,,,,,,,,,,,,,,,,,,,,,,,,,,,,,,,,,,,,,,,,,,
Q16206282,,Faustine Ndugulile,Faustine Ndugulile,Faustine Ndugulile,Faustine Ndugulile,Faustine Ndugulile,,male,1969-03-31,Faustine Ndugulile,,,,,,,,,,,,,,Faustine,,,,,,,,,,,,,,,,,,,,,,,,,,,,Faustine Ndugulile,,,,,,,,,,,,,,,,,,,,,,,,,,,,,,,,,,,,,,,,,
Q11045555,George Boniface Simbachawene,George Simbachawene,George Simbachawene,George Simbachawene,George Simbachawene,George Simbachawene,George Boniface Simbachawene,male,1968-07-05,George Simbachawene,George Simbachawene,George Boniface Simbachawene,George Boniface Simbachawene,George Boniface Simbachawene,George Boniface Simbachawene,,,,,,,,,George,,,,,,,,,,,,,,,,,,,,,,,,,,,,,,,,,,,,,,,,,,,,,,,,,,,,,,,,,,,,,,,,,,,,,
Q5553143,,Gerson Lwenge,Gerson Lwenge,Gerson Lwenge,Gerson Lwenge,Gerson Lwenge,,male,1951-02-20,Gerson Lwenge,Gerson Lwenge,,,,,,,,,,,,,,,,,,,,,,,,,,,,,,,,,,,,,,,,,,,,,,,,,,,,,,,,,,,,,,,,,,,,,,,,,,,,,,,,,,
Q16215889,,Godbless Lema,Godbless Lema,Godbless Lema,Godbless Lema,Godbless Lema,,male,1976-10-26,Godbless Lema,,,,,,,,,,,,,,,,,,,,,,,,,,,,,,,,,,,,,,,,,,Godbless Lema,,,,,,,,,,,,,,,,,,,,,,,,,,,,,,,,,,,,,,,,,
Q5583434,,Goodluck Ole-Medeye,,Goodluck Ole-Medeye,Goodluck Ole-Medeye,Goodluck Ole-Medeye,,male,1958-03-14,Goodluck Ole-Medeye,Goodluck Ole-Medeye,,,,,,,,,,,,,Goodluck,,,,,,,,,,,,,,,,,,,,,,,,,,,,,,,,,,,,,,,,,,,,,,,,,,,,,,,,,,,,,,,,,,,,,
Q4845816,Gosbert Begumisa Blandes,Gosbert Begumisa Blandes,Gosbert Begumisa Blandes,Gosbert Begumisa Blandes,Gosbert Begumisa Blandes,Gosbert Blandes,Gosbert Begumisa Blandes,male,1963-02-18,Gosbert Blandes,,Gosbert Begumisa Blandes,Gosbert Begumisa Blandes,Gosbert Begumisa Blandes,Gosbert Begumisa Blandes,,,,,,,,,,,,,,,,Gosbert Begumisa Blandes,,,Gosbert Begumisa Blandes,,,,,,Gosbert Begumisa Blandes,,,,,,,,,,,,,,,,,,,,,,,,,,,,,,,,,,,,,,,,,,,,,,,,,,,,,
Q5607187,,Gregory Teu,Gregory Teu,Gregory Teu,Gregory Teu,Gregory Teu,,male,1951-02-03,Gregory Teu,,,,,,,,,,,,,,Gregory,,,,,,,,,,,,,,,,,,,,,,,,,,,,,,,,,,,,,,,,,,,,,,,,,,,,,,,,,,,,,,,,,,,,,
Q16217470,Halima James Mdee,Halima Mdee,Halima Mdee,Halima Mdee,Halima Mdee,Halima Mdee,Halima James Mdee,female,1978-03-18,Halima Mdee,,,,,,,,,,,,,,,,,,,,,,,,,,,,,,,,,,,,,,,,,,,,,,,,,,,,,,,,,,,,,,,,,,,,,,,,,,,,,,,,,,,
Q13123005,Hezekiah Ndahani Chibulunje,Hezekiah Ndahani Chibulunje,Hezekiah Ndahani Chibulunje,Hezekiah Ndahani Chibulunje,Hezekiah Ndahani Chibulunje,Hezekiah Chibulunje,Hezekiah Ndahani Chibulunje,male,1946-03-15,Hezekiah Chibulunje,,,,,,,,,,,,,,,,,,,,,,,,Hezekiah Chibulunje,,,,,,,,,,,,,,,,,,,,,,,,,,,,,,,,,,,,,,,,,,,,,,,,,,,,,,,,,,,
Q5987776,Idd Mohamed Azzan,Idd Mohamed Azzan,Idd Mohamed Azzan,Idd Mohamed Azzan,Idd Mohamed Azzan,Idd Azzan,Idd Mohamed Azzan,male,1965-07-08,Idd Azzan,,Idd Mohamed Azzan,Idd Mohamed Azzan,Idd Mohamed Azzan,Idd Mohamed Azzan,,,,,,,,,,,,,,,,,,,Idd Azzan,,,,,,,,,,,,,,,,,,,,,,,,,,,,,,,,,,,,,,,,,,,,,,,,,,,,,,,,,,,
Q16195227,,Israel Natse,Israel Natse,Israel Natse,Israel Natse,Israel Natse,,male,1963-12-28,Israel Natse,,,,,,,,,,,,,,Israel,,,,,,,,,,,,,,,,,,,,,,,,,,,,Israel Natse,,,,,,,,,,,,,,,,,,,,,,,,,,,,,,,,,,,,,,,,,
Q16875220,,Jason Rweikiza,Jason Rweikiza,,Jason Rweikiza,Jason Rweikiza,,male,,Jason Rweikiza,,,,,,,,,,,,,,Jason,,,,,,,,,,,,,,,,,,,,,,,,,,,,,,,,,,,,,,,,,,,,,,,,,,,,,,,,,,,,,,,,,,,,,
Q13123140,Jeremiah Solomon Sumari,Jeremiah Solomon Sumari,Jeremiah Sumari,Jeremiah Sumari,Jeremiah Solomon Sumari,Jeremiah Sumari,Jeremiah Solomon Sumari,male,1943-03-02,Jeremiah Sumari,,,,,,,,,,,,,2012-01-19,Jeremiah,,,,,,,,,,,,,,,,,,,,,,,,,,,,,,,,,,,,,,,,,,,,,,,,,,,,,,,,,,,,,,,,,,,,,
Q9032315,Job Yustino Ndugai,Job Ndugai,Job Ndugai,Job Ndugai,Job Ndugai,Job Ndugai,Job Yustino Ndugai,male,1960-01-21,Job Ndugai,Job Ndugai,Job Yustino Ndugai,Job Yustino Ndugai,Job Yustino Ndugai,Job Yustino Ndugai,,,,,,,,,Job,,,,,,,,,,,,,,,,,,,,,,,,,,,,,,,,,,,,,,,,,,,,,,,,,,,,,,,,,,,,,,,,,,,,,
Q5018756,John Pombe Joseph Magufuli,John Magufuli,John Magufuli,John Magufuli,John Magufuli,John Magufuli,John Magufuli,male,1959-10-29,John Magufuli,John Magufuli,John Pombe Joseph Magufuli,John Pombe Joseph Magufuli,John Pombe Joseph Magufuli,John Pombe Joseph Magufuli,John Magufuli,John Magufuli,,https://upload.wikimedia.org/wikipedia/commons/c/c0/John_Magufuli_2015.png,,,,,John,,,,,,,,John Magufuli,,,,John Magufuli,John Magufuli,,John Magufuli,,,,,,John Magufuli,,,John Magufuli,,,,John Magufuli,,,,John Magufuli,MagufuliJP,,,,,,,John Magufuli,,,,,,,John Magufuli,,John Magufuli,,,,,,,,John Magufuli,John Magufuli,,,Ioannes Magufuli,जॉन पॉम्बे मगुफुली,John Magufuli,John Magufuli,जॉन पॉम्बे मगुफुली,Ioannes Magufuli,John Magufuli,,
Q16732704,,John Mnyika,John Mnyika,,John Mnyika,John Mnyika,,male,,John Mnyika,,,,,,,,,,,,,,John,,,,,,,,,,,,,,,,,,,,,,,,,,,,,,,,,,,,,,,,,,,,,,,,,,,,,,,,,,,,,,,,,,,,,
Q16214108,,Juma Nkamia,Juma Nkamia,Juma Nkamia,Juma Nkamia,Juma Nkamia,,male,1972-01-01,Juma Nkamia,,,,,,,,,,,,,,Juma,,,,,,,,,,,,,,,,,,,,,,,,,,,,,,,,,,,,,,,,,,,,,,,,,,,,,,,,,,,,,,,,,,,,,
Q16186521,,Kaika Telele,Kaika Telele,,Kaika Telele,Kaika Telele,,male,1954-01-15,Kaika Telele,,,,,,,,,,,,,,,,,,,,,,,,,,,,,,,,,,,,,,,,,,,,,,,,,,,,,,,,,,,,,,,,,,,,,,,,,,,,,,,,,,,
Q13122985,Hamis Suedi Kagasheki,Khamis Kagasheki,Khamis Kagasheki,Khamis Kagasheki,Khamis Kagasheki,Khamis Kagasheki,Hamis Suedi Kagasheki,male,1951-08-30,Khamis Kagasheki,Khamis Kagasheki,,,,,,,,,,,,,Khamis,,,,,,,,,,,,,,,,,,,,,,,,,,,,,,,,,,,,,,,,,,,,,,,,,,,,,,,,,,,,,,,,,,,,,
Q16214062,,Livingstone Lusinde,Livingstone Lusinde,Livingstone Lusinde,Livingstone Lusinde,Livingstone Lusinde,,male,1972-03-04,Livingstone Lusinde,,,,,,,,,,,,,,,,,,,,,,,,,,,,,,,,,,,,,,,,,,Livingstone Lusinde,,,,,,,,,,,,,,,,,,,,,,,,,,,,,,,,,,,,,,,,,
Q16195210,,Mahmoud Mgimwa,Mahmoud Mgimwa,Mahmoud Mgimwa,Mahmoud Mgimwa,Mahmoud Mgimwa,,male,1963-03-13,Mahmoud Mgimwa,,,,,,,,,,,,,,Mahmoud,,,,,,,,,,,,,,,,,,,,,,,,,,,,,,,,,,,,,,,,,,,,,,,,,,,,,,,,,,,,,,,,,,,,,
Q16205730,,Mendrad Kigola,Mendrad Kigola,Mendrad Kigola,Mendrad Kigola,Mendrad Kigola,,male,1969-12-10,Mendrad Kigola,,,,,,,,,,,,,,,,,,,,,,,,,,,,,,,,,,,,,,,,,,,,,,,,,,,,,,,,,,,,,,,,,,,,,,,,,,,,,,,,,,,
Q16121579,,Michael Laizer,Michael Laizer,Michael Laizer,Michael Laizer,Michael Laizer,,male,1948-10-24,Michael Laizer,,,,,,,,,,,,,,Michael,,,,,,,,,,,,,,,,,,,,,,,,,,,,Michael Laizer,,,,,,,,,,,,,,,,,,,,,,,,,,,,,,,,,,,,,,,,,
Q5506397,Milton Makongoro Mahanga,Milton Mahanga,Milton Mahanga,Milton Mahanga,Milton Mahanga,Milton Mahanga,Milton Makongoro Mahanga,male,1955-04-03,Milton Mahanga,Milton Mahanga,Milton Makongoro Mahanga,Milton Makongoro Mahanga,Milton Makongoro Mahanga,Milton Makongoro Mahanga,,,,,,,,,Milton,,,,,,,,,,,,,,,,,,,,,,,,,,,,,,,,,,,,,,,,,,,,,,,,,,,,,,,,,Milton Mahanga,Milton Mahanga,,,,,,,,,,,
Q16221420,,Moses Machali,Moses Machali,Moses Machali,Moses Machali,Moses Machali,,male,1981-08-09,Moses Machali,,,,,,,,,https://upload.wikimedia.org/wikipedia/commons/4/49/Moses_Machali.jpg,,,,,Moses,,,,,,,,,,,,,,,,,,,,,,,,,,,,Moses Machali,,,,,,,,,,,,,,,,,,,,,,,,,,,,,,,,,,,,,,,,,
Q16152051,,Mussa Zungu,Mussa Zungu,Mussa Zungu,Mussa Zungu,Mussa Zungu,,male,1952-05-25,Mussa Zungu,,,,,,,,,,,,,,,,,,,,,,,,,,,,,,,,,,,,,,,,,,Mussa Zungu,,,,,,,,,,,,,,,,,,,,,,,,,,,,,,,,,,,,,,,,,
Q16146048,,Omary Badwel,Omary Badwel,Omary Badwel,Omary Badwel,Omary Badwel,,male,1969-03-05,Omary Badwel,,,,,,,,,,,,,,,,,,,,,,,,Omary Badwel,,,,,,,,,,,,,,,,,,,,,,,,,,,,,,,,,,,,,,,,,,,,,,,,,,,,,,,,,,,
Q16196171,,Peter Msigwa,Peter Msigwa,Peter Msigwa,Peter Msigwa,Peter Msigwa,,male,1965-06-08,Peter Msigwa,,,,,,,,,,,,,,Peter,,,,,,,,,,,,,,,,,,,,,,,,,,,,,,,,,,,,,,,,,,,,,,,,,,,,,,,,,,,,,,,,,,,,,
Q16107056,,Peter Msolla,Peter Msolla,Peter Msolla,Peter Msolla,Peter Msolla,,male,1945-11-06,Peter Msolla,,,,,,,,,,,,,,Peter,,,,,,,,,,,,,,,,,,,,,,,,,,,,Peter Msolla,,,,,,,,,,,,,,,,,,,,,,,,,,,,,,,,,,,,,,,,,
Q8014785,William Vangimembe Lukuvi,William Lukuvi,William Lukuvi,William Lukuvi,William Lukuvi,William Lukuvi,William Lukuvi,male,1955-08-15,William Lukuvi,William Lukuvi,William Vangimembe Lukuvi,William Vangimembe Lukuvi,William Vangimembe Lukuvi,William Vangimembe Lukuvi,,,,https://upload.wikimedia.org/wikipedia/commons/c/c2/William_Lukuvi_cropped.png,,,,,William,,,,,,,,,,,,,,,,,,,,,,,,,,,,,,,,,,,,,,,,,,,,,,,,,,,,,,,,,,,,,,,,,,,,,
Q8015604,,William Mgimwa,William Mgimwa,William Mgimwa,William Mgimwa,William Mgimwa,,male,1950-01-20,William Mgimwa,William Mgimwa,William Mgimwa,William Mgimwa,William Mgimwa,William Mgimwa,,,,,,,,2014-01-01,William,,,,,,,,,,William Mgimwa,威廉·姆庫洛姆吉瓦,William Mgimwa,William Mgimwa,,,,威廉·姆庫洛姆吉瓦,,,,,Уильям Мгимва,,,"Мгимва, Уильям",,,,,,,,,,,,,,,,,,,,,,,,,,,,,,,,,,,,,,,,,,,,
Q16145530,,Zabein Mhita,Zabein Mhita,Zabein Mhita,Zabein Mhita,Zabein Mhita,,female,1950-09-09,Zabein Mhita,,,,,,,,,,,,,,,,,,,,,,,,,,,,,,,,,,,,,,,,,,Zabein Mhita,,,,,,,,,,,,,,,,,,,,,,,,,,,,,,,,,,,,,,,,,
Q11153384,Kabwe Zuberi Zitto,Zitto Kabwe,Zitto Kabwe,Zitto Kabwe,Zitto Kabwe,Zitto Kabwe,Kabwe Zuberi Zitto,male,1976-09-24,Zitto Kabwe,Zitto Kabwe,Kabwe Zuberi Zitto,,,,,,,https://upload.wikimedia.org/wikipedia/commons/4/49/Zitto_Kabwe_2011.jpg,,,,,,,,,,,,,,,,,,,,,,,,,,,,,,,,,,,,,,zittokabwe,,,,,,,,,,,,,,,,,,,Kabwe Zuberi Zitto,,,,,,,,,,,,,,,,,
Q16149733,,Abdul Mteketa,Abdul Mteketa,,Abdul Mteketa,Abdul Mteketa,,male,1951-01-01,Abdul Mteketa,,,,,,,,,,,,,,Abdul,,,,,,,,,,,,,,,,,,,,,,,,,,,,,,,,,,,,,,,,,,,,,,,,,,,,,,,,,,,,,,,,,,,,,
Q16147390,,Abdulsalaam Amer,Abdulsalaam Amer,Abdulsalaam Amer,Abdulsalaam Amer,Abdulsalaam Amer,,male,1963-07-11,Abdulsalaam Amer,,,,,,,,,,,,,,,,,,,,,,,,Abdulsalaam Amer,,,,,,,,,,,,,,,,,,Abdulsalaam Amer,,,,,,,,,,,,,,,,,,,,,,,,,,,,,,,,,,,,,,,,,
Q13122550,Aggrey Deaisile Joshua Mwanri,Aggrey Mwanri,Aggrey Mwanri,Aggrey Mwanri,Aggrey Mwanri,Aggrey Mwanri,Aggrey Deaisile Joshua Mwanri,male,1955-07-17,Aggrey Mwanri,,,,,,,,,,,,,,,,,,,,,,,,,,,,,,,,,,,,,,,,,,,,,,,,,,,,,,,,,,,,,,,,,,,,,,,,,,,,,,,,,,,
Q16199090,,Ahmed Shabiby,Ahmed Shabiby,,Ahmed Shabiby,Ahmed Shabiby,,male,1967-09-14,Ahmed Shabiby,,,,,,,,,,,,,,Ahmed,,,,,,,,,,,,,,,,,,,,,,,,,,,,,,,,,,,,,,,,,,,,,,,,,,,,,,,,,,,,,,,,,,,,,
Q16733506,,Albert Ntabaliba,Albert Ntabaliba,,Albert Ntabaliba,Albert Ntabaliba,,male,,Albert Ntabaliba,,,,,,,,,,,,,,Albert,,,,,,,,,,,,,,,,,,,,,,,,,,,,Albert Ntabaliba,,,,,,,,,,,,,,,,,,,,,,,,,,,,,,,,,,,,,,,,,
Q16187151,,Aliko Kibona,Aliko Kibona,,Aliko Kibona,Aliko Kibona,,male,1956-05-16,Aliko Kibona,,,,,,,,,,,,,,,,,,,,,,,,,,,,,,,,,,,,,,,,,,,,,,,,,,,,,,,,,,,,,,,,,,,,,,,,,,,,,,,,,,,
Q16195184,,Alphaxard Lugola,Alphaxard Lugola,,Alphaxard Lugola,Alphaxard Lugola,,male,1963-05-25,Alphaxard Lugola,,,,,,,,,,,,,,,,,,,,,,,,,,,,,,,,,,,,,,,,,,,,,,,,,,,,,,,,,,,,,,,,,,,,,,,,,,,,,,,,,,,
Q15665420,Anne Kilango Malecela,Anne Malecela,Anne Malecela,,Anne Malecela,Anne Malecela,Anne Kilango Malecela,female,1956-01-09,Anne Malecela,,,,,,,,,,,,,,Anne,,,,,,,,,,,,,,,,,,,,,,,,,,,,,,,,,,,,,,,,,,,,,,,,,,,,,,,,,,,,,,,,,,,,,
Q4821204,Augustine Lyatonga Mrema,Augustine Mrema,Augustine Mrema,Augustine Mrema,Augustine Mrema,Augustino Mrema,Augustine Lyatonga Mrema,male,1944-12-31,Augustino Mrema,Augustine Mrema,Augustine Lyatonga Mrema,Augustine Lyatonga Mrema,Augustine Lyatonga Mrema,Augustine Lyatonga Mrema,,,,,,,,,Augustine,,,,,,,,,,Augustine Mrema,,,,,,,,,,,,,,,,,,,,,,,,,,,,,,,,,,,,,,,,,,,,,,,,,,,,,,,,,,,
Q16187247,,Benedict Ole-Nangoro,,Benedict Ole-Nangoro,Benedict Ole-Nangoro,Benedict Ole-Nangoro,,male,1956-07-17,Benedict Ole-Nangoro,,,,,,,,,https://upload.wikimedia.org/wikipedia/commons/4/41/Benedict_Ole_Nangoro.jpg,,,,,Benedict,,,,,,,,,,,,,,,,,,,,,,,,,,,,Benedict Ole-Nangoro,,,,,,,,,,,,,,,,,,,,,,,,,,,,,,,,,,,,,,,,,
Q58152,Bernard Kamilius Membe,Bernard Membe,Bernard Membe,Bernard Membe,Bernard Membe,Bernard Membe,Bernard Kamilius Membe,male,1953-11-09,Bernard Membe,Bernard Membe,Bernard Kamilius Membe,Bernard Kamilius Membe,Bernard Kamilius Membe,Bernard Kamilius Membe,,,,https://upload.wikimedia.org/wikipedia/commons/8/83/Bernard_Membe.jpg,,,,,Bernard,,,,,,,,,,Bernard Membe,,Bernard Membe,Bernard Membe,,,,,,/m/027pbsh,,,,,,,,,,Bernard Membe,Bernard Membe,Bernard Membe,Bernard Membe,BernardMembe,,,,,,,,,,,,,,,,,,,,,,,,,,,,,,,,,,,,
Q16195466,,Christopher Ole-Sendeka,,,Christopher Ole-Sendeka,Christopher Ole-Sendeka,,male,1964-01-01,Christopher Ole-Sendeka,,,,,,,,,,,,,,Christopher,,,,,,,,,,Christopher Ole-Sendeka,,,,,,,,,,,,,,,,,,,,,,,,,,,,,,,,,,,,,,,,,,,,,,,,,,,,,,,,,,,
Q5200664,Cyril August Chami,Cyril Chami,Cyril Chami,Cyril Chami,Cyril Chami,Cyril Chami,Cyril August Chami,male,1964-02-09,Cyril Chami,Cyril Chami,Cyril August Chami,Cyril August Chami,Cyril August Chami,Cyril August Chami,,,,,,,,,Cyril,,,,,,,,,,Cyril Chami,,,,,,,,,,,,,,,,,,,,,,,,,,,,,,,,,,,,,,,,,,,,,,,,,,,,,,,,,,,
Q5237213,David Mathayo David,David Mathayo David,David Mathayo David,David Mathayo David,David Mathayo David,David Mathayo David,David Mathayo David,male,1969-07-24,David Mathayo David,David Mathayo David,David Mathayo David,David Mathayo David,David Mathayo David,David Mathayo David,,,,,,,,,David,,,,,,,,,,,,,,,,,,,,,,,,,,,,,,,,,,,,,,,,,,,,,,,,,,,,,,,,,,,,,,,,,,,,,
Q16106024,,David Mwakyusa,,,David Mwakyusa,David Mwakyusa,,male,1942-11-09,David Mwakyusa,,,,,,,,,,,,,,David,,,,,,,,,,,,,,,,,,,,,,,,,,,,,,,,,,,,,,,,,,,,,,,,,,,,,,,,,,,,,,,,,,,,,
Q16223448,,David Silinde,David Silinde,David Silinde,David Silinde,David Silinde,,male,1984-07-28,David Silinde,,,,,,,,,,,,,,David,,,,,,,,,,,,,,,,,,,,,,,,,,,,David Silinde,,,,,,,,,,,,,,,,,,,,,,,,,,,,,,,,,,,,,,,,,
Q16193252,,Faith Mitambo,Faith Mitambo,Faith Mitambo,Faith Mitambo,Faith Mitambo,,male,1959-09-29,Faith Mitambo,,,,,,,,,,,,,,Faith,,,,,,,,,,,,,,,,,,,,,,,,,,,,Faith Mitambo,,,,,,,,,,,,,,,,,,,,,,,,,,,,,,,,,,,,,,,,,
Q16231449,,Felix Mkosamali,Felix Mkosamali,Felix Mkosamali,Felix Mkosamali,Felix Mkosamali,,male,1986-06-04,Felix Mkosamali,,,,,,,,,,,,,,Felix,,,,,,,,,,,,,,,,,,,,,,,,,,,,,,,,,,,,,,,,,,,,,,,,,,,,,,,,,,,,,,,,,,,,,
Q5501021,,Freeman Mbowe,Freeman Mbowe,Freeman Mbowe,Freeman Mbowe,Freeman Mbowe,,male,1961-12-09,Freeman Mbowe,Freeman Mbowe,,,,,,,,,,,,,Freeman,,,,,,,,,,Freeman Mbowe,,,,,,,,,,,,,,,,,,,,,,,,,,,,,,,,,,,,,,,,,,,,,,,,Freeman Mbowe,,,,,,,,,,,
Q16194878,,Godfrey Zambi,Godfrey Zambi,Godfrey Zambi,Godfrey Zambi,Godfrey Zambi,,male,1962-06-12,Godfrey Zambi,,,,,,,,,,,,,,Godfrey,,,,,,,,,,,,,,,,,,,,,,,,,,,,,,,,,,,,,,,,,,,,,,,,,,,,,,,,,,,,,,,,,,,,,
Q5018837,Harrison George Mwakyembe,Harrison Mwakyembe,,Harrison Mwakyembe,Harrison Mwakyembe,Harrison Mwakyembe,Harrison George Mwakyembe,male,1955-12-10,Harrison Mwakyembe,Harrison Mwakyembe,Harrison Mwakyembe,Harrison George Mwakyembe,Harrison George Mwakyembe,Harrison George Mwakyembe,,,,,,,,,Harrison,,,,,,,,,,Harrison Mwakyembe,,,,,,,,,,,,,,,,,,,,,,,,,,,,,,,,,,,,,,,,,,Harrison Mwakyembe,,,,,,,,,,,,,,,,,
Q16193183,,Innocent Kalogeris,Innocent Kalogeris,Innocent Kalogeris,Innocent Kalogeris,Innocent Kalogeris,,male,1959-03-03,Innocent Kalogeris,,,,,,,,,,,,,,Innocent,,,,,,,,,,,,,,,,,,,,,,,,,,,,,,,,,,,,,,,,,,,,,,,,,,,,,,,,,,,,,,,,,,,,,
Q16207202,,Jitu Soni,Jitu Soni,Jitu Soni,Jitu Soni,Jitu Soni,,male,1969-07-02,Jitu Soni,,,,,,,,,,,,,,,,,,,,,,,,Jitu Soni,,,,,,,,,,,,,,,,,,,,,,,,,,,,,,,,,,,,,,,,,,,,,,,,,,,,,,,,,,,
Q16194322,,Joseph Selasini Shao,Joseph Selasini Shao,Joseph Selasini Shao,Joseph Selasini Shao,Joseph Selasini Shao,,male,1961-04-06,Joseph Selasini Shao,,,,,,,,,,,,,,Joseph,,,,,,,,,,,,,,,,,,,,,,,,,,,,,,,,,,,,,,,,,,,,,,,,,,,,,,,,,,,,,,,,,,,,,
Q5018728,Jumanne Abdallah Maghembe,Jumanne Maghembe,Jumanne Maghembe,,Jumanne Maghembe,Jumanne Maghembe,Jumanne Maghembe,male,,Jumanne Maghembe,Jumanne Maghembe,Jumanne Abdallah Maghembe,Jumanne Abdallah Maghembe,Jumanne Abdallah Maghembe,Jumanne Abdallah Maghembe,,,,https://upload.wikimedia.org/wikipedia/commons/1/1a/Jumanne_Maghembe.png,,,,,,,,,,,,,,,,,,,,,,,,,,,,,,,,,,,,,,,,,,,,,,,,,,,,,,,,,,,,,,,,,,,,,,,,,,
Q16186180,,Kisyeri Chambiri,Kisyeri Chambiri,Kisyeri Chambiri,Kisyeri Chambiri,Kisyeri Chambiri,,male,1954-01-01,Kisyeri Chambiri,,,,,,,,,,,,,,,,,,,,,,,,Kisyeri Chambiri,,,,,,,,,,,,,,,,,,,,,,,,,,,,,,,,,,,,,,,,,,,,,,,,,,,,,,,,,,,
Q16196632,,Lameck Okambo,Lameck Okambo,Lameck Okambo,Lameck Okambo,Lameck Okambo,,male,1966-10-28,Lameck Okambo,,,,,,,,,,,,,,,,,,,,,,,,,,,,,,,,,,,,,,,,,,,,,,,,,,,,,,,,,,,,,,,,,,,,,,,,,,,,,,,,,,,
Q16145576,,Luckson Mwanjale,Luckson Mwanjale,,Luckson Mwanjale,Luckson Mwanjale,,male,1950-01-03,Luckson Mwanjale,,,,,,,,,,,,,,,,,,,,,,,,,,,,,,,,,,,,,,,,,,,,,,,,,,,,,,,,,,,,,,,,,,,,,,,,,,,,,,,,,,,
Q16151883,,Lucy Nkya,Lucy Nkya,Lucy Nkya,Lucy Nkya,Lucy Nkya,,female,1967-09-14,Lucy Nkya,Lucy Nkya,Lucy Nkya,Lucy Nkya,,Lucy Nkya,,,,,,,,,Lucy,,,,,,,Lucy Nkya,Lucy Nkya,,Lucy Nkya,,,,,,,,,,,,,,,,,,Lucy Nkya,Lucy Nkya,,,,,,,,Lucy Nkya,,Lucy Nkya,,,,,,,,,,,,,,,,,,,,,,,,,,,,,,
Q6737420,,Majaliwa K. Majaliwa,,,Majaliwa K. Majaliwa,Majaliwa K. Majaliwa,,male,1960-12-22,Majaliwa K. Majaliwa,Majaliwa K. Majaliwa,,,,,,,,,,,,,,,,,,,,,,,,,,,,,,,,,,,,,,,,,,,,,,,,,,,,,,,,,,,,,,,,,,,,,,,,,,,,,,,,,,
Q6768990,Mark James Mwandosya,Mark Mwandosya,Mark Mwandosya,Mark Mwandosya,Mark Mwandosya,Mark Mwandosya,Mark Mwandosya,male,1949-12-28,Mark Mwandosya,Mark Mwandosya,Mark James Mwandosya,Mark James Mwandosya,Mark James Mwandosya,Mark James Mwandosya,,,,,,,,,Mark,,,,,,,,,,,,,,,,,,,,,,,,,,,,,,,Mark Mwandosya,,,,,,,,,,,,,,,,,,,,,,,,,,,,,,,,,,,,,,
Q4985242,Mary Nagu,Mary Nagu,Mary Nagu,Mary Nagu,Mary Nagu,Mary Nagu,Mary Nagu,female,1952-05-11,Mary Nagu,Mary Nagu,Mary Nagu,Mary Nagu,Mary Nagu,Mary Nagu,,,,,,,,,Mary,,,,,,,,,,,,,,,,,,,,,,,,,,,,,,,,,,,,,,,,,,,,,,,,,,,,,,,,,,,,,,,,,,,,,
Q6787103,Mathias Meinrad Chikawe,Mathias Chikawe,Mathias Chikawe,Mathias Chikawe,Mathias Chikawe,Mathias Chikawe,Mathias Meinrad Chikawe,male,1951-05-30,Mathias Chikawe,Mathias Chikawe,Mathias Meinrad Chikawe,Mathias Meinrad Chikawe,Mathias Meinrad Chikawe,Mathias Meinrad Chikawe,,,,https://upload.wikimedia.org/wikipedia/commons/e/e7/Mathias_Chikawe.jpg,,,,,Mathias,,,,,,,,,,Mathias Chikawe,,,,,,,,,,,,,,,,,,,,,,,,,,,,,,,,,,,,,,,,,,,,,,,,,,,,,,,,,,,
Q16193194,,Modestus Kilufi,Modestus Kilufi,Modestus Kilufi,Modestus Kilufi,Modestus Kilufi,,male,1959-03-11,Modestus Kilufi,,,,,,,,,,,,,,Modestus,,,,,,,,,,,,,,,,,,,,,,,,,,,,,,,,,,,,,,,,,,,,,,,,,,,,,,,,,,,,,,,,,,,,,
Q16731918,,Murtaza Mangungu,Murtaza Mangungu,,Murtaza Mangungu,Murtaza Mangungu,,male,1959-09-29,Murtaza Mangungu,,,,,,,,,,,,,,,,,,,,,,,,,,,,,,,,,,,,,,,,,,Murtaza Mangungu,,,,,,,,,,,,,,,,,,,,,,,,,,,,,,,,,,,,,,,,,
Q15101327,Mustafa Mkulo,Mustafa Mkulo,Mustafa Mkulo,Mustafa Mkulo,Mustafa Mkulo,Mustafa Mkulo,Mustafa Mkulo,male,1946-09-26,Mustafa Mkulo,,,,,,,,,https://upload.wikimedia.org/wikipedia/commons/3/3a/Mustafa_Mkulo.jpg,,,,,Mustafa,,,,,,,,,,,,,,,,,,,,,,,,,,,,,,,,,,,,,,,,,,,,,,,,,,,,,,,,,,,,,,,,,,,,,
Q16145843,,Mustapha Akunaay,Mustapha Akunaay,Mustapha Akunaay,Mustapha Akunaay,Mustapha Akunaay,,male,1952-08-15,Mustapha Akunaay,,,,,,,,,,,,,,Mustapha,,,,,,,,,,Mustapha Akunaay,,,,,,,,,,,,,,,,,,,,,,,,,,,,,,,,,,,,,,,,,,,,,,,,,,,,,,,,,,,
Q16106360,,Nimrod Mkono,Nimrod Mkono,,Nimrod Mkono,Nimrod Mkono,,male,1943-08-18,Nimrod Mkono,,,,,,,,,,,,,,,,,,,,,,,,,,,,,,,,,,,,,,,,,,,,,,,,,,,,,,,,,,,,,,,,,,,,,,,,,,,,,,,,,,,
Q16215979,,Nyambari Nyangwine,Nyambari Nyangwine,Nyambari Nyangwine,Nyambari Nyangwine,Nyambari Nyangwine,,male,1976-08-07,Nyambari Nyangwine,,,,,,,,,,,1888107,,,,,,,,,,,,,,,,,,,,,091573459,,,,,,,,,,,,,,,,,,,,,,,,,,,,,,,,,,,,,,,,,,,,,,,,,,,
Q16214078,,Osmund Mbilinyi,Osmund Mbilinyi,Osmund Mbilinyi,Osmund Mbilinyi,Osmund Mbilinyi,,male,1972-05-01,Osmund Mbilinyi,,,,,,,,,,,,,,,,,,,,,,,,,,,,,,,,,,,,,,,,,,,,,,,,,,,,,,,,,,,,,,,,,,,,,,,,,,,,,,,,,,,
Q16214187,,Peter Serukamba,Peter Serukamba,,Peter Serukamba,Peter Serukamba,,male,1972-06-06,Peter Serukamba,,,,,,,,,,,,,,Peter,,,,,,,,,,,,,,,,,,,,,,,,,,,,,,,,,,,,,,,,,,,,,,,,,,,,,,,,,,,,,,,,,,,,,
Q13124688,Philemon Ndesamburo,Philemon Ndesamburo,Philemon Ndesamburo,Philemon Ndesamburo,Philemon Ndesamburo,Philemon Ndesamburo,Philemon Ndesamburo,male,1935-02-19,Philemon Ndesamburo,,,,,,,,,,,,,,,,,,,,,,,,,,,,,,,,,,,,,,,,,,,,,,,,,,,,,,,,,,,,,,,,,,,,,,,,,,,,,,,,,,,
Q16214101,,Philipo Mulugo,Philipo Mulugo,Philipo Mulugo,Philipo Mulugo,Philipo Mulugo,,male,1972-01-27,Philipo Mulugo,,,,,,,,,,,,,,,,,,,,,,,,,,,,,,,,,,,,,,,,,,Philipo Mulugo,,,,,,,,,,,,,,,,,,,,,,,,,,,,,,,,,,,,,,,,,
Q16221074,,Saidi Mtanda,Saidi Mtanda,Saidi Mtanda,Saidi Mtanda,Saidi Mtanda,,male,1980-09-19,Saidi Mtanda,,,,,,,,,,,,,,,,,,,,,,,,,,,,,,,,,,,,,,,,,,Saidi Mtanda,,,,,,,,,,,,,,,,,,,,,,,,,,,,,,,,,,,,,,,,,
Q16193009,,Salum Barwany,Salum Barwany,Salum Barwany,Salum Barwany,Salum Barwany,,male,1959-06-30,Salum Barwany,,,,,,,,,,,,,,,,,,,,,,,,Salum Barwany,,,,,,,,,,,,,,,,,,,,,,,,,,,,,,,,,,,,,,,,,,,,,,,,,,,,,,,,,,,
Q16193978,,Selemani Bungara,Selemani Bungara,Selemani Bungara,Selemani Bungara,Selemani Bungara,,male,1961-11-18,Selemani Bungara,,,,,,,,,,,,,,,,,,,,,,,,Selemani Bungara,,,,,,,,,,,,,,,,,,Selemani Bungara,,,,,,,,,,,,,,,,,,,,,,,,,,,,,,,,,,,,,,,,,
Q16189341,,Stephen Kebwe,Stephen Kebwe,,Stephen Kebwe,Stephen Kebwe,,male,1957-07-13,Stephen Kebwe,,,,,,,,,,,,,,Stephen,,,,,,,,,,,,,,,,,,,,,,,,,,,,,,,,,,,,,,,,,,,,,,,,,,,,,,,,,,,,,,,,,,,,,
Q13124934,Stephen Masato Wassira,Stephen Wasira,Stephen Wasira,Stephen Wasira,Stephen Wasira,Stephen Wasira,Stephen Wasira,male,1945-01-01,Stephen Wasira,Stephen Wasira,,,,,,,,https://upload.wikimedia.org/wikipedia/commons/6/69/Wasira_pic_2012.jpg,,,,,Stephen,,,,,,,,,,,,,,,,,,,,,,,,,,,,,,,,,,,,,,,,,,,,,,,,,,,,,,,,,,,,,,,,,,,,,
Q13125162,Victor Kilasile Mwambalaswa,Victor Mwambalaswa,Victor Mwambalaswa,,Victor Mwambalaswa,Victor Mwambalaswa,Victor Kilasile Mwambalaswa,male,1953-05-08,Victor Mwambalaswa,,,,,,,,,,,,,,Victor,,,,,,,,,,,,,,,,,,,,,,,,,,,,,,,,,,,,,,,,,,,,,,,,,,,,,,,,,,,,,,,,,,,,,
Q16215031,,Vincent Nyerere,Vincent Nyerere,Vincent Nyerere,Vincent Nyerere,Vincent Nyerere,,male,1974-10-18,Vincent Nyerere,,,,,,,,,,,,,,Vincent,,,,,,,,,,,,,,,,,,,,,,,,,,,,,,,,,,,,,,,,,,,,,,,,,,,,,,,,,,,,,,,,,,,,,
Q16146273,,Abdalla Ali,Abdalla Ali,Abdalla Ali,Abdalla Ali,Abdalla Ali,,male,1964-01-01,Abdalla Ali,,,,,,,,,,,,,,,,,,,,,,,,Abdalla Ali,,,,,,,,,,,,,,,,,,Abdalla Ali,,,,,,,,,,,,,,,,,,,,,,,,,,,,,,,,,,,,,,,,,
Q16146018,,Abdul-Aziz Abood,,Abdul-Aziz Abood,Abdul-Aziz Abood,Abdul-Aziz Abood,,male,1959-05-27,Abdul-Aziz Abood,,,,,,,,,,,,,,,,,,,,,,,,Abdul-Aziz Abood,,,,,,,,,,,,,,,,,,Abdul-Aziz Abood,,,,,,,,,,,,,,,,,,,,,,,,,,,,,,,,,,,,,,,,,
Q13122539,Abdul Jabir Marombwa,Abdul Marombwa,Abdul Marombwa,,Abdul Marombwa,Abdul Marombwa,Abdul Jabir Marombwa,male,1959-11-25,Abdul Marombwa,,,,,,,,,,,,,,Abdul,,,,,,,,,,,,,,,,,,,,,,,,,,,,,,,,,,,,,,,,,,,,,,,,,,,,,,,,,,,,,,,,,,,,,
Q15651126,Abdulkarim Esmail Hassan Shah,Abdulkarim Shah,Abdulkarim Shah,Abdulkarim Shah,Abdulkarim Shah,Abdulkarim Shah,Abdulkarim Esmail Hassan Shah,male,1961-11-25,Abdulkarim Shah,,,,,,,,,,,,,,,,,,,,,,,,,,,,,,,,,,,,,,,,,,,,,,,,,,,,,,,,,,,,,,,,,,,,,,,,,,,,,,,,,,,
Q5506491,Adam Kighoma Malima,Adam Malima,Adam Malima,Adam Malima,Adam Malima,Adam Malima,Adam Kighoma Malima,male,1966-06-26,Adam Malima,Adam Malima,Adam Kighoma Malima,Adam Kighoma Malima,Adam Kighoma Malima,Adam Kighoma Malima,,,,,,,,,Adam,,,,,,,,,,,,,,,,,,,,,,,,,,,,,,,,,,,,,,,,,,,,,,,,,,,,,,,,,Adam Malima,Adam Malima,,,,,,,,,,,
Q16214535,,Ahmed Ngwali,Ahmed Ngwali,Ahmed Ngwali,Ahmed Ngwali,Ahmed Ngwali,,male,1973-01-01,Ahmed Ngwali,,,,,,,,,,,,,,Ahmed,,,,,,,,,,,,,,,,,,,,,,,,,,,,,,,,,,,,,,,,,,,,,,,,,,,,,,,,,,,,,,,,,,,,,
Q15665306,Ali Khamis Seif,Ali Khamis Seif,Ali Khamis Seif,Ali Khamis Seif,Ali Khamis Seif,Ali Khamis Seif,Ali Khamis Seif,male,1954-04-08,Ali Khamis Seif,,,,,,,,,,,,,,Ali,,,,,,,,,,,,,,,,,,,,,,,,,,,,,,,,,,,,,,,,,,,,,,,,,,,,,,,,,,,,,,,,,,,,,
Q16213631,,Amos Makalla,Amos Makalla,Amos Makalla,Amos Makalla,Amos Makalla,,male,1971-09-16,Amos Makalla,,,,,,,,,,,,,,Amos,,,,,,,,,,,,,,,,,,,,,,,,,,,,,,,,,,,,,,,,,,,,,,,,,,,,,,,,,,,,,,,,,,,,,
Q4985246,Celina Ompeshi Kombani,Celina Kombani,Celina Kombani,Celina Kombani,Celina Kombani,Celina Kombani,Celina Ompeshi Kombani,female,1959-06-19,Celina Kombani,Celina Kombani,Celina Ompeshi Kombani,Celina Ompeshi Kombani,Celina Ompeshi Kombani,Celina Ompeshi Kombani,,,,,,,,2015-09-24,Celina,,,,,,,Celina Kombani,,,,,,,,,,,,,,,,,,,,,,Celina Kombani,,,Celina Kombani,,,,,,,,,,,,,,,,,,,,,,,,,,,,,,,,,,,,,
Q16193684,,Charles Kitwanga,Charles Kitwanga,Charles Kitwanga,Charles Kitwanga,Charles Kitwanga,,male,1960-09-27,Charles Kitwanga,,,,,,,,,,,,,,Charles,,,,,,,,,,,,,,,,,,,,,,,,,,,,,,,,,,,,,,,,,,,,,,,,,,,,,,,,,,,,,,,,,,,,,
Q16194369,,Charles Tizeba,Charles Tizeba,Charles Tizeba,Charles Tizeba,Charles Tizeba,,male,1961-07-01,Charles Tizeba,,,,,,,,,,,,,,Charles,,,,,,,,,,,,,,,,,,,,,,,,,,,,Charles Tizeba,,,,,,,,,,,,,,,,,,,,,,,,,,,,,,,,,,,,,,,,,
Q16189390,,Donald Max,Donald Max,Donald Max,Donald Max,Donald Max,,male,1957-05-22,Donald Max,,,,,,,,,,,,,2015-06-23,Donald,,,,,,,,,,Donald Max,,,,,,,,,,,,,,,,,,,,,,,,,,,,,,,,,,,,,,,,,,,,,,,,,,,,,,,,,,,
Q16121934,,Dunstan Mkapa,Dunstan Mkapa,,Dunstan Mkapa,Dunstan Mkapa,,male,1948-09-20,Dunstan Mkapa,,,,,,,,,,,,,,Dunstan,,,,,,,,,,,,,,,,,,,,,,,,,,,,,,,,,,,,,,,,,,,,,,,,,,,,,,,,,,,,,,,,,,,,,
Q16217695,,Ezekia Wenje,Ezekia Wenje,Ezekia Wenje,Ezekia Wenje,Ezekia Wenje,,male,1978-10-02,Ezekia Wenje,,,,,,,,,,,,,,,,,,,,,,,,,,,,,,,,,,,,,,,,,,,,,,,,,,,,,,,,,,,,,,,,,,,,,,,,,,,,,,,,,,,
Q16187176,,Festus Limbu,Festus Limbu,Festus Limbu,Festus Limbu,Festus Limbu,,male,1956-04-19,Festus Limbu,,,,,,,,,,,,,,Festus,,,,,,,,,,,,,,,,,,,,,,,,,,,,Festus Limbu,,,,,,,,,,,,,,,,,,,,,,,,,,,,,,,,,,,,,,,,,
Q4985236,George Huruma Mkuchika,George Mkuchika,George Mkuchika,George Mkuchika,George Mkuchika,George Mkuchika,George Huruma Mkuchika,male,1948-10-06,George Mkuchika,George Mkuchika,George Huruma Mkuchika,George Huruma Mkuchika,George Huruma Mkuchika,George Huruma Mkuchika,,,,,,,,,George,,,,,,,,,,,,,,,,,,,,,,,,,,,,,,,,,,,,,,,,,,,,,,,,,,,,,,,,,,,,,,,,,,,,,
Q16192851,,Hadji Mponda,Hadji Mponda,Hadji Mponda,Hadji Mponda,Hadji Mponda,,male,1958-09-27,Hadji Mponda,,,,,,,,,https://upload.wikimedia.org/wikipedia/commons/4/49/Hadji_Mponda.jpg,,,,,,,,,,,,,,,,,,,,,,,,,,,,,,,,,,,,,,,,,,,,,,,,,,,,,,,,,,,,,,,,,,,,,,,,,,
Q16213580,,Haji Kai,Haji Kai,Haji Kai,Haji Kai,Haji Kai,,male,1971-10-10,Haji Kai,,,,,,,,,,,,,,,,,,,,,,,,,,,,,,,,,,,,,,,,,,,,,,,,,,,,,,,,,,,,,,,,,,,,,,,,,,,,,,,,,,,
Q16733054,,Haji Mussa,Haji Mussa,,Haji Mussa,Haji Mussa,,male,,Haji Mussa,,,,,,,,,,,,,,,,,,,,,,,,,,,,,,,,,,,,,,,,,,,,,,,,,,,,,,,,,,,,,,,,,,,,,,,,,,,,,,,,,,,
Q14925565,Hamad Rashid Mohamed,Hamad Rashid Mohamed,Hamad Rashid Mohamed,Hamad Rashid Mohamed,Hamad Rashid Mohamed,Hamad Rashid Mohamed,Hamad Rashid Mohamed,male,1950-03-01,Hamad Rashid Mohamed,,,,,,,,,,,,,,,,,,,,,,,,,,,,,,,,,,,,,,,,,,,,,,,,,,,,,,,,,,,,,,,,,,,,,,,,,,,,,,,,,,,
Q16211651,,Hamoud Jumaa,Hamoud Jumaa,,Hamoud Jumaa,Hamoud Jumaa,,male,1970-07-10,Hamoud Jumaa,,,,,,,,,,,,,,,,,,,,,,,,,,,,,,,,,,,,,,,,,,,,,,,,,,,,,,,,,,,,,,,,,,,,,,,,,,,,,,,,,,,
Q16194800,,Haroub Shamis,Haroub Shamis,Haroub Shamis,Haroub Shamis,Haroub Shamis,,male,1962-03-05,Haroub Shamis,,,,,,,,,,,,,,,,,,,,,,,,,,,,,,,,,,,,,,,,,,Haroub Shamis,,,,,,,,,,,,,,,,,,,,,,,,,,,,,,,,,,,,,,,,,
Q5679373,,Hasnain Murji,Hasnain Murji,Hasnain Murji,Hasnain Murji,Hasnain Murji,,male,1966-10-24,Hasnain Murji,,,,,,,,,,,,,,,,,,,,,,,,,,,,,,,,,,,,,,,,,,,,,,,,,,,,,,,,,,,,,,,,,,,,,,,,,,,,,,,,,,,
Q5684168,Hawa Abdulrahman Ghasia,Hawa Ghasia,Hawa Ghasia,Hawa Ghasia,Hawa Ghasia,Hawa Ghasia,Hawa Abdulrahman Ghasia,female,1966-01-10,Hawa Ghasia,,Hawa Abdulrahman Ghasia,Hawa Abdulrahman Ghasia,Hawa Abdulrahman Ghasia,Hawa Abdulrahman Ghasia,,,,,,,,,Hawa,,,,,,,,,,Hawa Ghasia,,,,,,,,,,,,,,,,,,,,,,,,,,,,,,,,,,,,,,,,,,,,,,,,,,,,,,,,,,,
Q16215870,,Highness Kiwia,Highness Kiwia,Highness Kiwia,Highness Kiwia,Highness Kiwia,,male,1976-10-08,Highness Kiwia,,,,,,,,,,,,,,,,,,,,,,,,,,,,,,,,,,,,,,,,,,,,,,,,,,,,,,,,,,,,,,,,,,,,,,,,,,,,,,,,,,,
Q16147163,,Hussein Amar,Hussein Amar,Hussein Amar,Hussein Amar,Hussein Amar,,male,1958-04-20,Hussein Amar,,,,,,,,,,,,,,Hussein,,,,,,,,,,Hussein Amar,,,,,,,,,,,,,,,,,,Hussein Amar,,,,,,,,,,,,,,,,,,,,,,,,,,,,,,,,,,,,,,,,,
Q16193031,,Jerome Bwanausi,Jerome Bwanausi,,Jerome Bwanausi,Jerome Bwanausi,,male,1959-11-01,Jerome Bwanausi,,,,,,,,,,,,,,Jerome,,,,,,,,,,Jerome Bwanausi,,,,,,,,,,,,,,,,,,,,,,,,,,,,,,,,,,,,,,,,,,,,,,,,,,,,,,,,,,,
Q16195717,,Juma Njwayo,Juma Njwayo,,Juma Njwayo,Juma Njwayo,,male,1964-03-10,Juma Njwayo,,,,,,,,,,,,,,Juma,,,,,,,,,,,,,,,,,,,,,,,,,,,,,,,,,,,,,,,,,,,,,,,,,,,,,,,,,,,,,,,,,,,,,
Q6399650,Khalifa Suleiman Khalifa,Khalifa Suleiman Khalifa,Khalifa Suleiman Khalifa,Khalifa Suleiman Khalifa,Khalifa Suleiman Khalifa,Khalifa Suleiman Khalifa,Khalifa Suleiman Khalifa,male,1956-08-09,Khalifa Suleiman Khalifa,,Khalifa Suleiman Khalifa,Khalifa Suleiman Khalifa,Khalifa Suleiman Khalifa,Khalifa Suleiman Khalifa,,,,,,,,,,,,,,,,,,,,,,,,,,,,,,,,,,,,,,,,,,,,,,,,,,,,,,,,,,,,,,,,,,,,,,,,,,,,,,
Q16194573,,Khatib Haji,Khatib Haji,Khatib Haji,Khatib Haji,Khatib Haji,,male,1962-07-31,Khatib Haji,,,,,,,,,,,,,,,,,,,,,,,,Khatib Haji,,,,,,,,,,,,,,,,,,,,,,,,,,,,,,,,,,,,,,,,,,,,,,,,,,,,,,,,,,,
Q16195154,,Kombo Khamis Kombo,Kombo Khamis Kombo,Kombo Khamis Kombo,Kombo Khamis Kombo,Kombo Khamis Kombo,,male,1963-02-15,Kombo Khamis Kombo,,,,,,,,,,,,,,,,,,,,,,,,,,,,,,,,,,,,,,,,,,,,,,,,,,,,,,,,,,,,,,,,,,,,,,,,,,,,,,,,,,,
Q16213460,,Lolesia Bukwimba,Lolesia Bukwimba,Lolesia Bukwimba,Lolesia Bukwimba,Lolesia Bukwimba,,male,1971-02-24,Lolesia Bukwimba,,,,,,,,,,,,,,,,,,,,,,,,Lolesia Bukwimba,,,,,,,,,,,,,,,,,,,,,,,,,,,,,,,,,,,,,,,,,,,,,,,,,,,,,,,,,,,
Q6761791,Mariam Reuben Kasembe,Mariam Reuben Kasembe,Mariam Reuben Kasembe,Mariam Reuben Kasembe,Mariam Reuben Kasembe,Mariam Kasembe,Mariam Reuben Kasembe,female,1957-08-26,Mariam Kasembe,,Mariam Reuben Kasembe,Mariam Reuben Kasembe,Mariam Reuben Kasembe,Mariam Reuben Kasembe,,,,,,,,,Mariam,,,,,,,,,,,,,,,,,,,,,,,,,,,,,,,,,,,,,,,,,,,,,,,,,,,,,,,,,,,,,,,,,,,,,
Q16194781,,Masoud Salim,Masoud Salim,Masoud Salim,Masoud Salim,Masoud Salim,,male,1962-10-24,Masoud Salim,,,,,,,,,,,,,,,,,,,,,,,,,,,,,,,,,,,,,,,,,,Masoud Salim,,,,,,,,,,,,,,,,,,,,,,,,,,,,,,,,,,,,,,,,,
Q16146299,,Mbarouk Ali,Mbarouk Ali,Mbarouk Ali,Mbarouk Ali,Mbarouk Ali,,male,1962-06-20,Mbarouk Ali,,,,,,,,,,,,,,,,,,,,,,,,Mbarouk Ali,,,,,,,,,,,,,,,,,,,,,,,,,,,,,,,,,,,,,,,,,,,,,,,,,,,,,,,,,,,
Q16186796,,Mohamed Mnyaa,Mohamed Mnyaa,Mohamed Mnyaa,Mohamed Mnyaa,Mohamed Mnyaa,,male,1955-12-02,Mohamed Mnyaa,,,,,,,,,,,,,,Mohamed,,,,,,,,,,,,,,,,,,,,,,,,,,,,,,,,,,,,,,,,,,,,,,,,,,,,,,,,,,,,,,,,,,,,,
Q16195214,,Rajab Mohammed,Rajab Mohammed,Rajab Mohammed,Rajab Mohammed,Rajab Mohammed,,male,1963-11-02,Rajab Mohammed,,,,,,,,,,,,,,,,,,,,,,,,,,,,,,,,,,,,,,,,,,,,,,,,,,,,,,,,,,,,,,,,,,,,,,,,,,,,,,,,,,,
Q16145876,,Rashid Abdallah,Rashid Abdallah,Rashid Abdallah,Rashid Abdallah,Rashid Abdallah,,male,1959-12-02,Rashid Abdallah,,,,,,,,,,,,,,Rashid,,,,,,,,,,Rashid Abdallah,,,,,,,,,,,,,,,,,,Rashid Abdallah,,,,,,,,,,,,,,,,,,,,,,,,,,,,,,,,,,,,,,,,,
Q16194239,,Rashid Omar,Rashid Omar,Rashid Omar,Rashid Omar,Rashid Omar,,male,1961-01-13,Rashid Omar,,,,,,,,,,,,,,Rashid,,,,,,,,,,,,,,,,,,,,,,,,,,,,Rashid Omar,,,,,,,,,,,,,,,,,,,,,,,,,,,,,,,,,,,,,,,,,
Q16193269,,Richard Ndassa,Richard Ndassa,Richard Ndassa,Richard Ndassa,Richard Ndassa,,male,1959-03-21,Richard Ndassa,,,,,,,,,,,,,,Richard,,,,,,,,,,,,,,,,,,,,,,,,,,,,Richard Ndassa,,,,,,,,,,,,,,,,,,,,,,,,,,,,,,,,,,,,,,,,,
Q16192912,,Said Suleiman Said,Said Suleiman Said,Said Suleiman Said,Said Suleiman Said,Said Suleiman Said,,male,1958-06-15,Said Suleiman Said,,,,,,,,,,,,,,Said,,,,,,,,,,,,,,,,,,,,,,,,,,,,Said Suleiman Said,,,,,,,,,,,,,,,,,,,,,,,,,,,,,,,,,,,,,,,,,
Q16019654,,Saidi Bwanamdogo,Saidi Bwanamdogo,Saidi Bwanamdogo,Saidi Bwanamdogo,Saidi Bwanamdogo,,male,1968-12-15,Saidi Bwanamdogo,,,,,,,,,,,,,2014-01-22,,,,,,,,,,,,,,,,,,,,,,,,,,,,,,,,,,,,,,,,,,,,,,,,,,,,,,,,,,,,,,,,,,,,,,
Q15993155,,Salim Khamis,Salim Khamis,Salim Khamis,Salim Khamis,Salim Khamis,,male,1951-09-20,Salim Khamis,,,,,,,,,,,,,2013-03-28,Salim,,,,,,,,,,,,,,,,,,,,,,,,,,,,,,,,,,,,,,,,,,,,,,,,,,,,,,,,,,,,,,,,,,,,,
Q16213626,,Salvatory Machemli,Salvatory Machemli,Salvatory Machemli,Salvatory Machemli,Salvatory Machemli,,male,1971-01-14,Salvatory Machemli,,,,,,,,,,,,,,,,,,,,,,,,,,,,,,,,,,,,,,,,,,,,,,,,,,,,,,,,,,,,,,,,,,,,,,,,,,,,,,,,,,,
Q16214458,,Selemani Jafo,Selemani Jafo,Selemani Jafo,Selemani Jafo,Selemani Jafo,,male,1973-05-26,Selemani Jafo,,,,,,,,,,,,,,,,,,,,,,,,,,,,,,,,,,,,,,,,,,,,,,,,,,,,,,,,,,,,,,,,,,,,,,,,,,,,,,,,,,,
Q16197097,,Shanif Mansoor,Shanif Mansoor,Shanif Mansoor,Shanif Mansoor,Shanif Mansoor,,male,1967-05-05,Shanif Mansoor,,,,,,,,,,,,,,,,,,,,,,,,,,,,,,,,,,,,,,,,,,Shanif Mansoor,,,,,,,,,,,,,,,,,,,,,,,,,,,,,,,,,,,,,,,,,
Q7504868,Shukuru Kawambwa,Shukuru Kawambwa,Shukuru Kawambwa,Shukuru Kawambwa,Shukuru Kawambwa,Shukuru Kawambwa,Shukuru Kawambwa,male,1957-12-15,Shukuru Kawambwa,Shukuru Kawambwa,Shukuru Kawambwa,Shukuru Kawambwa,Shukuru Kawambwa,Shukuru Kawambwa,,,,https://upload.wikimedia.org/wikipedia/commons/b/b3/Shukuru_Kawambwa.jpg,,,,,,,,,,,,,,,,,,,,,,,,,,,,,,,,,,,,,,,,,,,,,,,,,,,,,,,,,,,,,,,,,,,,,,,,,,
Q16196108,,Silvestry Koka,Silvestry Koka,Silvestry Koka,Silvestry Koka,Silvestry Koka,,male,1965-05-15,Silvestry Koka,,,,,,,,,,,,,,,,,,,,,,,,,,,,,,,,,,,,,,,,,,,,,,,,,,,,,,,,,,,,,,,,,,,,,,,,,,,,,,,,,,,
Q16189334,,Titus Kamani,Titus Kamani,,Titus Kamani,Titus Kamani,,male,1957-11-14,Titus Kamani,,,,,,,,,,,,,,Titus,,,,,,,,,,,,,,,,,,,,,,,,,,,,,,,,,,,,,,,,,,,,,,,,,,,,,,,,,,,,,,,,,,,,,
Q13125252,William Mganga Ngeleja,William Ngeleja,William Ngeleja,,William Ngeleja,William Ngeleja,William Ngeleja,male,1967-10-05,William Ngeleja,,William Ngeleja,,,,,,,https://upload.wikimedia.org/wikipedia/commons/5/53/William_Ngeleja.jpg,,,,,William,,,,,,,,,,,,,,,,,,,,,,,,,,,,,,,,,,,,,,,,,,,,,,,,,,,,William Ngeleja,,,,,,,,,,,,,,,,,
Q4664665,Abdallah Omar Kigoda,Abdallah Kigoda,Abdallah Kigoda,Abdallah Kigoda,Abdallah Kigoda,Abdallah Kigoda,Abdallah Kigoda,male,1953-11-25,Abdallah Kigoda,Abdallah Kigoda,Abdallah Omar Kigoda,Abdallah Omar Kigoda,Abdallah Omar Kigoda,Abdallah Omar Kigoda,Abdallah Kigoda,Abdallah Kigoda,Abdallah Kigoda,https://upload.wikimedia.org/wikipedia/commons/e/e7/Abdallah_Kigoda.jpg,0000 0000 4323 828X,26589885,nb2007000971,2015-10-12,Abdallah,,,,,,,,,,,,,,,,,,,,,,,,,,,,,,,,,,,,,,,,,,,,,,,,,,,,,,,,,,,,,,,,,,,,,
Q16214447,,Aeshi Hilaly,Aeshi Hilaly,Aeshi Hilaly,Aeshi Hilaly,Aeshi Hilaly,,male,1973-12-12,Aeshi Hilaly,,,,,,,,,,,,,,,,,,,,,,,,,,,,,,,,,,,,,,,,,,,,,,,,,,,,,,,,,,,,,,,,,,,,,,,,,,,,,,,,,,,
Q13122556,Ahmed Ally Salum,Ahmed Salum,Ahmed Salum,,Ahmed Salum,Ahmed Salum,Ahmed Ally Salum,male,1966-06-28,Ahmed Salum,,,,,,,,,,,,,,Ahmed,,,,,,,,,,,,,,,,,,,,,,,,,,,,,,,,,,,,,,,,,,,,,,,,,,,,,,,,,,,,,,,,,,,,,
Q16136464,,Ally Keissy,Ally Keissy,,Ally Keissy,Ally Keissy,,male,1949-10-15,Ally Keissy,,,,,,,,,,,,,,,,,,,,,,,,,,,,,,,,,,,,,,,,,,,,,,,,,,,,,,,,,,,,,,,,,,,,,,,,,,,,,,,,,,,
Q4756599,Andrew John Chenge,Andrew Chenge,Andrew Chenge,Andrew Chenge,Andrew Chenge,Andrew Chenge,Andrew John Chenge,male,1947-12-24,Andrew Chenge,,Andrew John Chenge,Andrew John Chenge,Andrew John Chenge,Andrew John Chenge,,,,,,,,,Andrew,,,,,,,,,,Andrew Chenge,,,,,,,,,,,,,,,,,,,,,,,,,,,,,,,,,,,,,,,,,,,,,,,,,,,,,,,,,,,
Q16151862,,Athuman Mfutakamba,Athuman Mfutakamba,Athuman Mfutakamba,Athuman Mfutakamba,Athuman Mfutakamba,,male,1952-04-19,Athuman Mfutakamba,,,,,,,,,,,,,,,,,,,,,,,,,,,,,,,,,,,,,,,,,,,,,,,,,,,,,,,,,,,,,,,,,,,,,,,,,,,,,,,,,,,
Q16196584,,Augustino Masele,Augustino Masele,Augustino Masele,Augustino Masele,Augustino Masele,,male,1966-06-15,Augustino Masele,,,,,,,,,,,,,,,,,,,,,,,,,,,,,,,,,,,,,,,,,,Augustino Masele,,,,,,,,,,,,,,,,,,,,,,,,,,,,,,,,,,,,,,,,,
Q13122607,Beatrice Matumbo Shellukindo,Beatrice Shellukindo,Beatrice Shellukindo,Beatrice Shellukindo,Beatrice Shellukindo,Beatrice Shellukindo,Beatrice Matumbo Shellukindo,female,1958-08-22,Beatrice Shellukindo,Beatrice Shellukindo,,,,,,,,,,,,,Beatrice,,,,,,,,,,,,,,,,,,,,,,,,,,,,,,,,,,,,,,,,,,,,,,,,,,,,,,,,,,,,,,,,,,,,,
Q16193750,,Desderius Mipata,Desderius Mipata,Desderius Mipata,Desderius Mipata,Desderius Mipata,,male,1960-08-11,Desderius Mipata,,,,,,,,,,,,,,,,,,,,,,,,,,,,,,,,,,,,,,,,,,Desderius Mipata,,,,,,,,,,,,,,,,,,,,,,,,,,,,,,,,,,,,,,,,,
Q5018747,Emmanuel John Nchimbi,Emmanuel Nchimbi,Emmanuel Nchimbi,Emmanuel Nchimbi,Emmanuel Nchimbi,Emmanuel Nchimbi,Emmanuel John Nchimbi,male,1971-12-24,Emmanuel Nchimbi,Emmanuel Nchimbi,Emmanuel Nchimbi,Emmanuel John Nchimbi,Emmanuel John Nchimbi,Emmanuel John Nchimbi,,,,,,,,,Emmanuel,,,,,,,,,,Emmanuel Nchimbi,,,,,,,,,,,,,,,,,,,,,,,,,,,,,,,,,,,,,,,,,,Emmanuel Nchimbi,,,,,,,,,,,,,,,,,
Q16211983,,Ezekiel Maige,Ezekiel Maige,Ezekiel Maige,Ezekiel Maige,Ezekiel Maige,,male,1970-03-28,Ezekiel Maige,,,,,,,,,,,,,,Ezekiel,,,,,,,,,,,,,,,,,,,,,,,,,,,,,,,,,,,,,,,,,,,,,,,,,,,,,,,,,,,,,,,,,,,,,
Q5527603,Gaudence Cassian Kayombo,Gaudence Cassian Kayombo,Gaudence Cassian Kayombo,,Gaudence Cassian Kayombo,Gaudence Kayombo,Gaudence Cassian Kayombo,male,1955-07-25,Gaudence Kayombo,,Gaudence Cassian Kayombo,Gaudence Cassian Kayombo,Gaudence Cassian Kayombo,Gaudence Cassian Kayombo,,,,,,,,,,,,,,,,,,,,,,,,,,,,,,,,,,,,,,,,,,,,,,,,,,,,,,,,,,,,,,,,,,,,,,,,,,,,,,
Q5645411,,Hamisi Andrea Kigwangalla,Hamisi Andrea Kigwangalla,,Hamisi Andrea Kigwangalla,Hamisi Kigwangalla,,male,1975-08-07,Hamisi Kigwangalla,,Hamisi Kigwangalla,,,,,,,https://upload.wikimedia.org/wikipedia/commons/3/38/Hamisi_Kigwangalla.png,,,,,,,,,,,,,,,,,,,,,,,,,,,,,,,,,,,,,,,,,http://www.hamisikigwangalla.com,,,,,,,,,,,,,,,,,,,,,,,,,,,,,,,,,
Q16193732,,Ignas Malocha,Ignas Malocha,Ignas Malocha,Ignas Malocha,Ignas Malocha,,male,1960-12-22,Ignas Malocha,,,,,,,,,,,,,,Ignas,,,,,,,,,,,,,,,,,,,,,,,,,,,,Ignas Malocha,,,,,,,,,,,,,,,,,,,,,,,,,,,,,,,,,,,,,,,,,
Q16185539,,Ismail Rage,Ismail Rage,Ismail Rage,Ismail Rage,Ismail Rage,,male,1953-01-03,Ismail Rage,,,,,,,,,,,,,,Ismail,,,,,,,,,,,,,,,,,,,,,,,,,,,,Ismail Rage,,,,,,,,,,,,,,,,,,,,,,,,,,,,,,,,,,,,,,,,,
Q16187173,,James Lembeli,James Lembeli,,James Lembeli,James Lembeli,,male,1956-12-26,James Lembeli,,,,,,,,,,,,,,James,,,,,,,,,,,,,,,,,,,,,,,,,,,,,,,,,,,,,,,,,,,,,,,,,,,,,,,,,,,,,,,,,,,,,
Q1612942,January Makamba,January Makamba,January Makamba,January Makamba,January Makamba,January Makamba,January Makamba,male,1974-01-28,January Makamba,January Makamba,January Makamba,January Makamba,January Makamba,January Makamba,,,,https://upload.wikimedia.org/wikipedia/commons/d/d8/January_Makamba_2012.jpg,,,,,January,,,,,,,,,,,,,,,,,,,,,,,,,,,,,,,,,JMakamba,,,http://www.januarymakamba.com,,,,,,,,,,,,,,,,,,,,,,,,,,,,,,,,,
Q11978376,Jenista Joakim Mhagama,Jenista Mhagama,Jenista Mhagama,Jenista Mhagama,Jenista Mhagama,Jenista Mhagama,Jenista Joakim Mhagama,female,1967-06-23,Jenista Mhagama,,Jenista Mhagama,,,,,,,,,,,,,,,,,,,,,,,,,,,,,,,,,,,,,,,,,,,,,,,,,,,,,,,,,,,,,,,,Jenista Mhagama,,,,,,,,,,,,,,,,,
Q6249130,John Momose Cheyo,John Momose Cheyo,John Momose Cheyo,,John Momose Cheyo,John Cheyo,John Momose Cheyo,male,,John Cheyo,,John Momose Cheyo,John Momose Cheyo,John Momose Cheyo,John Momose Cheyo,,,,,,,,,John,,,,,,,,,,John Cheyo,,,,,,,,,,,,,,,,,,,,,,,,,,,,,,,,,,,,,,,,,,,,,,,,,,,,,,,,,,,
Q6225954,John Zefania Chiligati,John Chiligati,John Chiligati,John Chiligati,John Chiligati,John Chiligati,John Zefania Chiligati,male,1950-10-14,John Chiligati,,John Zefania Chiligati,John Zefania Chiligati,John Zefania Chiligati,John Zefania Chiligati,,,,,,,,,John,,,,,,,,,,John Chiligati,,,,,,,,,,,,,,,,,,,,,,,,,,,,,,,,,,,,,,,,,,,,,,,,,,,,,,,,,,,
Q16186325,John Damiano Komba,John Komba,John Komba,John Komba,John Komba,John Komba,John Damiano Komba,male,1954-03-18,John Komba,,John Komba,,,,,,,,,,,2015-02-28,John,,,,,,,,,,John Komba,,,John Komba,,,,,,,,,,,,,,,,,,,,,,,,,,,,,,,,,,,,,,,,,,,,,,,,,,,,,,,,
Q16136742,,John Lwanji,John Lwanji,,John Lwanji,John Lwanji,,male,1949-03-01,John Lwanji,,,,,,,,,,,,,,John,,,,,,,,,,,,,,,,,,,,,,,,,,,,,,,,,,,,,,,,,,,,,,,,,,,,,,,,,,,,,,,,,,,,,
Q16145753,,John Shibuda,John Shibuda,John Shibuda,John Shibuda,John Shibuda,,male,1950-02-23,John Shibuda,,,,,,,,,,,,,,John,,,,,,,,,,,,,,,,,,,,,,,,,,,,,,,,,,,,,,,,,,,,,,,,,,,,,,,,,,,,,,,,,,,,,
Q6310729,Juma Athuman Kapuya,Juma Kapuya,Juma Kapuya,Juma Kapuya,Juma Kapuya,Juma Kapuya,Juma Athuman Kapuya,male,1945-06-22,Juma Kapuya,Juma Kapuya,Juma Athuman Kapuya,Juma Athuman Kapuya,Juma Athuman Kapuya,Juma Athuman Kapuya,,,,,,,,,Juma,,,,,,,,,,,,,,,,,,,,,,,,,,,,,,,,,,,,,,,,,,,,,,,,,,,,,,,,,,,,,,,,,,,,,
Q16145341,,Kulikoyela Kahigi,Kulikoyela Kahigi,Kulikoyela Kahigi,Kulikoyela Kahigi,Kulikoyela Kahigi,,male,1950-08-04,Kulikoyela Kahigi,,,,,,,,,,,,,,,,,,,,,,,,,,,,,,,,,,,,,,,,,,,,,,,,,,,,,,,,,,,,,,,,,,,,,,,,,,,,,,,,,,,
Q16212523,Lazaro Samuel Nyalandu,Lazaro Nyalandu,Lazaro Nyalandu,Lazaro Nyalandu,Lazaro Nyalandu,Lazaro Nyalandu,Lazaro Nyalandu,male,1970-08-18,Lazaro Nyalandu,,,,,,,,,,,,,,,,,,,,,,,,,,,,,,,,,,,,,,,,,,,,,,,LazaroNyalandu,,,,,,,,,,,,,,,,,,,,,,,Category:Lazaro Nyalandu,,,,,,,,,,,,,
Q16215437,,Luhaga Mpina,Luhaga Mpina,Luhaga Mpina,Luhaga Mpina,Luhaga Mpina,,male,1975-05-05,Luhaga Mpina,,,,,,,,,,,,,,,,,,,,,,,,,,,,,,,,,,,,,,,,,,Luhaga Mpina,,,,,,,,,,,,,,,,,,,,,,,,,,,,,,,,,,,,,,,,,
Q16197150,,Meshack Opulukwa,Meshack Opulukwa,Meshack Opulukwa,Meshack Opulukwa,Meshack Opulukwa,,male,1967-07-27,Meshack Opulukwa,,,,,,,,,,,,,,,,,,,,,,,,,,,,,,,,,,,,,,,,,,,,,,,,,,,,,,,,,,,,,,,,,,,,,,,,,,,,,,,,,,,
Q57693,Mizengo Kayanza Peter Pinda,Mizengo Pinda,Mizengo Pinda,Mizengo Pinda,Mizengo Pinda,Mizengo Pinda,Mizengo Kayanza Peter Pinda,male,1948-08-12,Mizengo Pinda,Mizengo Pinda,Mizengo Pinda,Mizengo Kayanza Peter Pinda,Mizengo Kayanza Peter Pinda,Mizengo Pinda,,,,"https://upload.wikimedia.org/wikipedia/commons/f/ff/Mizengo_Pinda,_Prime_Minister_of_Tanzania.jpg",,,,,,,,,,,,Mizengo Pinda,Mizengo Pinda,,Mizengo Pinda,米增戈·平达,Mizengo Pinda,Mizengo Pinda,,Mizengo Pinda,Mizengo Pinda,米增戈·平达,,/m/03nnyr6,,Mizengo Pinda,"Пинда, Мизенго",Mizengo Pinda,Mizengo Pinda,"Пинда, Мизенго",Mizengo Pinda,Mizengo Pinda,Mizengo Pinda,Mizengo Pinda,Mizengo Pinda,,Mizengo Pinda,,,,,Mizengo Pinda,Mizengo Pinda,Mizengo Pinda,Mizengo Pinda,ミゼンゴ・ピンダ,Μιζένγκο Πίντα,Мизенго Пинда,미젱고 핀다,Mizengo Pinda,Μιζένγκο Πίντα,Mizengo Pinda,Mizengo Pinda,Mizengo Pinda,ミゼンゴ・ピンダ,미젱고 핀다,Mizengo Pinda,Mizengo Pinda,Мизенго Пинда,Mizengo Pinda,,,,,,,,,,,,,,
Q16107053,,Mohamed Missanga,Mohamed Missanga,Mohamed Missanga,Mohamed Missanga,Mohamed Missanga,,male,1945-03-15,Mohamed Missanga,,,,,,,,,,,,,,Mohamed,,,,,,,,,,,,,,,,,,,,,,,,,,,,Mohamed Missanga,,,,,,,,,,,,,,,,,,,,,,,,,,,,,,,,,,,,,,,,,
Q6893059,Mohammed Gulam Dewji,Mohammed Dewji,Mohammed Dewji,Mohammed Dewji,Mohammed Dewji,Mohammed Dewji,Mohammed Gulam Dewji,male,1975-05-08,Mohammed Dewji,Mohammed Dewji,,,,,,,,https://upload.wikimedia.org/wikipedia/commons/5/52/Mohammed_dewji_2013-12-09_16-15.png,,,,,Mohammed,,,,,,,,,,Mohammed Dewji,,,,,,,,,,,,,,,,,,,,,,,,,,,,,,,,,,,,,,,,,,,,,,,,,,,,,,,,,,,
Q16199703,,Moshi Kakoso,Moshi Kakoso,,Moshi Kakoso,Moshi Kakoso,,male,1968-05-02,Moshi Kakoso,,,,,,,,,,,,,,,,,,,,,,,,,,,,,,,,,,,,,,,,,,,,,,,,,,,,,,,,,,,,,,,,,,,,,,,,,,,,,,,,,,,
Q16194217,,Mtutura A. Mtutura,,,Mtutura A. Mtutura,Mtutura A. Mtutura,,male,1961-05-06,Mtutura A. Mtutura,,,,,,,,,,,,,,,,,,,,,,,,,,,,,,,,,,,,,,,,,,,,,,,,,,,,,,,,,,,,,,,,,,,,,,,,,,,,,,,,,,,
Q16215452,,Mwigulu Nchemba,Mwigulu Nchemba,,Mwigulu Nchemba,Mwigulu Nchemba,,male,1975-01-07,Mwigulu Nchemba,,,,,,,,,,,,,,,,,,,,,,,,,,,,,,,,,,,,,,,,,,,,,,,,,,,,,,,,,,,,,,,,,,,,,,,,,,,,,,,,,,,
Q16193730,,Ramo Makani,Ramo Makani,,Ramo Makani,Ramo Makani,,male,1960-09-22,Ramo Makani,,,,,,,,,,,,,,,,,,,,,,,,,,,,,,,,,,,,,,,,,,,,,,,,,,,,,,,,,,,,,,,,,,,,,,,,,,,,,,,,,,,
Q7369953,Rostam Abdulrasul Aziz,Rostam Aziz,Rostam Aziz,Rostam Aziz,Rostam Aziz,Rostam Aziz,Rostam Abdulrasul Aziz,male,1960-08-21,Rostam Aziz,,Rostam Abdulrasul Aziz,Rostam Abdulrasul Aziz,Rostam Abdulrasul Aziz,Rostam Abdulrasul Aziz,,,,,,,,,,,,,,,,,,,Rostam Aziz,,,,,,,,,,,,,,,,,,,,,,,,,,,,,,,,,,,,,,,,,,,,,,,,,,,,,,,,,,,
Q16147489,,Said Arfi,Said Arfi,Said Arfi,Said Arfi,Said Arfi,,male,1952-02-09,Said Arfi,,,,,,,,,,,,,,Said,,,,,,,,,,Said Arfi,,,,,,,,,,,,,,,,,,Said Arfi,,,,,,,,,,,,,,,,,,,,,,,,,,,,,,,,,,,,,,,,,
Q16194724,,Said Nkumba,Said Nkumba,Said Nkumba,Said Nkumba,Said Nkumba,,male,1962-04-17,Said Nkumba,,,,,,,,,,,,,,Said,,,,,,,,,,,,,,,,,,,,,,,,,,,,,,,,,,,,,,,,,,,,,,,,,,,,,,,,,,,,,,,,,,,,,
Q16186392,,Salome Mwambu,Salome Mwambu,,Salome Mwambu,Salome Mwambu,,female,1954-05-23,Salome Mwambu,,,,,,,,,,,,,,Salome,,,,,,,,,,,,,,,,,,,,,,,,,,,,,,,,,,,,,,,,,,,,,,,,,,,,,,,,,,,,,,,,,,,,,
Q7412646,Samwel Sitta,Samuel Sitta,Samuel Sitta,Samuel Sitta,Samuel Sitta,Samuel Sitta,Samuel John Sitta,male,1942-12-18,Samuel Sitta,Samuel Sitta,Samwel Sitta,Samwel Sitta,Samwel Sitta,Samwel Sitta,,,,https://upload.wikimedia.org/wikipedia/commons/f/ff/Samuel_Sitta.png,,,,,Samuel,,,,,,,,,,,,,,,,,,,,,,,,,,,,,,,,,,,,,,,,,,,,,,,,,,,,,,,,,,,,,,,,,,,,,
Q7446653,,Seif Rashidi,Seif Rashidi,Seif Rashidi,Seif Rashidi,Seif Rashidi,,male,1957-01-16,Seif Rashidi,Seif Rashidi,,,,,,,,https://upload.wikimedia.org/wikipedia/commons/1/15/Seif_Rashidi.png,,,,,,,,,,,,,,,,,,,,,,,,,,,,,,,,,Seif Rashidi,,,,,,,,,,,,,,,,,,,,,,,,,,,,,,,,,,,,,,,,,
Q16196351,,Selemani Zedi,Selemani Zedi,Selemani Zedi,Selemani Zedi,Selemani Zedi,,,1965-10-28,Selemani Zedi,,,,,,,,,,,,,,,,,,,,,,,,,,,,,,,,,,,,,,,,,,Selemani Zedi,,,,,,,,,,,,,,,,,,,,,,,,,,,,,,,,,,,,,,,,,
Q16213795,,Shaffin Sumar,Shaffin Sumar,Shaffin Sumar,Shaffin Sumar,Shaffin Sumar,,male,1971-05-26,Shaffin Sumar,,,,,,,,,,,,,,,,,,,,,,,,,,,,,,,,,,,,,,,,,,Shaffin Sumar,,,,,,,,,,,,,,,,,,,,,,,,,,,,,,,,,,,,,,,,,
Q16199711,,Sinkamba Kandege,Sinkamba Kandege,Sinkamba Kandege,Sinkamba Kandege,Sinkamba Kandege,,male,1964-06-06,Sinkamba Kandege,,,,,,,,,,,,,,,,,,,,,,,,,,,,,,,,,,,,,,,,,,,,,,,,,,,,,,,,,,,,,,,,,,,,,,,,,,,,,,,,,,,
Q7609916,,Stephen Masele,Stephen Masele,Stephen Masele,Stephen Masele,Stephen Masele,,male,1979-10-01,Stephen Masele,Stephen Masele,,,,,,,,,,,,,Stephen,,,,,,,,,,,,,,,,,,,,,,,,,,,,Stephen Masele,,,,,,,,,,,,,,,,,,,,,,,,,,,,,,,,,,,,,,,,,
Q16187237,,Stephen Ngonyani,Stephen Ngonyani,,Stephen Ngonyani,Stephen Ngonyani,,male,1956-05-25,Stephen Ngonyani,,,,,,,,,,,,,,Stephen,,,,,,,,,,,,,,,,,,,,,,,,,,,,,,,,,,,,,,,,,,,,,,,,,,,,,,,,,,,,,,,,,,,,,
Q16218849,,Suleiman M. Suleiman,,,Suleiman M. Suleiman,Suleiman M. Suleiman,,male,1979-04-23,Suleiman M. Suleiman,,,,,,,,,,,,,,,,,,,,,,,,,,,,,,,,,,,,,,,,,,,,,,,,,,,,,,,,,,,,,,,,,,,,,,,,,,,,,,,,,,,
Q16145353,,Sylvester Kasulumbayi,Sylvester Kasulumbayi,Sylvester Kasulumbayi,Sylvester Kasulumbayi,Sylvester Kasulumbayi,,male,1950-01-01,Sylvester Kasulumbayi,,,,,,,,,,,,,,Sylvester,,,,,,,,,,,,,,,,,,,,,,,,,,,,,,,,,,,,,,,,,,,,,,,,,,,,,,,,,,,,,,,,,,,,,
Q16200074,,Tundu Lissu,Tundu Lissu,Tundu Lissu,Tundu Lissu,Tundu Lissu,,male,1968-01-20,Tundu Lissu,,,,,,,,,,,,,,,,,,,,,,,,,,,,,,,,,,,,,,,,,,Tundu Lissu,,,,,,,,,,,,,,,,,,,,,,,,,,,,,,,,,,,,,,,,,
Q7936701,Vita Rashid Kawawa,Vita Rashid Kawawa,Vita Rashid Kawawa,,Vita Rashid Kawawa,Vita Kawawa,Vita Rashid Kawawa,male,1964-01-20,Vita Kawawa,,Vita Rashid Kawawa,Vita Rashid Kawawa,Vita Rashid Kawawa,Vita Rashid Kawawa,,,,,,,,,Vita,,,,,,,,,,,,,,,,,,,,,,,,,,,,,,,,,,,,,,,,,,,,,,,,,,,,,,,,,,,,,,,,,,,,,
Q16149145,,Abdallah Ameir,Abdallah Ameir,Abdallah Ameir,Abdallah Ameir,Abdallah Ameir,,male,1963-02-03,Abdallah Ameir,,,,,,,,,,,,,,Abdallah,,,,,,,,,,Abdallah Ameir,,,,,,,,,,,,,,,,,,Abdallah Ameir,,,,,,,,,,,,,,,,,,,,,,,,,,,,,,,,,,,,,,,,,
Q16875234,,Abdulla Saadalla,Abdulla Saadalla,,Abdulla Saadalla,Abdulla Saadalla,,male,,Abdulla Saadalla,,,,,,,,,,,,,,,,,,,,,,,,,,,,,,,,,,,,,,,,,,Abdulla Saadalla,,,,,,,,,,,,,,,,,,,,,,,,,,,,,,,,,,,,,,,,അബ്ദുള്ള അബ്ദുള്ള,അബ്ദുള്ള അബ്ദുള്ള
Q4724920,Ali Juma Haji,Ali Juma Haji,Ali Juma Haji,,Ali Juma Haji,Ali Juma Haji,Ali Juma Haji,male,,Ali Juma Haji,,Ali Juma Haji,Ali Juma Haji,Ali Juma Haji,Ali Juma Haji,,,,,,,,,Ali,,,,,,,,,,Ali Juma Haji,,,,,,,,,,,,,,,,,,,,,,,,,,,,,,,,,,,,,,,,,,,,,,,,,,,,,,,,,,,
Q16195008,,Amina Clement,Amina Clement,Amina Clement,Amina Clement,Amina Clement,,female,1963-03-03,Amina Clement,,,,,,,,,,,,,,Amina,,,,,,,,,,Amina Clement,,,,,,,,,,,,,,,,,,Amina Clement,,,,,,,,,,,,,,,,,,,,,,,,,,,,,,,,,,,,,,,,,
Q16197043,,Dunstan Kitandula,Dunstan Kitandula,,Dunstan Kitandula,Dunstan Kitandula,,male,1967-10-14,Dunstan Kitandula,,,,,,,,,,,,,,Dunstan,,,,,,,,,,,,,,,,,,,,,,,,,,,,,,,,,,,,,,,,,,,,,,,,,,,,,,,,,,,,,,,,,,,,,
Q16728905,,Haji Faki,Haji Faki,,Haji Faki,Haji Faki,,male,,Haji Faki,,,,,,,,,,,,,,,,,,,,,,,,Haji Faki,,,,,,,,,,,,,,,,,,,,,,,,,,,,,,,,,,,,,,,,,,,,,,,,,,,,,,,,,,,
Q16122590,Haji Juma Sereweji,Haji Sereweji,Haji Sereweji,Haji Sereweji,Haji Sereweji,Haji Sereweji,Haji Juma Sereweji,male,1948-02-05,Haji Sereweji,,,,,,,,,,,,,,,,,,,,,,,,,,,,,,,,,,,,,,,,,,,,,,,,,,,,,,,,,,,,,,,,,,,,,,,,,,,,,,,,,,,
Q16195564,,Hamad Ali Hamad,Hamad Ali Hamad,Hamad Ali Hamad,Hamad Ali Hamad,Hamad Ali Hamad,,male,1964-11-27,Hamad Ali Hamad,,,,,,,,,,,,,,,,,,,,,,,,Hamad Ali Hamad,,,,,,,,,,,,,,,,,,Hamad Ali Hamad,,,,,,,,,,,,,,,,,,,,,,,,,,,,,,,,,,,,,,,,,
Q16214437,,Hamad Masauni,Hamad Masauni,Hamad Masauni,Hamad Masauni,Hamad Masauni,,male,1973-10-03,Hamad Masauni,,,,,,,,,,,,,,,,,,,,,,,,Hamad Masauni,,,,,,,,,,,,,,,,,,Hamad Masauni,,,,,,,,,,,,,,,,,,,,,,,,,,,,,,,,,,,,,,,,,
Q14791534,Hassan Athumani Ngwilizi,Hassan Ngwilizi,Hassan Ngwilizi,Hassan Ngwilizi,Hassan Ngwilizi,Hassan Ngwilizi,Hassan Athumani Ngwilizi,male,1944-04-01,Hassan Ngwilizi,Hassan Ngwilizi,,,,,,,,,,,,,Hassan,,,,,,,,,,,,,,,,,,,,,,,,,,,,,,,,,,,,,,,,,,,,,,,,,,,,,,,,,,,,,,,,,,,,,
Q16107505,,Henry Shekifu,Henry Shekifu,,Henry Shekifu,Henry Shekifu,,male,1946-06-16,Henry Shekifu,,,,,,,,,,,,,,Henry,,,,,,,,,,,,,,,,,,,,,,,,,,,,,,,,,,,,,,,,,,,,,,,,,,,,,,,,,,,,,,,,,,,,,
Q5734667,Herbert James Mntangi,Herbert James Mntangi,Herbert James Mntangi,Herbert James Mntangi,Herbert James Mntangi,Herbert Mntangi,Herbert James Mntangi,male,1950-10-16,Herbert Mntangi,Herbert James Mntangi,Herbert James Mntangi,Herbert James Mntangi,Herbert James Mntangi,Herbert James Mntangi,,,,,,,,,Herbert,,,,,,,,,,,,,,,,,,,,,,,,,,,,,,,,,,,,,,,,,,,,,,,,,,,,,,,,,,,,,,,,,,,,,
Q5018704,Hussein Ali Mwinyi,Hussein Mwinyi,Hussein Mwinyi,Hussein Mwinyi,Hussein Mwinyi,Hussein Mwinyi,Hussein Ali Mwinyi,male,1966-12-23,Hussein Mwinyi,Hussein Mwinyi,Hussein Ali Mwinyi,Hussein Ali Mwinyi,Hussein Ali Mwinyi,Hussein Ali Mwinyi,,,,https://upload.wikimedia.org/wikipedia/commons/3/3a/Hussein_Mwinyi.jpg,,,,,Hussein,,,,,,,,,,,,Hussein Mwinyi,,,,,,,,,,,,,,,,,,,,,,,,,,,,,,,,,,,,,,,,,,,,,,,,,,,,,,,,,
Q16195709,,Hussein Mzee,Hussein Mzee,Hussein Mzee,Hussein Mzee,Hussein Mzee,,male,1964-03-01,Hussein Mzee,,,,,,,,,,,,,,Hussein,,,,,,,,,,,,,,,,,,,,,,,,,,,,Hussein Mzee,,,,,,,,,,,,,,,,,,,,,,,,,,,,,,,,,,,,,,,,,
Q16195127,,Jaddy Simai Jaddy,Jaddy Simai Jaddy,Jaddy Simai Jaddy,Jaddy Simai Jaddy,Jaddy Simai Jaddy,,male,1963-06-30,Jaddy Simai Jaddy,,,,,,,,,,,,,,,,,,,,,,,,,,,,,,,,,,,,,,,,,,,,,,,,,,,,,,,,,,,,,,,,,,,,,,,,,,,,,,,,,,,
Q16145336,,Juma Ali,Juma Ali,,Juma Ali,Juma Ali,,male,1950-03-10,Juma Ali,,,,,,,,,,,,,,Juma,,,,,,,,,,,,,,,,,,,,,,,,,,,,,,,,,,,,,,,,,,,,,,,,,,,,,,,,,,,,,,,,,,,,,
Q16196527,,Juma Sururu Juma,Juma Sururu Juma,Juma Sururu Juma,Juma Sururu Juma,Juma Sururu Juma,,male,1966-03-01,Juma Sururu Juma,,,,,,,,,,,,,,Juma,,,,,,,,,,,,,,,,,,,,,,,,,,,,,,,,,,,,,,,,,,,,,,,,,,,,,,,,,,,,,,,,,,,,,
Q16145382,,Kheir Khamis,Kheir Khamis,,Kheir Khamis,Kheir Khamis,,male,1950-09-11,Kheir Khamis,,,,,,,,,,,,,,,,,,,,,,,,,,,,,,,,,,,,,,,,,,,,,,,,,,,,,,,,,,,,,,,,,,,,,,,,,,,,,,,,,,,
Q6401342,Kheri Khatib Ameir,Kheri Khatib Ameir,Kheri Khatib Ameir,Kheri Ameir,Kheri Khatib Ameir,Kheri Ameir,Kheri Khatib Ameir,male,1950-02-10,Kheri Ameir,,Kheri Khatib Ameir,Kheri Khatib Ameir,Kheri Khatib Ameir,Kheri Khatib Ameir,,,,,,,,,,,,,,,,,,,Kheri Ameir,,,,,,,,,,,,,,,,,,,,,,,,,,,,,,,,,,,,,,,,,,,,,,,,,,,,,,,,,,,
Q6732788,,Mahadhi Maalim,Mahadhi Maalim,Mahadhi Maalim,Mahadhi Maalim,Mahadhi Maalim,,male,1972-03-28,Mahadhi Maalim,Mahadhi Maalim,,,,,,,,,,311741665,,,,,,,,,,,,,,,,,,,,,,,,,,,,,,,Mahadhi Maalim,,,,,,,,,,,,,,,,,,,,,,,,,,,,,,,,,,,,,,,,,
Q13124326,Muhammad Amour Chomboh,Mohammed Amour Chombon,Mohammed Amour Chombon,Mohammed Amour Chombon,Mohammed Amour Chombon,Muhammad Chomboh,Muhammad Amour Chomboh,male,1953-01-25,Muhammad Chomboh,,,,,,,,,,,,,,Mohammed,,,,,,,,,,Muhammad Chomboh,,,,,,,,,,,,,,,,,,,,,,,,,,,,,,,,,,,,,,,,,,,,,,,,,,,,,,,,,,,
Q16187296,,Muhammad Sanya,Muhammad Sanya,Muhammad Sanya,Muhammad Sanya,Muhammad Sanya,,male,1956-07-21,Muhammad Sanya,,,,,,,,,,,,,,Muhammad,,,,,,,,,,,,,,,,,,,,,,,,,,,,,,,,,,,,,,,,,,,,,,,,,,,,,,,,,,,,,,,,,,,,,
Q6932973,Muhammed Seif Khatib,Muhammed Seif Khatib,Muhammed Seif Khatib,Muhammed Seif Khatib,Muhammed Seif Khatib,Muhammed Seif Khatib,Muhammed Seif Khatib,male,1951-01-10,Muhammed Seif Khatib,Muhammed Seif Khatib,Muhammed Seif Khatib,Muhammed Seif Khatib,Muhammed Seif Khatib,Muhammed Seif Khatib,,,,,,21279114,,,Muhammad,,,,,,,,,,,,,,,,,,097576239,,,,,,,,,,,,,,,,,,,,,,,,,,,,,,,,,,,,,,,,,,,,,,,,,,,
Q16193265,,Mussa Hassan Mussa,Mussa Hassan Mussa,Mussa Hassan Mussa,Mussa Hassan Mussa,Mussa Hassan Mussa,,male,1959-02-11,Mussa Hassan Mussa,,,,,,,,,,,,,,,,,,,,,,,,,,,,,,,,,,,,,,,,,,Mussa Hassan Mussa,,,,,,,,,,,,,,,,,,,,,,,,,,,,,,,,,,,,,,,,,
Q14949085,,Omari Nundu,Omari Nundu,Omari Nundu,Omari Nundu,Omari Nundu,,male,1948-08-06,Omari Nundu,Omari Nundu,,,,,,,,,,,,,Omari,,,,,,,,,,,,,,,,,,,,,,,,,,,,Omari Nundu,,,,,,,,,,,,,,,,,,,,,,,,,,,,,,,,,,,,,,,,,
Q7167820,,Pereira Silima,Pereira Silima,Pereira Silima,Pereira Silima,Pereira Silima,,male,1959-03-14,Pereira Silima,Pereira Silima,,,,,,,,,,,,,,,,,,,,,,,,,,,,,,,,,,,,,,,,,Pereira Silima,,,,,,,,,,,,,,,,,,,,,,,,,,,,,,,,,,,,,,,,,
Q16214167,,Ramadhan Saleh,Ramadhan Saleh,Ramadhan Saleh,Ramadhan Saleh,Ramadhan Saleh,,male,1972-01-09,Ramadhan Saleh,,,,,,,,,,,,,,,,,,,,,,,,,,,,,,,,,,,,,,,,,,Ramadhan Saleh,,,,,,,,,,,,,,,,,,,,,,,,,,,,,,,,,,,,,,,,,
Q16221829,,Sadifa Khamis,Sadifa Khamis,Sadifa Khamis,Sadifa Khamis,Sadifa Khamis,,male,1982-02-07,Sadifa Khamis,,,,,,,,,,,,,,,,,,,,,,,,,,,,,,,,,,,,,,,,,,,,,,,,,,,,,,,,,,,,,,,,,,,,,,,,,,,,,,,,,,,
Q16207710,,Said Zubeir,Said Zubeir,Said Zubeir,Said Zubeir,Said Zubeir,,male,1969-06-25,Said Zubeir,,,,,,,,,,,,,,Said,,,,,,,,,,,,,,,,,,,,,,,,,,,,Said Zubeir,,,,,,,,,,,,,,,,,,,,,,,,,,,,,,,,,,,,,,,,,
Q16145621,,Saleh Pamba,Saleh Pamba,Saleh Pamba,Saleh Pamba,Saleh Pamba,,male,1950-10-16,Saleh Pamba,,,,,,,,,,,,,,Salih,,,,,,,,,,,,,,,,,,,,,,,,,,,,Saleh Pamba,,,,,,,,,,,,,,,,,,,,,,,,,,,,,,,,,,,,,,,,,
Q16195370,,Salim Turky,,Salim Turky,Salim Turky,Salim Turky,,male,1963-02-11,Salim Turky,,,,,,,,,,,,,,Salim,,,,,,,,,,,,,,,,,,,,,,,,,,,,,,,,,,,,,,,,,,,,,,,,,,,,,,,,,,,,,,,,,,,,,
Q16193885,Samia Suluhu,Samia Suluhu,Samia Suluhu,Samia Suluhu,Samia Suluhu,Samia Suluhu,Samia Suluhu,female,1960-01-27,Samia Suluhu,,,,,,,,,,,,,,Samia,,,,,,,,,,,,,,,,,,,,,,,,,,,,Samia Suluhu,,,,,,,,,,,,,,,,,,,,,,,,,,,,,,,,,,,,,,,,,
Q7446651,Seif Ali Iddi,Seif Ali Iddi,Seif Ali Iddi,Seif Ali Iddi,Seif Ali Iddi,Seif Ali Iddi,Seif Ali Iddi,male,1942-02-23,Seif Ali Iddi,,Seif Ali Iddi,Seif Ali Iddi,Seif Ali Iddi,Seif Ali Iddi,,,,https://upload.wikimedia.org/wikipedia/commons/a/af/Seif_Ali_Iddi.jpg,,,,,,,,,,,,,,,,,,,,,,,,,,,,,,,,,,,,,,,,,,,,,,,,,,,,,,,,,,,,,,,,,,,,,,,,,,
Q16733751,,Suleiman Omar,Suleiman Omar,,Suleiman Omar,Suleiman Omar,,male,,Suleiman Omar,,,,,,,,,,,,,,,,,,,,,,,,,,,,,,,,,,,,,,,,,,Suleiman Omar,,,,,,,,,,,,,,,,,,,,,,,,,,,,,,,,,,,,,,,,,
Q16196143,,Sylvester Mabumba,Sylvester Mabumba,Sylvester Mabumba,Sylvester Mabumba,Sylvester Mabumba,,male,1965-05-10,Sylvester Mabumba,,,,,,,,,,,,,,Sylvester,,,,,,,,,,,,,,,,,,,,,,,,,,,,,,,,,,,,,,,,,,,,,,,,,,,,,,,,,,,,,,,,,,,,,
Q16194119,,Waride Jabu,Waride Jabu,,Waride Jabu,Waride Jabu,,male,1961-03-05,Waride Jabu,,,,,,,,,,,,,,,,,,,,,,,,,,,,,,,,,,,,,,,,,,,,,,,,,,,,,,,,,,,,,,,,,,,,,,,,,,,,,,,,,,,
Q8046924,Yahya Kassim Issa,Yahya Kassim Issa,Yahya Kassim Issa,Yahya Kassim Issa,Yahya Kassim Issa,Yahya Kassim Issa,Yahya Kassim Issa,male,1950-09-25,Yahya Kassim Issa,,Yahya Kassim Issa,Yahya Kassim Issa,Yahya Kassim Issa,Yahya Kassim Issa,,,,,,,,,Yahya,,,,,,,,,,,,,,,,,,,,,,,,,,,,,,,,,,,,,,,,,,,,,,,,,,,,,,,,,,,,,,,,,,,,,
Q16195625,,Yussuf Khamis,Yussuf Khamis,Yussuf Khamis,Yussuf Khamis,Yussuf Khamis,,male,1964-08-13,Yussuf Khamis,,,,,,,,,,,,,,,,,,,,,,,,,,,,,,,,,,,,,,,,,,,,,,,,,,,,,,,,,,,,,,,,,,,,,,,,,,,,,,,,,,,
Q16196179,,Yusuph Nassir,Yusuph Nassir,Yusuph Nassir,Yusuph Nassir,Yusuph Nassir,,male,1965-04-25,Yusuph Nassir,,,,,,,,,,,,,,,,,,,,,,,,,,,,,,,,,,,,,,,,,,,,,,,,,,,,,,,,,,,,,,,,,,,,,,,,,,,,,,,,,,,
