id,name__en,name__nl,name__de,name__it,name__fr,name,wikipedia__en,gender,birth_date,given_name,name__pl,wikipedia__pl,image,name__et,name__ja,name__el,name__es,name__tr,name__yo,name__ar,name__nb,wikipedia__ar,wikipedia__de,wikipedia__el,wikipedia__es,wikipedia__et,wikipedia__fr,wikipedia__ja,wikipedia__no,wikipedia__tr,wikipedia__yo,identifier__freebase,name__bi,name__ko,name__ru,name__id,name__tpi,name__sv,name__da,name__nn,wikipedia__bi,wikipedia__da,wikipedia__id,wikipedia__it,wikipedia__ko,wikipedia__nl,wikipedia__ru,wikipedia__sv,wikipedia__tpi,name__he,wikipedia__he,identifier__IIAF,name__zh_hans,name__zh_hant,name__zh_hk,name__hu,name__fi,name__zh,wikipedia__fi,wikipedia__hu,wikipedia__zh,death_date,name__mr,wikipedia__mr
Q4722723,Alfred Ghiro,Alfred Ghiro,Alfred Ghiro,Alfred Ghiro,Alfred Ghiro,Alfred Ghiro,Alfred Ghiro,male,1968-08-13,Alfred,,,,,,,,,,,,,,,,,,,,,,,,,,,,,,,,,,,,,,,,,,,,,,,,,,,,,,
Q4936699,Bodo Dettke,Bodo Dettke,Bodo Dettke,,,Bodo Dettke,Bodo Dettke,male,1967-02-27,Bodo,Heinz Horst Bodo Dettke,Heinz Horst Bodo Dettke,,,,,,,,,,,,,,,,,,,,,,,,,,,,,,,,,,,,,,,,,,,,,,,,,,,,
Q948060,Charles Sigoto,,Charles Sigoto,,,Charles Sigoto,Charles Sigoto,male,1957-02-11,Charles,Charles Sigoto,Charles Sigoto,,,,,,,,,,,,,,,,,,,,,,,,,,,,,,,,,,,,,,,,,,,,,,,,,,,,
Q5129896,Clay Forau Soalaoi,,Clay Forau Soalaoi,,Clay Forau Soalaoi,Clay Forau Soalaoi,Clay Forau Soalaoi,male,1976-10-10,Clay,,,https://upload.wikimedia.org/wikipedia/commons/3/3e/Clay_Forau_Soalaoi_(cropped).jpg,,,,,,,,,,,,,,,,,,,,,,,,,,,,,,,,,,,,,,,,,,,,,,,,,,,
Q561575,Danny Philip,Danny Philip,Danny Philip,,Danny Philip,Danny Philip,Danny Philip,male,1953-08-05,Danny,Danny Philip,Danny Philip,,Danny Philip,ダニー・フィリップ,Ντάνι Φίλιπ,Danny Philip,Danny Philip,Danny Philip,داني فيليب,Danny Philip,داني فيليب,Danny Philip,Ντάνι Φίλιπ,Danny Philip,Danny Philip,Danny Philip,ダニー・フィリップ,Danny Philip,Danny Philip,Danny Philip,/m/0cgxc5,,,,,,,,,,,,,,,,,,,,,,,,,,,,,,,,
Q379730,Derek Sikua,Derek Sikua,Derek Sikua,Derek Sikua,Derek Sikua,Derek Sikua,Derek Sikua,male,1959-10-10,Derek,Derek Sikua,Derek Sikua,https://upload.wikimedia.org/wikipedia/commons/8/8a/Derek_Sikua.jpg,,デリック・シクア,Ντέρεκ Σικούα,Derek Sikua,,Derek Sikua,,Derek Sikua,,Derek Sikua,Ντέρεκ Σικούα,Derek Sikua,,Derek Sikua,デリック・シクア,Derek Sikua,,Derek Sikua,/m/03gy98f,Derek Sikua,데릭 시쿠아,"Сикуа, Дерек",Derek Sikua,Derek Sikua,Derek Sikua,Derek Sikua,Derek Sikua,Derek Sikua,Derek Sikua,Derek Sikua,Derek Sikua,데릭 시쿠아,Derek Sikua,"Сикуа, Дерек",Derek Sikua,Derek Sikua,,,,,,,,,,,,,,,
Q5301444,Douglas Ete,Douglas Ete,Douglas Ete,,,Douglas Ete,Douglas Ete,male,1964-08-04,Douglas,Douglas Ete,Douglas Ete,,,,,Douglas Ete,,,,,,,,,,,,,,,,,,,,,,,,,,,,,,,,,,,,,,,,,,,,,,,
Q5360910,Elijah Doro Muala,,Elijah Doro Muala,,Elijah Doro Muala,Elijah Doro Muala,Elijah Doro Muala,male,1960-01-20,Elijah,Elijah Doro Muala,Elijah Doro Muala,,,,,,,,,,,,,,,,,,,,,,,,,,,,,,,,,,,,,,,,,,,,,,,,,,,,
Q939825,Gordon Darcy Lilo,Gordon Darcy Lilo,Gordon Darcy Lilo,,Gordon Darcy Lilo,Gordon Darcy Lilo,Gordon Darcy Lilo,male,1965-08-28,Gordon,Gordon Darcy Lilo,Gordon Darcy Lilo,,Gordon Darcy Lilo,,,Gordon Darcy Lilo,Gordon Darcy Lilo,,,,,Gordon Darcy Lilo,,Gordon Darcy Lilo,Gordon Darcy Lilo,Gordon Darcy Lilo,,,Gordon Darcy Lilo,,/m/04yb3hf,,,Гордон Дарси Лило,,,,,,,,,,,,Гордон Дарси Лило,,,גורדון דארסי לילו,גורדון דארסי לילו,,,,,,,,,,,,,
Q9295534,Hypolite Taremae,,Hypolite Taremae,,Hypolite Taremae,Hypolite Taremae,Hypolite Taremae,male,1968-04-04,,Hypolite Taremae,Hypolite Taremae,,,,,,,,,,,,,,,,,,,,,,,,,,,,,,,,,,,,,,,,,,,,,,,,,,,,
Q6117107,Jackson Fiulaua,Jackson Fiulaua,Jackson Fiulaua,,Jackson Fiulaua,Jackson Fiulaua,Jackson Fiulaua,male,1957-10-13,Jackson,Jackson Fiulaua,Jackson Fiulaua,,,,,,,,,,,,,,,,,,,,,,,,,,,,,,,,,,,,,,,,,,,,,,,,,,,,
Q6144355,James Tora,,James Tora,,,James Tora,James Tora,male,1956-07-16,James,,,,,,,,,,,,,,,,,,,,,,,,,,,,,,,,,,,,,,,,,,,,,,,,,,,,,,
Q6206696,Job Tausinga,,Job Tausinga,,Job Tausinga,Job Tausinga,Job Tausinga,male,1951-07-18,Job,,,,,,,,,,,,,,,,,Job Tausinga,,,,,,,,,,,,,,,,,,,,,,,,,,,,,,,,,,,,,
Q6249053,John Moffat Fugui,John Moffat Fugui,John Moffat Fugui,,,John Moffat Fugui,John Moffat Fugui,male,1961-09-09,John,,,,,,,John Moffat Fugui,,,,,,,,,,,,,,,,,,,,,,,,,,,,,,,,,,,,,,,,,,,,,,,
Q11728470,Joseph Onika,,Joseph Onika,,Joseph Onika,Joseph Onika,Joseph Onika,male,1967-05-02,Joseph,Joseph Onika,Joseph Onika,,,,,,,,,,,,,,,,,,,,,,,,,,,,,,,,,,,,,,,,6769,,,,,,,,,,,,
Q6747030,Manasseh Maelanga,,Manasseh Maelanga,Manasseh Maelanga,Manasseh Maelanga,Manasseh Maelanga,Manasseh Maelanga,male,1970-03-25,Manasseh,,,,,,,,,,,,,,,,,,,,,,,,,,,,,,,,,,,,,,,,,,,,,,,,,,,,,,
Q536063,Manasseh Sogavare,Manasseh Sogavare,Manasseh Sogavare,,Manasseh Sogavare,Manasseh Sogavare,Manasseh Sogavare,male,1955-01-17,Manasseh,Manasseh Sogavare,Manasseh Sogavare,https://upload.wikimedia.org/wikipedia/commons/d/d4/Manasseh_Sogavare_2014.jpg,,,Μανάσε Σογκαβάρε,Manasseh Sogavare,Manasseh Sogavare,,,Manasseh Sogavare,,Manasseh Sogavare,Μανάσε Σογκαβάρε,Manasseh Sogavare,,Manasseh Sogavare,,Manasseh Sogavare,Manasseh Sogavare,,/m/0bt_sb,,,"Согаваре, Манассе",Manasseh Sogavare,,Manasseh Sogavare,,,,,Manasseh Sogavare,,,,"Согаваре, Манассе",Manasseh Sogavare,,,,,梅纳西·索加瓦雷,梅納西·索加瓦雷,梅納西·索加瓦雷,Manasseh Sogavare,Manasseh Sogavare,梅納西·索加瓦雷,Manasseh Sogavare,Manasseh Sogavare,梅納西·索加瓦雷,,,
Q6768346,Mark Kemakeza,,Mark Kemakeza,,Mark Kemakeza,Mark Kemakeza,Mark Kemakeza,male,1960-12-31,Mark,,,,,,,,,,,,,,,,,,,,,,,,,,,,,,,,,,,,,,,,,,,,,,,,,,,,,,
Q6776112,Martin Magga,,Martin Magga,Martin Magga,Martin Magga,Martin Magga,Martin Magga,male,1953-11-11,Martin,,,,,,,,,,,,,,,,,,,,,,,,,,,,,,,,,,,,,,,,,,,,,,,,,,,,2014-08-25,,
Q6776633,Martin Sopage,,Martin Sopage,Martin Sopage,Martin Sopage,Martin Sopage,Martin Sopage,male,1966-05-01,Martin,,,,,,,,,,,,,,,,,,,,,,,,,,,,,,,,,,,,,,,,,,,,,,,,,,,,,,
Q6791373,Matthew Wale,,Matthew Wale,,Matthew Wale,Matthew Wale,Matthew Wale,male,1968-06-13,Matthew,,,,,,,,,,,,,,,,,,,,,,,,,,,,,,,,,,,,,,,,,,,,,,,,,,,,,,
Q6860185,Milna Tozaka,,Milna Tozaka,,Milna Tozaka,Milna Tozaka,Milna Tozaka,male,1951-10-21,,,,,,,,,,,,,,,,,,,,,,,,,,,,,,,,,,,,,,,,,,,,,,,,,,,,,,,
Q6915778,Moses Garu,Moses Garu,Moses Garu,Moses Garu,Moses Garu,Moses Garu,Moses Garu,male,1969-12-01,Moses,,,,,,,,,,,,,,,,,,,,,,,,,,,,,,,,,,,,,,,,,,,,,,,,,,,,,,
Q6962085,Namson Tran,,Namson Tran,Namson Tran,Namson Tran,Namson Tran,Namson Tran,male,1968-12-03,,,,,,,,,,,,,,,,,,,,,,,,,,,,,,,,,,,,,,,,,,,,,,,,,,,,,,,
Q7176876,Peter Shannel Agovaka,Peter Shannel Agovaka,,,,Peter Shannel Agovaka,Peter Shannel Agovaka,male,1959-11-01,Peter,,,,,,,,,,,,,,,,,,,,,,,,,,,,,,,,,,,,,,,,,,,,,,,,,,,,,,
Q7177338,Peter Tom,,Peter Tom,,Peter Tom,Peter Tom,Peter Tom (politician),male,1964-01-01,Peter,,,,,,,,,,,,,,,,,,,,,,,,,,,,,,,,,,,,,,,,,,,,,,,,,,,,,,
Q7331464,Rick Houenipwela,,Rick Houenipwela,,,Rick Houenipwela,Rick Houenipwela,male,1958-08-08,Rick,,,,,,,,,,,,,,,,,,,,,,,,,,,,,,,,,,,,,,,,,,,,,,,,,,,,,,
Q7412100,Samuel Manetoali,,Samuel Manetoali,,Samuel Manetoali,Samuel Manetoali,Samuel Manetoali,male,1969-01-24,Samuel,Samuel Manetoali,Samuel Manetoali,,,,,,,,,,,,,,,Samuel Manetoali,,,,,,,,,,,,,,,,,,,,,,,,,,,,,,,,,,,,,
Q7448942,Selwyn Riumana,,Selwyn Riumana,,Selwyn Riumana,Selwyn Riumana,Selwyn Riumana,male,1966-06-30,Selwyn,,,,,,,,,,,,,,,,,,,,,,,,,,,,,,,,,,,,,,,,,,,,,,,,,,,,,,
Q7456493,Seth Gukuna,Seth Gukuna,Seth Gukuna,,Seth Gukuna,Seth Gukuna,Seth Gukuna,male,1961-08-21,Seth,,,,,,,,,,,,,,,,,,,,,,,,,,,,,,,,,,,,,,,,,,,,,,,,,,,,,,
Q1370998,Snyder Rini,Snyder Rini,Snyder Rini,,Snyder Rini,Snyder Rini,Snyder Rini,male,1949-07-27,,Snyder Rini,Snyder Rini,,Snyder Rini,,,Snyder Rini,,,,Snyder Rini,,Snyder Rini,,,Snyder Rini,Snyder Rini,,Snyder Rini,,,/m/0cp1th,,,"Рини, Снайдер",,,,,,,,,,,,"Рини, Снайдер",,,,,,,,,,Snyder Rini,,Snyder Rini,,,,स्नायडर रिनी,स्नायडर रिनी
Q7599597,Stanley Festus Sofu,,Stanley Festus Sofu,,Stanley Festus Sofu,Stanley Festus Sofu,Stanley Festus Sofu,male,1964-01-01,Stanley,,,,,,,,,,,,,,,,,,,,,,,,,,,,,,,,,,,,,,,,,,,,,,,,,,,,,,
Q7915752,Varian Lonamei,,Varian Lonamei,Varian Lonamei,Varian Lonamei,Varian Lonamei,Varian Lonamei,male,1962-05-10,,,,,,,,,,,,,,,,,,,,,,,,,,,,,,,,,,,,,,,,,,,,,,,,,,,,,,,
Q4954443,Braddley Tovosia,,,,Braddley Tovosia,Braddley Tovosia,Braddley Tovosia,male,1967-04-10,,,,,,,,,,,,,,,,,,,,,,,,,,,,,,,,,,,,,,,,,,,,,,,,,,,,,,,
Q5152607,Commins Mewa,,Commins Mewa,,,Commins Mewa,Commins Mewa,male,1965-04-11,,Commins Aston Mewa,Commins Aston Mewa,,,,,,,,,,,,,,,,,,,,,,,,,,,,,,,,,,,,,,,,,,,,,,,,,,,,
Q5238339,David Pacha,,David Pacha,David Pacha,David Pacha,David Pacha,David Pacha,male,1964-12-25,David,,,,,,,,,,,,,,,,,,,,,,,,,,,,,,,,,,,,,,,,,,,,,,,,,,,,,,
Q2791876,Dickson Mua,,Dickson Mua,,,Dickson Mua,Dickson Mua,male,1972-11-04,Dickson,Dickson Mua Panakitasi,Dickson Mua Panakitasi,,,,,,,,,,,,,,,,,,,,,,,,,,,,,,,,,,,,,,,,,,,,,,,,,,,,
Q6555508,Lionel Alex,Lionel Alex,Lionel Alex,,Lionel Alex,Lionel Alex,Lionel Alex,male,1971-04-12,Lionel,Lional Alex,Lional Alex,,,,,,,,,,,,,,,,,,,,,,,,,,,,,,,,,,,,,,,,,,,,,,,,,,,,
Q7407679,Sam Iduri,,Sam Iduri,Sam Iduri,,Sam Iduri,Sam Iduri,male,,Sam,,,,,,,,,,,,,,,,,,,,,,,,,,,,,,,,,,,,,,,,,,,,,,,,,,,,,,
Q9336876,Silas Tausinga,,Silas Tausinga,,Silas Tausinga,Silas Tausinga,Silas Tausinga,male,1983-08-12,Silas,Silas Tausinga,Silas Tausinga,,,,,,,,,,,,,,,,,,,,,,,,,,,,,,,,,,,,,,,,,,,,,,,,,,,,
Q466573,Steve Abana,Steve Abana,Steve Abana,,Steve Abana,Steve Abana,Steve Abana,male,1969-01-01,Steve,Steve Abana,Steve Abana,,,,,Steve Abana,,,,,,Steve Abana,,,,Steve Abana,,,,,/m/04ychmk,,,,,,,,,,,,,,,,,,,,,,,,,,,,,,,,
