id,name__fr,name__en,name__ro,name,wikipedia__ro,gender,birth_date,given_name,name__nl,name__de,name__it,wikipedia__en,name__ru,name__mo,wikipedia__ru,wikipedia__commons,name__es,name__uk,wikipedia__fr,wikipedia__uk,death_date,name__pl,wikipedia__pl,image,identifier__freebase,name__az,name__tr,wikipedia__az,wikipedia__de,wikipedia__nl,wikipedia__tr,name__et,name__sv,name__cs,name__lmo,name__de_ch,name__en_ca,name__en_gb,name__lb,name__oc,name__ca,name__hu,name__fi,name__he,name__sr,name__la,name__sk,name__nb,name__da,name__nn,name__zh,name__mk,wikipedia__cs,wikipedia__da,wikipedia__es,wikipedia__et,wikipedia__fi,wikipedia__he,wikipedia__hu,wikipedia__it,wikipedia__la,wikipedia__lb,wikipedia__lmo,wikipedia__sr,wikipedia__sv,wikipedia__zh,name__el,wikipedia__el,identifier__ISNI,identifier__VIAF,identifier__NTA,name__pt,wikipedia__pt,name__zh_hans,name__zh_hant,name__zh_hk,name__zh_cn,name__zh_sg,name__zh_tw,name__gd,name__be,name__ko,name__gl,name__id,name__ja,name__sh,name__eo,name__sr_el,name__sr_ec,name__be_tarask,name__cy,name__bg,name__io,name__ka,name__lt,name__jv,name__eu,name__ar,name__lv,name__sco,wikipedia__ar,wikipedia__be_x_old,wikipedia__be,wikipedia__bg,wikipedia__ca,wikipedia__cy,wikipedia__eo,wikipedia__eu,wikipedia__gd,wikipedia__gl,wikipedia__id,wikipedia__io,wikipedia__ja,wikipedia__jv,wikipedia__ka,wikipedia__ko,wikipedia__lt,wikipedia__lv,wikipedia__mo,wikipedia__nn,wikipedia__no,wikipedia__oc,wikipedia__sco,wikipedia__sh,identifier__GND,identifier__LCAuth,identifier__SUDOC,name__pt_br,name__yo,name__vi,name__is,wikipedia__is,wikipedia__plwikiquote,wikipedia__vi,wikipedia__yo,identifier__BNF,wikipedia__nds,name__nds
Q18543849,,,Maria Ciobanu,Maria Ciobanu,Maria Ciobanu (deputat),female,1953-03-10,,,,,,,,,,,,,,,,,,,,,,,,,,,,,,,,,,,,,,,,,,,,,,,,,,,,,,,,,,,,,,,,,,,,,,,,,,,,,,,,,,,,,,,,,,,,,,,,,,,,,,,,,,,,,,,,,,,,,,,,,,,,,,,,,,,
Q15074349,Mihai Moldovanu,Mihai Moldovanu,Mihai Moldovanu,Mihai Moldovanu,Mihai Moldovanu,male,1965-06-07,Mihai,,,,Mihai Moldovanu,,,,,,,,,,,,,,,,,,,,,,,,,,,,,,,,,,,,,,,,,,,,,,,,,,,,,,,,,,,,,,,,,,,,,,,,,,,,,,,,,,,,,,,,,,,,,,,,,,,,,,,,,,,,,,,,,,,,,,,,,,,,,,
Q20891267,Alexandr Bannicov,Alexandr Bannicov,Alexandr Bannicov,Alexandr Bannicov,Alexandr Bannicov,male,1962-03-12,Alexandr,,,,,,,,,,,,,,,,,,,,,,,,,,,,,,,,,,,,,,,,,,,,,,,,,,,,,,,,,,,,,,,,,,,,,,,,,,,,,,,,,,,,,,,,,,,,,,,,,,,,,,,,,,,,,,,,,,,,,,,,,,,,,,,,,,
Q4752143,Anatolie Dimitriu,Anatolie Dimitriu,Anatolie Dimitriu,Anatolie Dimitriu,Anatolie Dimitriu,male,1973-06-19,,Anatolie Dimitriu,Anatolie Dimitriu,Anatolie Dimitriu,Anatolie Dimitriu,,,,,,,,,,,,,,,,,,,,,,,,,,,,,,,,,,,,,,,,,,,,,,,,,,,,,,,,,,,,,,,,,,,,,,,,,,,,,,,,,,,,,,,,,,,,,,,,,,,,,,,,,,,,,,,,,,,,,,,,,,,,,,
Q4755885,,Andrei Neguţa,Andrei Neguță,Andrei Neguță,Andrei Neguța,male,,Andrei,,Andrei Neguţa,,Andrei Neguța,,,,,,,,,,,,,,,,,,,,,,,,,,,,,,,,,,,,,,,,,,,,,,,,,,,,,,,,,,,,,,,,,,,,,,,,,,,,,,,,,,,,,,,,,,,,,,,,,,,,,,,,,,,,,,,,,,,,,,,,,,,,,,
Q4762065,Angel Agache,Angel Agache,Angel Agache,Angel Agache,Angel Agache,male,1976-08-13,Angel,Angel Agache,Angel Agache,,Angel Agache,,,,,,,,,,,,,,,,,,,,,,,,,,,,,,,,,,,,,,,,,,,,,,,,,,,,,,,,,,,,,,,,,,,,,,,,,,,,,,,,,,,,,,,,,,,,,,,,,,,,,,,,,,,,,,,,,,,,,,,,,,,,,,
Q4394076,Artur Reșetnicov,Artur Reșetnicov,Artur Reșetnicov,Artur Reșetnicov,Artur Reșetnicov,male,1975-11-11,Artur,,,,,"Решетников, Артур",Artur Reșetnicov,"Решетников, Артур",,,,,,,,,,,,,,,,,,,,,,,,,,,,,,,,,,,,,,,,,,,,,,,,,,,,,,,,,,,,,,,,,,,,,,,,,,,,,,,,,,,,,,,,,,,,,,,,,,,,,,,,,,,,,,,,,,,,,,,,,,,
Q18549566,,,Chiril Lucinschi,Chiril Lucinschi,Chiril Lucinschi,male,1970-11-14,,,,,,,,,Category:Chiril Lucinschi,,,,,,,,,,,,,,,,,,,,,,,,,,,,,,,,,,,,,,,,,,,,,,,,,,,,,,,,,,,,,,,,,,,,,,,,,,,,,,,,,,,,,,,,,,,,,,,,,,,,,,,,,,,,,,,,,,,,,,,,,,
Q19918374,,,Eduard Smirnov,Eduard Smirnov,Eduard Smirnov,male,1939-09-17,,,,,,"Смирнов, Эдуард Павлович",,"Смирнов, Эдуард Павлович",,,,,,,,,https://upload.wikimedia.org/wikipedia/commons/8/80/Eduard_Smirnov_(2014-12-29).png,,,,,,,,,,,,,,,,,,,,,,,,,,,,,,,,,,,,,,,,,,,,,,,,,,,,,,,,,,,,,,,,,,,,,,,,,,,,,,,,,,,,,,,,,,,,,,,,,,,,,,,,,,,,,,,,,,
Q18539959,Elena Bodnarenco,Elena Bodnarenco,Elena Bodnarenco,Elena Bodnarenco,Elena Bodnarenco,female,1965-01-01,Elena,,,Elena Bondarenco,,,,,,,,,,,,,,,,,,,,,,,,,,,,,,,,,,,,,,,,,,,,,,,,,,,,,,,,,,,,,,,,,,,,,,,,,,,,,,,,,,,,,,,,,,,,,,,,,,,,,,,,,,,,,,,,,,,,,,,,,,,,,,,
Q20891855,Elena Hrenova,Elena Hrenova,Elena Hrenova,Elena Hrenova,Elena Hrenova,female,1950-01-01,Elena,,,,,,,,,,,,,,,,,,,,,,,,,,,,,,,,,,,,,,,,,,,,,,,,,,,,,,,,,,,,,,,,,,,,,,,,,,,,,,,,,,,,,,,,,,,,,,,,,,,,,,,,,,,,,,,,,,,,,,,,,,,,,,,,,,
Q11242850,Eugen Carpov,Eugen Carpov,Eugen Carpov,Eugen Carpov,Eugen Carpov,male,1966-04-22,Eugen,Eugen Carpov,,,Eugen Carpov,,,,,Eugen Carpov,Еуджен Карпов,Eugen Carpov,Еуджен Карпов,,,,,,,,,,,,,,,,,,,,,,,,,,,,,,,,,,,,,,,,,,,,,,,,,,,,,,,,,,,,,,,,,,,,,,,,,,,,,,,,,,,,,,,,,,,,,,,,,,,,,,,,,,,,,,,,,,,,,,
Q12728784,,,Galina Balmoș,Galina Balmoș,Galina Balmoș,female,1961-02-24,,,,,,,,,,,,,,,,,,,,,,,,,,,,,,,,,,,,,,,,,,,,,,,,,,,,,,,,,,,,,,,,,,,,,,,,,,,,,,,,,,,,,,,,,,,,,,,,,,,,,,,,,,,,,,,,,,,,,,,,,,,,,,,,,,,
Q18541963,,,Gheorghe Mocanu,Gheorghe Mocanu,Gheorghe Mocanu,male,1938-03-31,Gheorghe,,,Gheorghe Mocanu,,,,,,,,,,1993-08-28,,,,,,,,,,,,,,,,,,,,,,,,,,,,,,,,,,,,,,,,,,,,,,,,,,,,,,,,,,,,,,,,,,,,,,,,,,,,,,,,,,,,,,,,,,,,,,,,,,,,,,,,,,,,,,,,,,,,,
Q5609021,Grigore Belostecinic,Grigore Belostecinic,Grigore Belostecinic,Grigore Belostecinic,Grigore Belostecinic,male,1960-01-07,Grigore,Grigore Belostecinic,Grigore Belostecinic,,Grigore Belostecinic,,,,,,,,,,,,,,,,,,,,,,,,,,,,,,,,,,,,,,,,,,,,,,,,,,,,,,,,,,,,,,,,,,,,,,,,,,,,,,,,,,,,,,,,,,,,,,,,,,,,,,,,,,,,,,,,,,,,,,,,,,,,,,
Q5609024,Grigore Cobzac,Grigore Cobzac,Grigore Cobzac,Grigore Cobzac,Grigore Cobzac,male,1959-01-31,Grigore,Grigore Cobzac,Grigore Cobzac,Grigore Cobzac,Grigore Cobzac,,,,,,,,,,,,,,,,,,,,,,,,,,,,,,,,,,,,,,,,,,,,,,,,,,,,,,,,,,,,,,,,,,,,,,,,,,,,,,,,,,,,,,,,,,,,,,,,,,,,,,,,,,,,,,,,,,,,,,,,,,,,,,
Q4164146,Igor Dodon,Igor Dodon,Igor Dodon,Igor Dodon,Igor Dodon,male,1975-02-18,Igor,,Igor Dodon,,Igor Dodon,"Додон, Игорь Николаевич",,"Додон, Игорь Николаевич",,Igor Dodon,,Igor Dodon,,,Igor Dodon,Igor Dodon,https://upload.wikimedia.org/wikipedia/commons/3/39/Igor_Dodon_(1).jpg,/m/0gx2j18,,,,,,,,,,,,,,,,,,,,,,,,,,,,,,,,,,,,,,,,,,,,,,,,,,,,,,,,,,,,,,,,,,,,,,,,,,,,,,,,,,,,,,,,,,,,,,,,,,,,,,,,,,,,,,,,,
Q17336477,Ion Ceban,Ion Ceban,Ion Ceban,Ion Ceban,Ion Ceban,male,1980-06-30,Ion,,Ion Ceban,,,"Чебан, Ион Васильевич",,"Чебан, Ион Васильевич",,,,,,,,,,,,,,,,,,,,,,,,,,,,,,,,,,,,,,,,,,,,,,,,,,,,,,,,,,,,,,,,,,,,,,,,,,,,,,,,,,,,,,,,,,,,,,,,,,,,,,,,,,,,,,,,,,,,,,,,,,,
Q12731069,Irina Vlah,Irina Vlah,Irina Vlah,Irina Vlah,Irina Vlah,female,1974-02-26,Irina,Irina Vlah,Irina Vlah,,Irina Vlah,"Влах, Ирина Фёдоровна",,"Влах, Ирина Фёдоровна",,,,,,,,,https://upload.wikimedia.org/wikipedia/commons/c/c8/Irina_Vlah_(2015-03-23).png,,İrina Vlax,İrina Vlah,İrina Vlax,Irina Vlah,Irina Vlah,İrina Vlah,,,,,,,,,,,,,,,,,,,,,,,,,,,,,,,,,,,,,,,,,,,,,,,,,,,,,,,,,,,,,,,,,,,,,,,,,,,,,,,,,,,,,,,,,,,,,,,,,,,,,,,,,,,
Q58087,Iurie Leancă,Iurie Leancă,Iurie Leancă,Iurie Leancă,Iurie Leancă,male,1963-10-20,Iurie,Iurie Leancă,Iurie Leancă,Iurie Leancă,Iurie Leancă,"Лянкэ, Юрие",,"Лянкэ, Юрие Григорьевич",,Iurie Leancă,Юрій Лянке,Iurie Leancă,Юріє Лянке,,Iurie Leancă,Iurie Leancă,https://upload.wikimedia.org/wikipedia/commons/4/4b/Iurie_Leancă_Senate_of_Poland.JPG,/m/080khc2,,Iurie Leancă,,Iurie Leancă,,Iurie Leancă,Iurie Leancă,Iurie Leancă,Iurie Leancă,Iurie Leancă,Iurie Leancă,Iurie Leancă,Iurie Leancă,Iurie Leancă,Iurie Leancă,Iurie Leancă,Iurie Leancă,Iurie Leancă,יוריה ליאנקה,Јурије Љанка,Iurie Leancă,Iurie Leancă,Iurie Leancă,Iurie Leancă,Iurie Leancă,尤里·良格,Јурие Љанка,Iurie Leancă,Iurie Leancă,Iurie Leancă,Iurie Leancă,Iurie Leancă,יוריה ליאנקה,Iurie Leancă,Iurie Leancă,Iurie Leancă,Iurie Leancă,Iurie Leancă,Јурије Љанка,Iurie Leancă,尤里·良格,,,,,,,,,,,,,,,,,,,,,,,,,,,,,,,,,,,,,,,,,,,,,,,,,,,,,,,,,,,,,,,,,,,,,,,,
Q4503092,Iurie Țap,Iurie Țap,Iurie Țap,Iurie Țap,Iurie Țap,male,1956-11-26,Iurie,,Iurie Țap,,Iurie Țap,"Цап, Юрие",,"Цап, Юрие",,,,,,,,,,,,,,,,,,,,,,,,,,,,,,,,,,,,,,,,,,,,,,,,,,,,,,,,,,,,,,,,,,,,,,,,,,,,,,,,,,,,,,,,,,,,,,,,,,,,,,,,,,,,,,,,,,,,,,,,,,,
Q20821030,Lidia Lupu,Lidia Lupu,Lidia Lupu,Lidia Lupu,Lidia Lupu,female,1953-01-01,Lidia,,,,,,,,,,,,,,,,,,,,,,,,,,,,,,,,,,,,,,,,,,,,,,,,,,,,,,,,,,,,,,,,,,,,,,,,,,,,,,,,,,,,,,,,,,,,,,,,,,,,,,,,,,,,,,,,,,,,,,,,,,,,,,,,,,
Q4342644,Liliana Palihovici,Liliana Palihovici,Liliana Palihovici,Liliana Palihovici,Liliana Palihovici,female,1971-11-26,Liliana,,,,Liliana Palihovici,"Палихович, Лилиана",,"Палихович, Лилиана",,Liliana Palihovici,,,,,,,,/m/0bbvv2x,,,,,,,,,,,,,,,,,,,,,,,,,,,,,,,,,,,,,,,,,,,,,,,,,,,,,,,,,,,,,,,,,,,,,,,,,,,,,,,,,,,,,,,,,,,,,,,,,,,,,,,,,,,,,,,,,
Q15071069,Maia Sandu,Maia Sandu,Maia Sandu,Maia Sandu,Maia Sandu,female,1972-05-24,Maia,,Maia Sandu,,Maia Sandu,"Санду, Майя",,"Санду, Майя",,Maia Sandu,,,,,,,https://upload.wikimedia.org/wikipedia/commons/e/e3/Майя_Санду.png,,,,,,,,,,,,,,,,,,,,,,,,,,,,,,,,,,,,,,,,,,,,,,,,,,,,,,,,,,,,,,,,,,,,,,,,,,,,,,,,,,,,,,,,,,,,,,,,,,,,,,,,,,,,,,,,,,
Q13257824,,,Maria Postoico,Maria Postoico,Maria Postoico,female,1950-04-04,Maria,,,,,"Постойко, Мария",,"Постойко, Мария",,,,,,,,,,,,,,,,,,,,,,,,,,,,,,,,,,,,,,,,,,,,,,,,,,,,,,,,,,,,,,,,,,,,,,,,,,,,,,,,,,,,,,,,,,,,,,,,,,,,,,,,,,,,,,,,,,,,,,,,,,,
Q20431298,,Marina Radvan,Marina Radvan,Marina Radvan,Marina Radvan,female,,,,,,,,,,,,,,,,,,,,,,,,,,,,,,,,,,,,,,,,,,,,,,,,,,,,,,,,,,,,,,,,,,,,,,,,,,,,,,,,,,,,,,,,,,,,,,,,,,,,,,,,,,,,,,,,,,,,,,,,,,,,,,,,,,,,
Q6968023,Natalia Gherman,Natalia Gherman,Natalia Gherman,Natalia Gherman,Natalia Gherman,female,1969-03-20,Natalia,Natalia Gherman,Natalia Gherman,Natalia Gherman,Natalia Gherman,"Герман, Наталья Мирчевна",Natalia Gherman,"Герман, Наталья Мирчевна",Category:Natalia Gherman,Natalia Gherman,Герман Наталя Мірчівна,Natalia Gherman,Наталія Герман,,Natalia Gherman,Natalia Gherman,https://upload.wikimedia.org/wikipedia/commons/b/b1/NataliaGherman̠Wien.jpg,/m/0bh6rdr,,Natalia Gherman,,,,Natalia Gherman,,Natalia Gherman,,,,Natalia Gherman,Natalia Gherman,,,,,,,,Natalia Gherman,,,,,,,,,,,,,,Natalia Gherman,Natalia Gherman,,,,Natalia Gherman,,Νατάλια Γκέρμαν,Νατάλια Γκέρμαν,0000 0003 9706 0992,292093884,304178934,,,,,,,,,,,,,,,,,,,,,,,,,,,,,,,,,,,,,,,,,,,,,,,,,,,,,,,,,,,,,,,,,,,
Q953047,Nicolae Juravschi,Nicolae Juravschi,Nicolae Juravschi,Nicolae Juravschi,Nicolae Juravschi,male,1964-08-08,Nicholas,Nicolae Juravschi,Nicolae Juravschi,Nicolae Juravschi,Nicolae Juravschi,"Журавский, Николай Афанасьевич",,"Журавский, Николай Афанасьевич",,Nicolae Juravschi,,Nicolae Juravschi,,,Nicolae Juravschi,Nicolae Juravschi,,/m/0cgpwz,,,,,,,,Nicolae Juravschi,,,,,,,,,,,,,,,,,,,,,,Nicolae Juravschi,,,,,Nicolae Juravschi,,,,,Nicolae Juravschi,,,,,,,Nicolae Juravschi,Nicolae Juravschi,,,,,,,,,,,,,,,,,,,,,,,,,,,,,,,,,,,,,,,,,,,,,,,,,,,,,,,,,,,,,,,,,
Q20431851,,Oleg Balan,Oleg Balan,Oleg Balan,Oleg Balan,,,,,,,,,,,,,,,,,,,,,,,,,,,,,,,,,,,,,,,,,,,,,,,,,,,,,,,,,,,,,,,,,,,,,,,,,,,,,,,,,,,,,,,,,,,,,,,,,,,,,,,,,,,,,,,,,,,,,,,,,,,,,,,,,,,,,
Q20431743,,,Oleg Reidman,Oleg Reidman,Oleg Reidman,,,,,,,,,,,,,,,,,,,,,,,,,,,,,,,,,,,,,,,,,,,,,,,,,,,,,,,,,,,,,,,,,,,,,,,,,,,,,,,,,,,,,,,,,,,,,,,,,,,,,,,,,,,,,,,,,,,,,,,,,,,,,,,,,,,,,
Q7851277,Tudor Deliu,Tudor Deliu,Tudor Deliu,Tudor Deliu,Tudor Deliu,male,1955-10-29,Tudor,Tudor Deliu,Tudor Deliu,Tudor Deliu,Tudor Deliu,,,,,,,,,,,,,,,,,,,,,,,,,,,,,,,,,,,,,,,,,,,,,,,,,,,,,,,,,,,,,,,,,,,,,,,,,,,,,,,,,,,,,,,,,,,,,,,,,,,,,,,,,,,,,,,,,,,,,,,,,,,,,,
Q20429648,,,Vadim Pistrinciuc,Vadim Pistrinciuc,Vadim Pistrinciuc,male,,,,,,,,,,,,,,,,,,,,,,,,,,,,,,,,,,,,,,,,,,,,,,,,,,,,,,,,,,,,,,,,,,,,,,,,,,,,,,,,,,,,,,,,,,,,,,,,,,,,,,,,,,,,,,,,,,,,,,,,,,,,,,,,,,,,
Q7911403,Valeriu Ghileţchi,Valeriu Ghileţchi,Valeriu Ghilețchi,Valeriu Ghilețchi,Valeriu Ghilețchi,male,1960-07-08,Valeriu,Valeriu Ghileţchi,Valeriu Ghileţchi,,Valeriu Ghilețchi,"Гилецкий, Валерий Александрович",,"Гилецкий, Валерий Александрович",,,,,,,,,https://upload.wikimedia.org/wikipedia/commons/d/df/Ghiletchi.jpg,/m/0bbx5lh,,,,,,,,,Valeriu Ghileţchi,,,,,,,,,,,,,,,,,,,Valeriu Ghilețchi,,,,,,,,,,,,,,,,,,,,,,,,,,,,,,,,,,,,,,,,,,,,,,,,,,,,,,,,,,,,,,,,,,,,,,,,,,,,,,,,,,,,,
Q7911417,Valeriu Streleț,Valeriu Streleț,Valeriu Streleț,Valeriu Streleț,Valeriu Streleț,male,1970-03-08,Valeriu,,Valeriu Streleț,Valeriu Streleț,Valeriu Streleț,"Стрелец, Валерий",Valeriu Streleţ,"Стрелец, Валерий",Category:Valeriu Streleț,,Валерій Стрелець,Valeriu Streleț,Валерій Стрелець,,Valeriu Streleț,Valeriu Streleț,https://upload.wikimedia.org/wikipedia/commons/5/5a/Valeriu_Streleț_(2015).png,/m/0bbv235,,Valeriu Streleț,,Valeriu Streleț,,Valeriu Streleț,Valeriu Streleț,,,,,Valeriu Streleț,Valeriu Streleț,,,,,Valeriu Streleț,,,Valerius Streleț,,,,,,,,,,Valeriu Streleț,Valeriu Streleț,,,Valeriu Streleț,Valerius Streleț,,,,,,Βαλέριου Στρέλετς,Βαλέριου Στρέλετς,,,,,,,,,,,,,,,,,,,,,,,,,,,,,,,,,,,,,,,,,,,,,,,,,,,,,,,,,,,,,,,,,,,,,Valeriu Streleț,Valeriu Streleț
Q20821033,Vasile Bolea,Stelian Stoica,Stelian Stoica,Stelian Stoica,Vasile Bolea,male,1982-01-01,,,,,,,,,,,,,,,,,,,,,,,,,,,,,,,,,,,,,,,,,,,,,,,,,,,,,,,,,,,,,,,,,,,,,,,,,,,,,,,,,,,,,,,,,,,,,,,,,,,,,,,,,,,,,,,,,,,,,,,,,,,,,,,,,,,
Q18541933,,,Victor Mîndru,Victor Mîndru,Victor Mîndru,male,1959-01-01,Victor,,,,,,,,,,,,,,,,,,,,,,,,,,,,,,,,,,,,,,,,,,,,,,,,,,,,,,,,,,,,,,,,,,,,,,,,,,,,,,,,,,,,,,,,,,,,,,,,,,,,,,,,,,,,,,,,,,,,,,,,,,,,,,,,,,
Q18549693,,,Victor Roșca,Victor Roșca,Victor Roșca,male,1926-12-17,Victor,,,,,,,,,,,,,,,,,,,,,,,,,,,,,,,,,,,,,,,,,,,,,,,,,,,,,,,,,,,,,,81364992,,,,,,,,,,,,,,,,,,,,,,,,,,,,,,,,,,,,,,,,,,,,,,,,,,,,,,,,,166240966,,,,,,,,,,,
Q18544109,,,Violeta Ivanov,Violeta Ivanov,Violeta Ivanov,female,1967-09-15,,,,,,,,,,,,,,,,,,,,,,,,,,,,,,,,,,,,,,,,,,,,,,,,,,,,,,,,,,,,,,,,,,,,,,,,,,,,,,,,,,,,,,,,,,,,,,,,,,,,,,,,,,,,,,,,,,,,,,,,,,,,,,,,,,,
Q19918170,,,Vlad Batrîncea,Vlad Batrîncea,Vlad Batrîncea,male,1981-03-31,,,,,,"Батрынча, Владимир Николаевич",,"Батрынча, Владимир Николаевич",,,,,,,,,https://upload.wikimedia.org/wikipedia/commons/1/1a/Vlad_Batrîncea_(02-06-2015).png,,,,,,,,,,,,,,,,,,,,,,,,,,,,,,,,,,,,,,,,,,,,,,,,,,,,,,,,,,,,,,,,,,,,,,,,,,,,,,,,,,,,,,,,,,,,,,,,,,,,,,,,,,,,,,,,,,
Q20821018,Vladimir Golovatiuc,Vladimir Golovatiuc,Vladimir Golovatiuc,Vladimir Golovatiuc,Vladimir Golovatiuc,male,1962-06-07,Vladimir,,,,,,,,,,,,,,,,,,,,,,,,,,,,,,,,,,,,,,,,,,,,,,,,,,,,,,,,,,,,,,,,,,,,,,,,,,,,,,,,,,,,,,,,,,,,,,,,,,,,,,,,,,,,,,,,,,,,,,,,,,,,,,,,,,
Q7938368,Vladimir Hotineanu,Vladimir Hotineanu,Vladimir Hotineanu,Vladimir Hotineanu,Vladimir Hotineanu,male,1950-10-01,Vladimir,,Vladimir Hotineanu,,Vladimir Hotineanu,,,,,,,,,,,,,,,,,,,,,,,,,,,,,,,,,,,,,,,,,,,,,,,,,,,,,,,,,,,,,,,,,,,,,,,,,,,,,,,,,,,,,,,,,,,,,,,,,,,,,,,,,,,,,,,,,,,,,,,,,,,,,,
Q12743647,,,Vladimir Vitiuc,Vladimir Vitiuc,Vladimir Vitiuc,male,1972-07-18,Vladimir,,,Vladimir Vitiuc,,,,,,,,,,,,,,,,,,,,,,,,,,,,,,,,,,,,,,,,,,,,,,,,,,,,,,,,,,,,,,,,,,,,,,,,,,,,,,,,,,,,,,,,,,,,,,,,,,,,,,,,,,,,,,,,,,,,,,,,,,,,,,,
Q189435,Vladimir Voronin,Vladimir Voronin,Vladimir Voronin,Vladimir Voronin,Vladimir Voronin,male,1941-05-25,Vladimir,Vladimir Voronin,Vladimir Voronin,Vladimir Voronin,Vladimir Voronin,Владимир Николаевич Воронин,Владимир Воронин,"Воронин, Владимир Николаевич",Vladimir Voronin,Vladimir Voronin,Воронін Володимир Миколайович,Vladimir Voronin,Воронін Володимир Миколайович,,Vladimir Voronin,Vladimir Voronin,https://upload.wikimedia.org/wikipedia/commons/5/57/Vladimir_Voronin_2006.jpg,/m/0227nq,Vladimir Voronin,Vladimir Voronin,Vladimir Voronin,Vladimir Voronin,Vladimir Voronin (president),Vladimir Voronin,Vladimir Voronin,Vladimir Voronin,Vladimir Voronin,,,,,Vladimir Voronin,Vladimir Voronin,Vladimir Voronin,,Vladimir Voronin,ולדימיר וורונין,Владимир Вороњин,,,Vladimir Voronin,Vladimir Voronin,Vladimir Voronin,弗拉迪米尔·沃罗宁,,Vladimir Voronin,Vladimir Voronin,Vladimir Voronin,Vladimir Voronin,Vladimir Voronin,ולדימיר וורונין,,Vladimir Voronin,,Vladimir Voronin,,Владимир Вороњин,Vladimir Voronin,弗拉迪米尔·沃罗宁,Βλαντιμίρ Βορόνιν,Βλαντιμίρ Βορόνιν,0000 0003 5633 0829,185803063,,Vladimir Voronin,Vladimir Voronin,弗拉迪米尔·沃罗宁,弗拉迪米爾·沃羅寧,弗拉迪米爾·沃羅寧,弗拉迪米尔·沃罗宁,弗拉迪米尔·沃罗宁,弗拉迪米爾·沃羅寧,Vladimir Voronin,Уладзімір Мікалаевіч Варонін,블라디미르 보로닌,Vladimir Voronin,Vladimir Voronin,ウラジーミル・ヴォローニン,Vladimir Voronin,Vladimir Voronin,Vladimir Voronjin,Владимир Вороњин,Уладзімер Варонін,Vladimir Voronin,Владимир Воронин,Vladimir Voronin,ვლადიმერ ვორონინი,Vladimiras Voroninas,Vladimir Voronin,Vladimir Voronin,فلاديمير فورونين,Vladimirs Voroņins,Vladimir Voronin,فلاديمير فورونين,Уладзімер Варонін,Уладзімір Варонін,Владимир Воронин,Vladimir Voronin,Vladimir Voronin,Vladimir Voronin,Vladimir Voronin,Vladimir Voronin,Vladimir Voronin,Vladimir Voronin,Vladimir Voronin,ウラジーミル・ヴォローニン,Vladimir Voronin,ვლადიმერ ვორონინი,블라디미르 보로닌,Vladimiras Voroninas,Vladimirs Voroņins,Владимир Воронин,Vladimir Voronin,Vladimir Voronin,Vladimir Voronin,Vladimir Voronin,Vladimir Voronin,101647797X,no2011120845,161194060,,,,,,,,,,,
Q4506204,Vladimir Ţurcan,Vladimir Ţurcan,Vladimir Țurcan,Vladimir Țurcan,Vladimir Țurcan,male,1954-10-14,Vladimir,,Vladimir Ţurcan,,Vladimir Țurcan,"Цуркан, Владимир Иванович",,"Цуркан, Владимир Иванович",,,,,,,Vladimir Turcan,Vladimir Turcan,,/m/0bhc6fs,,,,,,,,,,,,,,,,,,,,,,,,,,,,,,,,,,,,,,,,,,,,,,,,,,,,,,,,,,,,,,,,,,,,,,,,,,,,,,,,,,,,,,,,,,,,,,,,,,,,,,,,,,,,,,,,,
Q61299,Zinaida Greceanîi,Zinaida Greceanîi,Zinaida Greceanîi,Zinaida Greceanîi,Zinaida Greceanîi,female,1956-02-07,Zinaida,Zinaida Greceanîi,Zinaida Greceanîi,Zinaida Greceanîi,Zinaida Greceanîi,"Гречаная, Зинаида Петровна",,"Гречаная, Зинаида Петровна",,Zinaida Greceanîi,Зінаїда Гречана,Zinaida Greceanîi,Гречана Зінаїда Петрівна,,Zinaida Greceanîi,Zinaida Greceanîi,https://upload.wikimedia.org/wikipedia/commons/7/7a/Zinaida_Greceanîi.jpg,/m/03y93kl,,,,Zinaida Greceanîi,Zinaida Greceanîi,,,Zinaida Greceanîi,Zinaida Greceanîi,,Zinaida Greceanîi,,,,Zinaida Greceanîi,Zinaida Greceanîi,Zinaida Greceanîi,Zinaida Greceanîi,,,,,Zinaida Greceanîi,Zinaida Greceanîi,Zinaida Greceanîi,齐奈达·格雷恰尼,,Zinaida Greceanîi,Zinaida Greceanîi,Zinaida Greceanîi,,Zinaida Greceanîi,,Zinaida Greceanîi,Zinaida Greceanîi,,,,,Zinaida Greceanîi,齐奈达·格雷恰尼,Ζινάιντα Γκρετσεάνιι,Ζινάιντα Γκρετσεάνιι,,,,Zinaida Greceanîi,Zinaida Greceanîi,,,,,,,,,,,Zinaida Greceanîi,ジナイダ・グレチャヌイ,,,,,,,Зинаида Гречани,Zinaida Greceanîi,ზინაიდა გრეჩანი,,,,,,,,,,Зинаида Гречани,Zinaida Greceanîi,,,,,,Zinaida Greceanîi,Zinaida Greceanîi,ジナイダ・グレチャヌイ,,ზინაიდა გრეჩანი,,,,,Zinaida Greceanîi,,Zinaida Greceanîi,,,,,,Zinaida Greceanîi,,,,,,,,,,
Q21469785,,Ștefan Creangă,Ștefan Creangă,Ștefan Creangă,Ștefan Creangă,male,1973-05-16,Ștefan,,,,,,,,,,,,,,,,https://upload.wikimedia.org/wikipedia/commons/d/d6/Ștefan_Creangă_(2015-08-12).png,,,,,,,,,,,,,,,,,,,,,,,,,,,,,,,,,,,,,,,,,,,,,,,,,,,,,,,,,,,,,,,,,,,,,,,,,,,,,,,,,,,,,,,,,,,,,,,,,,,,,,,,,,,,,,,,,,
Q19916913,,,Bogdan Țîrdea,Bogdan Țîrdea,Bogdan Țîrdea,male,1974-07-23,,,,,,"Цырдя, Богдан",,"Цырдя, Богдан",,,,,,,,,,,,,,,,,,,,,,,,,,,,,,,,,,,,,,,,,,,,,,,,,,,,,,,,,,,,,,,,,,,,,,,,,,,,,,,,,,,,,,,,,,,,,,,,,,,,,,,,,,,,,,,,,,,,,,,,,,,
Q57685,Vlad Filat,Vlad Filat,Vladimir Filat,Vladimir Filat,Vlad Filat,male,1969-05-06,Vladimir,Vlad Filat,Vlad Filat,Vlad Filat,Vlad Filat,"Филат, Владимир Васильевич",,"Филат, Владимир Васильевич",,Vlad Filat,Влад Філат,Vlad Filat,Влад Філат,,Vlad Filat,Vlad Filat,https://upload.wikimedia.org/wikipedia/commons/8/8c/Vladimir_Filat.jpg,/m/076vvdy,,Vlad Filat,,Vlad Filat,,Vlad Filat,Vlad Filat,Vlad Filat,Vlad Filat,,,,,,Vlad Filat,Vlad Filat,,Vlad Filat,,Влад Филат,Vladimirus Filat,,Vladimir Filat,Vladimir Filat,Vladimir Filat,弗拉德·费拉特,,Vlad Filat,Vlad Filat,Vlad Filat,Vlad Filat,Vlad Filat,,,Vlad Filat,Vladimirus Filat,,,Влад Филат,Vlad Filat,弗拉德·费拉特,Βλαντ Φιλάτ,Βλαντ Φιλάτ,,170964206,,Vlad Filat,Vlad Filat,,,,,,,,,블라드 필라트,,Vlad Filat,ヴラド・フィラト,,Vlad Filat,,,,,Владимир Филат,,ვლად ფილატი,Vlad Filat,,,,,,,,,Владимир Филат,,,Vlad Filat,,,,Vlad Filat,,ヴラド・フィラト,,ვლად ფილატი,블라드 필라트,Vlad Filat,,,,,,,,1011827557,,,Vlad Filat,Vlad Filat,Vlad Filat,Vlad Filat,Vlad Filat,Vlad Filat,Vlad Filat,Vlad Filat,,,
Q20813693,,Alina Zotea,Alina Zotea,Alina Zotea,Alina Zotea,female,,Alina,,,,Alina Zotea,,,,,,,,,,,,,,,,,,,,,,,,,,,,,,,,,,,,,,,,,,,,,,,,,,,,,,,,,,,,,,,,,,,,,,,,,,,,,,,,,,,,,,,,,,,,,,,,,,,,,,,,,,,,,,,,,,,,,,,,,,,,,,
Q20891868,Aliona Goța,Aliona Goța,Aliona Goța,Aliona Goța,Aliona Goța,female,1970-01-01,,,,,,,,,,,,,,,,,,,,,,,,,,,,,,,,,,,,,,,,,,,,,,,,,,,,,,,,,,,,,,,,,,,,,,,,,,,,,,,,,,,,,,,,,,,,,,,,,,,,,,,,,,,,,,,,,,,,,,,,,,,,,,,,,,,
Q18537388,,,Anatolie Zagorodnîi,Anatolie Zagorodnîi,Anatolie Zagorodnîi,male,1973-01-01,,,,,,,,,,,,,,,,,,,,,,,,,,,,,,,,,,,,,,,,,,,,,,,,,,,,,,,,,,,,,,,,,,,,,,,,,,,,,,,,,,,,,,,,,,,,,,,,,,,,,,,,,,,,,,,,,,,,,,,,,,,,,,,,,,,
Q16215199,Andrian Candu,Andrian Candu,Andrian Candu,Andrian Candu,Andrian Candu,male,1975-11-27,Andrian,Andrian Candu,Andrian Candu,,Andrian Candu,"Канду, Андриан",,"Канду, Андриан",Category:Andrian Candu,,Андріан Канду,,Андріан Канду,,,,https://upload.wikimedia.org/wikipedia/commons/c/c4/Andrian_Candu.jpg,,,,,,,,,,,,,,,,,,Andrian Candu,,,,,,,,,,,,,,,,,,,,,,,,,,,,,,,,,,,,,,,,,,,,,,,,,,,,,,,,,,,,,,,,,,,,,,,,,,,,,,,,,,,,,,,,,,,,,,,,
Q18076592,Constantin Țuțu,Constantin Țuțu,Constantin Țuțu,Constantin Țuțu,Constantin Țuțu,male,1987-02-09,Constantin,,Constantin Țuțu,,Constantin Țuțu,,,,,,,,,,,,,,,,,,,,,,,,,,,,,,,,,,,,,,,,,,,,,,,,,,,,,,,,,,,,,,,,,,,,,,,,,,,,,,,,,,,,,,,,,,,,,,,,,,,,,,,,,,,,,,,,,,,,,,,,,,,,,,
Q5170538,Corina Fusu,Corina Fusu,Corina Fusu,Corina Fusu,Corina Fusu,female,1959-09-04,Corina,Corina Fusu,Corina Fusu,,Corina Fusu,,,,,,,,,,,,https://upload.wikimedia.org/wikipedia/commons/6/6c/Corina_Fusu_(3952134958).jpg,,,,,,,,,,,,,,,,,,,,,,,,,,,,,,,,,,,,,,,,,,,,,,,,,,,,,,,,,,,,,,,,,,,,,,,,,,,,,,,,,,,,,,,,,,,,,,,,,,,,,,,,,,,,,,,,,,
Q4214191,,,Demian Caraseni,Demian Caraseni,Demian Caraseni,male,1966-06-20,,,,,,"Карасени, Демьян Николаевич",,"Карасени, Демьян Николаевич",,,,,,,,,,,,,,,,,,,,,,,,,,,,,,,,,,,,,,,,,,,,,,,,,,,,,,,,,,,,,,,,,,,,,,,,,,,,,,,,,,,,,,,,,,,,,,,,,,,,,,,,,,,,,,,,,,,,,,,,,,,
Q1110215,Dorin Chirtoacă,Dorin Chirtoacă,Dorin Chirtoacă,Dorin Chirtoacă,Dorin Chirtoacă,male,1978-08-09,Dorin,Dorin Chirtoacă,Dorin Chirtoacă,,Dorin Chirtoacă,"Киртоакэ, Дорин",,"Киртоакэ, Дорин",,,Дорін Кіртоаке,Dorin Chirtoacă,Дорін Кіртоаке,,Dorin Chirtoacă,Dorin Chirtoacă,https://upload.wikimedia.org/wikipedia/commons/b/b5/Dorin_Chirtoacă_elections_2009.jpg,/m/03grf_c,,,,Dorin Chirtoacă,,,,,,,,,,,,Dorin Chirtoacă,,,,,,,,,,,,,,,,,,,,,,,,,,,,,,,,,,,,,,,,,,,,,,,,,,,,,,,,,,,,,,,,Dorin Chirtoacă,,,,,,,,,,,,,,,,,,,,,,,,,,,,,,,,,
Q4171809,Dumitru Diacov,Dumitru Diacov,Dumitru Diacov,Dumitru Diacov,Dumitru Diacov,male,1952-02-10,Dumitru,Dumitru Diacov,,,Dumitru Diacov,"Дьяков, Думитру Георгиевич",Dumitru Diacov,"Дьяков, Думитру Георгиевич",,Dumitru Diacov,,Dumitru Diacov,,,Dumitru Diacov,Dumitru Diacov,,/m/0b77dc4,,,,,,,,,,,,,,,,,,,,,,,,,,,,,,,,,,,,,,,,,,,,,,,,,,,,,,,,,,,,,,,,,,,,,,,,,,,,,,,,,,,,,,,,,,,,,,,,,,,,,,,,,,,,,,,,,
Q15715802,Gheorghe Brega,Gheorghe Brega,Gheorghe Brega,Gheorghe Brega,Gheorghe Brega,male,1951-09-25,Gheorghe,Gheorghe Brega,Gheorghe Brega,Gheorghe Brega,Gheorghe Brega,,,"Брега, Георгий",,,,Gheorghe Brega,,,,,,,,,,,,,,,,,,,,,,,,,,,Georgius Brega,,,,,,,,,,,,,,Gheorghe Brega,Georgius Brega,,,,,,,,,,,,,,,,,,,,,,,,,,,,,,,,,,,,,,,,,,,,,,,,,,,,,,,,,,,,,,,,,,,,,,,,,,,,,
Q451235,Igor Corman,Igor Corman,Igor Corman,Igor Corman,Igor Corman,male,1969-12-17,Igor,Igor Corman,Igor Corman,,Igor Corman,"Корман, Игорь",Igor Corman,"Корман, Игорь",,Igor Corman,Ігор Корман,,Ігор Корман,,Igor Corman,Igor Corman,https://upload.wikimedia.org/wikipedia/commons/0/01/CORMAN_Igor.JPG,/m/0bbzzmz,,,,Igor Corman,,,,,,,,,,,,,,,,,,,,,,,,,,,,,,,,,,,,,,,,,,,,,,,,,,,,,,,,,,,,,,,Игор Корман,,,,,,,,,,,,Игор Корман,,,,,,,,,,,,,,,,,,,,,,,,,,,,,,,,,,
Q4527892,,,Inna Șupac,Inna Șupac,Inna Șupac,female,1984-02-09,,,,,,"Шупак, Инна",,"Шупак, Инна",,,,,,,,,https://upload.wikimedia.org/wikipedia/commons/2/23/Inna_Supac.jpg,,,,,,,,,,,,,,,,,,,,,,,,,,,,,,,,,,,,,,,,,,,,,,,,,,,,,,,,,,,,,,,,,,,,,,,,,,,,,,,,,,,,,,,,,,,,,,,,,,,,,,,,,,,,,,,,,,
Q6062852,Ion Apostol,Ion Apostol,Ion Apostol,Ion Apostol,Ion Apostol,male,1962-08-21,Ion,Ion Apostol,Ion Apostol,,Ion Apostol,,,,,,,,,,,,,,,,,,,,,,,,,,,,,,,,,,,,,,,,,,,,,,,,,,,,,,,,,,,,,,,,,,,,,,,,,,,,,,,,,,,,,,,,,,,,,,,,,,,,,,,,,,,,,,,,,,,,,,,,,,,,,,
Q6062932,Ion Bălan,Ion Bălan,Ion Bălan,Ion Bălan,Ion Balan,male,1962-05-01,Ion,Ion Bălan,Ion Bălan,,Ion Balan,,,,,,,,,,,,,,,,,,,,,,,,,,,,,,,,,,,,,,,,,,,,,,,,,,,,,,,,,,,,,,,,,,,,,,,,,,,,,,,,,,,,,,,,,,,,,,,,,,,,,,,,,,,,,,,,,,,,,,,,,,,,,,
Q20430935,,,Iurie Chirinciuc,Iurie Chirinciuc,Iurie Chirinciuc,male,,,,,,,,,,,,,,,,,,,,,,,,,,,,,,,,,,,,,,,,,,,,,,,,,,,,,,,,,,,,,,,,,,,,,,,,,,,,,,,,,,,,,,,,,,,,,,,,,,,,,,,,,,,,,,,,,,,,,,,,,,,,,,,,,,,,
Q20828398,Iurie Dîrda,Iurie Dîrda,Iurie Dîrda,Iurie Dîrda,Iurie Dîrda,male,1971-01-01,Iurie,,,,,,,,,,,,,,,,,,,,,,,,,,,,,,,,,,,,,,,,,,,,,,,,,,,,,,,,,,,,,,,,,,,,,,,,,,,,,,,,,,,,,,,,,,,,,,,,,,,,,,,,,,,,,,,,,,,,,,,,,,,,,,,,,,
Q6756214,Marcel Răducan,Marcel Răducan,Marcel Răducan,Marcel Răducan,Marcel Răducan,male,1967-02-10,Marcel,,Marcel Răducan,,Marcel Răducan,,,,,,,,,,,,,,,,,,,,,,,,,,,,,,,,,,,,,,,,,,,,,,,,,,,,,,,,,,,,,,,,,,,,,,,,,,,,,,,,,,,,,,,,,,,,,,,,,,,,,,,,,,,,,,,,,,,,,,,,,,,,,,
Q6761098,Maria Ciobanu,Maria Ciobanu,Maria Ciobanu,Maria Ciobanu,Maria Ciobanu (deputat),male,1953-03-10,Maria,Maria Ciobanu,Maria Ciobanu,Maria Ciobanu,Maria Ciobanu,,,,,,,,,,,,,,,,,,,,,,,,,,,,,,,,,,,,,,,,,,,,,,,,,,,,,,,,,,,,,,,,,,,,,,,,,,,,,,,,,,,,,,,,,,,,,,,,,,,,,,,,,,,,,,,,,,,,,,,,,,,,,,
Q312340,Marian Lupu,Marian Lupu,Marian Lupu,Marian Lupu,Marian Lupu,male,1966-06-20,Marian,Marian Lupu,Marian Lupu,Marian Lupu,Marian Lupu,"Лупу, Мариан Ильич",Marian Lupu,"Лупу, Мариан Ильич",,Marian Lupu,Маріан Лупу,Marian Lupu,Маріан Лупу,,Marian Lupu,Marian Lupu,https://upload.wikimedia.org/wikipedia/commons/2/25/Marian_Lupu_Senate_of_Poland.JPG,/m/05sxrz0,,Marian Lupu,,Marian Lupu,,Marian Lupu,Marian Lupu,Marian Lupu,Marian Lupu,,,,,,,,Marian Lupu,Marian Lupu,,Маријан Лупу,,,Marian Lupu,Marian Lupu,Marian Lupu,马里安·卢普,,Marian Lupu,,Marian Lupu,Marian Lupu,Marian Lupu,,Marian Lupu,Marian Lupu,,,,Маријан Лупу,Marian Lupu,马里安·卢普,,,,,,,,马里安·卢普,馬里安·盧普,馬里安·盧普,马里安·卢普,马里安·卢普,馬里安·盧普,,,마리안 루푸,,,マリアン・ルプ,,Marian Lupu,Marijan Lupu,Маријан Лупу,,,Мариан Лупу,,მარიან ლუპუ,Marian Lupu,,,,,,,,,Мариан Лупу,,,Marian Lupu,,,,,,マリアン・ルプ,,მარიან ლუპუ,마리안 루푸,Marian Lupu,,,,,,,,,,,,Marian Lupu,,,,,,Marian Lupu,,,
Q294473,Mihai Ghimpu,Mihai Ghimpu,Mihai Ghimpu,Mihai Ghimpu,Mihai Ghimpu,male,1951-11-19,Mihai,Mihai Ghimpu,Mihai Ghimpu,Mihai Ghimpu,Mihai Ghimpu,Михай Гимпу,,"Гимпу, Михай",,Mihai Ghimpu,Міхай Ґімпу,Mihai Ghimpu,Міхай Ґімпу,,Mihai Ghimpu,Mihai Ghimpu,https://upload.wikimedia.org/wikipedia/commons/b/b5/Mihai_Ghimpu_Imagine.jpg,/m/03wdzph,Mixay Gimpu,,Mixay Gimpu,Mihai Ghimpu,,,Mihai Ghimpu,Mihai Ghimpu,Mihai Ghimpu,,,,,,Mihai Ghimpu,,Mihai Ghimpu,Mihai Ghimpu,,Михај Гимпу,,,Mihai Ghimpu,Mihai Ghimpu,Mihai Ghimpu,米哈伊·金普,,Mihai Ghimpu,,Mihai Ghimpu,Mihai Ghimpu,Mihai Ghimpu,,Mihai Ghimpu,Mihai Ghimpu,,,,Михај Гимпу,Mihai Ghimpu,米哈伊·金普,Μιχάι Γκίμπου,Μιχάι Γκίμπου,,,,Mihai Ghimpu,Mihai Ghimpu,米哈伊·金普,米哈伊·金普,米哈伊·金普,米哈伊·金普,米哈伊·金普,米哈伊·金普,,Міхай Гімпу,미하이 김푸,,Mihai Ghimpu,ミハイ・ギンプ,,Mihai Ghimpu,Mihaj Gimpu,Михај Гимпу,Міхай Гімпу,,Михай Гимпу,,მიჰაი გიმპუ,Mihai Ghimpu,,,,,,,Міхай Гімпу,Міхай Гімпу,Михай Гимпу,,,Mihai Ghimpu,,,,Mihai Ghimpu,,ミハイ・ギンプ,,მიჰაი გიმპუ,미하이 김푸,Mihai Ghimpu,,,,,Mihai Ghimpu,,,,,,,Mihai Ghimpu,,Mihai Ghimpu,Mihai Ghimpu,,,Mihai Ghimpu,,,
Q15071201,Monica Babuc,Monica Babuc,Monica Babuc,Monica Babuc,Monica Babuc,female,1964-03-29,Monica,Monica Babuc,Monica Babuc,,Monica Babuc,,,,,,,,,,,,,,,,,,,,,,,,,,,,,,,,,,,,,,,,,,,,,,,,,,,,,,,,,,,,,,,,,,,,,,,,,,,,,,,,,,,,,,,,,,,,,,,,,,,,,,,,,,,,,,,,,,,,,,,,,,,,,,
Q6958064,,Nae-Simion Pleşca,Nae-Simion Pleșca,Nae-Simion Pleșca,Nae-Simion Pleșca,male,1957-09-13,,,,,Nae-Simion Pleșca,,,,,,,,,,,,,,,,,,,,,,,,,,,,,,,,,,,,,,,,,,,,,,,,,,,,,,,,,,,,,,,,,,,,,,,,,,,,,,,,,,,,,,,,,,,,,,,,,,,,,,,,,,,,,,,,,,,,,,,,,,,,,,
Q12736771,,,Nicolai Dudoglo,Nicolai Dudoglo,Nicolai Dudoglo,male,1966-03-13,,,,Nicolai Dudoglo,,,,,,,,,,,,,,,,,,,,,,,,,,,,,,,,,,,,,,,,,,,,,,,,,,,,,,,,,,,,,,,,,,,,,,,,,,,,,,,,,,,,,,,,,,,,,,,,,,,,,,,,,,,,,,,,,,,,,,,,,,,,,,,
Q20432903,,,Oxana Domenti,Oxana Domenti,Oxana Domenti,female,,,,,,,,,,,,,,,,,,,,,,,,,,,,,,,,,,,,,,,,,,,,,,,,,,,,,,,,,,,,,,,,,,,,,,,,,,,,,,,,,,,,,,,,,,,,,,,,,,,,,,,,,,,,,,,,,,,,,,,,,,,,,,,,,,,,
Q7155601,Pavel Filip,Pavel Filip,Pavel Filip,Pavel Filip,Pavel Filip,male,1966-04-10,Pavel,Pavel Filip,Pavel Filip,,Pavel Filip,,,,Category:Pavel Filip,,,,,,,,,,,,,,,,,,,,,,,,,,,,,,,,,,,,,,,,,,,,,,,,,,,,,,,,,,,,,,,,,,,,,,,,,,,,,,,,,,,,,,,,,,,,,,,,,,,,,,,,,,,,,,,,,,,,,,,,,,
Q7179188,Petru Ştirbate,Petru Ştirbate,Petru Știrbate,Petru Știrbate,Petru Știrbate,male,1960-02-08,Petru,,Petru Ştirbate,,Petru Știrbate,,,,,,,,,,,,,,,,,,,,,,,,,,,,,,,,,,,,,,,,,,,,,,,,,,,,,,,,,,,,,,,,,,,,,,,,,,,,,,,,,,,,,,,,,,,,,,,,,,,,,,,,,,,,,,,,,,,,,,,,,,,,,,
Q12152396,,,Sergiu Stati,Sergiu Stati,Sergiu Stati,male,1961-09-07,,,,,,,,,,,Сержіу Статі,,Сержіу Статі,,,,,,,,,,,,,,,,,,,,,,,,,,,,,,,,,,,,,,,,,,,,,,,,,,,,,,,,,,,,,,,,,,,,,,,,,,,,,,,,,,,,,,,,,,,,,,,,,,,,,,,,,,,,,,,,,,,,,,
Q7910855,Valentina Buliga,Valentina Buliga,Valentina Buliga,Valentina Buliga,Valentina Buliga,female,1961-09-02,Valentina,Valentina Buliga,Valentina Buliga,,Valentina Buliga,,,,,,,,,,,,,,,,,,,,,,,,,,,,,,,,,,,,,,,,,,,,,,,,,,,,,,,,,,,,,,,,,,,,,,,,,,,,,,,,,,,,,,,,,,,,,,,,,,,,,,,,,,,,,,,,,,,,,,,,,,,,,,
Q7910866,Valentina Golban,Valentina Golban,Valentina Stratan,Valentina Stratan,Valentina Stratan,female,1962-01-01,Valentina,Valentina Golban,Valentina Golban,,Valentina Golban,,,,,,,,,,,,,,,,,,,,,,,,,,,,,,,,,,,,,,,,,,,,,,,,,,,,,,,,,,,,,,,,,,,,,,,,,,,,,,,,,,,,,,,,,,,,,,,,,,,,,,,,,,,,,,,,,,,,,,,,,,,,,,
Q13428691,Vasile Botnari,Vasile Botnari,Vasile Botnari,Vasile Botnari,Vasile Botnari,male,1975-07-22,Vasile,Vasile Botnari,Vasile Botnari,,Vasile Botnari,,,,,,,,,,,,,,,,,,,,,,,,,,,,,,,,,,,,,,,,,,,,,,,,,,,,,,,,,,,,,,,,,,,,,,,,,,,,,,,,,,,,,,,,,,,,,,,,,,,,,,,,,,,,,,,,,,,,,,,,,,,,,,
Q20429568,,Vasile Bîtca,Vasile Bîtca,Vasile Bîtca,Vasile Bîtca,male,,,,,,,,,,,,,,,,,,,,,,,,,,,,,,,,,,,,,,,,,,,,,,,,,,,,,,,,,,,,,,,,,,,,,,,,,,,,,,,,,,,,,,,,,,,,,,,,,,,,,,,,,,,,,,,,,,,,,,,,,,,,,,,,,,,,
Q4344488,Vasile Panciuc,,Vasile Panciuc,Vasile Panciuc,Vasili Panciuc,male,1949-09-14,,,Vasili Panciuc,,,"Панчук, Василий Тарасович",,"Панчук, Василий Тарасович",,,Панчук Василь Тарасович,,Панчук Василь Тарасович,,,,https://upload.wikimedia.org/wikipedia/commons/5/5a/Vasili_Panchuk.jpg,,,,,Vasili Panciuc,,,,,,,,,,,,,,,,,,,,,,,,,,,,,,,,,,,,,,,,,,,,,,,,,,,,,,,,,,,,,,,,,,,,,,,,,,,,,,,,,,,,,,,,,,,,,,,,,,,,,,,,,,,,,
Q4476013,Veaceslav Untilă,Veaceslav Untilă,Veaceslav Untilă,Veaceslav Untilă,Veaceslav Untilă,male,1956-06-15,Veaceslav,,Veaceslav Untilă,,Veaceslav Untilă,"Унтилэ, Вячеслав",Veaceslav Untilă,"Унтилэ, Вячеслав",,,,,,,,,,/m/0bbtrd2,,,,,,,,,,,,,,,,,,,,,,,,,,,,,,,,,,,,,,,,,,,,0000 0000 3266 6780,15062348,,,,,,,,,,,,,,,,,,,,,,,,,,,,,,,,,,,,,,,,,,,,,,,,,,,,,,,,,,,,,,,,,,15078338r,,
Q4364752,Vladimir Plahotniuc,Vladimir Plahotniuc,Vladimir Plahotniuc,Vladimir Plahotniuc,Vladimir Plahotniuc,male,1966-01-01,Vladimir,,Vladimir Plahotniuc,,Vladimir Plahotniuc,"Плахотнюк, Владимир Георгиевич",,"Плахотнюк, Владимир Георгиевич",,Vladimir Plahotniuc,,,,,,,https://upload.wikimedia.org/wikipedia/commons/6/66/Vlad_Plahotniuc.jpg,,,,,,,,,,,,,,,,,,,,,,,,,,,,,,,,,,,,,,,,,,,,,,,,,,,,,,,,,,,,,,,,,,,,,,,,,,,,,,,,,,,,,,,,,,,,,,,,,,,,,,,,,,,,,,,,,,
Q4752069,Anatol Șalaru,Anatol Șalaru,Anatol Șalaru,Anatol Șalaru,Anatol Șalaru,male,1962-02-02,Anatol,,Anatol Șalaru,,Anatol Șalaru,Анатол Шалару,,"Шалару, Анатолий",,,,,,,,,,,,,,,,,,,,,,,,,,,,,,,,,,,,,,,,,Anatol Șalaru,,,,,,,,,,,,,,,,,,,,,,,,,,,,,,,,,,,,,,,,,,,,,,,,,,,,,,,,,,,,,,,,,,,,,,,,,,,,,,,,,,
Q6845152,Mihail Moldovanu,Mihail Moldovanu,Mihai Moldovanu,Mihai Moldovanu,Mihai Moldovanu,male,1965-06-07,Mihail,,,Mihail Moldovanu,Mihai Moldovanu,,,,,,,,,,,,,,,,,,,,,,,,,,,,,,,,,,,,,,,,,,,,,,,,,,,,,,,,,,,,,,,,,,,,,,,,,,,,,,,,,,,,,,,,,,,,,,,,,,,,,,,,,,,,,,,,,,,,,,,,,,,,,,
Q2273236,Sergiu Sîrbu,Sergiu Sîrbu,Sergiu Sîrbu,Sergiu Sîrbu,Sergiu Sîrbu,male,1960-09-15,Sergiu,,Sergiu Sîrbu,,Sergiu Sîrbu,,,,,,,,,,Sergiu Sîrbu,Sergiu Sîrbu,,,,,,Sergiu Sîrbu,,,,,,,,,,,,,,,,,,,,,,,,,,,,,,,,,,,,,,,,,,,,,,,,,,,,,,,,,,,,,,,,,,,,,,,,,,,,,,,,,,,,,,,,,,,,,,,,,,,,,,,,,,,,,
